Year (coverage),Area,population_group,is_synthetic,regional_smoking_history_rate,regional_binge_drinking_rate,regional_insufficient_physical_activity_rate,regional_unhealthy_diet_rate,regional_overweight_rate,regional_obesity_rate,regional_risk_score,screening_risk_category
1st Quarter 2025,NCR,Adult,0,0.008551141256110324,0.022190575860744233,0.009114152105660578,0.008822711195305153,0.028611549008438538,0.004966418058738591,0.0137,Low
1st Quarter 2025,City of Malabon,Adult,0,0.0,0.0,0.0,0.0,0.0,0.0,0.0,Low
1st Quarter 2025,City of Navotas,Adult,0,0.05525782155272306,0.06517960602549247,0.16910486674391656,0.15085457705677868,0.1910486674391657,0.0880648899188876,0.1199,Low
1st Quarter 2025,City of Valenzuela,Adult,0,0.0,0.0,0.0,0.0,0.0,0.0,0.0,Low
1st Quarter 2025,City of Caloocan,Adult,0,0.0,0.0,0.0,0.0,0.0,0.0,0.0,Low
1st Quarter 2025,City of Marikina,Adult,0,0.07824074074074074,0.06921296296296296,0.14166666666666666,0.13449074074074074,0.055324074074074074,0.07407407407407407,0.0922,Low
1st Quarter 2025,City of Pasig,Adult,0,0.05242608986136629,0.10470602973108402,0.0,0.0,0.18667529647569733,0.0,0.0573,Low
1st Quarter 2025,Pateros,Adult,0,0.0,0.0,0.0,0.0,0.0,0.0,0.0,Low
1st Quarter 2025,City of Taguig,Adult,0,0.0,0.0,0.0,0.0,0.0,0.0,0.0,Low
1st Quarter 2025,Quezon City,Adult,0,0.0,0.04003273584689696,0.0,0.0,0.0,0.0,0.0067,Low
1st Quarter 2025,City of Makati,Adult,0,0.023849725622625582,0.0,0.0,0.0,0.0,0.0,0.004,Low
1st Quarter 2025,City of Mandaluyong,Adult,0,0.040747505971617255,0.05219896023605452,0.023956723338485315,0.024448503582970352,0.22600814950119433,0.011416327104116903,0.0631,Low
1st Quarter 2025,City of San Juan,Adult,0,0.0,0.0,0.0,0.0,0.0,0.0,0.0,Low
1st Quarter 2025,City of Manila,Adult,0,0.0,0.0,0.0,0.0,0.0,0.0,0.0,Low
1st Quarter 2025,City of Las Piñas,Adult,0,0.059332509270704575,0.0907646123962564,0.1435193360409677,0.1456825004414621,0.1477132262051916,0.08334804873741833,0.1117,Low
1st Quarter 2025,City of Muntinlupa,Adult,0,0.0,0.0,0.0,0.0,0.0,0.0,0.0,Low
1st Quarter 2025,City of Parañaque,Adult,0,0.0,0.0,0.0,0.0,0.0,0.0,0.0,Low
1st Quarter 2025,Pasay City,Adult,0,0.0,0.0,0.0,0.0,0.0,0.0,0.0,Low
1st Quarter 2025,CAR,Adult,0,0.038563816543000846,0.06464319506000697,0.0,0.0,0.13627807380110551,0.13627807380110551,0.0626,Low
1st Quarter 2025,Abra,Adult,0,0.06030709621869843,0.07813733228097869,0.0,0.0,0.06791275023319222,0.06791275023319222,0.0457,Low
1st Quarter 2025,Apayao,Adult,0,0.037027379400260754,0.05684485006518905,0.0,0.0,0.1014993481095176,0.1014993481095176,0.0495,Low
1st Quarter 2025,Benguet,Adult,0,0.028288240021430485,0.05446021966246986,0.0,0.0,0.1657112242164479,0.1657112242164479,0.069,Low
1st Quarter 2025,Ifugao,Adult,0,0.019695153279671175,0.0671775989039219,0.0,0.0,0.1455728720671348,0.1455728720671348,0.063,Low
1st Quarter 2025,Kalinga,Adult,0,0.06427304964539007,0.089904046725073,0.0,0.0,0.13363057989153107,0.13363057989153107,0.0702,Low
1st Quarter 2025,Mountain Province,Adult,0,0.019728543317019023,0.040239164438165394,0.0,0.0,0.08991371915838337,0.08991371915838337,0.04,Low
1st Quarter 2025,City of Baguio,Adult,0,0.0386892177589852,0.06797040169133192,0.0,0.0,0.29815010570824524,0.29815010570824524,0.1172,Low
1st Quarter 2025,Region 1,Adult,0,0.10742339310697989,0.11857494261912818,0.0,0.0,0.14668013936007754,0.0,0.0621,Low
1st Quarter 2025,Ilocos Norte,Adult,0,0.03331534933908821,0.021526841111410844,0.0,0.0,0.0482060965740491,0.0,0.0172,Low
1st Quarter 2025,Ilocos Sur,Adult,0,0.043395956123117224,0.02541748526522593,0.0,0.0,0.1057936313032089,0.0,0.0291,Low
1st Quarter 2025,La Union,Adult,0,0.053383068262556704,0.0858064163524075,0.0,0.0,0.13469421216592883,0.0,0.0456,Low
1st Quarter 2025,Pangasinan,Adult,0,1.0,1.0,0.0,0.0,1.0,0.0,0.5,High
1st Quarter 2025,City of Dagupan,Adult,0,0.049962714392244596,0.09899328859060402,0.0,0.0,0.03570096942580164,0.0,0.0308,Low
1st Quarter 2025,Region 2,Adult,0,0.052573482044299895,0.06205189098088649,0.05877693006800636,0.07839187405764349,0.05091772030684695,0.014550158611876217,0.0529,Low
1st Quarter 2025,Batanes,Adult,0,0.06207233626588465,0.11339198435972629,0.08284457478005865,0.13343108504398826,0.04227761485826002,0.09701857282502444,0.0885,Low
1st Quarter 2025,Cagayan,Adult,0,0.08290500261954321,0.09084859040256008,0.055959106806564435,0.08223241720119508,0.0753578862410263,0.02010676408535463,0.0679,Low
1st Quarter 2025,Isabela,Adult,0,0.04020901124718145,0.048637646328126054,0.07176660410731404,0.08874876794080715,0.04356088735265922,0.014484290401415011,0.0512,Low
1st Quarter 2025,Nueva Vizcaya,Adult,0,0.027420552710784505,0.025153422194425987,0.016612594300902943,0.017941601844975178,0.02980494859867881,0.003928389946448813,0.0201,Low
1st Quarter 2025,Quirino,Adult,0,0.046264958298078085,0.05363834159313429,0.049921431161610054,0.06971473467907652,0.049558805753656475,0.00939804182279705,0.0464,Low
1st Quarter 2025,City of Santiago,Adult,0,0.06980004122861266,0.10045351473922902,0.03613687899402185,0.06899608328179757,0.048608534322820036,0.0065347351061636775,0.0551,Low
1st Quarter 2025,Region 3,Adult,0,0.061127741513889854,0.07460677639529213,0.020038967996751866,0.022538133139854748,0.05058692241716898,0.010246517025074536,0.0399,Low
1st Quarter 2025,Aurora,Adult,0,0.06200400504338797,0.12122672995624119,0.051360973077208334,0.07520581472965956,0.04209003930875918,0.03489579470444263,0.0645,Low
1st Quarter 2025,Bataan,Adult,0,0.03714568562651953,0.028818296961667808,0.002511319134068046,0.002445806461005401,0.0516822198605308,0.00033484255120907276,0.0205,Low
1st Quarter 2025,Bulacan,Adult,0,0.06669092289682665,0.09526687126269497,0.02702091308887272,0.035090328091878384,0.07358338342772171,0.02018698389597241,0.053,Low
1st Quarter 2025,Nueva Ecija,Adult,0,0.08347384357084944,0.09646057701276431,0.022841583376981195,0.02635732889440566,0.050967547516376915,0.009069188436784743,0.0482,Low
1st Quarter 2025,Pampanga,Adult,0,0.05476932191728461,0.05566279336442168,0.03540440333307851,0.023779718675942207,0.016330938001681828,0.0003917896185306934,0.0311,Low
1st Quarter 2025,Tarlac,Adult,0,0.04941868557059746,0.04219516947658505,0.003600159594703683,0.0030387945032614846,0.037407328366102825,0.0007330221855195643,0.0227,Low
1st Quarter 2025,Zambales,Adult,0,0.0366504588162176,0.04377033597777209,0.0,0.0,0.018782217672650165,0.0017548349358388476,0.0168,Low
1st Quarter 2025,City of Angeles,Adult,0,0.08030275059996309,0.08833302565995939,0.0,0.0,0.040551350686111626,0.010830102762906899,0.0367,Low
1st Quarter 2025,City of Olongapo,Adult,0,0.03652590335219852,0.06417065737919025,0.0,0.0,0.01802350892468437,0.0,0.0198,Low
1st Quarter 2025,Region 4A,Adult,0,0.0719921688541476,0.1016308307402981,0.0,0.0,0.11964838801138424,0.0,0.0489,Low
1st Quarter 2025,Batangas,Adult,0,0.09887134752759535,0.11890095478435386,0.0,0.0,0.13230370289415902,0.0,0.0583,Low
1st Quarter 2025,Cavite,Adult,0,0.05249674337820234,0.08539586047184831,0.0,0.0,0.1204660587639311,0.0,0.0431,Low
1st Quarter 2025,Laguna,Adult,0,0.05066095653034954,0.062128676106545204,0.0,0.0,0.09037404693534014,0.0,0.0339,Low
1st Quarter 2025,Quezon,Adult,0,0.06671727058447526,0.13751947584994606,0.0,0.0,0.11491750229715153,0.0,0.0532,Low
1st Quarter 2025,Rizal,Adult,0,0.06462381664175386,0.10866253825895081,0.0,0.0,0.11643533347569222,0.0,0.0483,Low
1st Quarter 2025,City of Lucena,Adult,0,0.05928901145015287,0.08170972963251603,0.0,0.0,0.1296684851028116,0.0,0.0451,Low
1st Quarter 2025,Region 4B,Adult,0,0.12115704276770596,0.15702723276009384,0.03677121685230927,0.04139286324587159,0.10175389538767457,0.05396063444718895,0.0853,Low
1st Quarter 2025,Marinduque,Adult,0,0.016140732680449764,0.024845846935074356,0.0,0.0003627130939426913,0.0,0.002720348204570185,0.0073,Low
1st Quarter 2025,Occidental Mindoro,Adult,0,0.18653192293162071,0.23824140536456365,0.07749338874197205,0.08717415942576502,0.0626652814506989,0.02224216093690971,0.1124,Low
1st Quarter 2025,Oriental Mindoro,Adult,0,0.12788472155765762,0.16528028267510766,0.04470168206411719,0.04921049725790423,0.11332768964628805,0.0725827229563105,0.0955,Low
1st Quarter 2025,Palawan,Adult,0,0.09276849037487335,0.10014564336372847,0.019535207700101316,0.021561550151975684,0.04663753799392097,0.041286727456940224,0.0537,Low
1st Quarter 2025,Romblon,Adult,0,0.06171497584541063,0.13043478260869565,0.005676328502415459,0.015217391304347827,0.18055555555555555,0.041908212560386474,0.0726,Low
1st Quarter 2025,City of Puerto Princesa,Adult,0,0.1489171974522293,0.23057324840764332,0.0,0.0,0.33719745222929937,0.11031847133757962,0.1378,Low
1st Quarter 2025,Region 5,Adult,0,0.08075749588664718,0.0998785961885593,0.06696911124955406,0.03187914996033077,0.13217307497750302,0.008586124822287183,0.07,Low
1st Quarter 2025,Albay,Adult,0,0.031740980867905014,0.017958712859472575,0.016785330734656538,0.017461517043872558,0.023467642496320752,0.009665486655264309,0.0195,Low
1st Quarter 2025,Camarines Norte,Adult,0,0.07641876664617907,0.07652120467117395,0.006419449566345694,0.008058457966263744,0.09427712900361948,0.031994809806733596,0.0489,Low
1st Quarter 2025,Camarines Sur,Adult,0,0.06957315555063764,0.07893717668538548,0.08691803369387811,0.0736050789786716,0.09151013859304545,0.011826053279482144,0.0687,Low
1st Quarter 2025,Catanduanes,Adult,0,0.1385250481097523,0.2739152026817307,0.354491278167484,0.0,0.354491278167484,0.0,0.1869,Low
1st Quarter 2025,Masbate,Adult,0,0.1793886800795932,0.20716338713243423,0.0,0.0,0.2874751271280124,0.0,0.1123,Low
1st Quarter 2025,Sorsogon,Adult,0,0.06612263575350824,0.0798123856009762,0.0,0.0,0.129563249949156,0.0,0.0459,Low
1st Quarter 2025,City of Naga,Adult,0,0.0647893772893773,0.08173076923076923,0.030448717948717948,0.049679487179487176,0.1043956043956044,0.021062271062271064,0.0587,Low
1st Quarter 2025,Region 6,Adult,0,0.05182287326211449,0.05739385572366166,0.00029403717762046877,0.0019796406771345997,0.02956567406843676,0.0005503369634607704,0.0236,Low
1st Quarter 2025,Aklan,Adult,0,0.029854339713494642,0.04303599374021909,0.0072830143252678465,0.019622005537498495,0.06933911159263272,0.0006019020103527145,0.0283,Low
1st Quarter 2025,Antique,Adult,0,0.059532505478451424,0.06552836620404189,0.0,0.0,0.03711650840029218,0.0,0.027,Low
1st Quarter 2025,Capiz,Adult,0,0.047017207708463835,0.0553262832086665,0.0,0.0,0.014637606396698479,0.0,0.0195,Low
1st Quarter 2025,Guimaras,Adult,0,0.011619221512158686,0.005934102415138186,0.0003423520624118184,0.004839613245912524,0.020572246659473815,0.0017636318366669433,0.0075,Low
1st Quarter 2025,Iloilo,Adult,0,0.10253444269233962,0.11790397543364595,0.0,0.0,0.04234272553738899,0.0,0.0438,Low
1st Quarter 2025,City of Iloilo,Adult,0,0.024175122639607555,0.02687991398427525,0.0,0.0,0.025099119682817014,0.0,0.0127,Low
1st Quarter 2025,Region 7,Adult,0,0.11890042568755144,0.22787491491328776,0.1390316878155828,0.1587616454500198,0.17427790590171596,0.09302898536000569,0.152,Low
1st Quarter 2025,Bohol,Adult,0,0.3778414579174448,0.7232919054671905,0.4415931483031747,0.50387983772297,0.5528205293322171,0.29533453538540794,0.4825,High
1st Quarter 2025,Cebu,Adult,0,0.012712227748242154,0.024849939975990398,0.01246784428056937,0.015280397873435088,0.022418967587034815,0.00614817355513634,0.0156,Low
1st Quarter 2025,City of Cebu,Adult,0,0.3713413082209214,0.7237422584202935,0.4467633833884788,0.4989182998218376,0.4986637821328582,0.3412870111139391,0.4801,High
1st Quarter 2025,City of Lapu-Lapu,Adult,0,0.07026930622436241,0.12178229593959931,0.03540217585161405,0.05885500267522739,0.148177872896974,0.017507877058438856,0.0753,Low
1st Quarter 2025,City of Mandaue,Adult,0,0.028799089356858282,0.04405236198064883,0.12214001138303927,0.12185543540125214,0.031417188389299945,0.009561752988047808,0.0596,Low
1st Quarter 2025,Region 8,Adult,0,0.07523787780098173,0.117055351495088,0.0018499741473667246,0.0018734765412534162,0.07326367671449964,0.0003827532718689775,0.0449,Low
1st Quarter 2025,Biliran,Adult,0,0.05295155912924103,0.12463228083938027,0.054030202000392234,0.05471661110021573,0.08442831927828987,0.011178662482839772,0.0637,Low
1st Quarter 2025,Eastern Samar,Adult,0,0.024664501501317482,0.11045407194068264,0.0,0.0,0.04430418530547215,0.0,0.0299,Low
1st Quarter 2025,Leyte,Adult,0,0.08697098327420172,0.1065477698935631,0.0,0.0,0.051111885453623926,0.0,0.0408,Low
1st Quarter 2025,Northern Samar,Adult,0,0.06402979780063853,0.10715974932008987,0.0,0.0,0.106952820148989,0.0,0.0464,Low
1st Quarter 2025,Southern Leyte,Adult,0,0.07697569971148985,0.12981469914636684,0.0,0.0,0.13055828202611464,0.0,0.0562,Low
1st Quarter 2025,Samar,Adult,0,0.15222222222222223,0.15707729468599033,0.0,0.0,0.04582125603864734,0.0,0.0592,Low
1st Quarter 2025,Ormoc City,Adult,0,0.020598987626546682,0.0671400449943757,0.0,0.0,0.09786276715410573,0.0,0.0309,Low
1st Quarter 2025,City of Tacloban,Adult,0,0.04650898339777121,0.09804980668637707,0.0,0.0,0.01708551284967023,0.0,0.0269,Low
1st Quarter 2025,Region 9,Adult,0,0.077400955477648,0.0673829721530944,0.017288514286752283,0.046188988392581426,0.04014005195182649,0.007910846306152478,0.0427,Low
1st Quarter 2025,Zamboanga del Norte,Adult,0,0.0803404652742401,0.07047036848361352,0.03935303107488538,0.0640176600441501,0.020355748004754627,0.01020971302428256,0.0475,Low
1st Quarter 2025,Zamboanga del Sur,Adult,0,0.08508298340331934,0.08104093467020881,0.019438969348987346,0.041391721655668866,0.04301996743508441,0.004456251606821493,0.0457,Low
1st Quarter 2025,Zamboanga Sibugay,Adult,0,0.06919798059191633,0.061458931648477884,0.00894827534085069,0.020753348045587837,0.029988814655823936,0.014344448139302881,0.0341,Low
1st Quarter 2025,City of Isabela,Adult,0,0.07272064186725018,0.04383661560904449,0.0,0.0887673231218089,0.0887673231218089,0.0,0.049,Low
1st Quarter 2025,City of Zamboanga,Adult,0,0.07440758293838863,0.05071090047393365,0.0,0.07182249030590263,0.07182249030590263,0.0,0.0448,Low
1st Quarter 2025,Region 10,Adult,0,0.0,0.08748435448325642,0.0,0.0,0.0,0.0,0.0146,Low
1st Quarter 2025,Bukidnon,Adult,0,0.0,0.1305112513853419,0.0,0.0,0.0,0.0,0.0218,Low
1st Quarter 2025,Camiguin,Adult,0,0.0,0.06784623217922607,0.0,0.0,0.0,0.0,0.0113,Low
1st Quarter 2025,Lanao del Norte,Adult,0,0.0,0.062098552391908736,0.0,0.0,0.0,0.0,0.0103,Low
1st Quarter 2025,Misamis Occidental,Adult,0,0.0,0.06582738318927721,0.0,0.0,0.0,0.0,0.011,Low
1st Quarter 2025,Misamis Oriental,Adult,0,0.0,0.0,0.0,0.0,0.0,0.0,0.0,Low
1st Quarter 2025,City of Cagayan De Oro,Adult,0,0.0,0.14871116986120292,0.0,0.0,0.0,0.0,0.0248,Low
1st Quarter 2025,City of Iligan,Adult,0,0.0,0.06607331422537335,0.0,0.0,0.0,0.0,0.011,Low
1st Quarter 2025,Region 11,Adult,0,0.07993180204665572,0.11386763429833557,0.1742238986855221,0.15913393619081084,0.15929708061127168,0.0015364260256584938,0.1147,Low
1st Quarter 2025,Davao de Oro,Adult,0,0.08578856152512998,0.12196950518957023,0.0,0.0,0.22553696960255487,0.0,0.0722,Low
1st Quarter 2025,Davao del Norte,Adult,0,0.07991797522402315,0.12321975336385854,0.1785092277872974,0.18069327790106463,0.2173375656619568,0.0,0.1299,Low
1st Quarter 2025,Davao Oriental,Adult,0,0.09526566118029914,0.1485856436573002,0.21345203079041242,0.24580699668314662,0.008996182489517491,0.013408223293072157,0.1209,Low
1st Quarter 2025,Davao del Sur,Adult,0,0.09166217672413793,0.12262594288793104,0.26980064655172414,0.24861934267241378,0.16675646551724138,0.0,0.1499,Low
1st Quarter 2025,Davao Occidental,Adult,0,0.11578363823552705,0.0964599667379425,0.11538766136057654,0.12924685198384414,0.11879306248515087,0.0,0.0959,Low
1st Quarter 2025,City of Davao,Adult,0,0.06054568496990081,0.08667227218444591,0.23872194194633325,0.17847481172771806,0.12955448319563256,0.0,0.1157,Low
1st Quarter 2025,Region 12,Adult,0,0.07058027521518564,0.07248342468038829,0.0,0.0,0.05252507152258136,0.05183919622830379,0.0412,Low
1st Quarter 2025,Cotabato,Adult,0,0.08416125145667502,0.08675857710008097,0.0,0.0,0.05489936597602165,0.054889490213118966,0.0468,Low
1st Quarter 2025,Sarangani,Adult,0,0.05800927118207572,0.044971671388101986,0.0,0.0,0.047740149369044554,0.02900463559103786,0.03,Low
1st Quarter 2025,South Cotabato,Adult,0,0.05827305942882708,0.05797479680858996,0.0,0.0,0.06835806427559465,0.06835806427559465,0.0422,Low
1st Quarter 2025,Sultan Kudarat,Adult,0,0.07528690146418679,0.07774370135865981,0.0,0.0,0.043859649122807015,0.04385140482785912,0.0401,Low
1st Quarter 2025,City of General Santos,Adult,0,0.01602485985864002,0.0450280282719961,0.0,0.0,0.059224957348281745,0.0812819887886912,0.0336,Low
1st Quarter 2025,Caraga,Adult,0,0.08914199482609945,0.1195251868352975,0.07122197470537511,0.09228136677206093,0.10519815320494395,0.028505856567979306,0.0843,Low
1st Quarter 2025,Agusan del Norte,Adult,0,0.06721574125068842,0.10053572322635558,0.09134832023231362,0.1148300205277124,0.09582936964902619,0.045761778400841134,0.0859,Low
1st Quarter 2025,Agusan del Sur,Adult,0,0.11429632631010264,0.11807806591031875,0.053569016747703944,0.07185305240410589,0.06071042679632631,0.019685305240410587,0.073,Low
1st Quarter 2025,Surigao del Norte,Adult,0,0.0693985713188417,0.11604193870496966,0.09230739688148092,0.1167140333358937,0.1131039250326446,0.02742146094170059,0.0892,Low
1st Quarter 2025,Surigao del Sur,Adult,0,0.12814188395583745,0.1854592435987785,0.12417782475922011,0.16519849659384542,0.14951844021611463,0.05652454780361757,0.1348,Low
1st Quarter 2025,Dinagat Islands,Adult,0,0.06836648921266461,0.12244326141776408,0.0,0.0,0.1435976463995517,0.0,0.0557,Low
1st Quarter 2025,City of Butuan,Adult,0,0.06379104872881355,0.07845603813559322,0.0,0.0,0.13215042372881355,0.0,0.0457,Low
1st Quarter 2025,BARMM,Adult,0,1.0,1.0,1.0,1.0,1.0,1.0,1.0,High
1st Quarter 2025,Basilan,Adult,0,1.0,1.0,1.0,1.0,1.0,1.0,1.0,High
1st Quarter 2025,Lanao del Sur,Adult,0,1.0,1.0,0.5,1.0,1.0,1.0,0.9167,High
1st Quarter 2025,Maguindanao del Norte,Adult,0,1.0,1.0,0.0,0.0,1.0,0.0,0.5,High
1st Quarter 2025,Maguindanao del Sur,Adult,0,1.0,1.0,0.0,0.0,1.0,0.0,0.5,High
1st Quarter 2025,Sulu,Adult,0,1.0,1.0,0.0,0.0,1.0,0.0,0.5,High
1st Quarter 2025,Tawi-Tawi,Adult,0,0.5,0.5,1.0,1.0,1.0,1.0,0.8333,High
1st Quarter 2025,Special Geographic Area (SGA),Adult,0,1.0,1.0,1.0,1.0,1.0,1.0,1.0,High
1st Quarter 2025,City of Cotabato,Adult,0,1.0,1.0,0.0,0.0,1.0,0.0,0.5,High
1st Quarter 2025,NIR,Adult,0,0.09469682482617242,0.1099186892368415,0.012173666939487352,0.0,0.0765147284924235,0.012200439062822699,0.0509,Low
1st Quarter 2025,Negros Occidental,Adult,0,0.10906214166005115,0.11739768016230043,0.0,0.0,0.06392233395078063,0.0,0.0484,Low
1st Quarter 2025,Negros Oriental,Adult,0,0.06551180538139086,0.09041238221489735,0.057020529540324605,0.0,0.08048797964960051,0.05714592812869478,0.0584,Low
1st Quarter 2025,Siquijor,Adult,0,0.04736842105263158,0.1079484425349087,0.0,0.0,0.12137486573576799,0.0,0.0461,Low
1st Quarter 2025,City of Bacolod,Adult,0,0.058827466202650246,0.09322714496051399,0.0,0.0,0.1865881408111364,0.0,0.0564,Low
2nd Quarter 2025,NCR,Adult,0,0.009453567043410892,0.02337380466916711,0.03876242179131111,0.030141635690851577,0.03630673189068544,0.021832705426291545,0.0266,Low
2nd Quarter 2025,City of Malabon,Adult,0,0.01943862358001544,0.041827506341678616,0.03537553766405647,0.022388882761663176,0.11983015330318739,0.0,0.0398,Low
2nd Quarter 2025,City of Navotas,Adult,0,0.027854918791550956,0.04363376251788269,0.10830598333754103,0.09719767735420348,0.0472523773457881,0.06648152823361105,0.0651,Low
2nd Quarter 2025,City of Valenzuela,Adult,0,0.004581758277317723,0.0019783193845882303,0.0,0.0,0.029446806007030757,0.0,0.006,Low
2nd Quarter 2025,City of Caloocan,Adult,0,0.0036958877545200477,0.015969885359037244,0.038099583642274566,0.03494553128386471,0.01651742428563281,0.022534648947698625,0.022,Low
2nd Quarter 2025,City of Marikina,Adult,0,0.045130142737195636,0.05373635600335852,0.14599076406381192,0.14336691855583544,0.05037783375314862,0.11177581863979849,0.0917,Low
2nd Quarter 2025,City of Pasig,Adult,0,0.025602249249185288,0.04866983322328484,0.0,0.0,0.09344181984706809,0.0,0.028,Low
2nd Quarter 2025,Pateros,Adult,0,0.002531218359770503,0.005062436719541006,0.01282483968950388,0.011474856564292946,0.004556193047586905,0.01400607492406345,0.0084,Low
2nd Quarter 2025,City of Taguig,Adult,0,0.002568624790847013,0.04496450052005608,0.03166463166463167,0.02862569529236196,0.025274725274725275,0.02478180255958034,0.0263,Low
2nd Quarter 2025,Quezon City,Adult,0,0.008813284730660186,0.017565816119886595,0.049607128392061564,0.026330498177399755,0.01875658161198866,0.025609558525718914,0.0244,Low
2nd Quarter 2025,City of Makati,Adult,0,0.017815177014631187,0.01573042225759988,0.1234174816162535,0.04264271093927678,0.03309074368887878,0.1208399666439239,0.0589,Low
2nd Quarter 2025,City of Mandaluyong,Adult,0,0.017723718505647263,0.027576020851433534,0.06794092093831451,0.06338835794960904,0.07612510860121634,0.037758470894874024,0.0484,Low
2nd Quarter 2025,City of San Juan,Adult,0,0.012421109171478447,0.03122062575533772,0.07795085269235934,0.027662145830535785,0.13240230965489458,0.042298912313683365,0.054,Low
2nd Quarter 2025,City of Manila,Adult,0,0.002972965197126773,0.008127703240532065,0.036390053033863036,0.030568795373682546,0.01669655615547649,0.01654790789562015,0.0186,Low
2nd Quarter 2025,City of Las Piñas,Adult,0,0.03714731036687715,0.043861401966269684,0.11022300375669411,0.1048677164095596,0.05291343617616497,0.04186316041883143,0.0651,Low
2nd Quarter 2025,City of Muntinlupa,Adult,0,0.014706609323248802,0.030945672054970588,0.0,0.0,0.13223589895694302,0.0,0.0296,Low
2nd Quarter 2025,City of Parañaque,Adult,0,0.0035664444099860445,0.007132888819972089,0.03320928309298599,0.03718922830412984,0.015893937044503023,0.012379180234661705,0.0182,Low
2nd Quarter 2025,Pasay City,Adult,0,0.00896121266161391,0.011769950958537672,0.03265715559518502,0.03000445831475702,0.016339723584485065,0.0161836825679893,0.0193,Low
2nd Quarter 2025,CAR,Adult,0,0.019474071444374127,0.029560971594095525,0.0,0.0,0.029560971594095525,0.03833073507545238,0.0195,Low
2nd Quarter 2025,Abra,Adult,0,0.028987969822605857,0.03474818187997009,0.0,0.0,0.03474818187997009,0.028987969822605857,0.0212,Low
2nd Quarter 2025,Apayao,Adult,0,0.022414484233030465,0.04299171566007483,0.0,0.0,0.04299171566007483,0.04482896846606093,0.0255,Low
2nd Quarter 2025,Benguet,Adult,0,0.014484661367667346,0.022236090126781842,0.0,0.0,0.022236090126781842,0.023571788302787448,0.0138,Low
2nd Quarter 2025,Ifugao,Adult,0,0.006394738044123692,0.023523500662312156,0.0,0.0,0.023523500662312156,0.05942538711003517,0.0188,Low
2nd Quarter 2025,Kalinga,Adult,0,0.029015638893247556,0.03945028505674983,0.0,0.0,0.03945028505674983,0.02701501124535802,0.0225,Low
2nd Quarter 2025,Mountain Province,Adult,0,0.011090708777084098,0.01590157914065369,0.0,0.0,0.01590157914065369,0.04069041498347411,0.0139,Low
2nd Quarter 2025,City of Baguio,Adult,0,0.02264273484088091,0.035868217511956076,0.0,0.0,0.035868217511956076,0.08310208419436736,0.0296,Low
2nd Quarter 2025,Region 1,Adult,0,0.026405334717358533,0.02738941162406221,0.001605138776712221,0.003102393566615446,0.032363738150985095,0.0017655068652120795,0.0154,Low
2nd Quarter 2025,Ilocos Norte,Adult,0,0.020060293932923,0.013729430976008039,0.0,0.0,0.03385253108905916,0.0,0.0113,Low
2nd Quarter 2025,Ilocos Sur,Adult,0,0.0189318756168722,0.010433952645907222,0.0,0.0,0.04797232074100587,0.0,0.0129,Low
2nd Quarter 2025,La Union,Adult,0,0.017541696411188266,0.025971834642092285,0.007145174897787008,0.013810110974106041,0.017879161528976572,0.007859043416185346,0.015,Low
2nd Quarter 2025,Pangasinan,Adult,0,0.03941709699595517,0.04351388511407057,0.0,0.0,0.03014436681641593,0.0,0.0188,Low
2nd Quarter 2025,City of Dagupan,Adult,0,0.026038121170864535,0.04997730882686635,0.0,0.0,0.020478783753120035,0.0,0.0161,Low
2nd Quarter 2025,Region 2,Adult,0,0.03374167165441532,0.04183705652343764,0.03892504757774616,0.05203983986638807,0.03077142252981001,0.011194658389990574,0.0348,Low
2nd Quarter 2025,Batanes,Adult,0,0.021321070234113712,0.10869565217391304,0.03706800445930881,0.112876254180602,0.07455406911928651,0.03274804905239688,0.0645,Low
2nd Quarter 2025,Cagayan,Adult,0,0.04759533656407784,0.060652576561033164,0.041651866135539034,0.06088409915510111,0.04369116788876767,0.013783523203004085,0.0447,Low
2nd Quarter 2025,Isabela,Adult,0,0.030675827690407394,0.03559087132658388,0.04240649653336862,0.05062090566204204,0.028179706053186874,0.010534074449860672,0.033,Low
2nd Quarter 2025,Nueva Vizcaya,Adult,0,0.014302741358760428,0.016023118267479253,0.023894123732205907,0.025535790586277463,0.015618323700721883,0.00642049160051274,0.017,Low
2nd Quarter 2025,Quirino,Adult,0,0.026446689529459017,0.02660116785614978,0.022940031513578645,0.029119164581209257,0.0219822658880959,0.009871165075539902,0.0228,Low
2nd Quarter 2025,City of Santiago,Adult,0,0.029465142475697776,0.04463056447911886,0.03507655721974217,0.0665129959531061,0.01970253243773207,0.010138095039425926,0.0343,Low
2nd Quarter 2025,Region 3,Adult,0,0.03893813972839331,0.041579213568913816,0.026902534615111197,0.030234104319066195,0.02643550302477977,0.012553622685090767,0.0294,Low
2nd Quarter 2025,Aurora,Adult,0,0.03397793640493186,0.057300454250486695,0.07240752757949384,0.13027903958468526,0.051797534068786504,0.03831278390655419,0.064,Low
2nd Quarter 2025,Bataan,Adult,0,0.03207430066054883,0.016132464423460568,0.015569446291616792,0.01662898435075586,0.020188854900917676,0.003449040209247684,0.0173,Low
2nd Quarter 2025,Bulacan,Adult,0,0.03713747982055505,0.046792786507556645,0.033417160843358835,0.03137852988180321,0.03394689662445546,0.01676577241642262,0.0332,Low
2nd Quarter 2025,Nueva Ecija,Adult,0,0.05006007320289132,0.05336897769625539,0.022344165093984597,0.02892712883541615,0.02230653222906428,0.011735878615891104,0.0315,Low
2nd Quarter 2025,Pampanga,Adult,0,0.031982687024851464,0.0331086692646777,0.03781756425818267,0.03721597563832279,0.023533827381332653,0.011363636363636364,0.0292,Low
2nd Quarter 2025,Tarlac,Adult,0,0.029242768930776732,0.025377532228360956,0.004549886252843679,0.008369624092731015,0.014089481096305926,0.0049680424656050265,0.0144,Low
2nd Quarter 2025,Zambales,Adult,0,0.04792177988853546,0.04143592560760582,0.023028326879967392,0.03532664073506348,0.02784398507899097,0.011917314218374815,0.0312,Low
2nd Quarter 2025,City of Angeles,Adult,0,0.06430768435472616,0.05033730517718214,0.04983328594690997,0.04900617746646334,0.028922949675618394,0.01157951872625294,0.0423,Low
2nd Quarter 2025,City of Olongapo,Adult,0,0.020267169734359863,0.03286085759445266,0.01687656146433488,0.023963697547544995,0.012058328659562535,0.003135675317391526,0.0182,Low
2nd Quarter 2025,Region 4A,Adult,0,0.04239766347664204,0.06191232401535866,0.015335025306882308,0.09919497934725696,0.07139649630577695,0.07353858208738147,0.0606,Low
2nd Quarter 2025,Batangas,Adult,0,0.05175147497394062,0.07494885118864406,0.015744263702837692,0.1011569589542105,0.08303695905767207,0.07352625466546996,0.0667,Low
2nd Quarter 2025,Cavite,Adult,0,0.0383675307133209,0.051604134153483666,0.014932649047201525,0.09996343853781234,0.07414190586777615,0.07415036916920847,0.0589,Low
2nd Quarter 2025,Laguna,Adult,0,0.038368887057118085,0.049941020138425024,0.015086053749840116,0.0943002714494834,0.05435385074542018,0.07055554765999175,0.0538,Low
2nd Quarter 2025,Quezon,Adult,0,0.03455417046924674,0.06801520363443081,0.0174450673432752,0.097449680583274,0.06908326898197828,0.07489494850220131,0.0602,Low
2nd Quarter 2025,Rizal,Adult,0,0.03636376851623032,0.05936823130932826,0.013511941969152941,0.09495428181012051,0.05235423238505037,0.07180808536000349,0.0547,Low
2nd Quarter 2025,City of Lucena,Adult,0,0.036241108199176336,0.04770997129664296,0.016236116310994635,0.11069512042930238,0.06983651566204917,0.08219143891176837,0.0605,Low
2nd Quarter 2025,Region 4B,Adult,0,0.061912450093053586,0.07993860053764296,0.02296514864714397,0.03713394944883643,0.05354955700128843,0.028337601603384922,0.0473,Low
2nd Quarter 2025,Marinduque,Adult,0,0.02249286811498793,0.042242703533026116,0.00021944261575597982,0.0007680491551459293,0.032148343208251044,0.016677638797454465,0.0191,Low
2nd Quarter 2025,Occidental Mindoro,Adult,0,0.07367752028942993,0.08560672729050553,0.03830546592353574,0.044612300772465044,0.022782829764349272,0.01821159675369121,0.0472,Low
2nd Quarter 2025,Oriental Mindoro,Adult,0,0.05767247897715556,0.08404555140572371,0.019842815571798456,0.041278097289370576,0.05550718328254245,0.031047361547098046,0.0482,Low
2nd Quarter 2025,Palawan,Adult,0,0.06751114371156125,0.0755233312644586,0.03176663093155786,0.042219150256728545,0.04094961349658636,0.03842464594030356,0.0494,Low
2nd Quarter 2025,Romblon,Adult,0,0.0692978430472694,0.08320330426801285,0.010188159706287288,0.041762276273519965,0.11023405231757687,0.012345112436897659,0.0545,Low
2nd Quarter 2025,City of Puerto Princesa,Adult,0,0.047490455349660114,0.07970947015550796,0.0,0.0,0.09735543346680324,0.024490175994040412,0.0415,Low
2nd Quarter 2025,Region 5,Adult,0,0.0473633642738471,0.05374266861419139,0.053815393503106684,0.06329421212313656,0.05002652922004093,0.01469759762035969,0.0472,Low
2nd Quarter 2025,Albay,Adult,0,0.04760274505532127,0.04228847979334278,0.08970448639143493,0.09220211325687432,0.06425359082491713,0.023700222529994864,0.06,Low
2nd Quarter 2025,Camarines Norte,Adult,0,0.0221218145671426,0.021977227543827943,0.03283029098138442,0.03960780769925899,0.027399240918127597,0.008855955178022772,0.0255,Low
2nd Quarter 2025,Camarines Sur,Adult,0,0.03954843174174029,0.04148763256569948,0.06827435266096976,0.07296544843013245,0.04185508832348981,0.014432696588830419,0.0464,Low
2nd Quarter 2025,Catanduanes,Adult,0,0.03973178920366668,0.06749594477347316,0.03321513448262854,0.03436568712512732,0.06303519559394923,0.021860500207476707,0.0433,Low
2nd Quarter 2025,Masbate,Adult,0,0.13857022943480693,0.1684620406640552,0.04567711247901511,0.10810716284275322,0.06949496362618915,0.01937604924454393,0.0916,Low
2nd Quarter 2025,Sorsogon,Adult,0,0.04114950946350333,0.04517733809770325,0.02282857106781651,0.026547052361772246,0.055840351519589895,0.004974810288008687,0.0328,Low
2nd Quarter 2025,City of Naga,Adult,0,0.0221969265793967,0.026323278315310186,0.0616107000569152,0.08779169038133182,0.03237051792828685,0.012379055207740467,0.0404,Low
2nd Quarter 2025,Region 6,Adult,0,0.020009361298144113,0.02630342845139981,0.013946845689089125,0.015667769844380824,0.013171974985817467,0.004813791209972594,0.0157,Low
2nd Quarter 2025,Aklan,Adult,0,0.019257703081232494,0.027160864345738295,0.03356342537014806,0.029461784713885553,0.01485594237695078,0.007703081232492998,0.022,Low
2nd Quarter 2025,Antique,Adult,0,0.03648193852367063,0.04203126168573779,0.021770996933662405,0.031471094159000824,0.01512975843242839,0.006342083613791041,0.0255,Low
2nd Quarter 2025,Capiz,Adult,0,0.019751457632889304,0.03106354002638635,0.03788568753457888,0.03174447801847044,0.012465421117589479,0.009567178788781546,0.0237,Low
2nd Quarter 2025,Guimaras,Adult,0,0.0074217035594917906,0.010167565073541824,0.002979372278052239,0.00703627012975321,0.010271660233398228,0.0051175431291567725,0.0072,Low
2nd Quarter 2025,Iloilo,Adult,0,0.027256051586185166,0.03430076186403484,3.094720968703931e-05,0.0016317619653166181,0.014002205692035877,5.626765397643511e-06,0.0129,Low
2nd Quarter 2025,City of Iloilo,Adult,0,0.0176289556432729,0.022256417118262303,0.0294373452866796,0.03367453892642894,0.019557993800316673,0.0066457037086594855,0.0215,Low
2nd Quarter 2025,Region 7,Adult,0,0.035389150639787856,0.06630107360778559,0.0522617852269509,0.06984758373883268,0.04302669859169434,0.033361653922401584,0.05,Low
2nd Quarter 2025,Bohol,Adult,0,0.03371642106747515,0.06819431714023831,0.05749841359373899,0.09899880138193612,0.05238666008601847,0.02614397518155538,0.0562,Low
2nd Quarter 2025,Cebu,Adult,0,0.03862007956982275,0.07703173992987851,0.04871914816753199,0.057896540704271665,0.04603285613053527,0.03968301753963439,0.0513,Low
2nd Quarter 2025,City of Cebu,Adult,0,0.040643360421403325,0.06751007361051707,0.0837404047452896,0.11580712693874795,0.05196632375120996,0.04078968102109268,0.0667,Low
2nd Quarter 2025,City of Lapu-Lapu,Adult,0,0.02640189268096245,0.030089096949562067,0.045051847377428775,0.05868066042484647,0.017529950669485553,0.015843652471559447,0.0323,Low
2nd Quarter 2025,City of Mandaue,Adult,0,0.009266165586092145,0.005135119628205864,0.011044810373515405,0.007602272075276837,0.003040908830110735,0.005421997819725744,0.0069,Low
2nd Quarter 2025,Region 8,Adult,0,0.029041341439760286,0.04905157480051635,0.008460915919230023,0.020976717432162183,0.02967340195704664,0.004411046678839684,0.0236,Low
2nd Quarter 2025,Biliran,Adult,0,0.04321561338289963,0.08786102373462969,0.06062339147841007,0.07116814412353446,0.0516871604232199,0.012832427795253074,0.0546,Low
2nd Quarter 2025,Eastern Samar,Adult,0,0.01935787092794407,0.05070058455482772,0.0,0.0,0.02702464530153042,0.0,0.0162,Low
2nd Quarter 2025,Leyte,Adult,0,0.028091856736723222,0.045409110381265175,0.021834798073552892,0.06850310905715733,0.03414770293250945,0.01479236171510911,0.0355,Low
2nd Quarter 2025,Northern Samar,Adult,0,0.028431717029749354,0.05009955493089716,0.0,0.0,0.04518037011009604,0.0,0.0206,Low
2nd Quarter 2025,Southern Leyte,Adult,0,0.024415449039377438,0.03155946154813896,0.0,0.0,0.028522132959508277,0.0,0.0141,Low
2nd Quarter 2025,Samar,Adult,0,0.0501956691886251,0.0688103313331594,0.0,0.0,0.014857813722932428,0.0,0.0223,Low
2nd Quarter 2025,Ormoc City,Adult,0,0.0253257328990228,0.04849348534201954,0.0,0.0,0.05480456026058632,0.0,0.0214,Low
2nd Quarter 2025,City of Tacloban,Adult,0,0.020622857994337655,0.04513485322604679,0.0,0.0,0.006765012665772612,0.0,0.0121,Low
2nd Quarter 2025,Region 9,Adult,0,0.03956495401259321,0.033758937255771886,0.034680391788816274,0.047576489258229104,0.0230491613057352,0.0094470419603092,0.0313,Low
2nd Quarter 2025,Zamboanga del Norte,Adult,0,0.041060735671514116,0.03513641410188741,0.0588883024225106,0.07158327721456782,0.02803814862675864,0.00900023660884917,0.0406,Low
2nd Quarter 2025,Zamboanga del Sur,Adult,0,0.03876306620209059,0.034941553332584016,0.029068787231651117,0.04155895245588401,0.01950798021805103,0.007558727661009329,0.0286,Low
2nd Quarter 2025,Zamboanga Sibugay,Adult,0,0.044300233677749934,0.038866522143078355,0.031483149863453366,0.04572904642585658,0.02224865564908922,0.013098623272051578,0.0326,Low
2nd Quarter 2025,City of Isabela,Adult,0,0.03760048080534896,0.021410863195853055,0.028961009691232813,0.038539553752535496,0.022462624896701977,0.015588610923296522,0.0274,Low
2nd Quarter 2025,City of Zamboanga,Adult,0,0.025559639158035417,0.018793852322084866,0.008478115603073839,0.02088205813564985,0.02482876712328767,0.0018376211159371867,0.0167,Low
2nd Quarter 2025,Region 10,Adult,0,0.03980379238143202,0.04720987109214652,0.034308737241158065,0.04337057644611707,0.038950040876587204,0.010589968161105497,0.0357,Low
2nd Quarter 2025,Bukidnon,Adult,0,0.03517820804706546,0.054031591884431726,0.04858662583361876,0.06277073721112969,0.038663792235004935,0.013327826244635625,0.0421,Low
2nd Quarter 2025,Camiguin,Adult,0,0.0,0.026441541892322395,0.0,0.0,0.0,0.0,0.0044,Low
2nd Quarter 2025,Lanao del Norte,Adult,0,0.028168370029951758,0.020897638155337586,0.04805999496993393,0.056291012186478265,0.03276402130918902,0.01064316253972609,0.0328,Low
2nd Quarter 2025,Misamis Occidental,Adult,0,0.015409006202542208,0.020443356604455818,0.011570661697215809,0.015214307568214057,0.026979667899758017,0.00407476427558201,0.0156,Low
2nd Quarter 2025,Misamis Oriental,Adult,0,0.05577354260089686,0.05617059043348281,0.04076747010463378,0.05242199177877429,0.0398565956651719,0.012051569506726457,0.0428,Low
2nd Quarter 2025,City of Cagayan De Oro,Adult,0,0.055946516537649545,0.06242936045891711,0.0,0.0,0.052171965965069414,0.0,0.0284,Low
2nd Quarter 2025,City of Iligan,Adult,0,0.08355623913334224,0.07857429450314297,0.05747626053229905,0.0727898889929116,0.060017386652400695,0.04139360706165574,0.0656,Low
2nd Quarter 2025,Region 11,Adult,0,0.035421545667447304,0.05213593252779571,0.08606460121219665,0.08421285021824208,0.06206380760462782,0.007585954702124845,0.0546,Low
2nd Quarter 2025,Davao de Oro,Adult,0,0.02623969045922004,0.03565319213929335,0.057748701761531414,0.07459016393442623,0.03731290092658589,0.03446695855819163,0.0443,Low
2nd Quarter 2025,Davao del Norte,Adult,0,0.037523200252734666,0.05742210638549935,0.07796864510524029,0.0822611854835525,0.08863088891521542,0.0,0.0573,Low
2nd Quarter 2025,Davao Oriental,Adult,0,0.04716487683682309,0.07438827048497033,0.11729515029667043,0.12359633207473153,0.0067833733797544905,0.00841792118210497,0.0629,Low
2nd Quarter 2025,Davao del Sur,Adult,0,0.04160508574089446,0.05361083554349807,0.10138076245621849,0.085022169133278,0.06933168667624967,0.0,0.0585,Low
2nd Quarter 2025,Davao Occidental,Adult,0,0.04374732334047109,0.04194860813704497,0.0523982869379015,0.06751605995717344,0.05417558886509636,0.0,0.0433,Low
2nd Quarter 2025,City of Davao,Adult,0,0.031671397583692175,0.05054679102219991,0.09845456710500061,0.07862977195048951,0.0767020037203674,0.0,0.056,Low
2nd Quarter 2025,Region 12,Adult,0,0.02974348169007668,0.030035335689045935,0.0023889317574166506,0.004298084014088718,0.02074156541942979,0.019940034680797147,0.0179,Low
2nd Quarter 2025,Cotabato,Adult,0,0.03063546834195098,0.027609678332826414,0.0,0.0,0.018684384406431245,0.018684384406431245,0.0159,Low
2nd Quarter 2025,Sarangani,Adult,0,0.03603648383328777,0.03860874319656038,0.020851455128364442,0.037515222307826133,0.03484355195466859,0.01729751223997813,0.0309,Low
2nd Quarter 2025,South Cotabato,Adult,0,0.026395977755770548,0.026776872095680658,0.0,0.0,0.016702216805058276,0.016702216805058276,0.0144,Low
2nd Quarter 2025,Sultan Kudarat,Adult,0,0.03097119637967235,0.03190209894746856,0.0,0.0,0.018071061160978195,0.01807445861560519,0.0165,Low
2nd Quarter 2025,City of General Santos,Adult,0,0.00821728766779576,0.016403211642202986,0.0,0.0,0.03540960983565425,0.0620060218291306,0.0203,Low
2nd Quarter 2025,Caraga,Adult,0,0.03763402237747167,0.05234056500422047,0.04652843878522297,0.06238887591817676,0.042054291409996225,0.019890088180887555,0.0435,Low
2nd Quarter 2025,Agusan del Norte,Adult,0,0.04734844100830999,0.06411888613689498,0.06556561190713178,0.08424573505242934,0.05550797435244555,0.030728455359829633,0.0579,Low
2nd Quarter 2025,Agusan del Sur,Adult,0,0.04596991060396831,0.0526382731303147,0.03392325023620903,0.048368340722436225,0.03196089832109892,0.013027836325314339,0.0376,Low
2nd Quarter 2025,Surigao del Norte,Adult,0,0.02609600925390399,0.05101214574898785,0.04879120879120879,0.06402544823597456,0.040694042799305954,0.017015615962984385,0.0413,Low
2nd Quarter 2025,Surigao del Sur,Adult,0,0.03861424325611997,0.05079746806724596,0.049300088481520975,0.06937858747192413,0.043741633958754,0.025376046464142297,0.0462,Low
2nd Quarter 2025,Dinagat Islands,Adult,0,0.04008188061278394,0.0768621236133122,0.07791864764923402,0.09462493396724775,0.06418383518225039,0.02806391970417327,0.0636,Low
2nd Quarter 2025,City of Butuan,Adult,0,0.022726505251072164,0.032570154999493464,0.026728126160807754,0.0355249383716611,0.03500151960287712,0.010772295951102556,0.0272,Low
2nd Quarter 2025,BARMM,Adult,0,0.04007974504451717,0.008049533391450989,0.02125105397796293,0.02476848212882112,0.034066711445843396,0.019720106326726022,0.0247,Low
2nd Quarter 2025,Basilan,Adult,0,0.04323247550339184,0.0004845482933132336,0.017389899860019382,0.0356950576074082,0.019758802627328525,0.014697964897168084,0.0219,Low
2nd Quarter 2025,Lanao del Sur,Adult,0,0.034564425463918504,0.005906579034973416,0.03498292703805511,0.037817324062889374,0.034521624166563625,0.03537289441395512,0.0305,Low
2nd Quarter 2025,Maguindanao del Norte,Adult,0,0.03819635204922536,0.011276233380947149,0.0,0.0,0.04051752554664323,0.0,0.015,Low
2nd Quarter 2025,Maguindanao del Sur,Adult,0,0.032643998752224894,0.010413417252325816,0.0,0.0,0.023377433620199277,0.0,0.0111,Low
2nd Quarter 2025,Sulu,Adult,0,0.030680473372781066,0.00035502958579881655,0.0,0.0,0.0307396449704142,0.0,0.0103,Low
2nd Quarter 2025,Tawi-Tawi,Adult,0,0.13762369289072918,0.02080847778791494,0.05481086392027511,0.06386413081619763,0.029230121412028916,0.01624675415818654,0.0538,Low
2nd Quarter 2025,Special Geographic Area (SGA),Adult,0,0.04293563046869701,0.0016618056026588889,0.023604422437767076,0.04313911686902259,0.03642406565827851,0.024859255239774808,0.0288,Low
2nd Quarter 2025,City of Cotabato,Adult,0,0.03140366172624237,0.011246730601569312,0.034158674803836095,0.037628596338273756,0.05231037489102005,0.037175239755884916,0.034,Low
2nd Quarter 2025,NIR,Adult,0,0.04837293851291298,0.05454871309074018,0.006311103958567264,0.0,0.03425479230597607,0.007198060035039337,0.0251,Low
2nd Quarter 2025,Negros Occidental,Adult,0,0.05277415993748372,0.05515238343318572,0.0,0.0,0.029294087001823392,0.0,0.0229,Low
2nd Quarter 2025,Negros Oriental,Adult,0,0.03889239373220345,0.052976180327030296,0.02942079148834592,0.0,0.04023939027093386,0.03355555934457535,0.0325,Low
2nd Quarter 2025,Siquijor,Adult,0,0.045652792263202804,0.06347776618943775,0.0,0.0,0.055797857210581205,0.0,0.0275,Low
2nd Quarter 2025,City of Bacolod,Adult,0,0.027159285539515538,0.04493923823505424,0.0,0.0,0.06475817633145747,0.0,0.0228,Low
3rd Quarter 2025,NCR,Adult,0,0.0,0.0,0.0,0.0,0.0,0.0,0.0,Low
3rd Quarter 2025,City of Malabon,Adult,0,0.0,0.0,0.0,0.0,0.0,0.0,0.0,Low
3rd Quarter 2025,City of Navotas,Adult,0,0.0,0.0,0.0,0.0,0.0,0.0,0.0,Low
3rd Quarter 2025,City of Valenzuela,Adult,0,0.0,0.0,0.0,0.0,0.0,0.0,0.0,Low
3rd Quarter 2025,City of Caloocan,Adult,0,0.0,0.0,0.0,0.0,0.0,0.0,0.0,Low
3rd Quarter 2025,City of Marikina,Adult,0,0.0,0.0,0.0,0.0,0.0,0.0,0.0,Low
3rd Quarter 2025,City of Pasig,Adult,0,0.0,0.0,0.0,0.0,0.0,0.0,0.0,Low
3rd Quarter 2025,Pateros,Adult,0,0.0,0.0,0.0,0.0,0.0,0.0,0.0,Low
3rd Quarter 2025,City of Taguig,Adult,0,0.0,0.0,0.0,0.0,0.0,0.0,0.0,Low
3rd Quarter 2025,Quezon City,Adult,0,0.0,0.0,0.0,0.0,0.0,0.0,0.0,Low
3rd Quarter 2025,City of Makati,Adult,0,0.0,0.0,0.0,0.0,0.0,0.0,0.0,Low
3rd Quarter 2025,City of Mandaluyong,Adult,0,0.0,0.0,0.0,0.0,0.0,0.0,0.0,Low
3rd Quarter 2025,City of San Juan,Adult,0,0.0,0.0,0.0,0.0,0.0,0.0,0.0,Low
3rd Quarter 2025,City of Manila,Adult,0,0.0,0.0,0.0,0.0,0.0,0.0,0.0,Low
3rd Quarter 2025,City of Las Piñas,Adult,0,0.0,0.0,0.0,0.0,0.0,0.0,0.0,Low
3rd Quarter 2025,City of Muntinlupa,Adult,0,0.0,0.0,0.0,0.0,0.0,0.0,0.0,Low
3rd Quarter 2025,City of Parañaque,Adult,0,0.0,0.0,0.0,0.0,0.0,0.0,0.0,Low
3rd Quarter 2025,Pasay City,Adult,0,0.0,0.0,0.0,0.0,0.0,0.0,0.0,Low
3rd Quarter 2025,CAR,Adult,0,0.0,0.0,0.0,0.0,0.0,0.0,0.0,Low
3rd Quarter 2025,Abra,Adult,0,0.0,0.0,0.0,0.0,0.0,0.0,0.0,Low
3rd Quarter 2025,Apayao,Adult,0,0.0,0.0,0.0,0.0,0.0,0.0,0.0,Low
3rd Quarter 2025,Benguet,Adult,0,0.0,0.0,0.0,0.0,0.0,0.0,0.0,Low
3rd Quarter 2025,Ifugao,Adult,0,0.0,0.0,0.0,0.0,0.0,0.0,0.0,Low
3rd Quarter 2025,Kalinga,Adult,0,0.0,0.0,0.0,0.0,0.0,0.0,0.0,Low
3rd Quarter 2025,Mountain Province,Adult,0,0.0,0.0,0.0,0.0,0.0,0.0,0.0,Low
3rd Quarter 2025,City of Baguio,Adult,0,0.0,0.0,0.0,0.0,0.0,0.0,0.0,Low
3rd Quarter 2025,Region 1,Adult,0,0.0,0.0,0.0,0.0,0.0,0.0,0.0,Low
3rd Quarter 2025,Ilocos Norte,Adult,0,0.0,0.0,0.0,0.0,0.0,0.0,0.0,Low
3rd Quarter 2025,Ilocos Sur,Adult,0,0.0,0.0,0.0,0.0,0.0,0.0,0.0,Low
3rd Quarter 2025,La Union,Adult,0,0.0,0.0,0.0,0.0,0.0,0.0,0.0,Low
3rd Quarter 2025,Pangasinan,Adult,0,0.0,0.0,0.0,0.0,0.0,0.0,0.0,Low
3rd Quarter 2025,City of Dagupan,Adult,0,0.0,0.0,0.0,0.0,0.0,0.0,0.0,Low
3rd Quarter 2025,Region 2,Adult,0,0.0,0.0,0.0,0.0,0.0,0.0,0.0,Low
3rd Quarter 2025,Batanes,Adult,0,0.0,0.0,0.0,0.0,0.0,0.0,0.0,Low
3rd Quarter 2025,Cagayan,Adult,0,0.0,0.0,0.0,0.0,0.0,0.0,0.0,Low
3rd Quarter 2025,Isabela,Adult,0,0.0,0.0,0.0,0.0,0.0,0.0,0.0,Low
3rd Quarter 2025,Nueva Vizcaya,Adult,0,0.0,0.0,0.0,0.0,0.0,0.0,0.0,Low
3rd Quarter 2025,Quirino,Adult,0,0.0,0.0,0.0,0.0,0.0,0.0,0.0,Low
3rd Quarter 2025,City of Santiago,Adult,0,0.0,0.0,0.0,0.0,0.0,0.0,0.0,Low
3rd Quarter 2025,Region 3,Adult,0,0.0,0.0,0.0,0.0,0.0,0.0,0.0,Low
3rd Quarter 2025,Aurora,Adult,0,0.0,0.0,0.0,0.0,0.0,0.0,0.0,Low
3rd Quarter 2025,Bataan,Adult,0,0.0,0.0,0.0,0.0,0.0,0.0,0.0,Low
3rd Quarter 2025,Bulacan,Adult,0,0.0,0.0,0.0,0.0,0.0,0.0,0.0,Low
3rd Quarter 2025,Nueva Ecija,Adult,0,0.0,0.0,0.0,0.0,0.0,0.0,0.0,Low
3rd Quarter 2025,Pampanga,Adult,0,0.0,0.0,0.0,0.0,0.0,0.0,0.0,Low
3rd Quarter 2025,Tarlac,Adult,0,0.0,0.0,0.0,0.0,0.0,0.0,0.0,Low
3rd Quarter 2025,Zambales,Adult,0,0.0,0.0,0.0,0.0,0.0,0.0,0.0,Low
3rd Quarter 2025,City of Angeles,Adult,0,0.0,0.0,0.0,0.0,0.0,0.0,0.0,Low
3rd Quarter 2025,City of Olongapo,Adult,0,0.0,0.0,0.0,0.0,0.0,0.0,0.0,Low
3rd Quarter 2025,Region 4A,Adult,0,0.0,0.0,0.0,0.0,0.0,0.0,0.0,Low
3rd Quarter 2025,Batangas,Adult,0,0.0,0.0,0.0,0.0,0.0,0.0,0.0,Low
3rd Quarter 2025,Cavite,Adult,0,0.0,0.0,0.0,0.0,0.0,0.0,0.0,Low
3rd Quarter 2025,Laguna,Adult,0,0.0,0.0,0.0,0.0,0.0,0.0,0.0,Low
3rd Quarter 2025,Quezon,Adult,0,0.0,0.0,0.0,0.0,0.0,0.0,0.0,Low
3rd Quarter 2025,Rizal,Adult,0,0.0,0.0,0.0,0.0,0.0,0.0,0.0,Low
3rd Quarter 2025,City of Lucena,Adult,0,0.0,0.0,0.0,0.0,0.0,0.0,0.0,Low
3rd Quarter 2025,Region 4B,Adult,0,0.0,0.0,0.0,0.0,0.0,0.0,0.0,Low
3rd Quarter 2025,Marinduque,Adult,0,0.0,0.0,0.0,0.0,0.0,0.0,0.0,Low
3rd Quarter 2025,Occidental Mindoro,Adult,0,0.0,0.0,0.0,0.0,0.0,0.0,0.0,Low
3rd Quarter 2025,Oriental Mindoro,Adult,0,0.0,0.0,0.0,0.0,0.0,0.0,0.0,Low
3rd Quarter 2025,Palawan,Adult,0,0.0,0.0,0.0,0.0,0.0,0.0,0.0,Low
3rd Quarter 2025,Romblon,Adult,0,0.0,0.0,0.0,0.0,0.0,0.0,0.0,Low
3rd Quarter 2025,City of Puerto Princesa,Adult,0,0.0,0.0,0.0,0.0,0.0,0.0,0.0,Low
3rd Quarter 2025,Region 5,Adult,0,0.0,0.0,0.0,0.0,0.0,0.0,0.0,Low
3rd Quarter 2025,Albay,Adult,0,0.0,0.0,0.0,0.0,0.0,0.0,0.0,Low
3rd Quarter 2025,Camarines Norte,Adult,0,0.0,0.0,0.0,0.0,0.0,0.0,0.0,Low
3rd Quarter 2025,Camarines Sur,Adult,0,0.0,0.0,0.0,0.0,0.0,0.0,0.0,Low
3rd Quarter 2025,Catanduanes,Adult,0,0.0,0.0,0.0,0.0,0.0,0.0,0.0,Low
3rd Quarter 2025,Masbate,Adult,0,0.0,0.0,0.0,0.0,0.0,0.0,0.0,Low
3rd Quarter 2025,Sorsogon,Adult,0,0.0,0.0,0.0,0.0,0.0,0.0,0.0,Low
3rd Quarter 2025,City of Naga,Adult,0,0.0,0.0,0.0,0.0,0.0,0.0,0.0,Low
3rd Quarter 2025,Region 6,Adult,0,0.0,0.0,0.0,0.0,0.0,0.0,0.0,Low
3rd Quarter 2025,Aklan,Adult,0,0.0,0.0,0.0,0.0,0.0,0.0,0.0,Low
3rd Quarter 2025,Antique,Adult,0,0.0,0.0,0.0,0.0,0.0,0.0,0.0,Low
3rd Quarter 2025,Capiz,Adult,0,0.0,0.0,0.0,0.0,0.0,0.0,0.0,Low
3rd Quarter 2025,Guimaras,Adult,0,0.0,0.0,0.0,0.0,0.0,0.0,0.0,Low
3rd Quarter 2025,Iloilo,Adult,0,0.0,0.0,0.0,0.0,0.0,0.0,0.0,Low
3rd Quarter 2025,City of Iloilo,Adult,0,0.0,0.0,0.0,0.0,0.0,0.0,0.0,Low
3rd Quarter 2025,Region 7,Adult,0,0.0,0.0,0.0,0.0,0.0,0.0,0.0,Low
3rd Quarter 2025,Bohol,Adult,0,0.0,0.0,0.0,0.0,0.0,0.0,0.0,Low
3rd Quarter 2025,Cebu,Adult,0,0.0,0.0,0.0,0.0,0.0,0.0,0.0,Low
3rd Quarter 2025,City of Cebu,Adult,0,0.0,0.0,0.0,0.0,0.0,0.0,0.0,Low
3rd Quarter 2025,City of Lapu-Lapu,Adult,0,0.0,0.0,0.0,0.0,0.0,0.0,0.0,Low
3rd Quarter 2025,City of Mandaue,Adult,0,0.0,0.0,0.0,0.0,0.0,0.0,0.0,Low
3rd Quarter 2025,Region 8,Adult,0,0.0,0.0,0.0,0.0,0.0,0.0,0.0,Low
3rd Quarter 2025,Biliran,Adult,0,0.0,0.0,0.0,0.0,0.0,0.0,0.0,Low
3rd Quarter 2025,Eastern Samar,Adult,0,0.0,0.0,0.0,0.0,0.0,0.0,0.0,Low
3rd Quarter 2025,Leyte,Adult,0,0.0,0.0,0.0,0.0,0.0,0.0,0.0,Low
3rd Quarter 2025,Northern Samar,Adult,0,0.0,0.0,0.0,0.0,0.0,0.0,0.0,Low
3rd Quarter 2025,Southern Leyte,Adult,0,0.0,0.0,0.0,0.0,0.0,0.0,0.0,Low
3rd Quarter 2025,Samar,Adult,0,0.0,0.0,0.0,0.0,0.0,0.0,0.0,Low
3rd Quarter 2025,Ormoc City,Adult,0,0.0,0.0,0.0,0.0,0.0,0.0,0.0,Low
3rd Quarter 2025,City of Tacloban,Adult,0,0.0,0.0,0.0,0.0,0.0,0.0,0.0,Low
3rd Quarter 2025,Region 9,Adult,0,0.0,0.0,0.0,0.0,0.0,0.0,0.0,Low
3rd Quarter 2025,Zamboanga del Norte,Adult,0,0.0,0.0,0.0,0.0,0.0,0.0,0.0,Low
3rd Quarter 2025,Zamboanga del Sur,Adult,0,0.0,0.0,0.0,0.0,0.0,0.0,0.0,Low
3rd Quarter 2025,Zamboanga Sibugay,Adult,0,0.0,0.0,0.0,0.0,0.0,0.0,0.0,Low
3rd Quarter 2025,City of Isabela,Adult,0,0.0,0.0,0.0,0.0,0.0,0.0,0.0,Low
3rd Quarter 2025,City of Zamboanga,Adult,0,0.0,0.0,0.0,0.0,0.0,0.0,0.0,Low
3rd Quarter 2025,Region 10,Adult,0,0.0,0.0,0.0,0.0,0.0,0.0,0.0,Low
3rd Quarter 2025,Bukidnon,Adult,0,0.0,0.0,0.0,0.0,0.0,0.0,0.0,Low
3rd Quarter 2025,Camiguin,Adult,0,0.0,0.0,0.0,0.0,0.0,0.0,0.0,Low
3rd Quarter 2025,Lanao del Norte,Adult,0,0.0,0.0,0.0,0.0,0.0,0.0,0.0,Low
3rd Quarter 2025,Misamis Occidental,Adult,0,0.0,0.0,0.0,0.0,0.0,0.0,0.0,Low
3rd Quarter 2025,Misamis Oriental,Adult,0,0.0,0.0,0.0,0.0,0.0,0.0,0.0,Low
3rd Quarter 2025,City of Cagayan De Oro,Adult,0,0.0,0.0,0.0,0.0,0.0,0.0,0.0,Low
3rd Quarter 2025,City of Iligan,Adult,0,0.0,0.0,0.0,0.0,0.0,0.0,0.0,Low
3rd Quarter 2025,Region 11,Adult,0,0.0,0.0,0.0,0.0,0.0,0.0,0.0,Low
3rd Quarter 2025,Davao de Oro,Adult,0,0.0,0.0,0.0,0.0,0.0,0.0,0.0,Low
3rd Quarter 2025,Davao del Norte,Adult,0,0.0,0.0,0.0,0.0,0.0,0.0,0.0,Low
3rd Quarter 2025,Davao Oriental,Adult,0,0.0,0.0,0.0,0.0,0.0,0.0,0.0,Low
3rd Quarter 2025,Davao del Sur,Adult,0,0.0,0.0,0.0,0.0,0.0,0.0,0.0,Low
3rd Quarter 2025,Davao Occidental,Adult,0,0.0,0.0,0.0,0.0,0.0,0.0,0.0,Low
3rd Quarter 2025,City of Davao,Adult,0,0.0,0.0,0.0,0.0,0.0,0.0,0.0,Low
3rd Quarter 2025,Region 12,Adult,0,0.0,0.0,0.0,0.0,0.0,0.0,0.0,Low
3rd Quarter 2025,Cotabato,Adult,0,0.0,0.0,0.0,0.0,0.0,0.0,0.0,Low
3rd Quarter 2025,Sarangani,Adult,0,0.0,0.0,0.0,0.0,0.0,0.0,0.0,Low
3rd Quarter 2025,South Cotabato,Adult,0,0.0,0.0,0.0,0.0,0.0,0.0,0.0,Low
3rd Quarter 2025,Sultan Kudarat,Adult,0,0.0,0.0,0.0,0.0,0.0,0.0,0.0,Low
3rd Quarter 2025,City of General Santos,Adult,0,0.0,0.0,0.0,0.0,0.0,0.0,0.0,Low
3rd Quarter 2025,Caraga,Adult,0,0.0,0.0,0.0,0.0,0.0,0.0,0.0,Low
3rd Quarter 2025,Agusan del Norte,Adult,0,0.0,0.0,0.0,0.0,0.0,0.0,0.0,Low
3rd Quarter 2025,Agusan del Sur,Adult,0,0.0,0.0,0.0,0.0,0.0,0.0,0.0,Low
3rd Quarter 2025,Surigao del Norte,Adult,0,0.0,0.0,0.0,0.0,0.0,0.0,0.0,Low
3rd Quarter 2025,Surigao del Sur,Adult,0,0.0,0.0,0.0,0.0,0.0,0.0,0.0,Low
3rd Quarter 2025,Dinagat Islands,Adult,0,0.0,0.0,0.0,0.0,0.0,0.0,0.0,Low
3rd Quarter 2025,City of Butuan,Adult,0,0.0,0.0,0.0,0.0,0.0,0.0,0.0,Low
3rd Quarter 2025,BARMM,Adult,0,0.0,0.0,0.0,0.0,0.0,0.0,0.0,Low
3rd Quarter 2025,Basilan,Adult,0,0.0,0.0,0.0,0.0,0.0,0.0,0.0,Low
3rd Quarter 2025,Lanao del Sur,Adult,0,0.0,0.0,0.0,0.0,0.0,0.0,0.0,Low
3rd Quarter 2025,Maguindanao del Norte,Adult,0,0.0,0.0,0.0,0.0,0.0,0.0,0.0,Low
3rd Quarter 2025,Maguindanao del Sur,Adult,0,0.0,0.0,0.0,0.0,0.0,0.0,0.0,Low
3rd Quarter 2025,Sulu,Adult,0,0.0,0.0,0.0,0.0,0.0,0.0,0.0,Low
3rd Quarter 2025,Tawi-Tawi,Adult,0,0.0,0.0,0.0,0.0,0.0,0.0,0.0,Low
3rd Quarter 2025,Special Geographic Area (SGA),Adult,0,0.0,0.0,0.0,0.0,0.0,0.0,0.0,Low
3rd Quarter 2025,City of Cotabato,Adult,0,0.0,0.0,0.0,0.0,0.0,0.0,0.0,Low
3rd Quarter 2025,NIR,Adult,0,0.0,0.0,0.0,0.0,0.0,0.0,0.0,Low
3rd Quarter 2025,Negros Occidental,Adult,0,0.0,0.0,0.0,0.0,0.0,0.0,0.0,Low
3rd Quarter 2025,Negros Oriental,Adult,0,0.0,0.0,0.0,0.0,0.0,0.0,0.0,Low
3rd Quarter 2025,Siquijor,Adult,0,0.0,0.0,0.0,0.0,0.0,0.0,0.0,Low
3rd Quarter 2025,City of Bacolod,Adult,0,0.0,0.0,0.0,0.0,0.0,0.0,0.0,Low
1st Quarter 2025,NCR,Adult,0,0.011701049880569142,0.05735061884494621,0.013243202492838117,0.010436643450612761,0.06628081990673018,0.009877183283383106,0.0281,Low
1st Quarter 2025,City of Malabon,Adult,0,0.05213603147835863,0.12141652613827993,0.0,0.0,0.0,0.0,0.0289,Low
1st Quarter 2025,City of Navotas,Adult,0,0.05699774266365688,0.06736738148984199,0.1442579006772009,0.1252821670428894,0.18623024830699775,0.0774548532731377,0.1096,Low
1st Quarter 2025,City of Valenzuela,Adult,0,0.0,0.0,0.0,0.0,0.0,0.0,0.0,Low
1st Quarter 2025,City of Caloocan,Adult,0,0.0,0.08633916701174726,0.0,0.0,0.19956192925484384,0.0,0.0477,Low
1st Quarter 2025,City of Marikina,Adult,0,0.0775462962962963,0.06921296296296296,0.19212962962962962,0.2023148148148148,0.1414351851851852,0.08842592592592592,0.1285,Low
1st Quarter 2025,City of Pasig,Adult,0,0.05242608986136629,0.10470602973108402,0.0,0.0,0.18667529647569733,0.0,0.0573,Low
1st Quarter 2025,Pateros,Adult,0,0.0,0.0,0.0,0.0,0.0,0.0,0.0,Low
1st Quarter 2025,City of Taguig,Adult,0,0.0,0.08318470627577751,0.0,0.0,0.0,0.0,0.0139,Low
1st Quarter 2025,Quezon City,Adult,0,0.0,0.04003273584689696,0.0,0.0,0.0,0.0,0.0067,Low
1st Quarter 2025,City of Makati,Adult,0,0.03799071338117349,0.02532714225411566,0.2254819192345575,0.08758970029548332,0.09364007316729984,0.26558322780357396,0.1226,Low
1st Quarter 2025,City of Mandaluyong,Adult,0,0.040747505971617255,0.05219896023605452,0.023956723338485315,0.024448503582970352,0.22600814950119433,0.011416327104116903,0.0631,Low
1st Quarter 2025,City of San Juan,Adult,0,0.0,0.06321678321678321,0.0,0.0,0.3323076923076923,0.0,0.0659,Low
1st Quarter 2025,City of Manila,Adult,0,0.0,0.042501275481910336,0.0,0.0,0.0,0.0,0.0071,Low
1st Quarter 2025,City of Las Piñas,Adult,0,0.059332509270704575,0.0907646123962564,0.1435193360409677,0.1456825004414621,0.1477132262051916,0.08334804873741833,0.1117,Low
1st Quarter 2025,City of Muntinlupa,Adult,0,0.046826975230518895,0.07611643464111373,0.0,0.0,0.27671307177725546,0.0,0.0666,Low
1st Quarter 2025,City of Parañaque,Adult,0,0.0,0.03718602825745683,0.0,0.0,0.0,0.0,0.0062,Low
1st Quarter 2025,Pasay City,Adult,0,0.0,0.0,0.0,0.0,0.0,0.0,0.0,Low
1st Quarter 2025,CAR,Adult,0,0.03824194711419738,0.06411193535960173,0.0,0.0,0.12746821814158854,0.007689876231022254,0.0396,Low
1st Quarter 2025,Abra,Adult,0,0.05937411698219836,0.07692851087877932,0.0,0.0,0.06686210794009607,0.0,0.0339,Low
1st Quarter 2025,Apayao,Adult,0,0.037027379400260754,0.05684485006518905,0.0,0.0,0.0,0.1014993481095176,0.0326,Low
1st Quarter 2025,Benguet,Adult,0,0.028288240021430485,0.05446021966246986,0.0,0.0,0.1657112242164479,0.0,0.0414,Low
1st Quarter 2025,Ifugao,Adult,0,0.019652337729063194,0.0671775989039219,0.0,0.0,0.1455728720671348,0.0,0.0387,Low
1st Quarter 2025,Kalinga,Adult,0,0.062282075900752944,0.08711910657435949,0.0,0.0,0.12949113143665672,0.0,0.0465,Low
1st Quarter 2025,Mountain Province,Adult,0,0.019728543317019023,0.040239164438165394,0.0,0.0,0.08991371915838337,0.0,0.025,Low
1st Quarter 2025,City of Baguio,Adult,0,0.0386892177589852,0.06797040169133192,0.0,0.0,0.29815010570824524,0.0,0.0675,Low
1st Quarter 2025,Region 1,Adult,0,0.033820527805206654,0.037331264412156735,0.0,0.0,0.046177917625078085,0.0,0.0196,Low
1st Quarter 2025,Ilocos Norte,Adult,0,0.029873833808672114,0.019311644994440953,0.0,0.0,0.04319137622661575,0.0,0.0154,Low
1st Quarter 2025,Ilocos Sur,Adult,0,0.022710720788261755,0.01330191710399486,0.0,0.0,0.05536574916996894,0.0,0.0152,Low
1st Quarter 2025,La Union,Adult,0,0.024935539046743765,0.04008067192565929,0.0,0.0,0.06291644328712567,0.0,0.0213,Low
1st Quarter 2025,Pangasinan,Adult,0,0.0457878299347719,0.05163609872579242,0.0,0.0,0.0327624469642291,0.0,0.0217,Low
1st Quarter 2025,City of Dagupan,Adult,0,0.03991064780342517,0.07907669396872673,0.0,0.0,0.02851824274013403,0.0,0.0246,Low
1st Quarter 2025,Region 2,Adult,0,0.054320944098502355,0.06567235266101007,0.061959110233025805,0.08223464869727813,0.052299387888302844,0.014981742489724639,0.0552,Low
1st Quarter 2025,Batanes,Adult,0,0.06207233626588465,0.2304496578690127,0.09433040078201368,0.18181818181818182,0.1412512218963832,0.11999022482893451,0.1383,Low
1st Quarter 2025,Cagayan,Adult,0,0.08510683488381972,0.09110346487688147,0.05425994364442179,0.08032793849029353,0.07450122481344605,0.020092604392336774,0.0676,Low
1st Quarter 2025,Isabela,Adult,0,0.041248822649454266,0.04989542356917281,0.07362249986148817,0.09104382514266718,0.0446873788021497,0.014858856446340517,0.0526,Low
1st Quarter 2025,Nueva Vizcaya,Adult,0,0.027420552710784505,0.025153422194425987,0.016612594300902943,0.017941601844975178,0.02980494859867881,0.003928389946448813,0.0201,Low
1st Quarter 2025,Quirino,Adult,0,0.05493774930496797,0.08609331560498006,0.09700229662758371,0.11999879124864016,0.05315484104919618,0.010727668318626859,0.0703,Low
1st Quarter 2025,City of Santiago,Adult,0,0.06980004122861266,0.10045351473922902,0.03613687899402185,0.06899608328179757,0.048608534322820036,0.0065347351061636775,0.0551,Low
1st Quarter 2025,Region 3,Adult,0,0.06179233344316939,0.07551109582957265,0.021955869782190322,0.024141249170260216,0.05185097634704374,0.0112343185150165,0.0411,Low
1st Quarter 2025,Aurora,Adult,0,0.06276747503566334,0.12271942338013364,0.05199339289736467,0.0761318417298596,0.04260830392672123,0.03532547488550192,0.0653,Low
1st Quarter 2025,Bataan,Adult,0,0.037867887508175276,0.02896591817455127,0.0025070852408981903,0.0024416830172225854,0.0518130949785626,0.00033427803211975876,0.0207,Low
1st Quarter 2025,Bulacan,Adult,0,0.06974878982503875,0.09816338152940804,0.027174360110102193,0.03455089062549435,0.0768231720821337,0.02198089030910874,0.0547,Low
1st Quarter 2025,Nueva Ecija,Adult,0,0.08388130827078429,0.09659623489342216,0.02285037600978842,0.026388660317551178,0.050963458002103654,0.009044269696687823,0.0483,Low
1st Quarter 2025,Pampanga,Adult,0,0.05392956928269108,0.05656680221675104,0.04855367137864579,0.037299325938015805,0.01762612151557904,0.0031490036607743875,0.0362,Low
1st Quarter 2025,Tarlac,Adult,0,0.04435424557790608,0.03669602471224212,0.004389916522634501,0.0035441106167028277,0.0343792520133858,0.0009791122715404699,0.0207,Low
1st Quarter 2025,Zambales,Adult,0,0.039310130515848356,0.051118707271597265,0.0,0.0,0.025088655723321026,0.0017548349358388476,0.0195,Low
1st Quarter 2025,City of Angeles,Adult,0,0.08030275059996309,0.08833302565995939,0.0,0.0,0.04085902406005784,0.009907082641068241,0.0366,Low
1st Quarter 2025,City of Olongapo,Adult,0,0.03652590335219852,0.06417065737919025,0.0,0.0,0.01802350892468437,0.0,0.0198,Low
1st Quarter 2025,Region 4A,Adult,0,0.0885624715125022,0.1189718660163442,0.02943588473644354,0.19295143038642507,0.1313035878994082,0.14344509404911873,0.1174,Low
1st Quarter 2025,Batangas,Adult,0,0.11433815858759476,0.14749977645527615,0.03103794299112776,0.19817736535156133,0.14588777061330738,0.14273827383731905,0.1299,Low
1st Quarter 2025,Cavite,Adult,0,0.07045882182660299,0.09529237226805616,0.026494427558257344,0.1837205094803879,0.13011289622231872,0.13908669850919092,0.1075,Low
1st Quarter 2025,Laguna,Adult,0,0.060203980592137836,0.07042776512525993,0.030832260619863352,0.2034607386869987,0.10274532131894247,0.15271932864640064,0.1034,Low
1st Quarter 2025,Quezon,Adult,0,0.10007590587671288,0.16643362230833766,0.03358835044544765,0.18948503855219528,0.13011865287044067,0.145968998441932,0.1276,Low
1st Quarter 2025,Rizal,Adult,0,0.07271691935369065,0.11502598049683252,0.026621111822905545,0.18841910456260233,0.12523311267705886,0.14313474268631218,0.1119,Low
1st Quarter 2025,City of Lucena,Adult,0,0.09699658293867273,0.08015107007973143,0.027096696840716982,0.1849409507823272,0.1326059588753672,0.13689227264552484,0.1098,Low
1st Quarter 2025,Region 4B,Adult,0,0.07749627421758569,0.10679615647462763,0.025207696931272696,0.02897464821203613,0.0736758034104289,0.03551226420531737,0.0579,Low
1st Quarter 2025,Marinduque,Adult,0,0.01404786680541103,0.0222684703433923,0.0,0.0002081165452653486,0.03132154006243496,0.007075962539021852,0.0125,Low
1st Quarter 2025,Occidental Mindoro,Adult,0,0.1292714181108128,0.16332072247986332,0.050524774225042715,0.0579997559189651,0.03703929704661948,0.019068830851842813,0.0762,Low
1st Quarter 2025,Oriental Mindoro,Adult,0,0.08185875976406823,0.11407022158456878,0.025805037462139326,0.036595329188586004,0.07379842180774748,0.043609516977522716,0.0626,Low
1st Quarter 2025,Palawan,Adult,0,0.0658962306517769,0.08622496332445137,0.01205053740905961,0.012245142361007155,0.06909972755306727,0.028681775994730697,0.0457,Low
1st Quarter 2025,Romblon,Adult,0,0.03788742023701003,0.07719917958067457,0.061075660893345485,0.036690975387420235,0.09748176845943482,0.0440975387420237,0.0591,Low
1st Quarter 2025,City of Puerto Princesa,Adult,0,0.07401544890464734,0.11460048119539065,0.0,0.0,0.16759528935038623,0.054830948461441056,0.0685,Low
1st Quarter 2025,Region 5,Adult,0,0.08075749588664718,0.0998785961885593,0.06696911124955406,0.03187914996033077,0.13217307497750302,0.008586124822287183,0.07,Low
1st Quarter 2025,Albay,Adult,0,0.031740980867905014,0.017958712859472575,0.016785330734656538,0.017461517043872558,0.023467642496320752,0.009665486655264309,0.0195,Low
1st Quarter 2025,Camarines Norte,Adult,0,0.07641876664617907,0.07652120467117395,0.006419449566345694,0.008058457966263744,0.09427712900361948,0.031994809806733596,0.0489,Low
1st Quarter 2025,Camarines Sur,Adult,0,0.06957315555063764,0.07893717668538548,0.08691803369387811,0.0736050789786716,0.09151013859304545,0.011826053279482144,0.0687,Low
1st Quarter 2025,Catanduanes,Adult,0,0.1385250481097523,0.2739152026817307,0.354491278167484,0.0,0.354491278167484,0.0,0.1869,Low
1st Quarter 2025,Masbate,Adult,0,0.1793886800795932,0.20716338713243423,0.0,0.0,0.2874751271280124,0.0,0.1123,Low
1st Quarter 2025,Sorsogon,Adult,0,0.06612263575350824,0.0798123856009762,0.0,0.0,0.129563249949156,0.0,0.0459,Low
1st Quarter 2025,City of Naga,Adult,0,0.0647893772893773,0.08173076923076923,0.030448717948717948,0.049679487179487176,0.1043956043956044,0.021062271062271064,0.0587,Low
1st Quarter 2025,Region 6,Adult,0,0.05839926258262089,0.06994106776988035,0.018625467984814795,0.026965099363496964,0.042187438566754186,0.010183174826457907,0.0377,Low
1st Quarter 2025,Aklan,Adult,0,0.07312292692732938,0.09714544175293999,0.11780078399839179,0.11704693939089356,0.10815157302241431,0.04216504171273495,0.0926,Low
1st Quarter 2025,Antique,Adult,0,0.05626131607847793,0.06320679113116262,0.0007717194502982992,0.00011872606927666142,0.03814074975512748,0.0004303820011278977,0.0265,Low
1st Quarter 2025,Capiz,Adult,0,0.04197229681053114,0.05628233676075709,0.04965125417512607,0.07429268452419936,0.018648896456873405,0.02034350645097911,0.0435,Low
1st Quarter 2025,Guimaras,Adult,0,0.05066575623079549,0.09412768863093206,0.0022533287811539776,0.03185387504267668,0.10129737111642198,0.03410720382383066,0.0524,Low
1st Quarter 2025,Iloilo,Adult,0,0.08423797227166746,0.0914834407200341,0.0,0.0,0.04922029733998546,0.0019429889437661393,0.0378,Low
1st Quarter 2025,City of Iloilo,Adult,0,0.024167002552734112,0.026870885395673786,0.0,0.0,0.0250906892382104,0.0,0.0127,Low
1st Quarter 2025,Region 7,Adult,0,0.064269717624148,0.12117818889970788,0.10416991236611489,0.11796981499513146,0.08800876338851023,0.05708130477117819,0.0921,Low
1st Quarter 2025,Bohol,Adult,0,0.05061740493923952,0.09911145955834313,0.051074741931268784,0.06752254018032144,0.08903371226969815,0.02605187508166732,0.0639,Low
1st Quarter 2025,Cebu,Adult,0,0.07602203397972745,0.1484811606270717,0.12077855530112572,0.13627920383032555,0.10100642123973162,0.07936876491216834,0.1103,Low
1st Quarter 2025,City of Cebu,Adult,0,0.054306705411480895,0.09101376171939252,0.08531169472010527,0.10417237787159384,0.09729151817533856,0.018860683151488568,0.0752,Low
1st Quarter 2025,City of Lapu-Lapu,Adult,0,0.048232566278764544,0.06920990462857643,0.1369979875754659,0.13988537929827632,0.04070784845568291,0.027955201679937,0.0772,Low
1st Quarter 2025,City of Mandaue,Adult,0,0.007221653588081429,0.007847151142954622,0.006880473103605141,0.005174570681223701,0.003525531672921642,0.003525531672921642,0.0057,Low
1st Quarter 2025,Region 8,Adult,0,0.07523787780098173,0.117055351495088,0.0018499741473667246,0.0018734765412534162,0.07326367671449964,0.0003827532718689775,0.0449,Low
1st Quarter 2025,Biliran,Adult,0,0.05295155912924103,0.12463228083938027,0.054030202000392234,0.05471661110021573,0.08442831927828987,0.011178662482839772,0.0637,Low
1st Quarter 2025,Eastern Samar,Adult,0,0.024664501501317482,0.11045407194068264,0.0,0.0,0.04430418530547215,0.0,0.0299,Low
1st Quarter 2025,Leyte,Adult,0,0.08697098327420172,0.1065477698935631,0.0,0.0,0.051111885453623926,0.0,0.0408,Low
1st Quarter 2025,Northern Samar,Adult,0,0.06402979780063853,0.10715974932008987,0.0,0.0,0.106952820148989,0.0,0.0464,Low
1st Quarter 2025,Southern Leyte,Adult,0,0.07697569971148985,0.12981469914636684,0.0,0.0,0.13055828202611464,0.0,0.0562,Low
1st Quarter 2025,Samar,Adult,0,0.15222222222222223,0.15707729468599033,0.0,0.0,0.04582125603864734,0.0,0.0592,Low
1st Quarter 2025,Ormoc City,Adult,0,0.020598987626546682,0.0671400449943757,0.0,0.0,0.09786276715410573,0.0,0.0309,Low
1st Quarter 2025,City of Tacloban,Adult,0,0.04650898339777121,0.09804980668637707,0.0,0.0,0.01708551284967023,0.0,0.0269,Low
1st Quarter 2025,Region 9,Adult,0,0.07822745042667914,0.06548884986365681,0.02068974646346091,0.0392659530344079,0.0420148786148592,0.008326199952346073,0.0423,Low
1st Quarter 2025,Zamboanga del Norte,Adult,0,0.08039340101522843,0.07093908629441624,0.039213197969543145,0.04987309644670051,0.035596446700507614,0.010173434856175972,0.0477,Low
1st Quarter 2025,Zamboanga del Sur,Adult,0,0.0847899111819631,0.08074755181052153,0.019372010931450693,0.04122067866089729,0.04287178319289456,0.004440901844682305,0.0456,Low
1st Quarter 2025,Zamboanga Sibugay,Adult,0,0.06840361445783133,0.06039156626506024,0.01164156626506024,0.018539156626506025,0.030436746987951808,0.015090361445783133,0.0341,Low
1st Quarter 2025,City of Isabela,Adult,0,0.07272064186725018,0.04383661560904449,0.0,0.0887673231218089,0.0887673231218089,0.0,0.049,Low
1st Quarter 2025,City of Zamboanga,Adult,0,0.08389678487650062,0.04153442803918863,0.024182420311853182,0.04129294880640265,0.05481578584241755,0.0031737270594728853,0.0415,Low
1st Quarter 2025,Region 10,Adult,0,0.0,0.08748435448325642,0.0,0.0,0.0,0.0,0.0146,Low
1st Quarter 2025,Bukidnon,Adult,0,0.0,0.1305112513853419,0.0,0.0,0.0,0.0,0.0218,Low
1st Quarter 2025,Camiguin,Adult,0,0.0,0.06784623217922607,0.0,0.0,0.0,0.0,0.0113,Low
1st Quarter 2025,Lanao del Norte,Adult,0,0.0,0.062098552391908736,0.0,0.0,0.0,0.0,0.0103,Low
1st Quarter 2025,Misamis Occidental,Adult,0,0.0,0.06582738318927721,0.0,0.0,0.0,0.0,0.011,Low
1st Quarter 2025,Misamis Oriental,Adult,0,0.0,0.0,0.0,0.0,0.0,0.0,0.0,Low
1st Quarter 2025,City of Cagayan De Oro,Adult,0,0.0,0.14871116986120292,0.0,0.0,0.0,0.0,0.0248,Low
1st Quarter 2025,City of Iligan,Adult,0,0.0,0.06607331422537335,0.0,0.0,0.0,0.0,0.011,Low
1st Quarter 2025,Region 11,Adult,0,0.07898559237859255,0.11353077506381433,0.22742823779873475,0.21676047462912923,0.14222675538372262,0.02122160395595476,0.1334,Low
1st Quarter 2025,Davao de Oro,Adult,0,0.08154135627063974,0.12246563243990477,0.2203747792028262,0.25,0.1370862452960602,0.10622264035020351,0.1529,Low
1st Quarter 2025,Davao del Norte,Adult,0,0.07991797522402315,0.12321975336385854,0.1785092277872974,0.18069327790106463,0.2173375656619568,0.0,0.1299,Low
1st Quarter 2025,Davao Oriental,Adult,0,0.09180476047002109,0.14222657426935825,0.26465802952696593,0.27946670683940944,0.008662247664959325,0.012910515215426334,0.1333,Low
1st Quarter 2025,Davao del Sur,Adult,0,0.09166217672413793,0.12262594288793104,0.3321827855603448,0.3181236530172414,0.16675646551724138,0.0,0.1719,Low
1st Quarter 2025,Davao Occidental,Adult,0,0.11940298507462686,0.09981836847508489,0.11505962252230909,0.128879412461502,0.11573086946221274,0.0,0.0965,Low
1st Quarter 2025,City of Davao,Adult,0,0.06054568496990081,0.08667227218444591,0.23872194194633325,0.17847481172771806,0.12955448319563256,0.0,0.1157,Low
1st Quarter 2025,Region 12,Adult,0,0.06858971626238573,0.06954890652310278,0.005694240595367872,0.006275844848691542,0.03364169523937126,0.03253938770165833,0.036,Low
1st Quarter 2025,Cotabato,Adult,0,0.07613458970452708,0.07659538452857868,0.0013165566401474543,0.0018619872482085425,0.02401775470668999,0.023199608794598356,0.0339,Low
1st Quarter 2025,Sarangani,Adult,0,0.059291348765032975,0.044678649941807834,0.02938704254493728,0.035949825423509635,0.05887107202896676,0.016261476787792578,0.0407,Low
1st Quarter 2025,South Cotabato,Adult,0,0.05727757877037795,0.057094816872578405,0.0,0.0,0.0,0.0,0.0191,Low
1st Quarter 2025,Sultan Kudarat,Adult,0,0.07528690146418679,0.07774370135865981,0.0,0.0,0.043859649122807015,0.04385140482785912,0.0401,Low
1st Quarter 2025,City of General Santos,Adult,0,0.02175925925925926,0.0501984126984127,0.0542989417989418,0.04966931216931217,0.08948412698412699,0.15853174603174602,0.0707,Low
1st Quarter 2025,Caraga,Adult,0,0.08301236991623062,0.1108550798179867,0.06573857633660814,0.08517107419454127,0.09686717521691027,0.026802871617406063,0.0781,Low
1st Quarter 2025,Agusan del Norte,Adult,0,0.0672258387581372,0.10057586379569354,0.09121181772658989,0.11469704556835253,0.09564346519779669,0.04601902854281422,0.0859,Low
1st Quarter 2025,Agusan del Sur,Adult,0,0.11029883288444274,0.11273566756444786,0.05011542901115814,0.06720533538540464,0.0544921123509042,0.02008785430293703,0.0692,Low
1st Quarter 2025,Surigao del Norte,Adult,0,0.06926025297048678,0.11581065542353391,0.09212341893445765,0.11648141050210808,0.112878497508624,0.027366807205825988,0.089,Low
1st Quarter 2025,Surigao del Sur,Adult,0,0.08985710167606968,0.13004982909854632,0.0870773792365029,0.11584235885187168,0.10630894041098711,0.039636782934563276,0.0948,Low
1st Quarter 2025,Dinagat Islands,Adult,0,0.06823266219239374,0.12220357941834452,0.0,0.0,0.1433165548098434,0.0,0.0556,Low
1st Quarter 2025,City of Butuan,Adult,0,0.06379104872881355,0.07845603813559322,0.0,0.0,0.13215042372881355,0.0,0.0457,Low
1st Quarter 2025,BARMM,Adult,0,0.07392436864697405,0.013443946948620927,0.0027049729888024908,0.002785890984194018,0.07131572660506624,0.006458026679819052,0.0284,Low
1st Quarter 2025,Basilan,Adult,0,0.07289384584744076,0.002688707428799044,0.02509460266879108,0.04142601075482971,0.03714399522007568,0.03226448914558853,0.0353,Low
1st Quarter 2025,Lanao del Sur,Adult,0,0.07020155980958169,0.005844221614504204,4.0514534589283904e-05,6.0771801883925856e-05,0.09137040413248253,0.006269624227691685,0.029,Low
1st Quarter 2025,Maguindanao del Norte,Adult,0,0.07490219517496197,0.03154205607476635,0.0,0.0,0.08699195826994131,0.0,0.0322,Low
1st Quarter 2025,Maguindanao del Sur,Adult,0,0.06932732289278358,0.01684607313566238,0.0,0.0,0.047643104185287374,0.0,0.0223,Low
1st Quarter 2025,Sulu,Adult,0,0.07850439445851333,0.0011917175629375838,0.0,0.0,0.0730671830776106,0.0,0.0255,Low
1st Quarter 2025,Tawi-Tawi,Adult,0,0.19587835134053622,0.04351740696278512,0.03941576630652261,0.025510204081632654,0.07763105242096839,0.02781112444977991,0.0683,Low
1st Quarter 2025,Special Geographic Area (SGA),Adult,0,0.08761245674740484,0.002768166089965398,0.0035986159169550174,0.0031833910034602076,0.04664359861591696,0.0314878892733564,0.0292,Low
1st Quarter 2025,City of Cotabato,Adult,0,0.03735165013818891,0.014875629978865225,0.0,0.0,0.041822467891399775,0.0,0.0157,Low
1st Quarter 2025,NIR,Adult,0,0.08849857278782113,0.10987250237868697,0.012209324452901998,0.0,0.07645670789724072,0.012137012369172216,0.0499,Low
1st Quarter 2025,Negros Occidental,Adult,0,0.10239448325434085,0.11958377322042274,0.0,0.0,0.06511264853208742,0.0,0.0478,Low
1st Quarter 2025,Negros Oriental,Adult,0,0.06203825523732416,0.0851634449954458,0.05411058259960193,0.0,0.0760381877677698,0.05379010221637486,0.0552,Low
1st Quarter 2025,Siquijor,Adult,0,0.04980647789773885,0.11020574455082502,0.0,0.0,0.1224281931146873,0.0,0.0471,Low
1st Quarter 2025,City of Bacolod,Adult,0,0.054720616570327556,0.09267822736030829,0.0,0.0,0.1788053949903661,0.0,0.0544,Low
1st Quarter 2025,Bukidnon,Adult,1,0.0047708339437266215,0.07659214985399393,0.02106589317629135,0.03702889845985565,0.0405056986317424,0.008926391452540702,0.0315,Low
2nd Quarter 2025,Ilocos Norte,Adult,1,0.02684765390287868,0.0,0.0,0.004369913147976184,0.01712459714863167,0.002512700060086306,0.0085,Low
3rd Quarter 2025,Special Geographic Area (SGA),Adult,1,0.0,0.0,0.0,0.0,0.5,0.5,0.1667,Low
3rd Quarter 2025,Region 4B,Adult,1,0.08228179099674145,0.11375430785941293,0.033182250948734796,0.029756077937054967,0.08120231182867794,0.02059726710739812,0.0601,Low
3rd Quarter 2025,Kalinga,Adult,1,0.04256635525583122,0.09988863453566789,0.005227989853368805,0.011476829796448679,0.035822557693497493,0.09113407164511539,0.0477,Low
2nd Quarter 2025,Maguindanao del Sur,Adult,1,0.05638037159466545,0.5011113644135415,0.007409096090276986,0.0,1.0,0.006212242106463012,0.2619,Moderate
2nd Quarter 2025,Southern Leyte,Adult,1,0.03268214571657326,0.1477822257806245,0.0005284227381905525,0.00040032025620496394,0.06368294635708567,0.0030584467574059247,0.0414,Low
1st Quarter 2025,City of Angeles,Adult,1,0.036679185849285194,0.052913738793312334,0.0388296583474679,0.0021201841531378724,0.044523867215895324,0.010934092561182458,0.031,Low
2nd Quarter 2025,Cebu,Adult,1,0.005229507627089197,0.058966607595816393,0.11567462385767399,0.040098683067514504,0.05790680704680496,0.028058653879564962,0.051,Low
2nd Quarter 2025,Bataan,Adult,1,0.0,0.02803474045647344,0.0,0.0,0.040052514643506364,0.008786103817410624,0.0128,Low
2nd Quarter 2025,City of Mandaluyong,Adult,1,0.02877434470639918,0.04535803192268267,0.006955630399765705,0.014423780934250988,0.1391858251574169,0.005820764387172353,0.0401,Low
3rd Quarter 2025,Ifugao,Adult,1,0.009719997790909592,0.048848511625338265,2.7613630087811345e-05,0.00370022643176672,0.025597835091401115,0.029270447893080025,0.0195,Low
2nd Quarter 2025,Maguindanao del Sur,Adult,1,0.06504242916751317,0.009993905202456672,0.0047195611745768805,0.0036725062120051884,0.488529278469737,0.0,0.0953,Low
1st Quarter 2025,City of Mandaue,Adult,1,0.03245381492834065,0.004080026509816917,0.06403777648910612,0.002071079446607572,0.021974152928506338,0.0,0.0208,Low
3rd Quarter 2025,Pampanga,Adult,1,0.0451475759749462,0.022446944381265637,0.00035428731388981226,0.018466679496824536,0.01439018842836398,0.000520496177196144,0.0169,Low
3rd Quarter 2025,City of Angeles,Adult,1,0.06768588822764895,0.04439428141459744,0.021342089062179357,0.0043436623572063755,0.0435050277036733,0.0,0.0302,Low
2nd Quarter 2025,Romblon,Adult,1,0.07389998061639853,0.12972475285908122,0.04031789106415972,0.016088389222717582,0.17474316728048073,0.04172320217096336,0.0794,Low
1st Quarter 2025,Region 5,Adult,1,0.07970449765669203,0.09845629917477128,0.06773974869490024,0.03949995195951789,0.13765733257891985,0.008439111357837538,0.0719,Low
1st Quarter 2025,City of Pasig,Adult,1,0.0487363091328941,0.09058746266127153,0.0008791814079613584,0.0,0.10083045569137555,0.0018113255513420756,0.0405,Low
1st Quarter 2025,Guimaras,Adult,1,0.04636677280613703,0.013158856884551722,0.0012397710578271766,0.02305043508319429,0.00611576071421449,0.013142237969567443,0.0172,Low
1st Quarter 2025,Zamboanga del Norte,Adult,1,0.0364200967259316,0.08850596708534846,0.05219894923628266,0.0507115270867402,0.013508576597891514,0.005827911346160538,0.0412,Low
2nd Quarter 2025,Occidental Mindoro,Adult,1,0.07764224022794051,0.12078176475825839,0.0611699759593981,0.055872139613569585,0.04086902323924851,0.01794141216276378,0.0624,Low
3rd Quarter 2025,Apayao,Adult,1,0.012130491108232246,0.043634436462136376,0.00624190319161465,0.0,0.04316334942880697,0.09527735249087269,0.0334,Low
2nd Quarter 2025,Occidental Mindoro,Adult,1,0.15754826083088694,0.04341250778400498,0.05995907837381016,0.053865314473801267,0.014767369451116449,0.004714883017525131,0.0557,Low
1st Quarter 2025,City of Butuan,Adult,1,0.023218768101950185,0.051312994786638345,0.012888588530604364,0.0,0.0813863680247152,0.0,0.0281,Low
1st Quarter 2025,Region 8,Adult,1,0.06359920246407158,0.08427010455152897,0.005852884635999171,0.01049803117250645,0.01014785858744667,0.002972893783364658,0.0296,Low
1st Quarter 2025,Region 10,Adult,1,0.010014432701708646,0.06694445737697285,0.02550398063224545,0.021290562875366636,0.00044229247171656034,0.009586107360677871,0.0223,Low
3rd Quarter 2025,Bataan,Adult,1,0.046433572193394286,0.022389698816681767,0.008799385003981001,0.009966230129313896,0.015683771243445076,0.0,0.0172,Low
1st Quarter 2025,Romblon,Adult,1,0.04388489208633094,0.0886810551558753,0.04105515587529976,0.02551558752997602,0.047577937649880095,0.04009592326139089,0.0478,Low
2nd Quarter 2025,Masbate,Adult,1,0.17907957813998082,0.14910834132310644,0.03355704697986577,0.006021093000958773,0.09018216682646213,0.025560882070949184,0.0806,Low
2nd Quarter 2025,Lanao del Norte,Adult,1,0.0003876662491799368,0.047354923361364584,0.005964096141229796,0.0,0.03223593964334705,0.009602194787379973,0.0159,Low
2nd Quarter 2025,Kalinga,Adult,1,0.0022432841680219842,0.08269306264371039,0.0019628736470192363,0.009561998766193708,0.050670181145196565,0.055913857887947956,0.0338,Low
2nd Quarter 2025,Aklan,Adult,1,0.01598928248312339,0.04187834922402394,0.0700466281578398,0.06797619876122207,0.04546245389379915,0.02430579720231053,0.0443,Low
2nd Quarter 2025,La Union,Adult,1,0.018821087873784628,0.016906301596037423,0.009843377361951936,0.005985140341221794,0.07458493854338653,0.00488442487616951,0.0218,Low
3rd Quarter 2025,Surigao del Norte,Adult,1,0.037162606978275184,0.044404213298222514,0.09200131665569454,0.05885450954575379,0.0423798551678736,0.01976629361421988,0.0491,Low
3rd Quarter 2025,Nueva Ecija,Adult,1,0.07122835881147697,0.024411793828881322,0.009898011257607264,0.015458263830176176,0.03072610805170273,0.007513957757314017,0.0265,Low
2nd Quarter 2025,Antique,Adult,1,0.006159895150720839,0.018833551769331585,0.010865006553079948,0.021533420707732634,0.03976408912188729,0.008099606815203145,0.0175,Low
2nd Quarter 2025,Sultan Kudarat,Adult,1,0.06706524152367661,0.0028069396428684703,0.0,0.003203400044403565,0.021218560690158268,0.035284975736623425,0.0216,Low
3rd Quarter 2025,Cebu,Adult,1,0.03810586849881156,0.1138299486334771,0.03966637046027583,0.014376846774601385,0.01303308119667382,0.03356162899065866,0.0421,Low
1st Quarter 2025,Biliran,Adult,1,0.05434001437355266,0.11275253533498363,0.04687375229577577,0.02878703186137507,0.05469935319013016,0.019963267587638743,0.0529,Low
3rd Quarter 2025,City of Dagupan,Adult,1,0.007681053401609363,0.03377225067056815,0.0,0.0,0.019873201658132163,0.001950743721043648,0.0105,Low
2nd Quarter 2025,City of General Santos,Adult,1,7.649938800489595e-05,0.04031517747858017,0.0,0.03549571603427173,0.023523561811505507,0.06708996328029376,0.0278,Low
3rd Quarter 2025,City of Muntinlupa,Adult,1,0.028499919263684805,0.00989019861133538,0.010253512029710964,0.002220248667850799,0.2386565477151623,0.0,0.0483,Low
2nd Quarter 2025,South Cotabato,Adult,1,0.02273786059845906,0.020695215911127038,0.0,0.0036910947858806663,0.007812220032252284,0.009317326643970614,0.0107,Low
2nd Quarter 2025,Ormoc City,Adult,1,0.0014064697609001407,0.05258634161587748,0.0,0.00781372089388967,0.09165494608532583,0.0010939209251445538,0.0258,Low
2nd Quarter 2025,Ifugao,Adult,1,0.015280829249056391,0.06363021801588643,0.009717762379584249,0.0,0.0,0.051306968621486114,0.0233,Low
2nd Quarter 2025,Nueva Vizcaya,Adult,1,0.0013281281442427658,0.011429951301968045,0.01546464361894796,0.02451000120738922,0.014307562281160703,0.010876564575200226,0.013,Low
2nd Quarter 2025,Region 5,Adult,1,0.5,0.0,0.0,0.0,0.5,0.0,0.1667,Low
2nd Quarter 2025,Region 7,Adult,1,0.007622670719504597,0.14766269564068193,0.09883512375630109,0.1662933996639417,0.08816338474899466,0.06333896577114052,0.0953,Low
3rd Quarter 2025,NIR,Adult,1,0.09903837592378238,0.09949247618199626,0.015564063752114683,0.0,0.03815332561659692,0.0196242542961446,0.0453,Low
1st Quarter 2025,Maguindanao del Sur,Adult,1,0.006639931628426797,0.8502892643481691,0.002251659982907107,0.0019065150220235357,0.033462625731378606,0.00711656038393268,0.1503,Low
1st Quarter 2025,City of Puerto Princesa,Adult,1,0.13299681190223167,0.06604675876726886,0.0066950053134962806,0.0011689691817215729,0.09500531349628055,0.059458023379383634,0.0602,Low
2nd Quarter 2025,Region 5,Adult,1,0.07543528792596815,0.11551811637334203,0.024359833841874103,0.07634063668886704,0.07209270270100936,0.006776018595675629,0.0618,Low
1st Quarter 2025,Sarangani,Adult,1,0.003377359628490441,0.04692117483867077,0.007146734213859237,0.024365237319823894,0.011338278752789338,0.013750678487425366,0.0178,Low
2nd Quarter 2025,Mountain Province,Adult,1,0.034332542592193226,0.034375673927108046,0.0003881820142333405,0.003127021781324132,0.03635971533318956,0.03001940910071167,0.0231,Low
3rd Quarter 2025,Camiguin,Adult,1,0.0016220600162206002,0.05447418221140849,0.005406866720735334,0.0014868883482022169,0.004460665044606651,0.0016220600162206002,0.0115,Low
1st Quarter 2025,Quezon City,Adult,1,0.01667017306861844,0.029857935356711808,0.037979869561847394,0.007440954036606836,0.0,0.0026630200086368216,0.0158,Low
2nd Quarter 2025,Pangasinan,Adult,1,0.036446107198748044,0.5116229786124152,0.007091158059467919,0.008415655972874282,0.477112676056338,0.0009128847157016171,0.1736,Low
2nd Quarter 2025,City of Lucena,Adult,1,0.038854530787846196,0.07054987899973111,0.004100564667921484,0.06883570852379672,0.04920677601505781,0.06490319978488841,0.0494,Low
2nd Quarter 2025,Basilan,Adult,1,0.5,0.5,1.0,0.0,1.0,1.0,0.6667,High
2nd Quarter 2025,Region 12,Adult,1,0.070515215676506,0.08490056877153651,0.00045667787603271474,0.006749343154873109,0.04009572442752166,0.028752913545540274,0.0386,Low
3rd Quarter 2025,Cotabato,Adult,1,0.07347801741615338,0.08171303894499045,0.005300148674480122,0.00159294085845031,0.030893398466915103,0.016981714969782395,0.035,Low
2nd Quarter 2025,Batanes,Adult,1,0.060988433228180865,0.2024185068349106,0.0825446898002103,0.14143007360672977,0.07071503680336488,0.011041009463722398,0.0949,Low
3rd Quarter 2025,Rizal,Adult,1,0.05199713119276178,0.08864798264003824,0.003917025267571444,0.1178049946669609,0.1267792121813969,0.1101456471367097,0.0832,Low
3rd Quarter 2025,City of Isabela,Adult,1,0.06376769298117613,0.04757040712096892,0.0007296074711805049,0.08434262366846637,0.05158324821246169,0.008390485918575807,0.0427,Low
2nd Quarter 2025,Tawi-Tawi,Adult,1,0.5093014772934525,0.49826737187670983,0.046963341236549334,0.021794637971913187,0.018694145540762357,0.44382637242385553,0.2565,Moderate
2nd Quarter 2025,City of Tacloban,Adult,1,0.038312064965197214,0.07645011600928074,0.003045243619489559,0.0014791183294663574,0.006554524361948956,0.0029872389791183295,0.0215,Low
3rd Quarter 2025,Albay,Adult,1,0.04320686098898117,0.03256798567008631,0.011480214948705422,0.040058622374206154,0.030261086685121858,0.008114856429463172,0.0276,Low
3rd Quarter 2025,City of Angeles,Adult,1,0.06962792388801357,0.06605259968488668,0.020300569627923887,0.012453035995636892,0.027875409041328323,0.012725730214519452,0.0348,Low
1st Quarter 2025,Davao del Norte,Adult,1,0.034017618823960684,0.00245151386709129,0.1912868156667774,0.04958587744721799,0.2230591227246171,0.003751732670431764,0.084,Low
1st Quarter 2025,Maguindanao del Norte,Adult,1,0.06219766790569785,0.023575538469372166,0.0,0.006848617546718265,0.5,0.007077753449768318,0.0999,Low
1st Quarter 2025,City of Isabela,Adult,1,0.009339929119905494,0.037839633786178384,0.014102185469580626,0.06327525103366805,0.04441080921441229,0.0015505020673360899,0.0284,Low
3rd Quarter 2025,City of Mandaue,Adult,1,0.003848139283870665,0.0,0.05019006053780093,0.0013139987798582759,0.029236472851846638,0.005232530855507063,0.015,Low
2nd Quarter 2025,City of Parañaque,Adult,1,0.013232172695660028,0.005193514880549158,0.00212256695118096,0.0009483809781872375,0.005238675879510455,0.01002574176940794,0.0061,Low
3rd Quarter 2025,Catanduanes,Adult,1,0.1775864950693632,0.17173658699649005,0.2188422753356733,0.010279124185191375,0.031115939606663322,0.015349044515014764,0.1042,Low
2nd Quarter 2025,Quezon,Adult,1,0.0,0.028683777927221103,0.007434805350070985,0.007266681610999029,0.1399349921542255,0.04183479040573863,0.0375,Low
2nd Quarter 2025,City of Mandaluyong,Adult,1,0.012971869989797406,0.04865180002915027,0.02710975076519458,0.017402710975076518,0.037895350531992424,0.025360734586794928,0.0282,Low
3rd Quarter 2025,Cagayan,Adult,1,0.017262247838616716,0.014632564841498559,0.02632564841498559,0.07672190201729107,0.06302593659942363,0.021080691642651295,0.0365,Low
2nd Quarter 2025,NIR,Adult,1,0.013856208158122447,0.07604784965008425,0.012114219786558985,0.010163496424938898,0.0335987430358417,0.016323076222428005,0.027,Low
1st Quarter 2025,Aklan,Adult,1,0.02406479887306308,0.06106198153075599,0.053764282360306774,0.021580059477226483,0.015182344654875567,0.008667240569729222,0.0307,Low
3rd Quarter 2025,City of Olongapo,Adult,1,0.03194431640084816,0.05831105374757998,0.008020650871208629,0.01244583755877201,0.016087397437079376,0.00036876555729694845,0.0212,Low
1st Quarter 2025,City of Manila,Adult,1,0.0015705621829509167,0.005394728827864645,0.0,0.0067738651491816545,0.011037441158300486,0.0035848843178713443,0.0047,Low
2nd Quarter 2025,Masbate,Adult,1,0.20560300022420153,0.17239059984102073,0.018547581680696246,0.03873591097160793,0.2077940606974706,0.0018853311049059373,0.1075,Low
2nd Quarter 2025,Mountain Province,Adult,1,0.014168835998512458,0.012309408702119747,0.0019338043882484194,0.002212718482707326,0.0033841576794347342,0.019858683525474152,0.009,Low
2nd Quarter 2025,City of Malabon,Adult,1,0.01106628242074928,0.06620557156580212,0.0138328530259366,0.006147934678194044,0.0039385206532180595,0.0,0.0169,Low
2nd Quarter 2025,Sarangani,Adult,1,0.0005251115862120701,0.028862383256441995,0.018153857694760137,0.019804208394283786,0.013146543640523612,0.019504144630734032,0.0167,Low
3rd Quarter 2025,Laguna,Adult,1,0.010536177572787547,0.0497261458633612,0.001960219083309311,0.006558085903718651,0.06509080426635919,0.06310175843182474,0.0328,Low
3rd Quarter 2025,Davao Oriental,Adult,1,0.05489012076816472,0.10029367122022041,0.0,0.1655612749950505,0.009998020194020987,0.014733056160496272,0.0576,Low
3rd Quarter 2025,Palawan,Adult,1,0.07575488138848384,0.07856456947754027,0.023615606216879467,0.0003200910481203542,0.025091581605434433,0.0,0.0339,Low
2nd Quarter 2025,Tarlac,Adult,1,0.01622874806800618,0.04117048794355775,0.008280545522979715,0.0038039256512721127,0.045647107815265354,0.005777962857669115,0.0202,Low
2nd Quarter 2025,Region 8,Adult,1,0.0024828389792135815,0.023590743614047584,0.009297439581735964,0.008737480152381412,0.055001298019162384,0.0061218206077144595,0.0175,Low
2nd Quarter 2025,Special Geographic Area (SGA),Adult,1,0.4877079898066257,0.019787138360065955,0.4718183180932394,0.49580272822665267,1.0,0.011692399940038975,0.4145,High
2nd Quarter 2025,Sorsogon,Adult,1,0.012440963022693237,0.07771762085781209,0.02586107591291326,0.028452943209307684,0.08651077064854279,0.0020734938371155397,0.0388,Low
3rd Quarter 2025,Agusan del Norte,Adult,1,0.04280179955011247,0.039005873531617094,0.037053236690827294,0.05820419895026244,0.04467633091727068,0.037053236690827294,0.0431,Low
1st Quarter 2025,City of Malabon,Adult,1,0.043154761904761904,0.11186043566362715,0.001646403242147923,0.008928571428571428,0.0011714792299898683,0.0028178824721377914,0.0283,Low
1st Quarter 2025,Sulu,Adult,1,0.5,0.0,0.0,0.0,0.0,0.0,0.0833,Low
2nd Quarter 2025,Marinduque,Adult,1,0.0015915768854064642,0.023751224289911853,0.0,0.0019588638589618022,0.03244368266405485,0.005754162585700294,0.0109,Low
2nd Quarter 2025,Southern Leyte,Adult,1,0.032774275851718444,0.09388601230676873,0.001435164340387213,0.0007410325679123518,0.13004652558907398,0.005487393066186403,0.0441,Low
1st Quarter 2025,Dinagat Islands,Adult,1,0.06361166007905138,0.11153656126482213,0.0,0.045454545454545456,0.04755434782608696,0.013092885375494072,0.0469,Low
3rd Quarter 2025,Nueva Vizcaya,Adult,1,0.020297076840067287,0.0020154251436188785,0.014790364046084997,0.03245310565905989,0.016377312978068367,0.009950169803535722,0.016,Low
2nd Quarter 2025,Pateros,Adult,1,0.0046875,0.0,0.004427083333333333,0.005208333333333333,0.0078125,0.01640625,0.0064,Low
2nd Quarter 2025,Zambales,Adult,1,0.036340220112758254,0.053136876992632885,0.00595313147324243,0.0,0.016283300610623774,0.013603941135147792,0.0209,Low
3rd Quarter 2025,Eastern Samar,Adult,1,0.018847795163584636,0.06300379326695116,0.008268136557610242,0.006727121858700806,0.01668444760550024,0.0,0.0189,Low
1st Quarter 2025,City of Valenzuela,Adult,1,0.00721861587031322,0.005356319392713986,0.003015146678017807,0.0023411727146961797,0.013426270795644,0.005941612571388031,0.0062,Low
1st Quarter 2025,City of Malabon,Adult,1,0.01260204081632653,0.003928571428571429,0.008112244897959184,0.006173469387755102,0.007551020408163266,0.00903061224489796,0.0079,Low
3rd Quarter 2025,Region 3,Adult,1,0.06078666763041203,0.0898132114823975,0.025097186387306215,0.009305380527524882,0.044789542105720774,0.02063253122482608,0.0417,Low
2nd Quarter 2025,Region 3,Adult,1,0.0,0.0,0.0,0.0,0.0,0.0,0.0,Low
2nd Quarter 2025,Region 12,Adult,1,0.02151026695290422,0.026201045494790718,0.0134901575519412,0.007301483341216995,0.010382175647976324,0.03789312180863322,0.0195,Low
2nd Quarter 2025,Aklan,Adult,1,0.040109258194364575,0.03342438182863715,0.018041978148361126,0.004815986198964922,0.0465066129959747,0.012435307648073605,0.0259,Low
2nd Quarter 2025,Negros Occidental,Adult,1,0.0704490253472006,0.13088372672354737,0.0,0.0075294264183845055,0.011172697265989911,0.0,0.0367,Low
1st Quarter 2025,Laguna,Adult,1,0.010669260139759383,0.012837691808947482,0.017044881492687847,0.17670917080901952,0.0986096102586269,0.07232908291909805,0.0647,Low
1st Quarter 2025,Batanes,Adult,1,0.0496357846187635,0.1077821296533548,0.09993045133423624,0.11237600204985541,0.05391851824737362,0.01716753907536879,0.0735,Low
3rd Quarter 2025,Surigao del Sur,Adult,1,0.11543705868030192,0.18612125639152666,0.08794740686632578,0.09766252739225713,0.08865351838324811,0.011005600194789383,0.0978,Low
1st Quarter 2025,Benguet,Adult,1,0.01011904761904762,0.04121428571428572,0.00045238095238095237,0.008857142857142857,0.1158095238095238,0.08240476190476191,0.0431,Low
1st Quarter 2025,Camiguin,Adult,1,0.0014912183806472992,0.023831878935159617,0.00418369601237159,0.002512979122942671,0.010535181707721197,0.0,0.0071,Low
1st Quarter 2025,Catanduanes,Adult,1,0.001741473352171913,0.002628639022146284,0.0030886508510218832,0.032512978905171845,0.2010580272064139,0.0033350857593480976,0.0407,Low
3rd Quarter 2025,Bulacan,Adult,1,0.05481005481005481,0.007110074274253379,0.015256828689664511,0.011002913987988614,0.07224461702073642,0.018455727410951292,0.0298,Low
2nd Quarter 2025,Region 5,Adult,1,0.06929457127798275,0.09959823203602504,0.010182899202012076,0.020737977012769655,0.0569756904953443,0.005984909428832977,0.0438,Low
1st Quarter 2025,Region 10,Adult,1,0.0,0.0,0.0,0.0,0.0,0.0,0.0,Low
1st Quarter 2025,City of Dagupan,Adult,1,0.03151230616019349,0.07454829990041258,0.008180395504339166,0.0002134016218523261,0.04623701806800398,0.0016360791008678333,0.0271,Low
2nd Quarter 2025,City of Iligan,Adult,1,0.0071743029512473504,0.06913419207565628,0.026740583727376487,0.0,0.03872493070275559,0.0066036197619435836,0.0247,Low
3rd Quarter 2025,Misamis Occidental,Adult,1,0.0,0.06086927359313166,0.0,0.0043150669617904175,0.01334764236367295,0.009200259351174906,0.0146,Low
2nd Quarter 2025,Cebu,Adult,1,0.053838866380439825,0.07620890528310253,0.024992441192477476,0.08363467779323135,0.032545201668984704,0.012618169357602144,0.0473,Low
1st Quarter 2025,City of Butuan,Adult,1,0.015933308682644795,0.027261420551951326,0.0,0.02961444082154022,0.002907660761706276,0.0026387441594675452,0.0131,Low
2nd Quarter 2025,Surigao del Sur,Adult,1,0.003787214643896623,0.08787740645930497,0.07001087070870007,0.1606234877441526,0.09041974962303187,0.03939755233720237,0.0754,Low
2nd Quarter 2025,Laguna,Adult,1,0.05379341414312061,0.024608973546761274,0.02562261547774915,0.04023595331615774,0.008432937731413044,0.04429052104010925,0.0328,Low
2nd Quarter 2025,Maguindanao del Sur,Adult,1,0.5250238484600709,0.5114472608340147,0.0022485690923957483,0.010868083946579449,0.043932270373398745,0.004769692014172799,0.183,Low
3rd Quarter 2025,City of Cotabato,Adult,1,0.03428401073238597,0.015104839511080196,0.022226638841962305,0.03355526847527245,0.01411110006956176,0.0064261817218192055,0.021,Low
1st Quarter 2025,Cavite,Adult,1,0.02130723634483033,0.10212435851533595,0.02968930262163345,0.0468671679197995,0.10708915145005371,0.04946493217169909,0.0594,Low
3rd Quarter 2025,City of Cagayan De Oro,Adult,1,0.02211461353402011,0.10955524026895318,0.0053358830423786315,0.00024674603664178645,0.0,0.0005243353278637962,0.023,Low
3rd Quarter 2025,Region 1,Adult,1,0.0050428519071917905,0.051855741309802375,0.007011008993262101,0.00784972230836458,0.09443806207888134,0.01040110230892842,0.0294,Low
3rd Quarter 2025,Guimaras,Adult,1,0.006142188972879504,0.0620102910184746,0.009507484104159036,0.011116581508588857,0.01994860494857493,0.020792180266942056,0.0216,Low
1st Quarter 2025,City of Puerto Princesa,Adult,1,0.09857895259862864,0.13852727814766969,0.001490609162277651,0.005763688760806916,0.240484944847461,0.008198350392527079,0.0822,Low
1st Quarter 2025,City of San Juan,Adult,1,0.0031446540880503146,0.03996331236897275,0.0,0.0015723270440251573,0.17872117400419288,0.028825995807127882,0.042,Low
1st Quarter 2025,Catanduanes,Adult,1,0.0002750815420285299,0.2818013911266554,0.018843085628954297,0.010865720910126931,0.32426219200691636,0.011091680748221795,0.1079,Low
2nd Quarter 2025,Region 9,Adult,1,0.0707777071413435,0.056680440771349865,0.0049586776859504135,0.031325492689129056,0.039976689976689975,0.0005244755244755245,0.034,Low
1st Quarter 2025,Capiz,Adult,1,0.03733528550512445,0.0465029845703345,0.020554116454555692,0.00211735555805834,0.005833990314224575,0.039554003829260054,0.0253,Low
1st Quarter 2025,Cavite,Adult,1,0.039013497343972685,0.000956474685811403,0.003755401605048357,0.07472315583297132,0.0955960247235369,0.1090819367278658,0.0539,Low
2nd Quarter 2025,Misamis Occidental,Adult,1,0.0015828620604868453,0.05687546102778461,0.006731005655274158,0.0030888861568723874,0.0012755102040816326,0.00459491025325793,0.0124,Low
3rd Quarter 2025,City of Angeles,Adult,1,0.032820074137439405,0.04964357000285144,0.030909609352723126,0.03652694610778443,0.029312802965497577,0.0012261191901910464,0.0301,Low
1st Quarter 2025,City of Olongapo,Adult,1,0.033730305495968636,0.014683038686293365,0.0013869369036171315,0.0064908647089281755,0.01660625785930912,0.0,0.0121,Low
3rd Quarter 2025,City of Bacolod,Adult,1,0.0343649196767909,0.09407237073233049,0.004630960365366804,0.0,0.0828782217112197,0.0,0.036,Low
3rd Quarter 2025,Bataan,Adult,1,0.04439613946613338,0.016955047387183723,0.001652030258238414,0.0020693852708460136,0.04919572211112077,0.0015998608816624642,0.0193,Low
1st Quarter 2025,BARMM,Adult,1,0.5009293083580304,0.014566486099236615,0.0045975418949104315,0.007882224527657907,0.012249973810400818,0.014068038889020307,0.0924,Low
1st Quarter 2025,City of Mandaluyong,Adult,1,0.014765481082613009,0.05479665580274904,0.022771716026640215,0.0236219356667139,0.13903925180671672,0.02457134759812952,0.0466,Low
3rd Quarter 2025,City of Makati,Adult,1,0.02373607883983655,0.012839516064417916,0.0,0.05963063857062735,0.001702587933659162,0.10548033010175467,0.0339,Low
3rd Quarter 2025,Northern Samar,Adult,1,0.016311688311688312,0.07064935064935066,0.0076363636363636364,0.006857142857142857,0.009506493506493506,0.006,0.0195,Low
3rd Quarter 2025,Region 1,Adult,1,0.023389827020241,0.08967472396299613,0.004342501980880643,0.007033412568559051,0.01651076878749524,0.003915454985130532,0.0241,Low
3rd Quarter 2025,Negros Oriental,Adult,1,0.07190167917588909,0.006490372613955965,0.06859824593519613,0.004701359649852718,0.042162459019121634,0.06498693604486679,0.0431,Low
1st Quarter 2025,Sultan Kudarat,Adult,1,0.06445567854963828,0.07587379063889131,0.008228805971331903,0.004821596950944113,0.059931221920239613,0.04335079197800369,0.0428,Low
3rd Quarter 2025,City of Mandaluyong,Adult,1,0.028583511617493406,0.027600875665455993,0.06010249266132643,0.020299517388924822,0.06948106870988606,0.0006219214886312752,0.0344,Low
3rd Quarter 2025,Southern Leyte,Adult,1,0.08880709134615385,0.07997295673076923,0.0007662259615384615,0.009104567307692308,0.11292067307692308,0.002208533653846154,0.049,Low
2nd Quarter 2025,Antique,Adult,1,0.05998331479421579,0.052808676307007786,0.0,0.0,0.037416573971078976,0.0,0.025,Low
3rd Quarter 2025,Davao del Sur,Adult,1,0.11443705857914416,0.010531782301620274,0.0971749065226423,0.14509763190693808,0.15567095970087247,0.0023057748234316575,0.0875,Low
2nd Quarter 2025,Bulacan,Adult,1,0.030711540845419612,0.06602516424941118,0.014611999504152722,0.025179744638651295,0.029316970373125077,0.020453700260319823,0.031,Low
1st Quarter 2025,Davao Oriental,Adult,1,0.00687332598077832,0.12216401449503703,0.08082558689144478,0.12547266425082718,0.00779896013864818,0.014534425712935246,0.0596,Low
2nd Quarter 2025,City of Valenzuela,Adult,1,3.113228106223343e-05,0.004669842159335014,0.0,0.004700974440397248,0.0,0.0,0.0016,Low
3rd Quarter 2025,Region 8,Adult,1,0.028427259210981895,0.03130070537757049,0.0020978023992342,0.005857213656761509,0.0469476635640916,0.005606020489215666,0.02,Low
2nd Quarter 2025,Region 6,Adult,1,0.0,0.0,0.0,0.0,0.0,0.0,0.0,Low
3rd Quarter 2025,Agusan del Sur,Adult,1,0.0663501530251903,0.13128776583222163,0.022208271207721886,0.036569096759004945,0.047261241465902847,0.020619163462293023,0.054,Low
3rd Quarter 2025,City of Mandaue,Adult,1,0.0,0.03254043767840152,0.13363463368220743,0.06441484300666032,0.0028544243577545195,0.01636536631779258,0.0416,Low
1st Quarter 2025,Misamis Occidental,Adult,1,0.01807371239565286,0.008150889903921878,0.002205071664829107,0.0075208694282564185,0.0028744684202236573,0.0010237832729563712,0.0066,Low
3rd Quarter 2025,Pangasinan,Adult,1,0.5099175542651305,0.4032776449399124,0.002460950843089153,0.003959258454181287,0.5,0.0,0.2366,Moderate
1st Quarter 2025,City of Parañaque,Adult,1,0.011257821352909297,0.0066265950633098486,0.0,0.016603438931861853,0.0,0.005764398679607824,0.0067,Low
1st Quarter 2025,Region 8,Adult,1,0.0,0.0,0.0,0.0,0.0,0.0,0.0,Low
2nd Quarter 2025,Ilocos Norte,Adult,1,0.002754303599374022,0.0032863849765258214,0.00541471048513302,0.0,0.04181533646322379,0.009546165884194054,0.0105,Low
3rd Quarter 2025,City of San Juan,Adult,1,0.007110241356816699,0.0776908023483366,0.027984344422700588,0.007632093933463796,0.2061969993476843,0.0,0.0544,Low
3rd Quarter 2025,Rizal,Adult,1,0.029208119498838843,0.07746781731127612,0.011418045242122768,0.14670002006938274,0.03179563634278506,0.06321138794116804,0.06,Low
1st Quarter 2025,Region 6,Adult,1,0.06347295354518914,0.027940947324166437,0.002812837180312639,0.012947724005327265,0.01554153179454161,0.0,0.0205,Low
2nd Quarter 2025,Region 4B,Adult,1,0.07292399718508093,0.119465458597232,0.0,0.022138165611072014,0.023699566033309874,0.043550609899132064,0.047,Low
3rd Quarter 2025,Pasay City,Adult,1,0.004342603714312113,0.01746281068095722,0.02055807077520096,0.025917028550309525,0.0,0.008639009516769842,0.0128,Low
1st Quarter 2025,Region 5,Adult,1,0.0,0.0,0.5,0.0,0.0,0.0,0.0833,Low
2nd Quarter 2025,Surigao del Norte,Adult,1,0.05811075399903949,0.016845838412944698,0.10524954745280579,0.08193874912261258,0.013927370793158225,0.017233736007979606,0.0489,Low
1st Quarter 2025,Region 8,Adult,1,0.021748591993036293,0.062260866176002495,0.00210795044854847,0.01952371363054677,0.04390643168486628,0.0002013758517873731,0.025,Low
3rd Quarter 2025,Davao Occidental,Adult,1,0.08574021464646464,0.083984375,0.035235164141414144,0.05155066287878788,0.09753787878787878,0.010041824494949494,0.0607,Low
2nd Quarter 2025,Nueva Vizcaya,Adult,1,0.025368173638400236,0.01449741084872746,0.005573102207205553,0.011963347901134819,0.018197510007712366,0.016627492746703883,0.0154,Low
1st Quarter 2025,Bohol,Adult,1,0.011616284000726965,0.03469740110256255,0.05061489065245048,0.05078148664203065,0.34683770521596896,0.15669110074513842,0.1085,Low
2nd Quarter 2025,Bukidnon,Adult,1,0.013163716814159293,0.046943409408476945,0.0,0.044812529110386586,0.005402887750349325,0.016284350256171403,0.0211,Low
3rd Quarter 2025,City of Olongapo,Adult,1,4.92174426616793e-05,0.051530662466778225,0.006792007087311743,0.025543852741411556,0.0180628014568363,0.0,0.017,Low
2nd Quarter 2025,Eastern Samar,Adult,1,0.00627318718381113,0.07703204047217538,0.004013490725126475,0.0030522765598650927,0.022563237774030354,0.012276559865092749,0.0209,Low
1st Quarter 2025,Basilan,Adult,1,0.0,0.0,0.0,0.0,1.0,0.0,0.1667,Low
3rd Quarter 2025,City of Lucena,Adult,1,0.03450893378488847,0.05342753707812682,0.004233329440616607,0.004262524816069134,0.008028728249445288,0.0,0.0174,Low
1st Quarter 2025,Maguindanao del Norte,Adult,1,0.002046250184902125,0.0010107982841082786,0.0,0.003229623785809378,0.05956313791233174,0.0,0.011,Low
2nd Quarter 2025,Zamboanga Sibugay,Adult,1,0.00010144927536231884,0.06101449275362319,0.014101449275362318,0.014159420289855073,0.024420289855072465,0.0035652173913043477,0.0196,Low
1st Quarter 2025,Region 4A,Adult,1,0.0776580703226129,0.0,0.0,0.11969233162406458,0.1561050339168551,0.06717467874821527,0.0701,Low
3rd Quarter 2025,Misamis Occidental,Adult,1,0.0,0.02879988154290368,0.0,0.0061264529503220555,0.026782409121196418,0.002924409565410528,0.0108,Low
1st Quarter 2025,City of General Santos,Adult,1,0.011458695034565486,0.004829697907130907,0.0027462988099371823,0.018513841977335143,0.0408788156191799,0.11842229868367057,0.0328,Low
3rd Quarter 2025,Negros Occidental,Adult,1,0.08315328940261424,0.10096413524900076,0.0,0.0007156746246084044,0.038133304526304417,0.005765906881279032,0.0381,Low
2nd Quarter 2025,Northern Samar,Adult,1,0.027684235257263684,0.12667397603571148,0.009123658861304722,0.005129610776098363,0.046871328999921684,0.004111520087712429,0.0366,Low
1st Quarter 2025,Isabela,Adult,1,0.036336379211878926,0.0336521987435751,0.03312392918332382,0.07328669331810395,0.013049685893774986,0.0060536836093660765,0.0326,Low
1st Quarter 2025,Region 1,Adult,1,0.0810923435014892,0.04035109855263988,0.0,0.00440948437588198,0.015428214723294894,0.0,0.0235,Low
3rd Quarter 2025,City of Muntinlupa,Adult,1,0.02133064902693893,0.056642060524717985,0.0011983510689291535,0.0031636468219729654,0.0,0.007030326271051034,0.0149,Low
3rd Quarter 2025,Ifugao,Adult,1,0.005515339538090314,0.06792485349879351,0.002257842123405722,0.0,0.058255773871078935,0.05448121337469838,0.0314,Low
2nd Quarter 2025,Caraga,Adult,1,0.03594343010784,0.08334546654630519,0.05559438183706551,0.030007862322005766,0.013390213835745415,0.01963639187365928,0.0397,Low
1st Quarter 2025,La Union,Adult,1,0.015039411963828037,0.054024211357738126,0.008502990151038897,0.0,0.05576510791946741,0.010969260280155392,0.0241,Low
3rd Quarter 2025,BARMM,Adult,1,0.4591581769981616,0.010548180350014728,0.5,0.018968441794561874,0.5263222045036718,0.8801560135292983,0.3992,Moderate
3rd Quarter 2025,Special Geographic Area (SGA),Adult,1,0.0,0.0,0.5,0.0,0.5,0.0,0.1667,Low
1st Quarter 2025,Region 3,Adult,1,0.0,0.0,0.0,0.0,0.0,0.0,0.0,Low
1st Quarter 2025,Bulacan,Adult,1,0.07071240105540898,0.06642987619240917,0.022894256139638726,0.02997767404099858,0.07943982139232798,0.013476760706312157,0.0472,Low
3rd Quarter 2025,City of Muntinlupa,Adult,1,0.013767308610536369,0.03831768263568359,0.00895272958777654,0.0,0.04683272322139106,0.0037004615629476364,0.0186,Low
1st Quarter 2025,Mountain Province,Adult,1,0.0,0.008508086013861738,0.0,0.0,0.08348142882530656,0.028856406610982762,0.0201,Low
2nd Quarter 2025,Region 1,Adult,1,0.0,0.0,0.0,0.0,0.0,0.0,0.0,Low
3rd Quarter 2025,Davao de Oro,Adult,1,0.09164420485175202,0.08939802336028752,0.07339908519153802,0.03178346810422282,0.2103140570121702,0.01957240872335212,0.086,Low
1st Quarter 2025,Iloilo,Adult,1,0.07344068561586628,0.0676122244644923,0.0066014390877822795,0.0023785931801557367,0.04045942903388133,0.003488776256607924,0.0323,Low
3rd Quarter 2025,Batanes,Adult,1,0.04774186153140761,0.20529573590096287,0.08243542717407917,0.09435656426715575,0.05154363441846248,0.05162005196393092,0.0888,Low
3rd Quarter 2025,Misamis Oriental,Adult,1,0.007710916238282431,0.0,0.01983167019453684,0.029911299264187077,0.006551758895272654,0.018949702650942445,0.0138,Low
3rd Quarter 2025,City of Cagayan De Oro,Adult,1,0.04590689880660454,0.09865947359816904,0.0070295896681379765,0.0,0.0010217426843223802,0.002636096125551741,0.0259,Low
1st Quarter 2025,Bataan,Adult,1,0.03216347654218246,0.03328825548736086,0.005110267346301883,0.006547123686674295,0.031201237907000936,0.00981093311141163,0.0197,Low
2nd Quarter 2025,Nueva Ecija,Adult,1,0.09187425410844251,0.10318960857177925,0.009768078322204261,0.02975079061240798,0.04971914000172355,0.02762116412617417,0.052,Low
1st Quarter 2025,Siquijor,Adult,1,0.05620106087395807,0.06643091689820661,0.0022733013387218996,0.004294013639808032,0.055695882798686536,0.01073503409952008,0.0326,Low
1st Quarter 2025,City of Manila,Adult,1,0.0015373832832176527,0.008263435147294884,0.002430422102145554,0.0046121498496529585,0.01878772806402749,0.0008817345300807126,0.0061,Low
1st Quarter 2025,Basilan,Adult,1,0.5,0.0,0.0,0.0,0.0,0.5,0.1667,Low
3rd Quarter 2025,City of Santiago,Adult,1,0.04776915615906886,0.00507193663110249,0.02843113482056256,0.039080181053992885,0.05215405754930488,0.010224700937601035,0.0305,Low
1st Quarter 2025,City of San Juan,Adult,1,0.004549103559004549,0.0017393631255017393,0.002006957452502007,0.0021407546160021407,0.20805458924270806,0.0030773347605030773,0.0369,Low
1st Quarter 2025,Special Geographic Area (SGA),Adult,1,0.0,0.5,0.5,1.0,0.0,0.0,0.3333,Moderate
3rd Quarter 2025,Catanduanes,Adult,1,0.0,0.24254487550665896,0.25622466705269253,0.03890416907932832,0.14870440069484656,0.017190214244354372,0.1173,Low
2nd Quarter 2025,City of Mandaue,Adult,1,0.03162179085785848,0.008954289292423293,0.006637445209768315,0.07708202880400751,0.00419536631183469,0.007326236693800877,0.0226,Low
2nd Quarter 2025,Masbate,Adult,1,0.1504532566590791,0.0683479094285372,0.03628049998003274,0.10884149994009824,0.23749051555449063,0.01259933708717703,0.1023,Low
3rd Quarter 2025,Lanao del Sur,Adult,1,0.0,0.5084854771784232,0.36896265560165975,0.02763485477178423,0.49919087136929463,0.5101244813278009,0.3191,Moderate
3rd Quarter 2025,Bukidnon,Adult,1,0.0026611087332750246,0.029858384353425013,0.026815788004540632,0.0664998046039042,0.015092022256545769,0.0,0.0235,Low
1st Quarter 2025,Aurora,Adult,1,0.03578089383159495,0.058921047178282795,0.05294605235891414,0.08437521585963943,0.024003591904400084,0.04555501830489742,0.0503,Low
3rd Quarter 2025,Siquijor,Adult,1,0.05088643986583613,0.06794441782462865,0.00019166267369429804,0.007187350263536177,0.051126018207954003,0.0,0.0296,Low
3rd Quarter 2025,Masbate,Adult,1,0.11538074133763095,0.012691377921031427,0.02681809024979855,0.05595286059629331,0.27764907332796135,0.0,0.0814,Low
1st Quarter 2025,BARMM,Adult,1,0.5756779037900225,0.021083532006862592,0.0035371315255898934,0.009224393395869076,0.08275216684120229,0.5126779706334529,0.2008,Moderate
2nd Quarter 2025,Eastern Samar,Adult,1,0.01798251424029673,0.10209961584315803,0.006921446549211816,0.010398728308385216,0.01973771360445092,0.013909127036693602,0.0285,Low
2nd Quarter 2025,Iloilo,Adult,1,0.08375,0.048353174603174606,0.01744047619047619,0.0,0.03007936507936508,0.0006746031746031747,0.03,Low
3rd Quarter 2025,Tawi-Tawi,Adult,1,0.12841811793461655,0.034372135655362054,0.04201038802322029,0.43990604949587536,1.0,0.5053085853956615,0.3583,Moderate
3rd Quarter 2025,Cagayan,Adult,1,0.015168759811616955,0.04591836734693878,0.031043956043956045,0.0510989010989011,0.04856750392464678,0.019917582417582416,0.0353,Low
2nd Quarter 2025,Region 4B,Adult,1,0.09117238183503244,0.1294384267840593,0.020686109823911027,0.030482506950880443,0.09199055838739574,0.034037592678405934,0.0663,Low
3rd Quarter 2025,Davao Occidental,Adult,1,0.038892908827785816,0.0770260492040521,0.11827062228654124,0.10568017366136034,0.10879160636758321,0.013205499276410999,0.077,Low
2nd Quarter 2025,Palawan,Adult,1,0.07645327679503813,0.08358912692636308,0.02572703395462169,0.02675548242144236,0.041596784911869876,0.00490490807252935,0.0432,Low
1st Quarter 2025,City of Iligan,Adult,1,0.0,0.0866756584084617,0.0062823880173209345,0.003620359196422233,0.04170511819407965,0.03180237098033648,0.0283,Low
2nd Quarter 2025,Pangasinan,Adult,1,0.04452896769155121,0.04364677638619732,0.002979203424637723,0.00454111589969051,0.49314493969282386,0.0,0.0981,Low
3rd Quarter 2025,City of Davao,Adult,1,0.05470391061452514,0.1053439744612929,0.002518754988028731,0.14681883479648844,0.06377972865123703,0.0005043894652833201,0.0623,Low
3rd Quarter 2025,Davao del Sur,Adult,1,0.05523052464228935,0.0851510333863275,0.07461049284578697,0.3122575516693164,0.1369793322734499,0.004562798092209857,0.1115,Low
2nd Quarter 2025,Mountain Province,Adult,1,0.010982764109327392,0.03428987220883169,0.008322342989676657,0.013665923871026423,0.029150939105916596,0.011369321024148438,0.018,Low
1st Quarter 2025,Negros Oriental,Adult,1,0.06447304967169937,0.038932373780465185,0.039377527172905,0.0,0.05451274251585859,0.008216789702118189,0.0343,Low
3rd Quarter 2025,Misamis Oriental,Adult,1,0.0,0.030487275254060628,0.0,0.007665247980543733,0.0257534960479458,0.013788760531573005,0.0129,Low
2nd Quarter 2025,City of Mandaluyong,Adult,1,0.0090058191446781,0.03411435081129345,0.060038794297854,0.0580990794051541,0.1509744758151421,0.009898703777825672,0.0537,Low
1st Quarter 2025,Bukidnon,Adult,1,0.007950972341831728,0.04722517073561515,0.0009112575353988504,0.0,0.025505197172097496,0.00594820852776832,0.0146,Low
1st Quarter 2025,Region 2,Adult,1,0.03681029011202114,0.04621018190845791,0.006275572460085298,0.06719745745047111,0.0209006190086961,0.022243795275111073,0.0333,Low
3rd Quarter 2025,Basilan,Adult,1,0.08656321994850251,0.3091035370646429,0.004014771649274969,0.03543840628811492,0.5203448976826128,0.014924108957853368,0.1617,Low
2nd Quarter 2025,Iloilo,Adult,1,0.02663165791447862,0.08749914751415126,0.007501875468867217,0.005012616790561276,0.02155084225601855,0.0,0.0247,Low
2nd Quarter 2025,NIR,Adult,1,0.0,0.0,0.0,0.0,0.0,0.5,0.0833,Low
2nd Quarter 2025,La Union,Adult,1,0.0,0.09085308862265273,0.0019188829410598466,0.007703854759679384,0.05110176452261591,0.005176027416659586,0.0261,Low
1st Quarter 2025,City of Angeles,Adult,1,0.10135952880426012,0.05708407293851864,0.025334839438437954,0.003287881232854607,0.040261416814587704,0.02124011618525093,0.0414,Low
1st Quarter 2025,City of Makati,Adult,1,0.01871922992137556,0.0070725255345727095,0.003839371004482328,0.002461606289955177,0.05814167095304578,0.17844808582555663,0.0448,Low
3rd Quarter 2025,Zamboanga Sibugay,Adult,1,0.0,0.06465237992403552,0.008466609926195042,0.02841046226546919,0.015942378780757358,0.01704754766834771,0.0224,Low
2nd Quarter 2025,Sultan Kudarat,Adult,1,0.07483220232135573,0.0787258501131012,0.013683390810991212,0.013071531872288352,0.0057848481477361215,0.022583157192123705,0.0348,Low
3rd Quarter 2025,Davao del Sur,Adult,1,0.1092803441403398,0.10558044083114627,0.05692917891745762,0.2030210943820668,0.08157546816109873,0.0,0.0927,Low
3rd Quarter 2025,City of Iloilo,Adult,1,0.016610125260960333,0.025443632567849688,0.0143919624217119,0.0,0.008415970772442589,0.0017484342379958245,0.0111,Low
2nd Quarter 2025,Davao del Norte,Adult,1,0.016758924290633307,0.005404698600880443,0.03645992241642331,0.10807217887808918,0.17329904546048905,0.0022011070914875995,0.057,Low
3rd Quarter 2025,CAR,Adult,1,0.00266844563042028,0.014965200681051049,0.006696006292752382,0.01448727012037876,0.09130465086176855,0.015403303695000647,0.0243,Low
1st Quarter 2025,NCR,Adult,1,0.0,0.0,0.0,0.0,0.5,0.0,0.0833,Low
3rd Quarter 2025,City of Marikina,Adult,1,0.07088974536350759,0.038393121849985175,0.16681490265836546,0.0,0.014774187172645519,0.0612544059030866,0.0587,Low
3rd Quarter 2025,Maguindanao del Sur,Adult,1,0.0,0.0042781921895568235,0.004047827994734533,0.0,0.5169153137340939,0.007832382623957876,0.0888,Low
3rd Quarter 2025,Pampanga,Adult,1,0.048967465062538976,0.011370722224259985,0.021512672853317684,0.04175989436232256,0.0,0.013608186920001467,0.0229,Low
2nd Quarter 2025,Lanao del Norte,Adult,1,0.003446835178608732,0.06221015249634427,0.0,0.0021307708376853978,0.0018383120952579904,0.0,0.0116,Low
3rd Quarter 2025,Abra,Adult,1,0.0075997694856648895,0.019197521970897566,0.007059501512750324,0.0,0.053486529318541996,0.022403111943523988,0.0183,Low
1st Quarter 2025,Bukidnon,Adult,1,0.00442344256794542,0.06602169779666704,0.039632032211162065,0.03508556089922828,0.007773179733810536,0.012716698355888604,0.0276,Low
1st Quarter 2025,City of Pasig,Adult,1,0.017690074201527045,0.05301645338208409,0.001516292074416604,0.0021400150553822993,0.13151951822776642,0.005097322292719648,0.0352,Low
3rd Quarter 2025,City of Cebu,Adult,1,0.12196216736133376,0.2752003847386983,0.27861494068611736,0.3883135620391151,0.07075985892914395,0.0429945495351074,0.1963,Low
1st Quarter 2025,City of Marikina,Adult,1,0.04719291635267521,0.07743029389600603,0.1470422004521477,0.11379050489826677,0.04587415222305953,0.06443104747550867,0.0826,Low
2nd Quarter 2025,Camarines Norte,Adult,1,0.0023112682511621818,0.05308714725332286,0.010554573430236365,0.030969685065147644,0.0734433313690827,0.03163098278006941,0.0337,Low
1st Quarter 2025,Zambales,Adult,1,0.007511105915361234,0.04864474431343732,0.015297772136677911,0.0240447242726878,0.0021669060422859817,0.012416914392598283,0.0183,Low
1st Quarter 2025,Masbate,Adult,1,0.18329503841459036,0.0,0.005798090040927694,0.007503410641200546,0.26963811301787893,0.010644790694334745,0.0795,Low
1st Quarter 2025,Basilan,Adult,1,0.015026420079260238,0.0,0.048629458388375166,0.0,0.028979524438573316,0.0,0.0154,Low
2nd Quarter 2025,Davao del Sur,Adult,1,0.09672737827443582,0.045624410420143674,0.07666352224076627,0.04203250852623177,0.10255061316305057,0.001777810028299833,0.0609,Low
3rd Quarter 2025,City of Dagupan,Adult,1,0.041483757682177345,0.09262510974539069,0.0,0.0,0.03972783143107989,0.0018656716417910447,0.0293,Low
1st Quarter 2025,Region 2,Adult,1,0.015593733820298616,0.04960434070777885,0.019886164868533368,0.07234687880441627,0.051481186068315074,0.003926857254803185,0.0355,Low
2nd Quarter 2025,Tarlac,Adult,1,0.026399117475817406,0.04266554989223808,0.0058222081490485285,0.0076046209946782975,0.0325277576327106,0.005842636949571506,0.0201,Low
1st Quarter 2025,Davao del Sur,Adult,1,0.040887974750877694,0.021206425759778717,0.3251888364835632,0.046508741444732084,0.0383701549700344,0.0008510940104259016,0.0788,Low
3rd Quarter 2025,City of Tacloban,Adult,1,0.03153765367270032,0.07462778773089516,0.009946253166120961,0.004602458763205041,0.0076604682770124175,0.0,0.0214,Low
1st Quarter 2025,Capiz,Adult,1,0.015379823372054674,0.05715489757777859,0.008651837736817032,0.07709333431052805,0.013408333027959985,0.013584228077247242,0.0309,Low
3rd Quarter 2025,City of Makati,Adult,1,0.0012356919875130073,0.019397112382934442,0.0018372788761706555,0.00385340790842872,0.007901925078043704,0.04144445889698231,0.0126,Low
1st Quarter 2025,Quirino,Adult,1,0.018473684210526316,0.03185964912280702,0.0625438596491228,0.049105263157894735,0.02673684210526316,0.0002631578947368421,0.0315,Low
1st Quarter 2025,City of San Juan,Adult,1,0.019050013538080685,0.053146636753955055,0.0,0.0,0.0034232004022743978,0.0,0.0126,Low
1st Quarter 2025,Biliran,Adult,1,0.04219884798397195,0.1214625594790884,0.03443526170798898,0.07300275482093664,0.0811419984973704,0.011269722013523666,0.0606,Low
3rd Quarter 2025,Bukidnon,Adult,1,0.00041949660407510986,0.14972033559728326,0.0018377946464242908,0.028306032760687175,0.0006791849780263683,0.01574111066719936,0.0328,Low
2nd Quarter 2025,Basilan,Adult,1,0.06342653405892287,0.4559016701069619,0.014167761306061174,0.019609682867329704,0.49502720960780633,0.970444736348283,0.3364,Moderate
2nd Quarter 2025,Ifugao,Adult,1,0.019435369020691966,0.0026807405545782024,0.0,0.00029320599815699087,0.07803468208092486,0.0,0.0167,Low
2nd Quarter 2025,City of Angeles,Adult,1,0.08565980167810831,0.0877955758962624,0.007017543859649123,0.016704805491990847,0.043935926773455376,0.004576659038901602,0.0409,Low
3rd Quarter 2025,Dinagat Islands,Adult,1,0.013083849184018007,0.10875070343275182,0.021384355655599326,0.0007034327518289251,0.033061339335959485,0.010551491277433878,0.0313,Low
1st Quarter 2025,City of Lapu-Lapu,Adult,1,0.0,0.060319274311631726,0.006821184957680083,0.05023034891611014,0.06737259383593443,0.01498160779972144,0.0333,Low
1st Quarter 2025,Nueva Vizcaya,Adult,1,0.008243278132261276,0.01659720429314351,0.017427064507800686,0.02063585733780843,0.023180761996090437,0.004315273116217312,0.0151,Low
1st Quarter 2025,Region 9,Adult,1,0.08077575924396733,0.07055693182860813,0.0217015322506652,0.026802917698871456,0.015515184879346729,0.005645013303972842,0.0368,Low
3rd Quarter 2025,Davao del Sur,Adult,1,0.09531888456116036,0.09941695142058353,0.20481970895361895,0.13144878013811562,0.12505675165475877,0.004289230328084303,0.1101,Low
1st Quarter 2025,Occidental Mindoro,Adult,1,0.02703896103896104,0.228987012987013,0.02825974025974026,0.0638961038961039,0.03202597402597403,0.0075584415584415586,0.0646,Low
2nd Quarter 2025,Sorsogon,Adult,1,0.009925419792783137,0.00503528045730618,0.013085030367988568,0.0044212218649517685,0.09502277599142551,0.0,0.0212,Low
3rd Quarter 2025,Pasay City,Adult,1,0.0018602728400165358,0.0017913738459418493,0.002135868816315282,0.00434063662670525,0.003823894171145101,0.004030591153369161,0.003,Low
3rd Quarter 2025,City of Parañaque,Adult,1,0.004749358663246204,0.02161478194550371,0.035758857380572696,0.011838729806558968,0.0,0.0033453511752062678,0.0129,Low
2nd Quarter 2025,Special Geographic Area (SGA),Adult,1,0.11000907558667185,0.013743031245948398,0.5,0.8162841955140672,0.0510177622196292,0.5038247115259951,0.3325,Moderate
2nd Quarter 2025,City of Iloilo,Adult,1,0.023971180852362925,0.028733667114421785,0.016546586884845525,0.0167419709366223,0.024337525949444376,0.0,0.0184,Low
2nd Quarter 2025,Quezon,Adult,1,0.014708253668425054,0.09792448918476884,0.02949713206330193,0.002418741793554629,0.12812420815000805,0.03415033056137845,0.0511,Low
1st Quarter 2025,City of Marikina,Adult,1,0.04336513443191674,0.06764960971379011,0.15264527320034693,0.0026019080659150044,0.10255854293148309,0.10819601040763227,0.0795,Low
1st Quarter 2025,City of Butuan,Adult,1,0.061553388271464934,0.06104936871550616,0.0012222474232000203,0.0023058894685113783,0.027695874599934476,0.010080391119175424,0.0273,Low
3rd Quarter 2025,Biliran,Adult,1,0.05809004092769441,0.07391541609822647,0.023792633015006823,0.05525238744884038,0.09045020463847203,0.004556616643929059,0.051,Low
1st Quarter 2025,City of Manila,Adult,1,0.0001328047376860496,0.02330969081089589,0.0018641850215930665,0.00554828681888385,0.007761699113651343,0.003580809223534967,0.007,Low
3rd Quarter 2025,Nueva Vizcaya,Adult,1,0.02498422049232064,0.016673679781190828,0.02109194193141174,0.021372466512378147,0.020495827196858125,0.008047548916473806,0.0188,Low
1st Quarter 2025,Palawan,Adult,1,0.06012084592145015,0.06475919673005154,0.0023280611338190866,0.02827439132752799,0.03140216811800249,0.0,0.0311,Low
2nd Quarter 2025,Masbate,Adult,1,0.14623908663532573,0.18794492948287442,0.0,0.00241773002014775,0.2972800537273338,0.004063129617192747,0.1063,Low
2nd Quarter 2025,Region 3,Adult,1,0.04729735082324902,0.02000095062090257,0.00725584037717016,0.010881780105541554,0.018597653098062203,0.007135881072798322,0.0185,Low
1st Quarter 2025,City of Iligan,Adult,1,0.044027056407778715,0.08829568788501027,0.0028083101823891776,0.001570237951443411,0.0,0.02627128880299553,0.0272,Low
3rd Quarter 2025,Masbate,Adult,1,0.17549921972037327,0.2261696232364088,0.033217618395490305,0.00031848148030192043,0.29555081372018216,0.0037262333195324693,0.1224,Low
3rd Quarter 2025,City of Caloocan,Adult,1,0.0,0.000355998576005696,0.0,0.022120456972717563,0.003123078416777242,0.009709052072882618,0.0059,Low
2nd Quarter 2025,City of General Santos,Adult,1,0.008465011286681716,0.0039503386004514675,0.02019061951341861,0.0,0.022573363431151242,0.029470780035114122,0.0141,Low
2nd Quarter 2025,Cagayan,Adult,1,0.04950969942442976,0.08784107866126625,0.061953741206565764,0.0640188659134513,0.04095608612236197,0.016880729055638456,0.0535,Low
2nd Quarter 2025,City of Bacolod,Adult,1,0.02455411678475446,0.06614952357683851,0.008306865379916931,0.0,0.0017102369899828977,0.01001710236989983,0.0185,Low
2nd Quarter 2025,CAR,Adult,1,0.012844045377562896,0.05597922245035055,0.0025924629344031185,0.003004040079098504,0.11014182853790767,0.0,0.0308,Low
3rd Quarter 2025,Zambales,Adult,1,0.004638383838383838,0.030537373737373738,0.00039595959595959594,0.013575757575757576,0.024694949494949495,0.0021494949494949493,0.0127,Low
2nd Quarter 2025,City of Naga,Adult,1,0.06422244094488189,0.0703740157480315,0.0531496062992126,0.0750492125984252,0.0327263779527559,0.029281496062992126,0.0541,Low
3rd Quarter 2025,City of Cagayan De Oro,Adult,1,0.002882042132711178,0.051971110958622106,0.003173677348521238,0.0005318053935359912,0.006398819735126604,0.0,0.0108,Low
1st Quarter 2025,Ormoc City,Adult,1,0.027299703264094956,0.0663946587537092,0.007529673590504451,0.0,0.08787091988130563,0.007047477744807121,0.0327,Low
2nd Quarter 2025,Zamboanga del Sur,Adult,1,0.08430561021747686,0.0,0.011546713725291048,0.04098797719857301,0.037877537547450074,0.012422715096423629,0.0312,Low
2nd Quarter 2025,Isabela,Adult,1,0.030178696755385197,0.013469740322841872,0.06640393024887978,0.02527938238946175,0.04887167305512066,0.008826863898936457,0.0322,Low
1st Quarter 2025,CAR,Adult,1,0.028562405372518786,0.010918734151348239,0.0,8.824157757363528e-05,0.12369147029045412,0.1101765760410184,0.0456,Low
3rd Quarter 2025,Agusan del Sur,Adult,1,0.027720214226121594,0.031272707699760476,0.006445622628306914,0.03989826950507307,0.062222461447371966,0.02213580213687865,0.0316,Low
3rd Quarter 2025,Pangasinan,Adult,1,0.04453550647466469,0.39686067509376305,0.004773039465357843,0.013960272260036117,0.4655430538192033,0.003221898103131608,0.1548,Low
3rd Quarter 2025,Antique,Adult,1,0.050895548856180174,0.0619790743039546,0.016167169119820298,0.013300230537329314,0.024708872731571793,2.9556067860731807e-05,0.0278,Low
3rd Quarter 2025,Ifugao,Adult,1,0.013308950523214466,0.07111652951335974,0.0,0.0,0.13893122015645637,0.07899014528091029,0.0504,Low
2nd Quarter 2025,Isabela,Adult,1,0.0,0.04394540702739328,0.048365760010324915,0.006033620494950473,0.030958603555641596,0.003823444003484658,0.0222,Low
1st Quarter 2025,City of Cebu,Adult,1,0.04420982326346075,0.08425811755034936,0.08657007809288944,0.33934443074393755,0.05381730374023839,0.0,0.1014,Low
1st Quarter 2025,City of Iloilo,Adult,1,0.015471464827227175,0.03157740613001887,0.0,0.017667729550335135,0.009419535367996355,0.009289386347367735,0.0139,Low
2nd Quarter 2025,Region 11,Adult,1,0.014622889664737673,0.07610598306949161,0.10363240709742216,0.11620833134057104,0.09237887990817352,0.013216796594767804,0.0694,Low
3rd Quarter 2025,Pampanga,Adult,1,0.043117860701843966,0.06253345741745797,0.030389629641830625,0.025707650115711193,0.008713340965056044,0.006650305131647217,0.0295,Low
3rd Quarter 2025,Quezon,Adult,1,0.013186390945927065,0.04165502305435238,0.003545479949699595,0.09047086768198966,0.07993922034371943,0.03475618275813888,0.0439,Low
2nd Quarter 2025,Pampanga,Adult,1,0.04161190215407083,0.03586619204089084,0.046851040525739324,0.03663745892661555,0.019153888280394306,0.001980649872216137,0.0304,Low
1st Quarter 2025,City of Baguio,Adult,1,0.03169330220865506,0.03182797629736039,0.010594361644819536,0.003142395403124439,0.0036810917579457713,0.032591129466690606,0.0189,Low
1st Quarter 2025,Romblon,Adult,1,0.06270162958061047,0.07304160807345521,0.010464058234758872,0.024485069071056333,0.07279344858962693,0.030647696252791793,0.0457,Low
2nd Quarter 2025,Mountain Province,Adult,1,0.0018932628420375796,0.044866757162249055,0.0,0.0,0.0,0.07821318854040152,0.0208,Low
2nd Quarter 2025,City of Isabela,Adult,1,0.005800242207916375,0.040028045127159156,0.013480782714003442,0.018516157817579197,0.057651857989674295,0.009752055580342915,0.0242,Low
1st Quarter 2025,Samar,Adult,1,0.09336111267526324,0.09524748015090939,0.0054338645193986145,0.008164874148319162,0.026662537305028437,0.004138746551044541,0.0388,Low
1st Quarter 2025,Guimaras,Adult,1,0.05318223028105168,0.0142883046237534,0.01127833182230281,0.013780598368087035,0.05972801450589302,0.0114233907524932,0.0273,Low
3rd Quarter 2025,Eastern Samar,Adult,1,0.02313143907080517,0.0,0.0007218321412166153,0.012336767504429424,0.013288273508760417,0.006069952096594265,0.0093,Low
3rd Quarter 2025,Ilocos Sur,Adult,1,0.03831497989861912,0.004713628153586203,0.0,0.014041834178173979,0.0830798811396609,0.010883878109887548,0.0252,Low
1st Quarter 2025,La Union,Adult,1,0.02817246727181499,0.07082173972540255,0.014881631163618118,0.008130730283264153,0.11055170369018838,0.0067623044291383475,0.0399,Low
2nd Quarter 2025,Catanduanes,Adult,1,0.05666259997288871,0.16998779991866614,0.3531923546156974,0.013148976548732547,0.17117391893723735,0.003931137318693235,0.128,Low
1st Quarter 2025,City of Lapu-Lapu,Adult,1,0.05164620365280068,0.0051004825606254965,0.04123144584936778,0.0889682975994136,0.11370716510903427,0.0217152281473337,0.0537,Low
2nd Quarter 2025,Antique,Adult,1,0.037264308825170143,0.06448733682918666,0.006340882888913682,0.0,0.008981367845587415,0.0,0.0195,Low
1st Quarter 2025,Pasay City,Adult,1,0.0024820554102099684,0.007513248809284229,0.0001006238679814852,0.0030857986180988796,0.018481250419266116,0.0,0.0053,Low
3rd Quarter 2025,City of Marikina,Adult,1,0.04458450046685341,0.048786181139122316,0.14589169000933708,0.19047619047619047,0.08403361344537816,0.04201680672268908,0.0926,Low
3rd Quarter 2025,Quirino,Adult,1,0.01013772860690901,0.04330548656581621,0.04520207721833371,0.027297358320162564,0.02284940167080605,0.010408670128697223,0.0265,Low
1st Quarter 2025,City of Naga,Adult,1,0.0647887323943662,0.07062374245472837,0.04627766599597585,0.032796780684104625,0.09336016096579478,0.0058350100603621734,0.0523,Low
2nd Quarter 2025,Mountain Province,Adult,1,0.010083320065806931,0.020325850448442394,0.005731571405827097,0.004776309504855914,0.08711457835801094,0.0,0.0213,Low
1st Quarter 2025,Dinagat Islands,Adult,1,0.02351589305366738,0.09068103838933127,0.0011005373211626854,0.04756587039554606,0.002379102738395805,0.0009386935974622905,0.0277,Low
1st Quarter 2025,Surigao del Sur,Adult,1,0.051290561911827875,0.14181537740638056,0.030194462884142292,0.09855910031629506,0.10939513452301926,0.04304150884454684,0.079,Low
1st Quarter 2025,Batanes,Adult,1,0.0095856524427953,0.06833642547928262,0.033240568954854666,0.13667285095856524,0.003865182436611008,0.10003092145949288,0.0586,Low
2nd Quarter 2025,Region 9,Adult,1,0.0,0.0,0.0,0.0,0.5,0.0,0.0833,Low
3rd Quarter 2025,City of Mandaluyong,Adult,1,0.04809850573975502,0.05383826075803245,0.0,0.07663695247867633,0.017539921759763998,0.005803886359263772,0.0337,Low
1st Quarter 2025,Nueva Ecija,Adult,1,0.030019247853124074,0.08966908498667456,0.028668196624222684,0.0282240153982825,0.020469351495410126,0.016841871483565293,0.0356,Low
3rd Quarter 2025,Southern Leyte,Adult,1,0.08478125114792638,0.0862505969217206,0.0031958270580024245,0.0,0.06525731917863571,0.00031223597693127135,0.04,Low
2nd Quarter 2025,Region 10,Adult,1,0.026675620094850378,0.05378771981365678,0.0010911990598900408,0.01042095102194989,0.010823855290216981,0.002161413522474504,0.0175,Low
1st Quarter 2025,Region 4A,Adult,1,0.08193495352012196,0.004326412955700167,0.015273718861016654,0.0010433075856174925,0.14884678479472443,0.01679938871808243,0.0447,Low
1st Quarter 2025,Dinagat Islands,Adult,1,0.055896256547847196,0.12471785699075849,0.009007282483710233,0.003769004727226268,0.029470635833226864,0.005174396320429283,0.038,Low
1st Quarter 2025,Bulacan,Adult,1,0.0,0.05508667800658681,0.03816365676233216,0.04475408056168796,0.07419203069016685,0.020290615612898556,0.0387,Low
2nd Quarter 2025,Camiguin,Adult,1,0.006334231805929919,0.03234501347708895,0.0,0.020080862533692723,0.0014824797843665768,0.0014824797843665768,0.0103,Low
3rd Quarter 2025,Misamis Occidental,Adult,1,0.008422131897909114,0.006829250430261086,0.012559961917316636,0.009923468453623348,0.005840565381376103,0.0,0.0073,Low
3rd Quarter 2025,Region 10,Adult,1,0.016163494638547066,0.05654255529616587,0.009407272583389388,0.0,0.006800735963280972,0.007305226922011633,0.016,Low
1st Quarter 2025,Cagayan,Adult,1,0.09519635343618513,0.030039415775982976,0.03920418822846641,0.04777651496832229,0.08999734003965759,0.010325482420080282,0.0521,Low
3rd Quarter 2025,Negros Oriental,Adult,1,0.04296388542963885,0.07599037393557942,0.06277977853320318,0.0,0.060760324458954594,0.05645215576722426,0.0498,Low
2nd Quarter 2025,Region 3,Adult,1,0.0,0.0,0.0,0.0,0.0,0.0,0.0,Low
2nd Quarter 2025,Dinagat Islands,Adult,1,0.019413092550790066,0.03649830699774266,0.00021162528216704289,0.0,0.036836907449209935,0.015547404063205417,0.0181,Low
1st Quarter 2025,Surigao del Norte,Adult,1,0.05775183891397575,0.03595467325551674,0.0036920280594132516,0.1086876260259578,0.10150237141802278,0.026298599869359007,0.0556,Low
3rd Quarter 2025,NCR,Adult,1,0.00693805403057439,0.0039664854265086015,0.0154108535695858,0.009206589927298886,0.0,0.007118833869605008,0.0071,Low
1st Quarter 2025,Nueva Ecija,Adult,1,0.01077035274248647,0.0904463977277089,0.025613173147046406,0.022742102636932406,0.010793382719840325,0.015994319272252717,0.0294,Low
3rd Quarter 2025,Region 7,Adult,1,0.025763732009291707,0.06353324339642222,0.01688844896080294,0.16040434358028732,0.09708795989558804,0.07087986504141622,0.0724,Low
2nd Quarter 2025,Palawan,Adult,1,0.05206405693950178,0.05113879003558719,0.02309608540925267,0.02991103202846975,0.020427046263345197,0.04055160142348754,0.0362,Low
3rd Quarter 2025,Aurora,Adult,1,0.044322318178573974,0.14916851045607024,0.032367425594176005,0.05670544572121904,0.05509956462779245,0.030939975733352366,0.0614,Low
2nd Quarter 2025,Negros Occidental,Adult,1,0.13237945452453106,0.03521423913460432,0.0,0.00034523763857455215,0.016360428094671833,0.0051402048409988875,0.0316,Low
2nd Quarter 2025,Biliran,Adult,1,0.012318840579710146,0.12367149758454106,0.04818840579710145,0.05821256038647343,0.08478260869565217,0.006884057971014493,0.0557,Low
1st Quarter 2025,Basilan,Adult,1,0.5621554145428066,0.0005721418911890149,0.9106418391761156,0.03037553313221679,1.0,0.46437116404868406,0.4947,High
1st Quarter 2025,Ilocos Norte,Adult,1,0.036282596017662254,0.008039656752478547,0.0037768335693854314,0.010858396511983115,0.04391957566164015,0.006456719153544947,0.0182,Low
2nd Quarter 2025,City of San Juan,Adult,1,0.014220333442301406,0.038901601830663615,0.017652827721477606,0.00032690421706440013,0.14138607388035307,0.004086302713305002,0.0361,Low
1st Quarter 2025,Bataan,Adult,1,0.048879879628855635,0.014691130987210565,0.006164841594917663,0.032496029424057514,0.017721307364373485,0.003970575942489342,0.0207,Low
1st Quarter 2025,City of Las Piñas,Adult,1,0.029115120951855644,0.07591994326688205,0.15621306437632967,0.15046095658340555,0.10873847608541486,0.06930107950516114,0.0983,Low
1st Quarter 2025,Region 5,Adult,1,0.050052089996892875,0.038943618924610644,0.025171754833809557,0.029618189461371156,0.0864968106300148,0.013596199968725693,0.0406,Low
3rd Quarter 2025,Camiguin,Adult,1,0.0032199471598414794,0.021796565389696168,0.005284015852047556,0.007182959048877146,0.00404557463672391,0.002724570673712021,0.0074,Low
3rd Quarter 2025,Agusan del Norte,Adult,1,0.052211324607138954,0.09481532796149779,0.07829875669960258,0.04061691034382178,0.08830714259671127,0.017209319283917307,0.0619,Low
3rd Quarter 2025,City of Lapu-Lapu,Adult,1,0.0649236798679868,0.06894595709570957,0.02495874587458746,0.04615305280528053,0.0828434405940594,0.02057549504950495,0.0514,Low
1st Quarter 2025,Pangasinan,Adult,1,1.0,0.5,0.0,0.0,0.0,0.0,0.25,Moderate
3rd Quarter 2025,Maguindanao del Norte,Adult,1,0.06255689288965308,0.000876571929469674,0.0013485721991841138,0.00793971882269647,0.022622298641313508,0.005512288864165066,0.0168,Low
3rd Quarter 2025,Sorsogon,Adult,1,0.017313487115544472,0.09042497921862011,0.002363881961762261,0.014728802992518704,0.08646352867830424,0.009390586034912718,0.0368,Low
1st Quarter 2025,NCR,Adult,1,0.013386161157995555,0.0103517236809609,0.025456144472354243,0.004379227882489714,0.04163579521838914,0.0017423544222973176,0.0162,Low
1st Quarter 2025,City of Muntinlupa,Adult,1,0.0037630258587417987,0.0,0.004341952913932845,0.025135082979544577,0.04689309147047472,0.0,0.0134,Low
3rd Quarter 2025,Lanao del Sur,Adult,1,0.05981441966994891,0.5002544877943739,0.4332165299610438,0.013830432825010277,0.019027856625491845,0.016130610966466338,0.1737,Low
2nd Quarter 2025,Masbate,Adult,1,0.11725007416196974,0.20290714921388311,0.008985958667062198,0.06831553446059527,0.34622515574013646,0.004153070305547315,0.1246,Low
1st Quarter 2025,Benguet,Adult,1,0.029533626395836492,0.046586832398565,0.01162144409074832,0.0026274569248648377,0.1588095599009651,0.07859633166590875,0.0546,Low
2nd Quarter 2025,South Cotabato,Adult,1,0.0024805656470955895,0.05281456306886988,0.0006250244150162116,0.005195515449822259,0.0033009101918043673,0.04359545294738076,0.018,Low
3rd Quarter 2025,Pangasinan,Adult,1,0.5029284291905822,0.043945960720003126,0.0,0.00909765335207528,0.021709421732849166,0.0016789660692671118,0.0966,Low
3rd Quarter 2025,Bataan,Adult,1,0.0419567607182118,0.0039162696958592895,0.010748748015145963,0.004595700500793941,0.045873030414071085,0.0021909734945645535,0.0182,Low
3rd Quarter 2025,Dinagat Islands,Adult,1,0.06279683377308708,0.09722955145118733,0.006464379947229552,0.04696569920844327,0.13852242744063326,0.0038258575197889183,0.0593,Low
2nd Quarter 2025,Quirino,Adult,1,0.0020096069012841876,0.07352220370551907,0.05906283697676698,0.046139267392085744,0.015603045453060158,0.01499852955592589,0.0352,Low
1st Quarter 2025,Region 11,Adult,1,0.015583623161876869,0.08371817333926065,0.22142464893700478,0.18545714460047244,0.11146762201127934,0.009817560558911465,0.1046,Low
3rd Quarter 2025,La Union,Adult,1,0.010537102200224276,0.06650941572251653,0.005413557093693206,0.0031321294613510693,0.06879084335485866,0.0010633772862611655,0.0259,Low
1st Quarter 2025,Palawan,Adult,1,0.07773374166816789,0.01801477211313277,0.01906563381973218,0.045517324205848794,0.04446646249924938,0.019485978502371944,0.0374,Low
3rd Quarter 2025,Camiguin,Adult,1,0.005647976997330047,0.0292667898952557,0.003885123570890669,0.00018826589991100158,0.0,0.00065037310878346,0.0066,Low
2nd Quarter 2025,Marinduque,Adult,1,0.0005487871803314674,0.03492115757509238,0.0006951304284198588,0.0,0.03845168843522482,0.012420883181502213,0.0145,Low
3rd Quarter 2025,City of Lapu-Lapu,Adult,1,0.05089860070296439,0.09118641819749321,0.021486835997082034,0.09125273559254593,0.07805557397705418,0.007195437363220373,0.0567,Low
3rd Quarter 2025,Bataan,Adult,1,0.02583669042454292,0.032925317632475984,0.02262937713046173,0.008320421444065695,0.030376510691044314,0.0006430120855283545,0.0201,Low
3rd Quarter 2025,Siquijor,Adult,1,0.0047159464794911165,0.053520508883527086,0.006032024566790963,0.004496600131607809,0.045185347663961394,0.0019741171309497698,0.0193,Low
2nd Quarter 2025,Leyte,Adult,1,0.08250082943193128,0.09955026357503594,0.005271500718841007,0.07204998709772552,0.057286098720831645,0.005621705312050724,0.0537,Low
1st Quarter 2025,NIR,Adult,1,0.007248887936791965,0.08342679284751188,0.002624217145305392,0.0,0.024799324571241354,0.007790743097647341,0.021,Low
2nd Quarter 2025,Surigao del Sur,Adult,1,0.08880748630179154,0.18178600012312995,0.054823616327033184,0.0016776457550945023,0.04742042726097396,0.025703379917502923,0.0667,Low
1st Quarter 2025,City of Cagayan De Oro,Adult,1,0.00349990278047832,0.15414155162356602,0.006173439626677037,0.0014339879447793117,0.0,0.010961501069414738,0.0294,Low
1st Quarter 2025,City of Mandaluyong,Adult,1,0.00224808251785242,0.03122520497222957,0.03687847130388786,0.02722494049193335,0.28557259984131184,0.012182623644538482,0.0659,Low
2nd Quarter 2025,Guimaras,Adult,1,0.06780077414846399,0.025159825079571325,0.007023568398582729,0.0,0.027998733410129442,0.015573050024840447,0.0239,Low
2nd Quarter 2025,Davao de Oro,Adult,1,0.00198088809816401,0.06755195245868564,0.06375525027053795,0.0020909374369508997,0.08796610480365363,0.002466939344472772,0.0376,Low
3rd Quarter 2025,City of Iloilo,Adult,1,0.0027041540408883433,0.02089486402516206,0.020914042422615166,0.0,0.029131985731272295,0.0,0.0123,Low
1st Quarter 2025,Tawi-Tawi,Adult,1,0.49229556995272283,0.027403256872701804,0.5019261075118193,0.4052705305550692,0.03895990194361758,0.021099632288565925,0.2478,Moderate
1st Quarter 2025,Eastern Samar,Adult,1,0.023573452043707,0.029778767030891676,0.00981384055038446,0.0,0.017806556050182113,0.0021920949682989344,0.0139,Low
3rd Quarter 2025,Maguindanao del Sur,Adult,1,0.9171418815093051,0.5059416083319105,0.0,0.0019293153491548574,0.8157247737749701,0.0,0.3735,Moderate
2nd Quarter 2025,Camarines Norte,Adult,1,0.010135796188314483,0.04431964935623997,0.014753649277971275,0.03367510664109889,0.06885688568856886,0.03312722576605487,0.0341,Low
1st Quarter 2025,Region 3,Adult,1,0.0,0.0,0.0,0.0,0.5,0.0,0.0833,Low
1st Quarter 2025,Davao del Sur,Adult,1,0.08036508407098386,0.1270170683156156,0.15147600694591504,0.03352251069416797,0.14226419889034772,0.0,0.0891,Low
3rd Quarter 2025,City of Lapu-Lapu,Adult,1,0.06083570150510473,0.13294390064203768,0.025565729923165983,0.1051784022734449,0.008567519208504367,0.02688138090727292,0.06,Low
1st Quarter 2025,City of Lapu-Lapu,Adult,1,0.060100704172029985,0.06309154236389793,0.08565533429242068,0.12964715681078215,0.03267206784281063,0.020102975694707353,0.0652,Low
2nd Quarter 2025,Tarlac,Adult,1,0.03542407425380048,0.04290592107004526,0.003167432791311176,0.0019233992994591542,0.03697249891919076,0.008549421656770277,0.0215,Low
3rd Quarter 2025,Region 4B,Adult,1,0.0412717699473471,0.048258404212231674,0.021290670986904278,0.03906439854191981,0.004610503577696773,0.022066963683002566,0.0294,Low
3rd Quarter 2025,City of Puerto Princesa,Adult,1,0.1046302134942798,0.16638140708044322,0.011890820646788577,0.0,0.29533375371588144,0.03832988019097379,0.1028,Low
2nd Quarter 2025,Region 10,Adult,1,0.003986561979827768,0.0002128193239946187,0.0044730061489583256,0.010306535833453678,0.005806927268996025,0.0072320566707457035,0.0053,Low
1st Quarter 2025,Camiguin,Adult,1,0.0016500453309156846,0.009066183136899365,0.002212148685403445,0.004224841341795104,0.0033363553943789666,0.0,0.0034,Low
1st Quarter 2025,Batanes,Adult,1,0.026034063260340634,0.14890510948905109,0.04744525547445255,0.05669099756690998,0.12822384428223843,0.05425790754257907,0.0769,Low
2nd Quarter 2025,City of Taguig,Adult,1,0.0030227678918330874,0.04437796254565234,0.006441836972569741,0.012821509052762452,0.004242753904732302,0.00857875514803015,0.0132,Low
3rd Quarter 2025,NCR,Adult,1,0.0056744881490237995,0.014205787573073373,0.027317161379474143,0.026346898126406813,0.041942631667017526,0.007171041622809148,0.0204,Low
3rd Quarter 2025,Pampanga,Adult,1,0.04857554871748288,0.06606751524372935,0.034626258956045826,0.03477387048791289,0.0128649127388752,0.020302262998330853,0.0362,Low
2nd Quarter 2025,City of Caloocan,Adult,1,0.0023927335238227983,0.00015099774664901154,0.002741189862243594,0.005586916626013427,0.0,0.006794898599205519,0.0029,Low
3rd Quarter 2025,Davao de Oro,Adult,1,0.04359461583612722,0.06603360625565825,0.006879433329685526,0.07721579434324542,0.08734840872688202,0.017867624381945342,0.0498,Low
3rd Quarter 2025,Antique,Adult,1,0.05659713726449719,0.057055908979691705,0.00446537802789332,0.0123103743577196,0.03959199902128701,0.00012233912405187178,0.0284,Low
1st Quarter 2025,City of Butuan,Adult,1,0.05157276585848015,0.08741787313215885,0.016687016687016686,0.00034885749171463456,0.021541950113378686,0.003895575324146753,0.0302,Low
3rd Quarter 2025,Mountain Province,Adult,1,0.00452615807216881,0.021944062929204644,0.00490073667124485,0.007866150580596828,0.09626669996254214,0.05300287176925958,0.0314,Low
1st Quarter 2025,City of Muntinlupa,Adult,1,0.030755752294001015,0.033453220823534836,0.005233550053027159,0.0,0.18621754968414259,0.004933831327523401,0.0434,Low
2nd Quarter 2025,CAR,Adult,1,0.042522879869991016,0.07201011418551939,0.0,0.0008660137706881068,0.15562053628704614,0.05540884403198905,0.0544,Low
1st Quarter 2025,Siquijor,Adult,1,0.005109196553796835,0.07753957122821079,0.0011019835704267683,0.004908835904628331,0.0024043277900220395,0.0,0.0152,Low
1st Quarter 2025,City of Parañaque,Adult,1,0.00021184196589344348,0.0027009850651414044,0.011015782226459062,0.0,0.028810507361508315,0.01991314479398369,0.0104,Low
3rd Quarter 2025,Region 4B,Adult,1,0.0,0.0,0.0,0.0,0.0,0.0,0.0,Low
3rd Quarter 2025,Region 10,Adult,1,0.04288954429608732,0.07234279577476077,4.407969609053168e-05,0.02294949268277045,0.000969753313991697,0.007353294756920512,0.0244,Low
3rd Quarter 2025,City of Cebu,Adult,1,0.018508806433285258,0.021032734583278704,0.41775927625540843,0.10428958524540011,0.020934399720291947,0.04865390498667016,0.1052,Low
1st Quarter 2025,Northern Samar,Adult,1,0.012108928385822679,0.0959879430412639,0.0012472715933894605,0.0039237085542043445,0.06662509094688701,0.0,0.03,Low
2nd Quarter 2025,City of Naga,Adult,1,0.06037151702786378,0.009287925696594427,0.016253869969040248,0.00445046439628483,0.052825077399380804,0.0025154798761609907,0.0243,Low
3rd Quarter 2025,Region 6,Adult,1,0.03968300280612026,0.04415305798457063,0.017720606533883687,0.0006015566673245746,0.009192403738061117,0.002407942950802791,0.019,Low
2nd Quarter 2025,Misamis Occidental,Adult,1,0.010760885500659727,0.05925817328837414,0.014601964521331183,0.005336460929482481,0.01328250989590969,0.008488491423544934,0.0186,Low
3rd Quarter 2025,Camiguin,Adult,1,0.0,0.040575127973501955,0.0,0.004893104486600422,0.007828967178560674,0.01520626317374285,0.0114,Low
3rd Quarter 2025,City of Marikina,Adult,1,0.028817204301075268,0.06408602150537634,0.1464516129032258,0.13806451612903226,0.04172043010752688,0.07763440860215054,0.0828,Low
1st Quarter 2025,Region 8,Adult,1,0.027398646848862607,0.09758936657610143,0.016453571999360716,0.005585743966757232,0.05723722763837835,0.0015928826381119813,0.0343,Low
1st Quarter 2025,Region 9,Adult,1,0.0,0.0,0.5,0.0,0.0,0.0,0.0833,Low
1st Quarter 2025,Eastern Samar,Adult,1,0.02305049811061491,0.10029199587770525,0.0,0.00831329440054964,0.01099278598419787,0.0,0.0238,Low
2nd Quarter 2025,City of Puerto Princesa,Adult,1,0.12332332332332333,0.08028028028028028,0.004404404404404405,0.004704704704704705,0.0958958958958959,0.00960960960960961,0.053,Low
1st Quarter 2025,Leyte,Adult,1,0.07767049434985228,0.026225213974597178,0.00826962322195486,0.06719259236697024,0.06717736285827419,0.006046114952331638,0.0421,Low
2nd Quarter 2025,Nueva Vizcaya,Adult,1,0.03651177985318421,0.0,0.012567738959990776,0.03981705676620931,0.010396248895038242,0.0,0.0165,Low
1st Quarter 2025,Zamboanga del Norte,Adult,1,0.02417601683029453,0.061272791023842914,0.055873071528751754,0.06330645161290323,0.02261570827489481,0.014726507713884993,0.0403,Low
1st Quarter 2025,Palawan,Adult,1,0.06761204673871304,0.017828734434143397,0.016964726534642604,0.004292610675297603,0.04411926051895332,0.04099237478742663,0.032,Low
2nd Quarter 2025,Surigao del Sur,Adult,1,0.06375547614721498,0.1890053095915854,0.12492681646579049,0.11128944340136879,0.016776694324995456,0.037288272464821436,0.0905,Low
1st Quarter 2025,City of Parañaque,Adult,1,0.014451358427692204,0.017987690842939236,0.02669250909585501,0.03237104287803053,0.012394165051514843,0.0010540990853140195,0.0175,Low
3rd Quarter 2025,City of Marikina,Adult,1,0.04515004840271055,0.06786060019361084,0.1732817037754114,0.06600193610842207,0.03239109390125847,0.11426911907066796,0.0832,Low
1st Quarter 2025,Cavite,Adult,1,0.04742998088224496,0.055960905142757686,0.024248003241588052,0.07077104652712246,0.031152694570068067,0.04622390344853843,0.046,Low
1st Quarter 2025,Negros Occidental,Adult,1,0.11215677054882138,0.015215843008180114,0.007837835968994393,0.002772803020350023,0.06401648469426562,0.001656075619386111,0.0339,Low
2nd Quarter 2025,Surigao del Sur,Adult,1,0.11884401940595442,0.0783916791735018,0.07010226519144183,0.09292869358835643,0.059264947122264496,0.02474608216118111,0.074,Low
2nd Quarter 2025,Cavite,Adult,1,0.04990168450716073,0.0,0.004092973859645434,0.08823946920148892,0.04824819667304578,0.008538201089356691,0.0332,Low
2nd Quarter 2025,City of Bacolod,Adult,1,0.020707624794295117,0.09339001645639057,0.004045529347229841,0.0,0.05259188151398793,0.0007542512342292924,0.0286,Low
1st Quarter 2025,Quirino,Adult,1,0.013394506712649341,0.0,0.03211602414090405,0.028020692203473335,0.011115900973026234,0.008529375538859466,0.0155,Low
1st Quarter 2025,Quezon,Adult,1,0.08846713911270751,0.1617415784875255,0.010057275992622076,0.07224541306669255,0.10043685079118532,0.05714979128239977,0.0817,Low
2nd Quarter 2025,Sulu,Adult,1,0.058939526730937775,0.0018154501064229372,0.0052585451358457495,0.0004695129585576562,0.5037874045323651,0.0,0.095,Low
1st Quarter 2025,Ilocos Sur,Adult,1,0.0026940751770162716,0.0182747206838559,0.0,0.007873340974580357,0.03507118142962733,0.0,0.0107,Low
1st Quarter 2025,City of San Juan,Adult,1,0.007398975526465566,0.002418895845190666,0.0,0.009391007398975526,0.0,0.008110415480933409,0.0046,Low
2nd Quarter 2025,Region 2,Adult,1,0.046425594592434435,0.007160990016860582,0.0349999809699973,0.03562035905809099,0.021604762067876215,0.010089707432738456,0.026,Low
2nd Quarter 2025,City of Cotabato,Adult,1,0.0,0.0,0.0,0.0,0.5,0.0,0.0833,Low
2nd Quarter 2025,Caraga,Adult,1,0.08758324676475088,0.09319208561834126,0.04549480991149872,0.10417622947519307,0.11218482996319828,0.011777353658831204,0.0757,Low
1st Quarter 2025,Leyte,Adult,1,0.07908226284584981,0.10517539525691699,0.0,0.038923542490118576,0.024441082015810276,0.010128458498023716,0.043,Low
1st Quarter 2025,Benguet,Adult,1,0.03528939598085027,0.046641630593698934,0.0,0.0,0.06378465154946536,0.0,0.0243,Low
1st Quarter 2025,City of General Santos,Adult,1,0.019662565013319803,0.03748572878345807,0.06951668146644678,0.008309019408854496,0.07249778003298236,0.16377013827223139,0.0619,Low
1st Quarter 2025,Aklan,Adult,1,0.02733962456989064,0.04149490682383402,0.0014649269239941404,0.030490920859878038,0.11451981058154193,0.003985963955984056,0.0365,Low
1st Quarter 2025,City of Caloocan,Adult,1,0.0,0.0022129533078438187,0.0,0.03917274939172749,0.040006951685783804,0.0032093616035221875,0.0141,Low
2nd Quarter 2025,Bukidnon,Adult,1,0.005852499914562045,0.1383753118485356,0.006907658658282355,0.0,0.03183418201701924,0.006561634940706059,0.0316,Low
1st Quarter 2025,Occidental Mindoro,Adult,1,0.09658268172603533,0.07563471377546095,0.04947388744087267,0.07119413070759725,0.025581619847475624,0.0021237571194130706,0.0534,Low
1st Quarter 2025,Region 5,Adult,1,0.0817807953678243,0.05904994367254975,0.03876903322713893,0.03352391796785096,0.1390833767397914,0.0006874371615810449,0.0588,Low
3rd Quarter 2025,Quezon,Adult,1,0.07054234835248231,0.13166904925786696,0.032403240324032405,0.043530823670602355,0.12402710859321227,0.08836766029544131,0.0818,Low
1st Quarter 2025,City of General Santos,Adult,1,0.02135305749923943,0.009107849102525099,0.007586705202312138,0.04749771828414968,0.04464557347125038,0.09124961971402494,0.0369,Low
3rd Quarter 2025,City of Baguio,Adult,1,0.004026804377228575,0.04703061600885282,0.00023054223533751383,0.006040206565842862,0.10883130456166236,7.684741177917127e-05,0.0277,Low
1st Quarter 2025,Ilocos Norte,Adult,1,0.03744525547445256,0.0320985401459854,0.002153284671532847,0.0019525547445255473,0.023722627737226276,0.002354014598540146,0.0166,Low
2nd Quarter 2025,Sulu,Adult,1,0.5,0.0,0.0,0.0,0.0,0.0,0.0833,Low
3rd Quarter 2025,Occidental Mindoro,Adult,1,0.01560758082497213,0.12992804297152125,0.04631600283774197,0.0461133069828722,0.054677206851119896,0.017077125772777948,0.0516,Low
1st Quarter 2025,Lanao del Sur,Adult,1,0.5,0.0,0.5,0.5,0.0,0.0,0.25,Moderate
3rd Quarter 2025,Quirino,Adult,1,0.02769334684228301,0.0288030105659285,0.05254016500217108,0.03131181550634438,0.011313745356298548,0.009215033531142953,0.0268,Low
2nd Quarter 2025,Lanao del Norte,Adult,1,0.021589099274464698,0.02404441691735976,0.00017695983011856308,0.051097150946735094,0.0,0.002809237303132189,0.0166,Low
1st Quarter 2025,Bukidnon,Adult,1,0.020800056791963936,0.07844390018812337,0.002289426046214461,0.0,0.002378163489866184,0.005359741596564086,0.0182,Low
3rd Quarter 2025,Cagayan,Adult,1,0.07528283635446019,0.10419733355763973,0.037592351151673184,0.08890945030912226,0.0534339908314758,0.016086974807587164,0.0626,Low
1st Quarter 2025,Northern Samar,Adult,1,0.05726249461439035,0.05508132270573029,0.0,0.005264433433864714,0.03461600603188281,0.0,0.0254,Low
2nd Quarter 2025,Mountain Province,Adult,1,0.011327275054396518,0.012628525107726439,0.0045863731387857844,0.002389180425786083,0.09957762703186997,0.027283587183753573,0.0263,Low
2nd Quarter 2025,Region 4A,Adult,1,0.0,0.0,0.0,0.5,0.0,0.5,0.1667,Low
1st Quarter 2025,Isabela,Adult,1,0.04143566404633844,0.06135705419942077,0.08423665701282582,0.08841539098055441,0.005544062887877534,0.0,0.0468,Low
2nd Quarter 2025,Abra,Adult,1,0.003672140234185547,0.012107669923092913,0.012627312409062565,0.00661678098801358,0.05040532113905633,0.05381764013025705,0.0232,Low
1st Quarter 2025,Lanao del Sur,Adult,1,0.04969661947414042,0.5043236884467742,0.008497750443719816,0.0018729103892351508,0.44721282040698396,0.5027655095554546,0.2524,Moderate
3rd Quarter 2025,Pateros,Adult,1,0.006298310907529345,0.010449470369310048,0.0,0.0031491554537646724,0.01660463784712282,0.0,0.0061,Low
1st Quarter 2025,Dinagat Islands,Adult,1,0.030066815144766147,0.09774808215788171,0.010764662212323682,0.00012373174956693887,0.11160603810937887,0.0011135857461024498,0.0419,Low
1st Quarter 2025,Benguet,Adult,1,0.002796042524426965,0.04461377742272476,0.004731764272107171,0.010508203773121122,0.09300682111472992,0.0,0.0259,Low
3rd Quarter 2025,NIR,Adult,1,0.0,0.0,0.0,0.0,0.0,0.0,0.0,Low
1st Quarter 2025,City of Tacloban,Adult,1,0.040844571759631784,0.08688725095754611,0.005294666709581898,0.012230841031253017,0.011554926132157455,0.007032733592970485,0.0273,Low
1st Quarter 2025,Quezon City,Adult,1,0.00043831493791113594,0.011175305267372112,0.0,0.010923360460541301,0.009691246816176927,0.01324608450159795,0.0076,Low
2nd Quarter 2025,Region 8,Adult,1,0.0,0.0,0.0,0.0,0.0,0.0,0.0,Low
3rd Quarter 2025,NIR,Adult,1,0.0,0.0,0.0,0.0,0.5,0.0,0.0833,Low
1st Quarter 2025,Region 1,Adult,1,0.026029790202411588,0.021665601753882047,0.006937564847326678,0.000565673855316455,0.027260790302063978,0.002450276388831898,0.0142,Low
3rd Quarter 2025,City of General Santos,Adult,1,0.0,0.0465258025193011,0.0,0.008482324258431533,0.05734457537586347,0.04043071921982934,0.0255,Low
1st Quarter 2025,Basilan,Adult,1,0.07939513154659454,0.506073272682567,0.011064666830587657,0.014556183919350874,0.9122448979591836,0.022768625522498157,0.2577,Moderate
3rd Quarter 2025,Benguet,Adult,1,0.005721646396261458,0.0247438739440417,0.0,0.0011383380264813373,0.0,0.015637169732191,0.0079,Low
1st Quarter 2025,Bulacan,Adult,1,0.025569609327073358,0.08233787212266754,0.009695149958845706,0.0410325257638206,0.0686043608137144,0.024931486579384626,0.042,Low
3rd Quarter 2025,Isabela,Adult,1,0.0,0.045079386025420325,0.051407474942567345,0.09366771235087004,0.01713382558467343,0.01904724773118518,0.0377,Low
1st Quarter 2025,Camarines Sur,Adult,1,0.0,0.04889396067415731,0.05367801966292135,0.05325374531835206,0.06735720973782772,0.019267907303370788,0.0404,Low
1st Quarter 2025,Maguindanao del Sur,Adult,1,0.5,0.5,0.0,0.0,0.0,0.0,0.1667,Low
3rd Quarter 2025,Negros Oriental,Adult,1,0.007341287640919829,0.07166352680840885,0.05204688854998355,0.0006877784755240573,0.08733291468556563,0.033432014592865045,0.0421,Low
3rd Quarter 2025,City of Cagayan De Oro,Adult,1,0.0,0.16502377564124812,0.004893964110929853,0.0,0.037745999791746206,0.005119572385547187,0.0355,Low
1st Quarter 2025,Ifugao,Adult,1,0.013007708271568337,0.07593388674770234,0.0035576638007708272,0.002520011858879336,0.0914986658760747,0.008264156537207233,0.0325,Low
1st Quarter 2025,City of Navotas,Adult,1,0.03051643192488263,0.07689817063299337,0.07519831633479035,0.15517241379310345,0.09964384005180509,0.0,0.0729,Low
3rd Quarter 2025,Nueva Ecija,Adult,1,0.043098249658404766,0.051342335671702176,0.028995519186583513,0.01087761348976741,0.03167103043441753,0.0,0.0277,Low
3rd Quarter 2025,Zamboanga del Sur,Adult,1,0.024899230487358006,0.011670941736899964,0.03702821546353976,0.046720410406742394,0.03032246244045438,0.0,0.0251,Low
3rd Quarter 2025,Tawi-Tawi,Adult,1,0.5,0.5,0.5,0.0,0.0,0.0,0.25,Moderate
3rd Quarter 2025,Maguindanao del Sur,Adult,1,0.05974890334291333,0.5068635607321131,0.0,0.004897141128422326,0.5266601119346543,0.008319467554076539,0.1844,Low
2nd Quarter 2025,Dinagat Islands,Adult,1,0.06334272489434493,0.11484537465620179,0.03266921580465553,0.05230764070570873,0.055343127389816865,0.013466827664855437,0.0553,Low
1st Quarter 2025,Caraga,Adult,1,0.025532634426783902,0.11711676892603508,0.023827238030822744,0.037789265181892844,0.05381419392241171,0.02304942267742403,0.0469,Low
2nd Quarter 2025,Isabela,Adult,1,0.03766767148893599,0.05333236800189556,0.07239656693037766,0.05825884923716877,0.038931378098384824,0.014397699000881961,0.0458,Low
1st Quarter 2025,Camarines Norte,Adult,1,0.07050594061270218,0.045472518782127325,0.006505488711894406,0.000310681805343727,0.05491536274454424,0.036754599032179106,0.0357,Low
3rd Quarter 2025,City of Navotas,Adult,1,0.04031694243766022,0.019692379398741553,0.15023693000854502,0.18725238872057795,0.15936456148527928,0.0728268468888371,0.1049,Low
3rd Quarter 2025,Bohol,Adult,1,0.30758899860023453,0.4101123595505618,0.2926329461909986,0.10178564672946695,0.05537900856252916,0.11693085663123116,0.2141,Moderate
2nd Quarter 2025,City of Baguio,Adult,1,0.004873625750878386,0.04737617590388757,0.006177037288904001,0.004930295817749065,0.2380709509237221,0.057916808341833846,0.0599,Low
2nd Quarter 2025,NCR,Adult,1,0.006451804814508654,0.0032595626362065078,0.028196312717617293,0.026026402144234864,0.017331103930262267,0.02537511585381128,0.0178,Low
1st Quarter 2025,Ilocos Sur,Adult,1,0.020266719222178427,0.02570840450225551,0.0,0.00656943896991197,0.09334077869749924,0.0,0.0243,Low
3rd Quarter 2025,Negros Oriental,Adult,1,0.012094698919197119,0.012802367472979928,0.051016469377251676,0.0009167524446731858,0.0054683479155944415,0.03161991765311374,0.019,Low
1st Quarter 2025,Region 4B,Adult,1,0.06378936890583707,0.000627378957920046,0.018856417841395797,0.043863953398711596,0.015828175273558256,0.03198230721240458,0.0292,Low
3rd Quarter 2025,Region 1,Adult,1,0.0,0.0,0.0,0.0,0.0,0.0,0.0,Low
3rd Quarter 2025,City of Lucena,Adult,1,0.03824165002598681,0.04086768607927346,0.007864430888749076,0.16641135760593045,0.11570971359794294,0.03763985009710862,0.0678,Low
1st Quarter 2025,Negros Occidental,Adult,1,0.11329695872630594,0.03507698320459945,0.008834812658774645,0.0,0.014380997439035679,0.0026458155488588795,0.029,Low
1st Quarter 2025,La Union,Adult,1,0.013008447504791652,0.004702917583587705,0.0015439767161212466,0.006477603464186839,0.02037339390927806,0.007595655568964293,0.009,Low
3rd Quarter 2025,Zambales,Adult,1,0.027664583899302726,0.034121162727519694,0.011337498868061215,0.0030879290047994205,0.021986778954994114,3.6222041112016664e-05,0.0164,Low
2nd Quarter 2025,City of Davao,Adult,1,0.05574809354007239,0.0666192555791498,0.13549888483780065,0.0,0.12109192408883902,0.0027478397905899006,0.0636,Low
2nd Quarter 2025,Caraga,Adult,1,0.5,0.0,0.0,0.0,0.0,0.5,0.1667,Low
1st Quarter 2025,Zambales,Adult,1,0.0038385567026797923,0.038693451262325367,0.01725351267923261,0.006349612545682823,0.01760937887354355,0.004798195878349741,0.0148,Low
3rd Quarter 2025,Bataan,Adult,1,0.007615245277438912,0.03510036597537984,0.0025692211008835164,0.00987024509260286,0.05249343832020997,0.0065247125799415915,0.019,Low
1st Quarter 2025,Rizal,Adult,1,0.0743401610109039,0.07859836077506514,0.015147544802084698,0.08920382582871118,0.12198104555181902,0.07806699567628947,0.0762,Low
1st Quarter 2025,Benguet,Adult,1,0.01902328222600795,0.027257240204429302,0.002916731196117908,0.004155696659955604,0.04473181560064013,0.008595322905374013,0.0178,Low
3rd Quarter 2025,Cebu,Adult,1,0.0,0.11928806470960107,0.03326660290804169,0.09017522815321521,0.06815418780697347,0.035779124993921316,0.0578,Low
1st Quarter 2025,Bulacan,Adult,1,0.05330122727978872,0.10241017332830289,0.015033622583723562,0.045316141059499764,0.08240085221598349,0.011553740651146276,0.0517,Low
2nd Quarter 2025,Region 4B,Adult,1,0.07401057551749653,0.13983234375845952,0.038967894461388534,0.035525437187562035,0.032146144267383735,0.006745050621717709,0.0545,Low
3rd Quarter 2025,Sulu,Adult,1,0.5,0.5,0.0,0.0,0.0,0.0,0.1667,Low
2nd Quarter 2025,Laguna,Adult,1,0.04308786486886946,0.023336790635649727,0.011735071862498147,0.0031263890946806932,0.07048451622462587,0.15633427174396206,0.0514,Low
3rd Quarter 2025,Siquijor,Adult,1,0.0381011315417256,0.03978076379066478,0.008751768033946252,0.0,0.08654526166902404,0.0,0.0289,Low
1st Quarter 2025,City of Iligan,Adult,1,0.003975424647632815,0.0526743765811348,0.0013552584026020962,0.0018070112034694614,0.01581134803035779,0.011384170581857608,0.0145,Low
1st Quarter 2025,City of Valenzuela,Adult,1,0.00821813890761969,0.0005057316250842886,0.0,0.0,0.009313890761968981,0.0077124072825354014,0.0043,Low
2nd Quarter 2025,Nueva Ecija,Adult,1,0.07748738894744768,0.059623299703859864,0.026895736083923105,0.019139311348692466,0.0672009110073784,0.0005191863675149325,0.0418,Low
3rd Quarter 2025,City of Muntinlupa,Adult,1,0.03372714935738804,0.054242835475373195,0.0030334477528538356,0.001836034166201006,0.19190548415422687,0.0,0.0475,Low
3rd Quarter 2025,City of Navotas,Adult,1,0.0391166431058856,0.06864807088921836,0.1647070992655932,0.03296210736820329,0.11291935317036168,0.02175637003068648,0.0734,Low
1st Quarter 2025,Maguindanao del Sur,Adult,1,0.5,0.49035744994472424,0.006285059165540679,0.009478770011874053,0.43999508659869796,0.003807886009089792,0.2417,Moderate
3rd Quarter 2025,Quezon,Adult,1,0.0855063056379822,0.12891320474777448,0.012231083086053413,0.0017804154302670622,0.13375370919881305,0.059912833827893176,0.0703,Low
2nd Quarter 2025,Ormoc City,Adult,1,0.01565685395090924,0.05887629454456495,0.0,0.0023648373155019165,0.10535757971132675,0.0,0.0304,Low
3rd Quarter 2025,Isabela,Adult,1,0.03200053569834231,0.00696407845004613,0.05978988720573793,0.0007961072587125384,0.015233921609475908,0.02137585190916937,0.0227,Low
2nd Quarter 2025,Davao del Norte,Adult,1,0.047489102742124395,0.15545949600936984,0.07963148552868303,0.16183182603025875,0.1813442567526775,0.01177869812482643,0.1063,Low
3rd Quarter 2025,City of Iligan,Adult,1,0.0,0.0606763925729443,0.023955570291777188,0.0,0.01732427055702918,0.0,0.017,Low
2nd Quarter 2025,Nueva Vizcaya,Adult,1,0.001580427979896956,0.0037298100325568163,0.0074280115055156935,0.03310996617884123,0.02885861491291842,0.011979644087618927,0.0144,Low
3rd Quarter 2025,Region 4A,Adult,1,0.07261782200869367,0.03820064058567833,0.007006405856783345,0.0,0.10039178677648135,0.049428048501487076,0.0446,Low
1st Quarter 2025,Dinagat Islands,Adult,1,0.037151248164464024,0.11145374449339207,0.0513950073421439,0.04889867841409692,0.1171806167400881,0.0041116005873715125,0.0617,Low
2nd Quarter 2025,City of Naga,Adult,1,0.01457745532715303,0.08860674459223432,0.04212011285771866,0.025930404406825206,0.0787316942093242,0.015988176810425903,0.0443,Low
3rd Quarter 2025,City of Marikina,Adult,1,0.06401713469776298,0.0014278914802475012,0.20299857210851976,0.0780580675868634,0.05544978581627796,0.03046168491194669,0.0721,Low
3rd Quarter 2025,Region 4A,Adult,1,0.06088366769602868,0.10932904312522945,0.0041691320966592525,0.2161280152028851,0.12652126028462218,0.13908825879456668,0.1094,Low
3rd Quarter 2025,Caraga,Adult,1,0.0,0.0,0.0,0.0,0.0,0.0,0.0,Low
3rd Quarter 2025,City of Davao,Adult,1,0.03436435658225974,0.09042277506293499,0.13628510785329978,0.03641282886618293,0.09683042104743571,0.00038563107754578213,0.0658,Low
2nd Quarter 2025,Davao del Sur,Adult,1,0.1024513419962549,0.08869091528116665,0.03274130397775634,0.34147137263802985,0.05397775634114509,0.005830448845259037,0.1042,Low
1st Quarter 2025,Region 3,Adult,1,0.018401245522651443,0.02840159595105016,0.022250326023563808,0.012927679087684694,0.0010688066160881677,0.0032646159930515054,0.0144,Low
2nd Quarter 2025,CAR,Adult,1,0.0,0.0,0.0,0.0,0.0,0.0,0.0,Low
1st Quarter 2025,Nueva Ecija,Adult,1,0.019516690891669575,0.04538736997669528,0.013073381458534645,0.026569008777841838,0.057595959431916914,0.010974332323732653,0.0289,Low
1st Quarter 2025,Tarlac,Adult,1,0.03800429718019746,0.01018360679025499,0.0,0.010751828965125365,0.034523936359116415,0.0026812983876695787,0.016,Low
3rd Quarter 2025,Mountain Province,Adult,1,0.01976232060141241,0.0567810767712051,0.005334497683954742,0.008068190447262511,0.06583643404966208,0.013117928468372694,0.0282,Low
1st Quarter 2025,Caraga,Adult,1,0.033357087267578696,0.04050670892366548,0.003089574210728652,0.03620287110052602,0.022555298221267898,0.031978733977815074,0.0279,Low
1st Quarter 2025,Region 4A,Adult,1,0.059107232235272394,0.07547204957877157,0.026121669493213855,0.18510482521571658,0.05658925652900005,0.10258098584134728,0.0842,Low
1st Quarter 2025,Davao de Oro,Adult,1,0.05653458286645615,0.12053920070625786,0.02614512240670945,0.18248955892838953,0.1662252555091508,0.1087399409188143,0.1101,Low
2nd Quarter 2025,Occidental Mindoro,Adult,1,0.059872700566552424,0.0395187801636707,0.06267049031265301,0.04462474645030426,0.03881933272714556,0.012729943344757641,0.043,Low
3rd Quarter 2025,Surigao del Norte,Adult,1,0.023161195570198072,0.07410788711149922,0.07964513952288334,0.03106021513912595,0.0712301036002064,0.02046203310443377,0.0499,Low
1st Quarter 2025,Region 5,Adult,1,0.0,0.0,0.0,0.0,0.0,0.0,0.0,Low
3rd Quarter 2025,Tawi-Tawi,Adult,1,0.0,0.0,0.0,0.5,0.0,0.5,0.1667,Low
1st Quarter 2025,City of Iloilo,Adult,1,0.013665766278077907,0.0008707705430764857,0.00024879158373613874,0.042436735854421384,0.02239124253625249,0.003145436451521183,0.0138,Low
1st Quarter 2025,City of Pasig,Adult,1,0.013473473473473474,0.0720920920920921,0.0034034034034034033,0.011411411411411412,0.14606606606606606,0.006066066066066066,0.0421,Low
1st Quarter 2025,Davao del Sur,Adult,1,0.03485009639034767,0.08578740942631125,0.1629163065877817,0.2895366615701655,0.15708302865119989,0.0010137605530811673,0.1219,Low
3rd Quarter 2025,Lanao del Sur,Adult,1,0.02599594868332208,0.013706954760297096,0.009301147873058744,0.0,0.4940749493585415,0.02174206617150574,0.0941,Low
1st Quarter 2025,City of Marikina,Adult,1,0.05637513171759747,0.02476290832455216,0.016332982086406742,0.1332982086406744,0.024499473129610115,0.08640674394099052,0.0569,Low
3rd Quarter 2025,Ormoc City,Adult,1,0.01739938902908753,0.003054854562358879,0.0,0.004914331252490371,0.09662637800504716,0.0003984592907424625,0.0204,Low
3rd Quarter 2025,Siquijor,Adult,1,0.03144430627109611,0.028157754485699057,0.0,0.010925564043346953,0.005596020607567952,0.014300941552673654,0.0151,Low
2nd Quarter 2025,City of Lucena,Adult,1,0.05478992762503757,0.08192475778666729,0.013110736004809583,0.12147663421740236,0.053599093578745344,0.00012717645154577197,0.0542,Low
3rd Quarter 2025,Davao del Sur,Adult,1,0.03225694924630065,0.014509288710643987,0.0007606140229567142,0.11690407043746831,0.14351403678606,0.0,0.0513,Low
2nd Quarter 2025,Zamboanga del Norte,Adult,1,0.08999960612863839,0.03521209972822876,0.025247154279412345,0.06532356532356533,0.019378470991374217,0.00401748788845563,0.0399,Low
1st Quarter 2025,City of Parañaque,Adult,1,0.007850618144466049,0.021369089108184452,0.027715616860486444,0.011500788730327598,0.01168421438790858,0.0,0.0134,Low
2nd Quarter 2025,Davao de Oro,Adult,1,0.062209557211749235,0.134765453748356,0.025602805786935554,0.18545959374543328,0.1046324711383896,0.004281747771445273,0.0862,Low
3rd Quarter 2025,Quezon City,Adult,1,0.0010845644368162241,0.027598479503838095,0.014636355021112152,0.013020038117701565,0.0018900904505680801,0.02809864271499121,0.0144,Low
2nd Quarter 2025,Zamboanga del Norte,Adult,1,0.0,0.08779107725788901,0.02896626768226333,0.041392818280739936,0.023307943416757345,0.012557127312295973,0.0323,Low
1st Quarter 2025,Catanduanes,Adult,1,0.1234847775175644,0.10323185011709601,0.33860421545667446,0.018997658079625293,0.37798594847775174,0.0,0.1604,Low
3rd Quarter 2025,Region 7,Adult,1,0.13400388354317658,0.0,0.015030177851435922,0.09774408192544587,0.04245306354663962,0.07382442427090806,0.0605,Low
3rd Quarter 2025,BARMM,Adult,1,0.8689555649313555,0.004409529961281265,0.005059198219759623,0.0039913526914561155,0.9046406475773722,0.5065022831732188,0.3823,Moderate
2nd Quarter 2025,City of Navotas,Adult,1,0.028940367270131724,0.058886509635974305,0.20117124132113426,0.1004963986762702,0.19875413665563557,0.020796833430666406,0.1015,Low
2nd Quarter 2025,Tawi-Tawi,Adult,1,0.5,0.5,0.5,0.5,0.0,0.5,0.4167,High
3rd Quarter 2025,City of Muntinlupa,Adult,1,0.02445453596408811,0.015868044681073182,0.0,0.009186762710095,0.2528186658315064,0.007594738490447854,0.0517,Low
3rd Quarter 2025,City of Taguig,Adult,1,0.003421231933430945,0.023086067177918557,0.021629144257114277,0.005059364172743219,0.00969832272654789,0.005516011655383367,0.0114,Low
3rd Quarter 2025,Tawi-Tawi,Adult,1,0.0,0.0,0.0,0.5,0.0,1.0,0.25,Moderate
3rd Quarter 2025,Iloilo,Adult,1,0.009157353302698512,0.04670392012253929,0.0026474537168359145,0.000907698417200885,0.021690210094362814,0.0,0.0135,Low
1st Quarter 2025,Misamis Occidental,Adult,1,0.016577598429490675,0.07446286399825498,0.004526120623841204,0.010470062165994111,0.007852546624495582,0.0045533864107318136,0.0197,Low
2nd Quarter 2025,Albay,Adult,1,0.031316802052159046,0.023959669374376515,0.0,0.06348867037195383,0.011080233718113154,0.020147498931167164,0.025,Low
3rd Quarter 2025,Agusan del Sur,Adult,1,0.020888859275053306,0.13131329957356078,0.044792777185501065,0.003298240938166311,0.01199360341151386,0.014325692963752665,0.0378,Low
3rd Quarter 2025,City of Iligan,Adult,1,0.05912526997840173,0.05777537796976242,0.030777537796976243,0.03131749460043196,0.042476601871850254,0.010709143268538517,0.0387,Low
1st Quarter 2025,Benguet,Adult,1,0.009164855980834587,0.022438575965234832,0.0,0.004122792356120118,0.197086188645607,0.0,0.0388,Low
3rd Quarter 2025,CAR,Adult,1,0.0038809280109177754,0.031161150915500965,0.0023361385950945827,0.001260472345426286,0.059038439667917664,0.07743849274043747,0.0292,Low
2nd Quarter 2025,Ilocos Sur,Adult,1,0.041902031869151,0.002276367928505185,0.0052553185509934515,0.002037489812550937,0.006660483938959616,0.004510580895371385,0.0104,Low
3rd Quarter 2025,City of Tacloban,Adult,1,0.01934984520123839,0.0703702533645037,0.001816516080116257,0.0004896695520313388,0.01323687369684716,0.0060181967523851645,0.0185,Low
2nd Quarter 2025,City of Davao,Adult,1,0.026134805539635673,0.08651872057340598,0.10808673635948143,0.10148865013094607,0.08760691511357124,0.0,0.0683,Low
3rd Quarter 2025,City of Malabon,Adult,1,0.002027027027027027,0.0029625779625779627,0.001975051975051975,0.0,0.007536382536382537,0.004106029106029106,0.0031,Low
2nd Quarter 2025,NCR,Adult,1,0.014660113319432707,0.04855465544794734,0.01996390475274551,0.010074543642714347,0.04445506203103291,0.0012174984192982708,0.0232,Low
3rd Quarter 2025,Nueva Ecija,Adult,1,0.011137450945470402,0.06436814081029792,0.013108844247646304,0.018543994005981737,0.04324475369866547,0.0,0.0251,Low
1st Quarter 2025,Misamis Oriental,Adult,1,0.0017419238078001992,0.03750791783549,0.01038367568545833,0.0028051760021717493,0.0036648267125147047,0.01131119355714415,0.0112,Low
1st Quarter 2025,Cebu,Adult,1,0.059880281739792575,0.1560250435371176,0.015828474332489618,0.056908476870685946,0.022727432966939992,0.01371683599726439,0.0542,Low
2nd Quarter 2025,Cagayan,Adult,1,0.07399550058865356,0.09539101749641563,0.03953304036648055,0.08485936425415846,0.021850120644837916,0.024175593607572068,0.0566,Low
1st Quarter 2025,City of Mandaluyong,Adult,1,0.027775523453984742,0.04159227398149651,0.011889303684466807,0.013370394416490829,0.22924444083752638,0.00898798896283071,0.0555,Low
2nd Quarter 2025,Siquijor,Adult,1,0.03970123141107597,0.05852567121997174,0.012583271650629163,0.0011607563421034924,0.06113316735078393,0.010026243186864948,0.0305,Low
3rd Quarter 2025,City of Navotas,Adult,1,0.060550935550935554,0.029755717255717257,0.12337577962577963,0.13812370062370063,0.18853950103950104,0.08959199584199584,0.105,Low
3rd Quarter 2025,Region 1,Adult,1,0.024054329686630817,0.12082792508807713,0.006712404969404784,0.002864824772853699,0.0034906360096421288,0.0,0.0263,Low
1st Quarter 2025,Pampanga,Adult,1,0.01540948646510508,0.04105756773180156,0.03245565759754182,0.044416927504328185,0.022168334881161215,0.01354636031140004,0.0282,Low
2nd Quarter 2025,Sultan Kudarat,Adult,1,0.07676267198973409,0.09044164824980395,0.003421971911313895,0.005765666215156484,0.04576887431382334,0.022073501105011762,0.0407,Low
3rd Quarter 2025,Isabela,Adult,1,0.023524004765273974,0.0463979245659549,0.07416713533257137,0.10678325864915368,0.014607257971855856,0.0238717246300563,0.0482,Low
3rd Quarter 2025,Batangas,Adult,1,0.08767277290305125,0.0729109814293911,0.004109697673659217,0.07163982068470082,0.1355570482947787,0.0014041078317496302,0.0622,Low
2nd Quarter 2025,Leyte,Adult,1,0.08098742460512424,0.09838704619340811,0.005043747321325905,0.003658676813397029,0.023629825533382814,0.004871266842980044,0.0361,Low
2nd Quarter 2025,Bulacan,Adult,1,0.08016575165227122,0.03888519774801553,0.024530545162079937,0.03662971640381858,0.0021505752351645277,0.02112109661852642,0.0339,Low
2nd Quarter 2025,City of Iligan,Adult,1,0.023196647710266388,0.09854833882071236,0.03269979048189165,0.0,0.03030529781502544,0.0,0.0308,Low
2nd Quarter 2025,Region 11,Adult,1,0.03483355267093378,0.03455688819764312,0.14139050068792247,0.04049582760064605,0.09699706885206676,0.007456855297003051,0.0593,Low
3rd Quarter 2025,Camarines Sur,Adult,1,0.019818550162952524,0.02895269972694442,0.069620364661323,0.07434158372236413,0.07977627058927156,0.007108253325112305,0.0466,Low
1st Quarter 2025,Quezon City,Adult,1,0.0009704858137808986,0.01460010275732146,0.0009633498886795685,0.025974767368841696,0.009612091111491694,0.0,0.0087,Low
2nd Quarter 2025,City of Cebu,Adult,1,0.08046474081762094,0.18834688346883469,0.24052932018681888,0.04312979300005766,0.25653001210863174,0.04246670126275731,0.1419,Low
3rd Quarter 2025,Surigao del Sur,Adult,1,0.0813891498057932,0.024904165926226803,0.0224289812393694,0.04680003046381153,0.1216521540453403,0.021654692696301187,0.0531,Low
3rd Quarter 2025,Quezon City,Adult,1,0.0042925850475592385,0.020229907944920123,0.014191186606828311,0.002833642225864261,0.0,0.004269609570052231,0.0076,Low
3rd Quarter 2025,Kalinga,Adult,1,0.05356287584481933,0.08674365387685594,0.019783406950135703,0.0,0.039593422383055715,0.018479591293704432,0.0364,Low
1st Quarter 2025,City of Cagayan De Oro,Adult,1,0.0094714053761501,0.12499248301160623,0.007186240904444044,0.0013530579108785856,0.0,0.0008719706536773108,0.024,Low
1st Quarter 2025,City of Tacloban,Adult,1,0.03913589433541066,0.08743372709515394,0.0013022044460980374,0.0,0.0004185657148172263,0.0,0.0214,Low
3rd Quarter 2025,Oriental Mindoro,Adult,1,0.08288781867185084,0.061701939645650156,0.05470993681792073,0.02416824990058764,0.0915477400256263,0.024908319710157733,0.0567,Low
2nd Quarter 2025,Region 2,Adult,1,0.0,0.0,0.0,0.0,0.0,0.0,0.0,Low
3rd Quarter 2025,City of Cagayan De Oro,Adult,1,0.049495846280677276,0.08396220432494134,0.008053776396727757,0.0,0.05288857885725157,0.012239203500539033,0.0344,Low
1st Quarter 2025,Abra,Adult,1,0.05561166894421009,0.02109203255896857,0.0,0.0067138019131364746,0.045273602281504365,0.026498722595211216,0.0259,Low
1st Quarter 2025,Antique,Adult,1,0.04438959559521549,0.07471046136320486,0.00672109360167078,0.006607176760964496,0.013309284222517563,0.011372697930510727,0.0262,Low
1st Quarter 2025,Agusan del Sur,Adult,1,0.11506064101219811,0.08246828143021914,0.029638950054174967,0.06427597777078746,0.04241375694662892,0.012128202439621125,0.0577,Low
2nd Quarter 2025,Zamboanga del Norte,Adult,1,0.08417199566691128,0.07751511339413636,0.03228849984275081,0.06396547506726771,0.030488870251948144,0.008124541356536324,0.0494,Low
2nd Quarter 2025,Batanes,Adult,1,0.04404270808056297,0.22033487017714148,0.04331472943460325,0.1616112594030575,0.04355738898325649,0.0479252608590148,0.0935,Low
1st Quarter 2025,City of Muntinlupa,Adult,1,0.0,0.003738384305906647,0.0,0.0036671769857941398,0.1007583579591982,0.0,0.018,Low
1st Quarter 2025,Tarlac,Adult,1,0.0398318784351762,0.02583252505657937,0.00978014872292273,0.0012285806660200453,0.020352408664726804,0.007161332040090527,0.0174,Low
3rd Quarter 2025,Region 9,Adult,1,0.029927647445735586,0.0,0.032602499451874586,0.029297303222977418,0.04677702258276694,0.01834027625520719,0.0262,Low
1st Quarter 2025,Isabela,Adult,1,0.036693943531027784,0.004192038059182699,0.08515574614927174,0.09112343269705929,0.03912708450244152,0.02369485648237334,0.0467,Low
1st Quarter 2025,Biliran,Adult,1,0.054820587169264225,0.04956505980427691,0.023378035520115983,0.027999275099673794,0.032348677056904675,0.014769844146429865,0.0338,Low
2nd Quarter 2025,Surigao del Norte,Adult,1,0.027499100233939176,0.051995231239877635,0.047788824905524566,0.10995141263271549,0.05536935396796833,0.0013833903185171855,0.049,Low
1st Quarter 2025,Davao del Norte,Adult,1,0.0,0.039973692959252995,0.0,0.12028966653657691,0.11129179133602185,0.0029197924345576226,0.0457,Low
2nd Quarter 2025,Dinagat Islands,Adult,1,0.00871501272264631,0.011323155216284988,0.0008905852417302799,0.006933842239185751,0.05960559796437659,0.010623409669211195,0.0163,Low
2nd Quarter 2025,Rizal,Adult,1,0.04717310630866623,0.1053481772538747,0.0,0.0,0.02082514734774067,0.09443352979698756,0.0446,Low
1st Quarter 2025,Region 3,Adult,1,0.05248031951840704,0.05906807131280389,0.030488249594813614,0.019292949756888167,0.017010013892104655,0.007691595276684417,0.031,Low
2nd Quarter 2025,Samar,Adult,1,0.046125162127107655,0.07336251621271077,0.0,0.005850086467790748,0.00020265888456549936,0.0013915910073497623,0.0212,Low
2nd Quarter 2025,City of Cotabato,Adult,1,0.5209468512728896,0.9289861545332738,0.0,0.024966502903081732,0.02733363108530594,0.005270209915140688,0.2513,Moderate
2nd Quarter 2025,Pangasinan,Adult,1,0.044091004111211765,0.007421085638631454,0.003344714654031078,0.015817713051355306,0.44253013727266394,0.0,0.0855,Low
1st Quarter 2025,City of Caloocan,Adult,1,0.006448412698412698,0.003935904071773637,0.01240079365079365,0.021415631469979296,0.05227743271221532,0.017285628019323672,0.019,Low
1st Quarter 2025,Masbate,Adult,1,0.15451415261532228,0.06311711985416983,0.040128614107043395,0.00415210896754266,0.23092308471315004,0.0,0.0821,Low
3rd Quarter 2025,Surigao del Norte,Adult,1,0.06748664832497168,0.047600744457031885,0.07159329988671306,0.10770351189512867,0.12071128014241787,0.020735555915196633,0.0726,Low
2nd Quarter 2025,Region 11,Adult,1,0.0,0.0,0.0,0.5,0.0,0.0,0.0833,Low
1st Quarter 2025,City of Marikina,Adult,1,0.06047700170357751,0.05945485519591141,0.17299829642248724,0.18228279386712096,0.06609880749574105,0.08398637137989778,0.1042,Low
1st Quarter 2025,City of San Juan,Adult,1,0.0025571600481347776,0.027978339350180504,0.052196149217809865,0.01895306859205776,0.15959687123947053,0.0,0.0435,Low
1st Quarter 2025,Aklan,Adult,1,0.002508576329331046,0.0,0.010441680960548885,0.01839622641509434,0.05364493996569468,0.042774442538593485,0.0213,Low
3rd Quarter 2025,City of Lapu-Lapu,Adult,1,0.028320597328355596,0.05742868809426588,0.03394971708569095,0.10365746952108733,0.013970716910692411,0.023303972466896108,0.0434,Low
3rd Quarter 2025,City of Davao,Adult,1,0.011647711356378508,0.05117933777802678,0.09331615216538741,0.11142921172054457,0.06893943638299065,0.0025883803014174465,0.0565,Low
2nd Quarter 2025,Southern Leyte,Adult,1,0.014448817501684218,0.11674289969152218,0.004644895933056767,0.004183952061837393,0.07357373329078466,0.0,0.0356,Low
1st Quarter 2025,Basilan,Adult,1,0.5,0.0,0.0,0.0,0.0,0.5,0.1667,Low
2nd Quarter 2025,Pampanga,Adult,1,0.060310544476285165,0.03260424586233113,0.023978010409965497,0.036244809637990524,0.023934148195800923,0.005512018246681093,0.0304,Low
1st Quarter 2025,Eastern Samar,Adult,1,0.008783267728100582,0.07114740614534987,0.0,0.0035838082368838493,0.0,0.011632689031196757,0.0159,Low
1st Quarter 2025,Mountain Province,Adult,1,0.0,0.007232415022718122,0.002918847414735147,0.01670788520158739,0.08746477253120147,0.0,0.0191,Low
3rd Quarter 2025,City of Davao,Adult,1,0.04596099402327776,0.04291601132431582,0.2543598615916955,0.17579742057250708,0.13082101289713746,0.002912865681031771,0.1088,Low
2nd Quarter 2025,Misamis Oriental,Adult,1,0.0031111420677486013,0.0,0.0001509136077639247,0.005165888881149729,0.005456107357618816,0.016867497852383274,0.0051,Low
2nd Quarter 2025,Region 4A,Adult,1,0.0959731193455145,0.1386680719182728,0.03600922457242437,0.14892153895920945,0.10423871189907233,0.0,0.0873,Low
2nd Quarter 2025,Catanduanes,Adult,1,0.009497883839688437,0.25345242116557715,0.3969439863294057,0.0,0.06778667514455461,0.00406342519919725,0.122,Low
1st Quarter 2025,Masbate,Adult,1,0.032077299142145556,0.23891938013098424,0.003274605663684162,0.007356332441656674,0.278445254127848,0.02354487593395443,0.0973,Low
1st Quarter 2025,Bataan,Adult,1,0.014413958781135416,0.004796750537362498,0.006361423694525224,0.011063345555696042,0.033411303578202045,0.015204197749399418,0.0142,Low
2nd Quarter 2025,Bukidnon,Adult,1,0.004068190623789229,0.058378797239703864,0.030016649737688094,0.045106128988345186,0.010680963799909945,0.018058158895043825,0.0277,Low
3rd Quarter 2025,City of Olongapo,Adult,1,0.014768015022298724,0.05740943588138643,0.01222517799859166,0.008000156482278382,0.0016039433534152257,0.00031296455676394646,0.0157,Low
1st Quarter 2025,Region 7,Adult,1,0.040692860892104395,0.06689971266078279,0.06339320017965465,0.0701410721919491,0.0585690398757569,0.0,0.0499,Low
1st Quarter 2025,Sultan Kudarat,Adult,1,0.08037565556775217,0.022274057811928285,0.005656177582632029,0.0072493596780095135,0.047673496767898525,0.0002591779485303086,0.0272,Low
1st Quarter 2025,City of Davao,Adult,1,0.04778502146605184,0.09216091588487836,0.2785784703450469,0.20533948163460009,0.1116457306408014,0.0,0.1226,Low
2nd Quarter 2025,Biliran,Adult,1,0.04327777945209608,0.05641782948072692,0.04712033995358789,0.03402549651909225,0.08198969289653718,0.0,0.0438,Low
1st Quarter 2025,Antique,Adult,1,0.03804058572266878,0.057098407412967234,0.015291291946995647,0.015748461318012472,0.024618911800428512,0.005329093712897635,0.026,Low
3rd Quarter 2025,Region 11,Adult,1,0.0755573307506601,0.09170110034604523,0.15716161619732,0.07949584851773173,0.07204209097560717,0.007176285121469296,0.0805,Low
2nd Quarter 2025,Aurora,Adult,1,0.08185648779278722,0.04818854050481266,0.05500475069194861,0.1111661915974718,0.019787664725079524,0.020324699467096294,0.0561,Low
3rd Quarter 2025,City of Parañaque,Adult,1,0.0023065833733781835,0.0061989428159538685,0.0007208073041806823,0.033061028351753965,0.0,0.0019702066314271987,0.0074,Low
3rd Quarter 2025,Laguna,Adult,1,0.05459811521945877,0.045188622150494254,0.004827228450387619,0.00017291564598403413,0.009567999077783221,0.03905011671806104,0.0256,Low
1st Quarter 2025,Rizal,Adult,1,0.06106179869368615,0.10852453525372635,0.005911907553173673,0.037045720984759674,0.075464746273656,0.0825154915424552,0.0618,Low
2nd Quarter 2025,Basilan,Adult,1,0.4293018904445448,0.005468094715788115,0.033405380992322084,0.041841409123169235,0.015759081231047165,0.020098070843280212,0.091,Low
2nd Quarter 2025,City of Butuan,Adult,1,0.053756242310197586,0.0234855612651082,0.01252080770065861,0.013154085546790185,0.015614822320330029,0.016465223999421002,0.0225,Low
2nd Quarter 2025,Davao Oriental,Adult,1,0.006659635965940161,0.06667447855636278,0.00414030153894227,0.11360440590578862,0.0037692367783766895,0.015682368564955862,0.0351,Low
1st Quarter 2025,Zamboanga Sibugay,Adult,1,0.015190366451361615,0.060469343373689505,0.016277711058456944,0.021990327501704047,0.017251452497646792,0.020529715342919277,0.0253,Low
3rd Quarter 2025,Laguna,Adult,1,0.03522978670117294,0.07315189714905873,0.025441415870100598,0.06123471219267855,0.0787452519096715,0.12359644362816713,0.0662,Low
1st Quarter 2025,Sorsogon,Adult,1,0.04871401415386025,0.06177999679362389,0.02686485124705128,0.024563131255296248,0.1382749696539404,0.005496644756429929,0.0509,Low
2nd Quarter 2025,Region 10,Adult,1,0.0005184825743324537,0.08257499717493469,0.020147701061559834,0.02859298453193653,0.0013128244670597385,0.001788100160197821,0.0225,Low
2nd Quarter 2025,City of Iligan,Adult,1,0.016187392877547134,0.0681774900019044,0.03542182441439726,0.0402780422776614,0.02447152923252714,0.008093696438773567,0.0321,Low
3rd Quarter 2025,Marinduque,Adult,1,0.032877882152006835,0.03928266438941076,0.0,0.0,0.01430401366353544,0.007685738684884714,0.0157,Low
2nd Quarter 2025,Laguna,Adult,1,0.006048099338693563,0.054849184071554306,0.0,0.0,0.019791617108330557,0.0673676197725867,0.0247,Low
1st Quarter 2025,Batanes,Adult,1,0.05562579013906448,0.1400126422250316,0.08438685208596713,0.07332490518331226,0.06731984829329962,0.0897597977243995,0.0851,Low
3rd Quarter 2025,Isabela,Adult,1,0.023343766301512782,0.0476395409494001,0.034637454355764215,0.0654896974439228,0.02604655712050078,0.024572900365153888,0.037,Low
2nd Quarter 2025,Zamboanga del Sur,Adult,1,0.07269761193211417,0.06994214898692183,0.016340854878951552,0.034025169303320266,0.006031859183505607,0.009088915087873222,0.0347,Low
3rd Quarter 2025,Rizal,Adult,1,0.03824694925680605,0.0816368864536988,0.024878041801977082,0.05701635169740061,0.06930516015507647,0.0019098439221184246,0.0455,Low
2nd Quarter 2025,Tarlac,Adult,1,0.03143885199342288,0.04208930363663542,0.0053492493967413355,0.006283499540882786,0.01912276580751244,0.00547737513079502,0.0183,Low
2nd Quarter 2025,Bohol,Adult,1,0.31811706811706814,0.7481384356384356,0.027097902097902096,0.25106837606837606,0.6221024346024346,0.021610334110334112,0.3314,Moderate
2nd Quarter 2025,City of Iloilo,Adult,1,0.011808380395718968,0.0227676632044548,0.002448560483393231,0.004067769835314561,0.021029975119466054,0.0053512894435448835,0.0112,Low
1st Quarter 2025,Region 12,Adult,1,0.0191743559656515,0.015331484345831778,0.002741479545575764,0.01770761107259054,0.031401674755986986,0.040660835244546376,0.0212,Low
2nd Quarter 2025,Masbate,Adult,1,0.04190376051459673,0.16937778327560613,0.004793419099455715,0.0,0.21316798614547253,0.0032471548738248392,0.0721,Low
3rd Quarter 2025,Batangas,Adult,1,0.10666800326651964,0.07063359723030431,0.034093076249761614,0.0287214118406447,0.08957745514647994,0.12064362172920161,0.0751,Low
1st Quarter 2025,Occidental Mindoro,Adult,1,0.1418003715588583,0.158554298260429,0.006502280020266846,0.06529302482688736,0.0704272926870461,0.0195406181388279,0.077,Low
2nd Quarter 2025,Northern Samar,Adult,1,0.06615821213196169,0.02072475236717876,0.0,0.001255218708216225,0.10996807378503015,0.008745599912680438,0.0345,Low
1st Quarter 2025,Special Geographic Area (SGA),Adult,1,0.5,0.0,0.0,0.0,0.0,0.5,0.1667,Low
1st Quarter 2025,City of Puerto Princesa,Adult,1,0.016228315612758813,0.13864017907106882,0.0,0.012031337437045327,0.06673195299384443,0.02280358142137661,0.0427,Low
2nd Quarter 2025,Albay,Adult,1,0.01711199791793181,0.032770885746508195,0.01984471241433157,0.034983083195974665,0.016526416240131864,0.012796044070443307,0.0223,Low
1st Quarter 2025,Dinagat Islands,Adult,1,0.0733052221861823,0.11385014596172559,0.0471942912747324,0.06681803438209537,0.07476483944210185,0.010055141096334739,0.0643,Low
3rd Quarter 2025,Albay,Adult,1,0.04163816689466484,0.016501367989056086,0.06927582079343365,0.0005343707250341997,0.028898768809849523,0.022806942544459644,0.0299,Low
3rd Quarter 2025,Ifugao,Adult,1,0.0069753760820237,0.02554836540885789,0.0008404067568703252,0.0,0.0963946550130263,0.10963106143373393,0.0399,Low
3rd Quarter 2025,City of Malabon,Adult,1,0.02620967741935484,0.06610023041474654,0.013872887864823349,0.004560291858678955,0.025537634408602152,0.023521505376344086,0.0266,Low
2nd Quarter 2025,Cebu,Adult,1,0.010508971072867081,0.11373123398022703,0.09177956792383742,0.06457341633101428,0.0945075064079092,0.0,0.0625,Low
2nd Quarter 2025,Batanes,Adult,1,0.028553693358162633,0.1750465549348231,0.019863438857852266,0.08752327746741155,0.043761638733705775,0.0931098696461825,0.0746,Low
2nd Quarter 2025,City of Manila,Adult,1,0.0,0.023496570720795668,0.0015621244893054553,0.005185513837280239,0.0033183591222524173,0.001783964653467177,0.0059,Low
3rd Quarter 2025,Siquijor,Adult,1,0.00938566552901024,0.0781783276450512,0.0,0.009279010238907849,0.04447525597269625,0.0,0.0236,Low
1st Quarter 2025,Lanao del Sur,Adult,1,0.38988926943037844,0.003393356165822705,0.5,0.41124745235643895,0.0022587355283339985,0.9272687159876453,0.3723,Moderate
3rd Quarter 2025,Camiguin,Adult,1,0.0,0.04945249028611798,0.0032673966796185096,0.00017661603673613564,0.0,0.0030907806428823736,0.0093,Low
3rd Quarter 2025,Tawi-Tawi,Adult,1,0.5,0.0,0.5,0.0,0.5,0.5,0.3333,Moderate
3rd Quarter 2025,Region 8,Adult,1,0.0034266231619137933,0.01225910698800292,0.017682124163230166,0.0072119733730948475,0.04131443829582816,0.002013550524365365,0.014,Low
2nd Quarter 2025,Samar,Adult,1,0.16348144225677563,0.09649545082559091,0.004356616762143167,0.009892649111827854,0.030953641746497857,0.0,0.0509,Low
1st Quarter 2025,Davao del Sur,Adult,1,0.06846919935097634,0.07570077770939405,0.07171431768589492,0.2092961450232194,0.02333128182174229,6.99378951491076e-05,0.0748,Low
2nd Quarter 2025,Samar,Adult,1,0.10471462953412412,0.1649475674746433,0.0,0.0,0.01731992435963555,0.0,0.0478,Low
1st Quarter 2025,City of Cotabato,Adult,1,0.5,0.0,0.0,0.0,0.0,0.0,0.0833,Low
3rd Quarter 2025,City of Angeles,Adult,1,0.03216800875396313,0.0002805757414213967,0.0012064756881120058,0.0031564770909907128,0.039785640133554054,0.008192811649504785,0.0141,Low
2nd Quarter 2025,Leyte,Adult,1,0.05154212720894831,0.02283407240717453,0.0006784036005030114,0.000645310741941889,0.03153749420874975,0.00885233966510027,0.0193,Low
2nd Quarter 2025,Region 7,Adult,1,0.0049500599693949295,0.11736941147276563,0.08416652880598867,0.12399706356755863,0.18800663799164563,0.07112060052111337,0.0983,Low
2nd Quarter 2025,Sarangani,Adult,1,0.03534668721109399,0.00650231124807396,0.0,0.0,0.010693374422187981,0.014915254237288136,0.0112,Low
3rd Quarter 2025,City of Mandaue,Adult,1,0.02308467741935484,0.021723790322580646,0.02036290322580645,0.054838709677419356,0.011391129032258064,0.004586693548387096,0.0227,Low
1st Quarter 2025,Mountain Province,Adult,1,0.003949325537262143,0.005052059291173001,0.00010257988408473098,0.0,0.0813202031081705,0.02905575216700005,0.0199,Low
2nd Quarter 2025,Zamboanga del Norte,Adult,1,0.0025899958141481793,0.01584519324682573,0.027678945165341147,0.04317531742709641,0.009017022464071439,0.009357122924515139,0.0179,Low
3rd Quarter 2025,City of Malabon,Adult,1,0.0,0.0018615040953090098,0.013296457823635784,0.008988405488777789,0.004201680672268907,0.013136900329752154,0.0069,Low
3rd Quarter 2025,La Union,Adult,1,0.024066363865758264,0.01156951804188746,0.0,0.008743376230128691,0.03381907645722937,0.007898057027504415,0.0143,Low
3rd Quarter 2025,City of Olongapo,Adult,1,0.0402345126063107,0.03658597956821499,0.0018871722610839918,0.01889688490765437,0.02428161642594736,0.006189925016355493,0.0213,Low
1st Quarter 2025,Lanao del Sur,Adult,1,0.5,0.0,0.0,1.0,0.5,0.0,0.3333,Moderate
1st Quarter 2025,Region 12,Adult,1,0.06536597489747732,0.07260874968257142,0.0034039150426029684,0.00356330471523279,0.025369973146892443,0.031170136318692896,0.0336,Low
1st Quarter 2025,City of Bacolod,Adult,1,0.03676302341545267,0.0065212417054381815,0.0046907177179467624,0.0004194950804667836,0.10365342079170163,0.00400427122263748,0.026,Low
3rd Quarter 2025,Dinagat Islands,Adult,1,0.07458189867191344,0.08546483030004919,0.05521396950319724,0.007993113625184456,0.07581160846040334,0.0,0.0498,Low
3rd Quarter 2025,Region 6,Adult,1,0.05855017354586253,0.09040744589127407,0.009689828222757721,0.038938385691862136,0.012851236928790926,0.00032056242124112926,0.0351,Low
2nd Quarter 2025,Abra,Adult,1,0.04968591538636192,0.06762279573147657,0.004692348444713539,0.0,0.01668811019450541,0.03750094603799289,0.0294,Low
3rd Quarter 2025,Zambales,Adult,1,0.028479908266028517,0.05813141888523282,0.012937481304217768,0.005999268787183833,0.022842091268654236,0.008230298800146243,0.0228,Low
1st Quarter 2025,Batangas,Adult,1,0.0854368932038835,0.06249286122215877,0.030910908052541406,0.05498286693318104,0.060736721873215306,0.09149057681324957,0.0643,Low
3rd Quarter 2025,Sulu,Adult,1,0.02602664469166323,0.0012360939431396785,0.018678752918555145,0.003708281829419036,0.5007553907430298,0.002540859772009339,0.0922,Low
1st Quarter 2025,Aklan,Adult,1,0.038811188811188814,0.10646020646020646,0.0,0.06706626706626706,0.0832001332001332,0.008591408591408592,0.0507,Low
3rd Quarter 2025,Pateros,Adult,1,0.007231920199501247,0.0,0.000997506234413965,0.0,0.010723192019950124,0.006733167082294264,0.0043,Low
3rd Quarter 2025,City of Tacloban,Adult,1,0.03292542557702793,0.06884957896649906,0.007330223541527837,0.0,0.007330223541527837,0.01108620585206276,0.0213,Low
2nd Quarter 2025,Zambales,Adult,1,0.012888365116777373,0.02287336618812942,0.03165845296764517,0.026451682022712662,0.02234840368545104,0.004863938290122134,0.0202,Low
3rd Quarter 2025,Basilan,Adult,1,0.0,0.0,0.0,0.5,0.5,0.0,0.1667,Low
3rd Quarter 2025,Abra,Adult,1,0.06544608853093588,0.06024848598364238,0.0,0.00021851782481113817,0.061184990947118684,0.015405506649185241,0.0338,Low
3rd Quarter 2025,Region 12,Adult,1,0.0,0.0,0.0,0.0,0.0,0.0,0.0,Low
3rd Quarter 2025,Zamboanga del Norte,Adult,1,0.0815180200729927,0.03706660583941606,0.0356694799270073,0.058992928832116785,0.007498859489051095,0.014513001824817517,0.0392,Low
3rd Quarter 2025,Bukidnon,Adult,1,0.026570979032206274,0.04559612111871046,0.010114632501685773,0.004094017917349003,0.035481488617024694,0.014754519474681309,0.0228,Low
3rd Quarter 2025,City of Lucena,Adult,1,0.04818131389175054,0.05008320786116174,0.009786829384261828,0.09109279657659085,0.12267216102702275,0.000713210238529202,0.0538,Low
1st Quarter 2025,Region 10,Adult,1,0.03647642588492723,0.08023008660480434,0.025417828580690555,0.0,0.0,0.0038495117198292217,0.0243,Low
2nd Quarter 2025,Occidental Mindoro,Adult,1,0.13021894093686354,0.03988458927359131,0.04968601493550577,0.06530040733197556,0.045358112695179906,0.011328920570264765,0.057,Low
3rd Quarter 2025,Cavite,Adult,1,0.06851072227338507,0.07760492040520985,0.025111827391132744,0.06574792790422312,0.006462965399289567,0.00922575976845152,0.0421,Low
1st Quarter 2025,City of Valenzuela,Adult,1,0.001880767045890716,0.0,0.005734420339919857,0.0020880352509480603,0.01495401716487802,0.010133112247247939,0.0058,Low
3rd Quarter 2025,Batangas,Adult,1,0.10906450943787596,0.016133121298024845,0.0,0.15055198322155386,0.09300053008827122,0.042971720943096176,0.0686,Low
3rd Quarter 2025,City of Lapu-Lapu,Adult,1,0.04955264969029594,0.07888188893006512,0.03372333103922918,0.05905553496744137,0.09592884747736778,0.013738154481444227,0.0551,Low
2nd Quarter 2025,Leyte,Adult,1,0.06050094255075868,0.052280663802960536,0.0026499582805401896,0.00489044778886863,0.0343026669550975,0.0,0.0258,Low
2nd Quarter 2025,Pasay City,Adult,1,0.003199343724364233,0.017227235438884332,0.003199343724364233,0.017910855892808313,0.001804757998359311,0.014191960623461853,0.0096,Low
3rd Quarter 2025,Region 12,Adult,1,0.06883991025471822,0.05551952336959596,0.00439110842964611,0.004153547389656668,0.06182620335979185,0.019327287467712437,0.0357,Low
1st Quarter 2025,City of Makati,Adult,1,0.0219353265035891,0.0056972611331800125,0.0027528050735242874,0.051919994424698586,0.0066032476130740815,0.15755453341696285,0.0411,Low
1st Quarter 2025,Apayao,Adult,1,0.04414754574498984,0.06738309613708975,0.005808887598024978,0.0,0.0338367702584955,0.09192564623874529,0.0405,Low
1st Quarter 2025,City of Makati,Adult,1,0.021773226312390443,0.017575422086908387,0.24656333610111633,0.007980441000092259,0.052080450226035614,0.009364332502998432,0.0592,Low
3rd Quarter 2025,Region 3,Adult,1,0.06094723659299826,0.021380383791140458,0.010508256603708004,0.0,0.021981584889921003,0.0034578567262292035,0.0197,Low
2nd Quarter 2025,City of Lapu-Lapu,Adult,1,0.018060310108739427,0.07175040273862264,0.058019532823197745,0.05007803060813532,0.012711437776882804,0.015606121627064035,0.0377,Low
2nd Quarter 2025,Camiguin,Adult,1,0.006396148555708391,0.0594222833562586,0.007840440165061899,0.010110041265474552,0.0,0.0010316368638239339,0.0141,Low
2nd Quarter 2025,City of Makati,Adult,1,0.022933221803987176,0.008294995120591106,0.06866025372926252,0.006064408197406943,0.021608810818346577,0.16638784330126866,0.049,Low
2nd Quarter 2025,City of Muntinlupa,Adult,1,0.004647560030983733,0.028401755744900593,0.005852483001979517,0.0009897581547465358,0.20225492727429212,0.008047164127721836,0.0417,Low
2nd Quarter 2025,City of Santiago,Adult,1,0.06319282009559646,0.1143598088070782,0.04234465575104241,0.06765483575714432,0.03761568188752161,0.006101901759381674,0.0552,Low
3rd Quarter 2025,Southern Leyte,Adult,1,0.035044196632866884,0.06024952431416942,0.007779570798911342,0.00236036513403502,0.05505912955514343,0.009465545894650642,0.0283,Low
1st Quarter 2025,Batanes,Adult,1,0.06595264937993235,0.09977452085682074,0.044813979706877116,0.05693348365276212,0.09498308906426156,0.1161217587373168,0.0798,Low
3rd Quarter 2025,Guimaras,Adult,1,0.008434130262942027,0.08157964076024002,0.0008252670932203811,0.015394214181668133,0.01624931020596877,0.01479763556006304,0.0229,Low
2nd Quarter 2025,NCR,Adult,1,0.007101352270272721,0.003401342403579743,0.003070674855132947,0.007226685937829168,0.039964106570950855,0.02452939874506332,0.0142,Low
1st Quarter 2025,City of Bacolod,Adult,1,0.04129548542956364,0.0016608787558508229,0.0030952740449947153,0.0019628567114600634,0.08696965121546127,0.0,0.0225,Low
2nd Quarter 2025,Nueva Vizcaya,Adult,1,0.014172293537137346,0.020952363285597686,0.02110076426504415,0.02539511760777621,0.03294501743711509,0.010388068561252505,0.0208,Low
2nd Quarter 2025,Pangasinan,Adult,1,0.03817555313746826,0.5338592673195502,0.004769677185346391,0.006565107000362713,0.5094486760972071,0.0,0.1821,Low
3rd Quarter 2025,Northern Samar,Adult,1,0.05943871792942593,0.07087502821458129,0.0017304943194642992,0.005003385749755474,0.02772552855315627,0.0035362275223835677,0.0281,Low
1st Quarter 2025,Zamboanga del Norte,Adult,1,0.016236771156090297,0.044394591766930905,0.018651160919077703,0.05904188966238783,0.022926642791034565,0.012645366383646533,0.029,Low
3rd Quarter 2025,Mountain Province,Adult,1,0.020424100438517452,0.013816303237820628,0.001561842974710158,0.002823331531206824,0.016429386676278007,0.012344566588574519,0.0112,Low
3rd Quarter 2025,Camarines Norte,Adult,1,0.015475364330326162,0.06785218598195697,0.018147120055517003,0.01672449687716863,0.06880638445523941,0.030378209576682857,0.0362,Low
3rd Quarter 2025,City of Navotas,Adult,1,0.005751533742331288,0.02547107800175285,0.1540863277826468,0.03396143733567047,0.04973707274320771,0.10385626643295355,0.0621,Low
2nd Quarter 2025,Special Geographic Area (SGA),Adult,1,0.5532548476454293,0.500415512465374,0.0012465373961218836,0.011634349030470914,0.5285318559556786,0.4727146814404432,0.3446,Moderate
3rd Quarter 2025,Region 2,Adult,1,0.05214379426169264,0.05896292836388864,0.04096632161722179,0.07808604026569037,0.026077907447984997,0.01637725558616047,0.0454,Low
1st Quarter 2025,La Union,Adult,1,0.037785084573710985,0.0,0.0024163917423398176,0.005241032317860335,0.042976465006454745,0.008335999823459964,0.0161,Low
2nd Quarter 2025,Camiguin,Adult,1,0.0,0.05996580361504641,0.01783097215437225,0.0035417684416218856,0.0,0.0003663898387884709,0.0136,Low
3rd Quarter 2025,City of Davao,Adult,1,0.04866297277764394,0.056221392435557696,0.12722837870392675,0.21341243073958083,0.045380631173211276,0.004667549987954709,0.0826,Low
3rd Quarter 2025,Laguna,Adult,1,0.042392830375898576,0.0558728215088723,0.014155574087171312,0.0132319255169793,0.03392693148111007,0.06384258917167196,0.0372,Low
1st Quarter 2025,Pasay City,Adult,1,0.0034776352080585203,0.0,0.005776072270855818,0.004317064396210577,0.012011831954271095,0.0065555422312827275,0.0054,Low
2nd Quarter 2025,Laguna,Adult,1,0.008980967730029649,0.025946384852921275,0.013569873159209182,0.08300013532965073,0.07304725465349458,0.009288535118044363,0.0356,Low
2nd Quarter 2025,Quezon City,Adult,1,0.004125095932463545,0.010796762715411986,0.02056879229749529,0.0,0.0005973976138979976,0.008010360706062931,0.0073,Low
3rd Quarter 2025,Caraga,Adult,1,0.07579182344022013,0.07614982871904308,0.00738122648396698,0.0320449823103274,0.10865811197843545,0.03343137530184759,0.0556,Low
2nd Quarter 2025,Kalinga,Adult,1,0.03108705695993664,0.09444921127318329,0.010461355686093327,0.0019140650782126592,0.018843640683783247,0.04148241040195367,0.033,Low
2nd Quarter 2025,Quirino,Adult,1,0.047382762564758124,0.05935881046894974,0.06786987822108592,0.08006458992128103,0.058265491488932245,0.0072831864361165306,0.0534,Low
3rd Quarter 2025,Cotabato,Adult,1,0.011534025374855825,0.03314701446189335,0.00019519119865140627,0.002342294383816875,0.05612634193949073,0.03758317806760713,0.0235,Low
3rd Quarter 2025,Basilan,Adult,1,0.4689253344842469,0.5,1.0,0.5274061286145878,0.5033448424687096,0.9114156236512732,0.6518,High
3rd Quarter 2025,Quirino,Adult,1,0.05088651347372464,0.040069128848492605,0.04890225948921462,0.08612302374703962,0.03651667413428919,0.0,0.0437,Low
1st Quarter 2025,Tarlac,Adult,1,0.03212096891872173,0.005052531737924996,0.0057091784619874505,0.0,0.0,0.003775718663359113,0.0078,Low
2nd Quarter 2025,Southern Leyte,Adult,1,0.04601771436448856,0.0394609870416322,0.0,0.0,0.13546836228287842,0.0031620485249517507,0.0374,Low
2nd Quarter 2025,Zamboanga Sibugay,Adult,1,0.051028052942645466,0.05111129609589611,0.018271872138516606,0.015441604927994672,0.034851133494270096,0.010530258886206609,0.0302,Low
3rd Quarter 2025,Misamis Occidental,Adult,1,0.001746289135586878,0.057315704128726455,0.0037108644131221154,0.003648496943994013,0.0,0.006299114381938381,0.0121,Low
1st Quarter 2025,City of Caloocan,Adult,1,0.00771946287731528,0.04545099090645039,0.009132649641396876,0.002764930625377036,0.231667672095985,0.018594856670464954,0.0526,Low
3rd Quarter 2025,Biliran,Adult,1,0.02105360786496012,0.004637358560563903,0.06176961602671119,0.03524392506028566,0.06612873307364125,0.0014839547393804488,0.0317,Low
2nd Quarter 2025,Tarlac,Adult,1,0.0,0.0,0.0037943720791488514,0.00010341055980908819,0.021736104206025654,0.003543800338072984,0.0049,Low
3rd Quarter 2025,Southern Leyte,Adult,1,0.055498729155043086,0.1371272704730023,0.01466121133221747,0.0,0.08703738143946438,0.0,0.0491,Low
1st Quarter 2025,Lanao del Norte,Adult,1,0.002800199302441455,0.020637767812655704,0.0006576980568011958,0.0,0.001504733432984554,0.0018435475834578973,0.0046,Low
3rd Quarter 2025,Region 2,Adult,1,0.033743509017786014,0.07843794093086204,0.04254916829041206,0.06786903813482047,0.043360241114193294,0.007161437086664811,0.0455,Low
1st Quarter 2025,City of Zamboanga,Adult,1,0.0313229788338214,0.053527078622530304,0.015605886495903918,0.0156614894169107,0.03252770878896838,0.012306779849501428,0.0268,Low
2nd Quarter 2025,Northern Samar,Adult,1,0.007520710226469507,0.05786140405439792,7.068336679012694e-05,0.006418049704543527,0.0,0.005442619242839775,0.0129,Low
3rd Quarter 2025,Ilocos Norte,Adult,1,0.029838670724049655,0.0037917210066173985,0.00794570835144665,0.0029826595179442594,0.03745833937110564,0.013065739264840844,0.0158,Low
1st Quarter 2025,Sulu,Adult,1,0.08,0.008996108949416342,0.0,0.01562645914396887,0.3334785992217899,0.0,0.073,Low
3rd Quarter 2025,City of Baguio,Adult,1,0.04119418284323147,0.07356332884874112,0.0,0.0,0.31505862002690754,0.08291690691267858,0.0855,Low
2nd Quarter 2025,Kalinga,Adult,1,0.01020457396506803,0.0429894818102866,0.0,0.0,0.07244523786548297,0.01008395252340056,0.0226,Low
2nd Quarter 2025,Batangas,Adult,1,0.018420103566300805,0.08558509516259637,0.0,0.09161398757476576,0.036891241774916816,0.06849869691546621,0.0502,Low
3rd Quarter 2025,NCR,Adult,1,0.009300128102685082,0.03873045165709067,0.027026812779828265,0.007085283411336453,0.02591225600243522,0.0,0.018,Low
2nd Quarter 2025,City of General Santos,Adult,1,0.015426961976699526,0.04333632057355012,0.03475867366534375,0.00012802458071949814,0.032582255793112275,0.07764690820637563,0.034,Low
1st Quarter 2025,Negros Oriental,Adult,1,0.03954566333987556,0.049129327264375494,0.02386520232179396,0.012026558650352863,0.0592140977993068,0.06374493673529043,0.0413,Low
1st Quarter 2025,Aurora,Adult,1,0.03403907257683959,0.11860194419102149,0.05156195929153427,0.02961902664611319,0.04213986849970114,0.008824362160631705,0.0475,Low
2nd Quarter 2025,La Union,Adult,1,0.03572788508252472,0.02986515054031697,0.00412295329508003,0.008626688900852164,0.0037487361966412375,0.010911382765004793,0.0155,Low
3rd Quarter 2025,Cotabato,Adult,1,0.09083317869734645,0.03935795138244572,0.006977175728335498,0.004063833735386899,0.0037854889589905363,0.0237706439042494,0.0281,Low
1st Quarter 2025,Pasay City,Adult,1,0.015994849955432308,0.006883232643359414,0.004753887293255423,0.0,0.0006437555709616718,0.00039615727443795186,0.0048,Low
1st Quarter 2025,Region 2,Adult,1,0.029813830160355784,0.04367625808442879,0.06165700977847613,0.09287027034610475,0.03882489933921632,0.0,0.0445,Low
1st Quarter 2025,Biliran,Adult,1,0.013959134129071415,0.05482500505765729,0.03914626744891766,0.0796075257940522,0.036212826218895405,0.010823386607323487,0.0391,Low
1st Quarter 2025,Region 9,Adult,1,0.09863818515248252,0.07446682062079739,0.015995381376078244,0.03454204306187598,0.002394213135909801,0.005522821435848672,0.0386,Low
1st Quarter 2025,City of Isabela,Adult,1,0.06705430491838259,0.03942174330523845,0.0026494541057647853,0.03438955866140332,0.0639780931043067,0.00905081973043138,0.0361,Low
1st Quarter 2025,South Cotabato,Adult,1,0.05079863000544157,0.062273934893249255,0.005329534906052943,0.005409557952690375,0.05071860695880413,0.0023686821804679748,0.0295,Low
3rd Quarter 2025,City of Mandaue,Adult,1,0.00798166058699508,0.021752953381747597,0.010324286335798669,0.0035139386232053813,0.007780864094240487,0.005036645359927714,0.0094,Low
3rd Quarter 2025,Misamis Occidental,Adult,1,0.002654196157735086,0.043288675429726996,0.0,0.015482810920121335,0.008436552072800809,0.00887891809908999,0.0131,Low
1st Quarter 2025,Region 3,Adult,1,0.06518551868196443,0.06291102733628705,0.00731900910527416,0.0,0.00626800699888468,0.006438301498737775,0.0247,Low
3rd Quarter 2025,Abra,Adult,1,0.040742894526422914,0.02624118630515374,0.007050955877008069,0.0005815221341862324,0.06211383295776696,0.033328487315548445,0.0283,Low
2nd Quarter 2025,City of Cotabato,Adult,1,0.04187993492838154,1.0,0.022834583184541523,0.03801134785541404,0.03656310756655954,0.0,0.1899,Low
1st Quarter 2025,Region 7,Adult,1,0.028883464618279897,0.10888886818556595,0.14490178084808056,0.10877474111788628,0.01873081384244875,0.07606918429425219,0.081,Low
3rd Quarter 2025,Capiz,Adult,1,0.0048448709587254266,0.04459765831236995,0.029752476784993324,0.0030047517003633653,0.018898102425541165,0.0,0.0168,Low
1st Quarter 2025,Batanes,Adult,1,0.014666666666666666,0.094,0.044222222222222225,0.18644444444444444,0.03155555555555556,0.06377777777777778,0.0724,Low
1st Quarter 2025,Misamis Oriental,Adult,1,0.0,0.0,0.0020996373353693453,0.0,0.0,0.0,0.0003,Low
1st Quarter 2025,City of Santiago,Adult,1,0.054326231417414536,0.09306706857573474,0.033397273412345004,0.06765088716859628,0.061091320134274166,0.0,0.0516,Low
2nd Quarter 2025,Guimaras,Adult,1,0.04185285668688158,0.02840727736993297,0.0,0.0033913182253431217,0.019729492499202042,0.02226300670284073,0.0193,Low
1st Quarter 2025,City of Iligan,Adult,1,0.00819145518792162,0.06464824927722454,0.0029714102152264697,0.004336652746546739,0.00136524253132027,0.04617732091230325,0.0213,Low
2nd Quarter 2025,Cagayan,Adult,1,0.06562012813364133,0.0,0.07069540380304289,0.043959170203807595,0.027709184428234918,0.020449036721781583,0.0381,Low
2nd Quarter 2025,City of General Santos,Adult,1,0.014346985622810197,0.03222786033587048,0.0025673553219765616,0.0027485804035278483,0.09834481092183159,0.1089162740123233,0.0432,Low
1st Quarter 2025,Dinagat Islands,Adult,1,0.035527566539923956,0.08341254752851711,0.0,0.039211026615969584,0.09695817490494296,0.0,0.0425,Low
2nd Quarter 2025,City of San Juan,Adult,1,0.005761663856098932,0.03274311410905003,0.004496908375491849,0.0,0.0,0.04300168634064081,0.0143,Low
1st Quarter 2025,Pampanga,Adult,1,0.014961534466218156,0.03775060646612039,0.034350118849028125,0.03489700769310675,0.006733759845526816,0.004708132450978595,0.0222,Low
3rd Quarter 2025,Misamis Oriental,Adult,1,0.0007004640574380527,0.013571491112862271,0.033315821731897385,0.002539182208212941,0.004728132387706856,0.000744243061027931,0.0093,Low
1st Quarter 2025,Antique,Adult,1,0.05638382236320381,0.05676050753370341,0.0035884218873909594,0.017268041237113403,0.003766851704996035,0.008207771609833466,0.0243,Low
1st Quarter 2025,Capiz,Adult,1,0.034002918879474604,0.049012851177686785,0.043621032148214216,0.04755341144038594,0.014786962338346778,0.014969392305509385,0.034,Low
3rd Quarter 2025,City of Naga,Adult,1,0.06003159557661927,0.029423380726698263,0.03593996840442338,0.023235913638757242,0.0,0.014349657714586624,0.0272,Low
3rd Quarter 2025,City of Iloilo,Adult,1,0.0021381630663773856,0.02007672232179354,0.027465962330597744,0.011162468949470176,0.013882338144200233,0.010486432097600855,0.0142,Low
1st Quarter 2025,City of Malabon,Adult,1,0.012067236086203229,0.1333627161919815,0.0,0.0025076750053193105,0.010349858658317883,0.0,0.0264,Low
1st Quarter 2025,South Cotabato,Adult,1,0.03961835964968356,0.054065716294828356,0.009812695774467813,0.006792175413923161,0.0006712267467877006,0.07492169021287477,0.031,Low
1st Quarter 2025,Negros Occidental,Adult,1,0.07155255448087651,0.08777641770678653,0.004213990448288317,0.0,0.016459646024802342,0.004525023076614359,0.0308,Low
1st Quarter 2025,Davao del Sur,Adult,1,0.0,0.0579711511266145,0.14564909965117376,0.2365230508154992,0.15299330630715566,0.0,0.0989,Low
3rd Quarter 2025,City of Naga,Adult,1,0.0351769011793412,0.029483529890199266,0.031516876779178526,0.023180154534363562,0.053883692557950384,0.010776738511590077,0.0307,Low
2nd Quarter 2025,Region 1,Adult,1,0.0,0.0,0.0,0.0,0.0,0.0,0.0,Low
1st Quarter 2025,Palawan,Adult,1,0.01892968113668587,0.10291411505626112,0.0020513439319436483,0.008899212645932004,0.07021327943527708,0.023952457087694952,0.0378,Low
1st Quarter 2025,City of Parañaque,Adult,1,0.0025560629813918614,0.013325608342989572,0.02026105923249949,0.015336377888351169,0.005078045123031832,0.011740849294526618,0.0114,Low
3rd Quarter 2025,Davao del Sur,Adult,1,0.09962248322147652,0.09531599552572707,0.24123322147651008,0.17143456375838925,0.10314597315436241,0.020385906040268457,0.1219,Low
1st Quarter 2025,Davao de Oro,Adult,1,0.09116041494795597,0.01487598953853715,0.03292025767495743,0.12938161520773728,0.22537782380509383,0.08634217408857138,0.0967,Low
2nd Quarter 2025,Quirino,Adult,1,0.04757807078417765,0.06977099236641221,0.026634281748785564,0.051339347675225536,0.02204024982650937,0.010173490631505898,0.0379,Low
2nd Quarter 2025,Camiguin,Adult,1,0.007568359375,0.0615234375,0.0029296875,0.0,0.0,0.0,0.012,Low
1st Quarter 2025,Marinduque,Adult,1,0.018377155781735936,0.013853548204693244,0.0,0.0,0.016115351993214587,0.0,0.0081,Low
3rd Quarter 2025,Masbate,Adult,1,0.13258872764824176,0.22753954019240177,0.035871514756236754,0.002201206587314528,0.03924126311212566,0.021088102614272516,0.0764,Low
2nd Quarter 2025,Davao del Norte,Adult,1,0.07400868613396419,0.03354401327636736,0.20034603297906148,0.001730164895307369,0.22942339606652307,0.00024716641361533843,0.0899,Low
3rd Quarter 2025,Siquijor,Adult,1,0.06650463985859478,0.04352629253203712,0.0026513477684489617,0.0014361467079098541,0.08959346000883782,0.008727353071144498,0.0354,Low
1st Quarter 2025,Sorsogon,Adult,1,0.0024272439747958906,0.07497486944369529,0.009892858018486283,0.0024149851668423764,0.13680829676122294,0.0,0.0378,Low
2nd Quarter 2025,City of Mandaue,Adult,1,0.03369667459746583,0.02772090964422066,0.07569302274110552,0.08070049244729707,0.02108117080728158,0.010208598461793837,0.0415,Low
1st Quarter 2025,Nueva Ecija,Adult,1,0.05903865619125657,0.059776714705740586,0.011567937533137321,0.017568805128452308,0.030034462813900806,0.0057809562828360726,0.0306,Low
1st Quarter 2025,Davao Oriental,Adult,1,0.07528998136907267,0.05732015145140934,0.13092733938337642,0.12348999338902578,0.006100126209507783,0.006009976561091411,0.0665,Low
3rd Quarter 2025,City of Santiago,Adult,1,0.06451612903225806,0.09393315735313856,0.039259988367410854,0.06221198156682028,0.024585029752583778,0.005167554024428437,0.0483,Low
1st Quarter 2025,Misamis Oriental,Adult,1,0.006273892511805712,0.010928715988306723,0.02174499662693951,0.004025185518326962,0.006970991679784124,0.0014166854058916124,0.0086,Low
2nd Quarter 2025,Romblon,Adult,1,0.034637170851194124,0.06506429883649724,0.046119105939987755,0.0012438763012859767,0.15251837109614208,0.0549219228413962,0.0591,Low
2nd Quarter 2025,City of Puerto Princesa,Adult,1,0.07715351571331676,0.22631697942572915,0.0,0.007065340266787248,0.2657133167533348,0.0422789961564549,0.1031,Low
2nd Quarter 2025,City of Pasig,Adult,1,0.0385619542058038,0.0538516940251478,0.0026858326081085136,0.0,0.12914503496083787,0.0006902139663295621,0.0375,Low
1st Quarter 2025,Davao de Oro,Adult,1,0.012515521459570439,0.1277861788318027,0.11120741587676268,0.06489506878619113,0.05053541351627141,0.01417524188888479,0.0635,Low
2nd Quarter 2025,Isabela,Adult,1,0.007945597709377236,0.011685755189692197,0.02893700787401575,0.11027201145311381,0.013493199713672155,0.011542591267000716,0.0306,Low
1st Quarter 2025,City of Pasig,Adult,1,0.012955980357769204,0.05159373903893371,0.005042090494563311,0.00247720098211154,0.05076069800070151,0.004548842511399509,0.0212,Low
1st Quarter 2025,Catanduanes,Adult,1,0.15805177340729534,0.08890850002801591,0.23050092452513027,0.008278702302908052,0.3518238359388132,0.015464783997310473,0.1422,Low
2nd Quarter 2025,Region 11,Adult,1,0.0,0.0,0.5,0.0,0.5,0.0,0.1667,Low
2nd Quarter 2025,Southern Leyte,Adult,1,0.07805386620330147,0.0845351867940921,0.0008166811468288445,0.0005734144222415291,0.12123370981754995,0.0,0.0475,Low
1st Quarter 2025,City of San Juan,Adult,1,0.0005216484089723526,0.030125195618153366,0.005216484089723527,0.013041210224308816,0.22117892540427753,0.01264997391757955,0.0471,Low
2nd Quarter 2025,Aurora,Adult,1,0.044602857983715376,0.015352669958470946,0.0290539877701841,0.011445014878519342,0.052140217782283116,0.013341617344102547,0.0277,Low
1st Quarter 2025,Region 6,Adult,1,0.0,0.0,0.0,0.0,0.0,0.0,0.0,Low
2nd Quarter 2025,Pasay City,Adult,1,0.01253517523663341,0.014794917711264602,0.0,0.0,0.004690031551121344,0.0,0.0053,Low
1st Quarter 2025,NCR,Adult,1,0.014060350189418926,0.03349817177752229,0.006465923440827789,0.00966177884162316,0.04130816857342104,0.010534660836458903,0.0193,Low
1st Quarter 2025,Southern Leyte,Adult,1,0.04856024701996266,0.004344391785150079,0.0,0.002692804825506247,0.0764218009478673,0.0,0.022,Low
2nd Quarter 2025,City of Parañaque,Adult,1,0.002599737596579037,0.003838864862238204,0.009840128286116915,0.009451382477282666,0.003887458088342485,0.025122697895913308,0.0091,Low
1st Quarter 2025,City of Pasig,Adult,1,0.04020699221111783,0.052992851299925314,0.0100295195077711,0.0,0.1802468257637728,0.0,0.0472,Low
2nd Quarter 2025,Batanes,Adult,1,0.020509057201344095,0.16283650689428758,0.015140396276698467,0.14105287551658877,0.06295623961994515,0.004441697887296744,0.0678,Low
1st Quarter 2025,Region 2,Adult,1,0.06173518673628115,0.06441285397009767,0.03238445172756961,0.06307037230518694,0.036146318827721666,0.016115616855732835,0.0456,Low
3rd Quarter 2025,City of Dagupan,Adult,1,0.027749176276771006,0.022549423393739703,0.008237232289950576,0.0,0.026359143327841845,0.0007207578253706755,0.0143,Low
2nd Quarter 2025,City of Davao,Adult,1,0.02040589723027574,0.051489729196224784,0.14529640367651595,0.20904324224292148,0.10429954968848312,0.0,0.0884,Low
2nd Quarter 2025,Nueva Ecija,Adult,1,0.09204897362261687,0.06823089350612015,0.015033952170095215,0.016913586805371097,0.02271654859707071,0.013274626651125438,0.038,Low
1st Quarter 2025,Region 1,Adult,1,0.011035593758451607,0.12200298672436297,0.005250285149865362,0.005044506896511177,0.0811236668508872,0.00041155650670837105,0.0375,Low
1st Quarter 2025,Bukidnon,Adult,1,0.02850576289791438,0.1151378979143798,0.00886731613611416,0.058863885839736556,0.0030358122941822174,0.018506448957189902,0.0388,Low
2nd Quarter 2025,City of Iloilo,Adult,1,0.019704527281727145,0.03577276015687469,0.008776605871377983,0.0,0.016334767543692646,0.006663366713627537,0.0145,Low
3rd Quarter 2025,Ilocos Sur,Adult,1,0.041944280888778704,0.0019523381573646533,0.009234869379280424,0.00083671635315628,0.08683256376088506,0.0,0.0235,Low
2nd Quarter 2025,Sulu,Adult,1,0.013120744062448099,0.004816475668493606,0.004567347616674971,0.009715994020926755,0.5017438963627304,0.01229031722305265,0.091,Low
3rd Quarter 2025,City of Bacolod,Adult,1,0.022093840268561166,0.04266531345147943,0.0005074556952143024,0.0,0.10512139901631665,0.001171051604340698,0.0286,Low
2nd Quarter 2025,Samar,Adult,1,0.07065554178470256,0.11255090297450425,0.002666873229461756,0.0,0.028040899433427764,0.005178824362606233,0.0365,Low
3rd Quarter 2025,Romblon,Adult,1,0.01577219307128172,0.09280738899628709,0.014222590444628556,0.009819264168891343,0.14208782104391052,0.03194329374942465,0.0511,Low
3rd Quarter 2025,Camiguin,Adult,1,0.0,0.057417020607204654,0.0018090294163913797,0.00684285040113261,0.0,0.00015730690577316344,0.011,Low
1st Quarter 2025,Zamboanga Sibugay,Adult,1,0.07907866289705638,0.0389988358556461,0.0049559288208880755,0.010527191085980376,0.0018460003326126726,0.01046066855147181,0.0243,Low
3rd Quarter 2025,City of Lapu-Lapu,Adult,1,0.03454166425386531,0.07672708321269327,0.03329665875267821,0.08648445190804331,0.045486131217789105,0.007933290868029417,0.0474,Low
2nd Quarter 2025,City of Lapu-Lapu,Adult,1,0.010852312576132294,0.06133033110627146,0.11736370012181167,0.06629507954671293,0.0918201616773098,0.0191576538333764,0.0611,Low
3rd Quarter 2025,Eastern Samar,Adult,1,0.03458141999293536,0.009325326739667962,0.0,0.0004945249028611798,0.03751324620275521,0.0,0.0137,Low
3rd Quarter 2025,Sorsogon,Adult,1,0.032598778861674504,0.03390881231431445,0.021943060331719184,0.005848363627856926,0.11962242964418555,0.004947715629166959,0.0365,Low
3rd Quarter 2025,City of Angeles,Adult,1,0.05639790700440005,0.03781662504459508,0.0,0.026444880485194434,0.0420828873825663,0.01465691520989416,0.0296,Low
2nd Quarter 2025,Misamis Oriental,Adult,1,0.01157650061528645,0.004124698053871747,0.0015496103185816507,0.03165306959573402,0.005560366437263571,0.009730641265211249,0.0107,Low
2nd Quarter 2025,Albay,Adult,1,0.016072521940268047,0.020749710864684672,0.06177290972174978,0.016565752772297434,0.016072521940268047,0.013572351860670793,0.0241,Low
1st Quarter 2025,Laguna,Adult,1,0.03435178730257939,0.04867504827840413,0.002952795339631562,0.1002708398439065,0.05718887473256569,0.03999695505500934,0.0472,Low
3rd Quarter 2025,Laguna,Adult,1,0.057465309064696345,0.051028338439358445,0.0032832492340962335,0.008779735087403135,0.04018742115696522,0.04032821229050279,0.0335,Low
3rd Quarter 2025,City of Navotas,Adult,1,0.020592221874674174,0.06214159107496611,0.12615994161192784,0.03810864351996664,0.04874361380460849,0.008028359920759044,0.0506,Low
3rd Quarter 2025,Region 5,Adult,1,0.04837030976482228,0.10328316462440064,0.04450681178171855,0.02459566938123145,0.10326128320267905,0.006923091559479413,0.0552,Low
1st Quarter 2025,Catanduanes,Adult,1,0.027879144594859722,0.28475573866980575,0.1628408867961546,0.02693741416519521,0.0731606827545615,0.0011379242691779477,0.0961,Low
2nd Quarter 2025,Zamboanga del Sur,Adult,1,0.08211466287045426,0.018305940209654457,0.004633104697812864,0.0460657434968293,0.013866960010353306,0.0,0.0275,Low
3rd Quarter 2025,Rizal,Adult,1,0.06676327502328952,0.09031156195010868,0.005544198323154953,0.10604492288582962,0.1154965842045337,0.0073297277714522305,0.0652,Low
2nd Quarter 2025,Sulu,Adult,1,0.02450184980852859,0.5,0.00032452781203349125,0.0,0.9777698448757058,0.001817355747387551,0.2507,Moderate
1st Quarter 2025,City of Iloilo,Adult,1,0.01817330210772834,0.023075722092115534,0.007166276346604216,0.025604996096799375,0.01569086651053864,0.004387197501951601,0.0157,Low
3rd Quarter 2025,BARMM,Adult,1,0.0424607039859432,0.001766649477644722,0.0,0.006776294428846998,0.528281670772933,0.01948662121125308,0.0998,Low
1st Quarter 2025,City of Tacloban,Adult,1,0.02788303424608565,0.023414599270751412,0.0,0.001608636591120326,0.015407163794952456,0.005683849288625152,0.0123,Low
1st Quarter 2025,Region 5,Adult,1,0.5,0.5,0.0,0.0,0.0,0.0,0.1667,Low
3rd Quarter 2025,Region 6,Adult,1,0.045227959402179496,0.0006673413414294305,0.024901548818585823,0.018167634678282807,0.016179360818996496,0.0007690925624440827,0.0177,Low
2nd Quarter 2025,Capiz,Adult,1,0.0406379256937738,0.013893697272280025,0.04988976148393798,0.0,0.0011843807510796085,0.007798691714801115,0.0189,Low
2nd Quarter 2025,City of Makati,Adult,1,0.012838734129240099,0.02984650369528141,0.11611711199545197,0.042590487019139665,0.02108205419746068,0.16290821805318678,0.0642,Low
3rd Quarter 2025,City of Parañaque,Adult,1,0.008421965581777513,0.00025106130460583373,0.027274387182179213,0.006824302734285845,0.02366823389784087,0.006550417674715844,0.0122,Low
1st Quarter 2025,Region 9,Adult,1,0.05046204265835706,0.06640520066620104,0.020433747022690234,0.0427255144254016,0.01504324934185784,0.008717025734701553,0.034,Low
2nd Quarter 2025,Sarangani,Adult,1,0.05209805413631916,0.050141319708663985,0.020871833894988586,0.026606152842700292,0.0324220023915643,0.021714316773562344,0.034,Low
3rd Quarter 2025,City of Taguig,Adult,1,0.0026667226608432723,0.008399126490844951,0.025890307408029566,0.009606500923903914,0.003790105828993785,0.017428187468503276,0.0113,Low
1st Quarter 2025,Basilan,Adult,1,0.5,0.0,0.5,0.5,0.5,1.0,0.5,High
2nd Quarter 2025,City of Zamboanga,Adult,1,0.012371634187757743,0.06206032182420959,0.01220991347942104,0.0,0.04241125576130023,0.0016980674375353764,0.0218,Low
3rd Quarter 2025,La Union,Adult,1,0.02774694154961486,0.000917535115541459,0.003256683280471228,0.008048255550521069,0.029355459900317172,0.0029791572270049843,0.0121,Low
2nd Quarter 2025,Pangasinan,Adult,1,0.4620787300524495,0.009917977904251758,0.005904056466912175,0.000777675482647026,0.8322662091284455,0.008934549715433546,0.22,Moderate
2nd Quarter 2025,City of Valenzuela,Adult,1,0.008624206524044973,0.0,0.0,0.0,0.0038429529544230677,0.006584422577960543,0.0032,Low
3rd Quarter 2025,Region 4A,Adult,1,0.07849402561986436,0.041293641680720514,0.0026144640998959417,0.006334098819476838,0.09745774875309483,0.004631490186228426,0.0385,Low
2nd Quarter 2025,Tawi-Tawi,Adult,1,0.0,0.0,0.5,0.5,0.0,0.0,0.1667,Low
1st Quarter 2025,Romblon,Adult,1,0.060593775338364624,0.09982536019459864,0.010696688080833282,0.02967317407846317,0.07320838271065927,0.03511507515748768,0.0515,Low
2nd Quarter 2025,Zamboanga del Norte,Adult,1,0.08771982836767994,0.04423762615579863,0.04064180818275216,0.03423581313833323,0.025956366712999335,0.0017828005076448903,0.0391,Low
1st Quarter 2025,Leyte,Adult,1,0.09154010085244327,0.0436952215151879,0.025018009364869732,0.0067084884139752676,0.03180153679913555,0.0020860847640773203,0.0335,Low
1st Quarter 2025,Tawi-Tawi,Adult,1,0.5,0.0,0.0,0.0,0.5,1.0,0.3333,Moderate
1st Quarter 2025,Dinagat Islands,Adult,1,0.06668946648426813,0.0014819881440948472,0.05597355221158231,0.0,0.11468308253533972,0.0,0.0398,Low
2nd Quarter 2025,City of Valenzuela,Adult,1,0.006568804879683625,0.006166633152356056,0.0,0.004407131845297943,0.0036865741671693814,0.009970507406662645,0.0051,Low
2nd Quarter 2025,Northern Samar,Adult,1,0.04957488554610857,0.09290385873119686,0.005886200130804447,0.00896010464355788,0.0670699803793329,0.00552648790058862,0.0383,Low
2nd Quarter 2025,NCR,Adult,1,0.002884846391783537,0.016592089852548123,0.017667572599777772,0.02406040721943602,0.01639876572870056,0.012704961109943241,0.0151,Low
1st Quarter 2025,Davao de Oro,Adult,1,0.06941778004153117,0.1209203463542687,0.0,0.005984798025310504,0.029071817576303727,0.12965756376601498,0.0592,Low
1st Quarter 2025,Batangas,Adult,1,0.11368003074164211,0.04845302001700106,0.0005414721054531481,0.06585872818100307,0.08800377283789607,0.0013333022811695798,0.053,Low
3rd Quarter 2025,BARMM,Adult,1,0.0,0.5,0.0,0.0,0.5,0.0,0.1667,Low
1st Quarter 2025,Pangasinan,Adult,1,0.0,0.0,0.0,0.0,0.0,0.0,0.0,Low
3rd Quarter 2025,City of Parañaque,Adult,1,0.0,0.00858424920335566,0.0228750731612148,0.013038954282369774,0.004731091890485791,0.0022923847304415685,0.0086,Low
1st Quarter 2025,City of Zamboanga,Adult,1,0.05925385577323885,0.029616506877865777,0.008607753230512714,0.028720300125052105,0.07180075031263027,0.0,0.033,Low
1st Quarter 2025,Davao del Sur,Adult,1,0.03898184955779483,0.0792271424609411,0.173045514776124,0.15125882099164895,0.15856213984160736,0.0028042279128532247,0.1006,Low
1st Quarter 2025,Region 12,Adult,1,0.05013093547878214,0.06663196087710996,0.0032970500078876794,0.012257453857075249,0.039387916075090706,0.030528474522795394,0.0337,Low
2nd Quarter 2025,City of Butuan,Adult,1,0.0,0.06413137865863003,0.014123716606221587,0.0005363436685906931,0.07465393063288553,0.0063595034990039335,0.0266,Low
3rd Quarter 2025,Davao del Sur,Adult,1,0.01651009394363382,0.06975814511293224,0.1831301219268439,0.2260643613831701,0.197921247251649,0.005456725964421347,0.1165,Low
3rd Quarter 2025,Southern Leyte,Adult,1,0.0,0.045180958336590325,0.008246697412647542,0.0,0.05719273561062039,0.0,0.0184,Low
3rd Quarter 2025,Ilocos Norte,Adult,1,0.024200467089271246,0.0045993994566512555,0.003681902673847767,0.002978885658452886,0.03848720270721129,0.005743291549497164,0.0133,Low
2nd Quarter 2025,Eastern Samar,Adult,1,0.0028218804266931284,0.12186802282312081,0.01138055073182833,0.0037831803522699083,0.02964524931778715,0.0,0.0282,Low
2nd Quarter 2025,Zamboanga del Sur,Adult,1,0.07698362285619598,0.08212046728713855,0.00603441133419868,0.0260294401944268,0.024123836615206163,0.0014637244883868653,0.0361,Low
2nd Quarter 2025,Sulu,Adult,1,0.03168291431503335,0.0022447408927655206,0.003976398152898923,0.011480246280143663,0.5030143663417137,0.0024371472550025653,0.0925,Low
1st Quarter 2025,City of Malabon,Adult,1,0.030106470106470107,0.016527436527436528,0.01185913185913186,0.0,0.1222113022113022,0.01611793611793612,0.0328,Low
2nd Quarter 2025,Quezon,Adult,1,0.06584328893287418,0.07583591690819305,0.0181069044565404,0.21138523373357704,0.0740131080658029,0.05605768356846389,0.0835,Low
3rd Quarter 2025,Region 6,Adult,1,0.03234871577816396,0.0590241460565782,0.010736102688909418,0.012388436916239679,0.015265777553487198,0.004025021061156715,0.0223,Low
3rd Quarter 2025,Region 1,Adult,1,0.07711620483942908,0.03416139328724353,0.0,0.0,0.09686524308652988,0.0,0.0347,Low
3rd Quarter 2025,South Cotabato,Adult,1,0.036382419233658904,0.01012396694214876,0.0,0.017374154770848985,0.01891435011269722,0.047990232907588276,0.0218,Low
3rd Quarter 2025,City of Malabon,Adult,1,0.009105229993698803,0.06055450535601764,0.011688720856962823,0.0058601134215500944,0.0046313799621928164,0.014429741650913673,0.0177,Low
1st Quarter 2025,Region 3,Adult,1,0.05523504064563654,0.05862435000662759,0.019433525207682798,0.022320875625004073,0.006724837406588917,0.009637720367581709,0.0287,Low
1st Quarter 2025,Davao del Sur,Adult,1,0.0746524064171123,0.04319073083778966,0.3306595365418895,0.2510338680926916,0.0549554367201426,0.0024064171122994654,0.1261,Low
2nd Quarter 2025,Sarangani,Adult,1,0.004756115005006437,0.012945215276784437,0.01729604729890812,0.010334716063510227,0.03653506889810709,0.018285414580651315,0.0167,Low
2nd Quarter 2025,Zamboanga del Sur,Adult,1,0.0892379679144385,0.03368072435585805,0.02547702965483714,0.041641346621293145,0.029472532814778803,0.006836412250850753,0.0377,Low
1st Quarter 2025,Lanao del Norte,Adult,1,0.0,0.019884671611890194,0.007038821809518653,0.011749417943581137,0.028791488440088796,0.005319724944501597,0.0121,Low
3rd Quarter 2025,City of Cotabato,Adult,1,0.5,0.0,0.0,0.0,0.5,0.0,0.1667,Low
2nd Quarter 2025,Caraga,Adult,1,0.0,0.0,0.5,0.0,0.0,0.0,0.0833,Low
1st Quarter 2025,Maguindanao del Norte,Adult,1,0.060133340278139484,0.46722485546122194,0.0056252929840095835,0.005755508099380176,0.548153549664045,0.0,0.1811,Low
3rd Quarter 2025,City of Angeles,Adult,1,0.027849644260908503,0.02537439673615603,0.007288919846758545,0.004863426041096572,0.028508881038857653,0.009652221503557391,0.0173,Low
3rd Quarter 2025,South Cotabato,Adult,1,0.05128535306237123,0.006075575950552538,0.0006672597864768683,0.0,0.0034884809889492415,0.05335737029406256,0.0191,Low
2nd Quarter 2025,Camiguin,Adult,1,0.001047242262043286,0.005119851058878288,0.0,0.01245054689318129,0.0019781242727484293,0.004072608796835001,0.0041,Low
3rd Quarter 2025,Davao de Oro,Adult,1,0.07088044201156188,0.09009055097968997,0.0015731314268174145,0.07224893845602906,0.018596204021077402,0.015654576149792807,0.0448,Low
3rd Quarter 2025,City of Taguig,Adult,1,0.0019597005175619317,0.014986684086226823,0.003354102808904075,0.01314004321390885,0.0,0.022850610522084317,0.0094,Low
3rd Quarter 2025,Ormoc City,Adult,1,0.014339571832503029,0.0428167496970513,0.0,0.0011444728692608052,0.07398680490103676,0.0005385754678874377,0.0221,Low
1st Quarter 2025,Apayao,Adult,1,0.022292796281951976,0.012610379550735863,0.006971340046475601,0.007993803253292022,0.0014562354763749032,0.07570875290472502,0.0212,Low
2nd Quarter 2025,Cebu,Adult,1,0.0695173793448362,0.10388534633658415,0.08245811452863216,0.05842085521380345,0.009674293573393349,0.0408227056764191,0.0608,Low
2nd Quarter 2025,City of Iligan,Adult,1,0.003251245157719978,0.06627006087437742,0.0,0.0,0.0015218594355285002,0.013350857775318206,0.0141,Low
2nd Quarter 2025,Misamis Occidental,Adult,1,0.0117624810892587,0.06505295007564296,0.008207261724659607,0.008774583963691377,0.010854765506807867,0.0074508320726172465,0.0187,Low
1st Quarter 2025,City of Malabon,Adult,1,0.031291460832745234,0.0012561750176429075,0.007254763585038814,0.0012702893436838392,0.00475652787579393,0.0,0.0076,Low
3rd Quarter 2025,Pateros,Adult,1,0.0033738191632928477,0.004048582995951417,0.0,0.006916329284750338,0.0052294197031039135,0.004554655870445344,0.004,Low
2nd Quarter 2025,Aklan,Adult,1,0.07268748521409983,0.04110480246037379,0.007806955287437899,0.022533711852377573,0.09853323870357228,0.007984386089425125,0.0418,Low
1st Quarter 2025,Region 4A,Adult,1,0.0,0.0,0.0,0.0,0.0,0.0,0.0,Low
2nd Quarter 2025,Sorsogon,Adult,1,0.06453651241653853,0.05145649472376098,0.0021958000716136234,0.023695684226046294,0.04477957747962171,0.007019188238515492,0.0323,Low
1st Quarter 2025,Kalinga,Adult,1,0.0058022860134368725,0.010055841549603001,0.0038172934298926794,0.00239944158450397,0.03930721577523776,0.04506587557804729,0.0177,Low
3rd Quarter 2025,Capiz,Adult,1,0.026281821441376838,0.04363571172463249,0.0,0.03732520616708498,0.013822158479741843,0.02337755467909645,0.0241,Low
1st Quarter 2025,Region 11,Adult,1,0.02114032757857459,0.10125453740593182,0.1418291279327136,0.037203187250996014,0.12483930942895086,0.00683045595396193,0.0722,Low
1st Quarter 2025,City of Pasig,Adult,1,0.017635196711457544,0.07601845927132414,0.008638240940026758,0.007649351404804839,0.16963333527233243,0.008037151222538926,0.0479,Low
2nd Quarter 2025,Zambales,Adult,1,0.05839555888874397,0.03204887830963871,0.0,0.020461066910134343,0.029945708882222512,0.00022009912612495108,0.0235,Low
3rd Quarter 2025,Camarines Norte,Adult,1,0.01916300831792976,0.04651397874306839,0.014606920055452865,0.004938770794824399,0.09482584334565619,0.005314232902033271,0.0309,Low
2nd Quarter 2025,City of Davao,Adult,1,0.05284675602220725,0.04638899858301006,0.0021893656066343005,0.1448407628516342,0.07602383330623243,0.0016492833747589956,0.054,Low
3rd Quarter 2025,Davao Occidental,Adult,1,0.02930354796320631,0.0037669732807709155,0.021835304424003506,0.0574682435392028,0.1073149364870784,0.006570302233902759,0.0377,Low
3rd Quarter 2025,Davao del Norte,Adult,1,0.06869004937858612,0.03916834534466835,0.15797875048178664,0.08406722469074751,0.22278541768175175,0.013650015635340232,0.0977,Low
2nd Quarter 2025,BARMM,Adult,1,0.0,0.0,0.0,0.0,0.0,0.5,0.0833,Low
1st Quarter 2025,City of Bacolod,Adult,1,0.045682102628285357,0.06975733555833681,0.0,0.01004728132387707,0.048428591294673896,0.001112501738283966,0.0292,Low
3rd Quarter 2025,Region 5,Adult,1,0.10066019897290444,0.015113668106319431,0.04609843357184297,0.032749414469584646,0.1409355594232794,0.021796235415458002,0.0596,Low
3rd Quarter 2025,Region 10,Adult,1,0.009870726871782838,0.017042873431468996,0.006656197258097997,0.006271115563618203,0.0290315496228907,0.002957307075575291,0.012,Low
2nd Quarter 2025,Maguindanao del Norte,Adult,1,0.04508799513110514,0.46642491251204543,0.0,0.011665060607597505,0.5361616878835522,0.006796165745295938,0.1777,Low
2nd Quarter 2025,Ifugao,Adult,1,0.017152658662092625,0.02683886590656846,0.0057007365553425485,0.006306124508122289,0.03364948037534053,0.001311673897689436,0.0152,Low
3rd Quarter 2025,Special Geographic Area (SGA),Adult,1,0.49376240430961155,0.010490501842925999,0.002339098383895662,0.0,0.45435214062943013,0.5038984973064927,0.2441,Moderate
2nd Quarter 2025,Pateros,Adult,1,0.0011899095668729176,0.008567348881485007,0.007377439314612089,0.00404569252736792,0.0009519276534983341,0.0,0.0037,Low
3rd Quarter 2025,City of Muntinlupa,Adult,1,0.018152199208750292,0.03679311147312078,0.005515475913427973,0.0,0.04088899232022341,0.0,0.0169,Low
3rd Quarter 2025,CAR,Adult,1,0.0,0.0,0.0,0.0,0.5,0.0,0.0833,Low
3rd Quarter 2025,City of Malabon,Adult,1,0.0048597174674379255,0.02528233581237949,0.006945264234840436,0.01713689843780742,0.0033447448156455357,0.0,0.0096,Low
1st Quarter 2025,Region 9,Adult,1,0.0878652546680109,0.017447237520725883,0.016768178371757807,0.035994300902357126,0.03251151900949016,0.007402994525866738,0.033,Low
2nd Quarter 2025,Abra,Adult,1,0.019881420377650318,0.05290971192885223,0.012727975768511954,0.006863440097957079,0.0683766191918541,0.06032093832570729,0.0368,Low
3rd Quarter 2025,Camarines Norte,Adult,1,0.004414356673609998,0.06889921486941196,0.01865085723441756,0.022015702611760935,0.1053436949206858,0.021294664316615926,0.0401,Low
3rd Quarter 2025,Nueva Vizcaya,Adult,1,0.027570147194112236,0.00412066850659307,0.028020545844832875,0.023832796688132474,0.02956340079730144,0.0010637074517019318,0.019,Low
1st Quarter 2025,Tarlac,Adult,1,0.03770974863325848,0.035738987900666076,0.00010422292335825209,0.0042068161791876295,0.016907800612072803,0.0066655296893209405,0.0169,Low
2nd Quarter 2025,Camiguin,Adult,1,0.002070393374741201,0.024269611226132966,0.00862663906142167,0.012537382102599495,0.0025304807913503567,0.0,0.0083,Low
2nd Quarter 2025,Laguna,Adult,1,0.015015789926395596,0.053851636131283714,0.034148019808063305,0.0321082316511225,0.08583084503753947,0.12062397856993647,0.0569,Low
3rd Quarter 2025,Cagayan,Adult,1,0.032336284847157476,0.09226088044804606,0.0290588529770658,0.08387566096179719,0.04261443634429461,0.013735490128594225,0.049,Low
1st Quarter 2025,Negros Oriental,Adult,1,0.05500555611677947,0.017493349496582145,0.04798464491362764,0.004343873118496818,0.05684075832575681,0.030070377479206652,0.0353,Low
2nd Quarter 2025,Southern Leyte,Adult,1,0.01127364475622384,0.04187874633570085,0.0009333936150043024,0.006526463167412896,0.025989178467776045,0.00033543833039217116,0.0145,Low
3rd Quarter 2025,City of Valenzuela,Adult,1,0.0034134390398326314,0.005409199768767033,0.0035510777107936246,0.008258320257659593,0.005698240977785119,0.014933795799267763,0.0069,Low
3rd Quarter 2025,City of Bacolod,Adult,1,0.02273962674397536,0.07804855952165247,0.0,0.006613516941474905,0.1001993114694691,0.015673129190070665,0.0372,Low
2nd Quarter 2025,Region 5,Adult,1,0.07702418443492949,0.07578568692035786,0.05275180172474031,0.01666188776899371,0.09105366260339888,0.0068840221772979064,0.0534,Low
1st Quarter 2025,Surigao del Sur,Adult,1,0.01925942764769771,0.1358768406961178,0.06245106211007552,0.05324442423783183,0.06309514788714607,0.022265161274026925,0.0594,Low
2nd Quarter 2025,City of Naga,Adult,1,0.07754878950583545,0.089782336109057,0.01773140854579944,0.0939941484744237,0.08348069318072211,0.027360704755168313,0.065,Low
3rd Quarter 2025,Northern Samar,Adult,1,0.056638385691355195,0.10621926673291039,0.005172106295701802,0.00044587123238808634,0.09869041249458585,0.0005223063007974726,0.0446,Low
2nd Quarter 2025,Surigao del Norte,Adult,1,0.07759201833625455,0.0071232753584108575,0.06190733000764011,0.03972855152577412,0.10846703518942968,0.0409644510359085,0.056,Low
3rd Quarter 2025,Surigao del Sur,Adult,1,0.0934103685196752,0.03722673329169269,0.09975015615240475,0.04590880699562773,0.04940662086196127,0.002467207995003123,0.0547,Low
3rd Quarter 2025,Nueva Ecija,Adult,1,0.06388504448866515,0.12294674691027371,0.019128550549352,0.026382953969804425,0.02379313437249289,0.01788514628784445,0.0457,Low
3rd Quarter 2025,Cagayan,Adult,1,0.09482500172961172,0.06572524541268536,0.049885845626388495,0.04410509889535465,0.022089063472906595,0.029218907346621876,0.051,Low
3rd Quarter 2025,Bulacan,Adult,1,0.07111860745781678,0.09091958921176674,0.030047916619227153,0.03991750404184653,0.05537411071243848,0.012029576232315905,0.0499,Low
3rd Quarter 2025,Nueva Ecija,Adult,1,0.11145853690313334,0.07903393915705817,0.02108983128134975,0.028695199009836494,0.04947560419516644,0.010145918832649339,0.05,Low
2nd Quarter 2025,Maguindanao del Sur,Adult,1,0.5164674679379574,0.5136893171288525,0.006068287114751897,0.0015275632847646546,0.008745719465520715,0.0026354663264620964,0.1749,Low
2nd Quarter 2025,Region 3,Adult,1,0.0,0.0,0.0,0.0,0.0,0.0,0.0,Low
3rd Quarter 2025,Maguindanao del Norte,Adult,1,0.5,0.0,0.0,0.0,0.0,0.0,0.0833,Low
3rd Quarter 2025,Batanes,Adult,1,0.027999004479840717,0.10540069686411149,0.05438028870084619,0.12730214036834245,0.059233449477351915,0.11759581881533102,0.082,Low
2nd Quarter 2025,Lanao del Norte,Adult,1,0.0,0.03004108723135272,0.016845764854614413,0.03117888748419722,0.027718078381795196,0.0002370417193426043,0.0177,Low
1st Quarter 2025,Abra,Adult,1,0.056313112699933665,0.057897840347903,0.008623866735461045,0.0016952900420137097,0.013267487285324685,0.03261590624308985,0.0284,Low
1st Quarter 2025,Antique,Adult,1,0.02011869759337907,0.05499292170314712,0.00567624959163672,0.005240662092997931,0.02145268430796036,0.003008276162474137,0.0184,Low
1st Quarter 2025,Leyte,Adult,1,0.07302961938723528,0.041918346554108143,0.0016920165926788443,0.06647987773815589,0.056564296630521795,0.0049123062368095485,0.0408,Low
2nd Quarter 2025,Nueva Ecija,Adult,1,0.06735078126628362,0.04541349099928439,0.026272640742567722,0.011401138029499836,0.035537368080982124,0.0,0.031,Low
2nd Quarter 2025,Antique,Adult,1,0.050048170746770086,0.006410414762481164,0.007361478224352166,0.005595217509448878,0.010313480398211507,0.003878362688668758,0.0139,Low
1st Quarter 2025,Zamboanga del Sur,Adult,1,0.05089367974940114,0.025207296849087894,0.04532891100055279,0.04680302192740004,0.0419937350285609,0.0003132485719550396,0.0351,Low
3rd Quarter 2025,Zamboanga del Sur,Adult,1,0.04924077416142884,0.013659841931669674,0.003656108034102931,0.04877403696558591,0.03127139212147614,0.00244259132491132,0.0248,Low
1st Quarter 2025,City of Olongapo,Adult,1,0.0012915590367469378,0.018665111240729938,0.006749437546871094,0.000666611115740355,0.007999333388884259,0.007416048662611449,0.0071,Low
2nd Quarter 2025,Marinduque,Adult,1,0.008158208090625303,0.03124899430373636,0.006291635825314582,0.0004022785054548965,0.02701702442635085,0.01076497280597303,0.014,Low
2nd Quarter 2025,Region 5,Adult,1,0.0,0.5,0.5,0.0,0.0,0.0,0.1667,Low
1st Quarter 2025,City of Bacolod,Adult,1,0.05682543736432129,0.09890180053632996,0.00849189120163453,0.0,0.05893244796322309,0.0007661856723279274,0.0373,Low
2nd Quarter 2025,Zamboanga Sibugay,Adult,1,0.004484836979735181,0.0672191637796023,0.009319681078259218,0.02803616344739215,0.031026054767215604,0.0,0.0233,Low
1st Quarter 2025,Oriental Mindoro,Adult,1,0.03929942252498358,0.056675542031190566,0.0,0.03153636017842941,0.10719596113281925,0.060410110999688786,0.0492,Low
1st Quarter 2025,City of Manila,Adult,1,0.0012805320897519208,0.027751232751041625,0.02968158709529452,0.01576774588127365,0.011123428003516685,0.005408814647758113,0.0152,Low
3rd Quarter 2025,Palawan,Adult,1,0.06647791028417839,0.09757052268990893,0.029552986613084208,0.027113071162026044,0.06904830249732523,0.0024138200986404323,0.0487,Low
3rd Quarter 2025,Maguindanao del Norte,Adult,1,0.9397574758653167,0.8716741229102896,0.0015540381445726394,0.0,0.5026607016717684,0.007287497056745938,0.3872,Moderate
2nd Quarter 2025,Bohol,Adult,1,0.03274164677804296,0.00551909307875895,0.028844719570405727,0.037030131264916465,0.07864707637231504,0.10613066825775656,0.0482,Low
1st Quarter 2025,Kalinga,Adult,1,0.052467869838665575,0.05065627563576702,0.0,0.013433141919606234,0.14632895816242822,0.01688542521192234,0.0466,Low
3rd Quarter 2025,Zambales,Adult,1,0.03239263207348486,0.0020007452168419007,0.014815234824307029,0.003985290067555527,0.009477214185040581,0.0037665851248238212,0.0111,Low
1st Quarter 2025,City of Isabela,Adult,1,0.0730378764882458,0.039714661540018216,0.006071031063442275,0.06887247461971736,0.08259975041316739,0.006998549698134844,0.0462,Low
1st Quarter 2025,Catanduanes,Adult,1,0.10437027869062353,0.308650932525287,0.0070419529682898725,0.0,0.1734240962827024,0.01278221160001707,0.101,Low
3rd Quarter 2025,Benguet,Adult,1,0.010091571668846944,0.029215722917834672,0.0,0.0,0.029464897526942004,0.09982557777362487,0.0281,Low
2nd Quarter 2025,Laguna,Adult,1,0.04458418309539995,0.0593511594531309,0.007534556990709268,0.1378502908074628,0.08350328574665761,0.07124782838582974,0.0673,Low
2nd Quarter 2025,Batanes,Adult,1,0.008264462809917356,0.13636363636363635,0.017181383210091345,0.15963462374945628,0.07416267942583732,0.0006524575902566333,0.066,Low
3rd Quarter 2025,City of Isabela,Adult,1,0.052038226071375246,0.030536060922801256,0.0008959235478572496,0.04793190981036285,0.08966701508137973,0.009855159026429744,0.0385,Low
2nd Quarter 2025,City of Baguio,Adult,1,0.02512580133728545,0.061935617288205694,0.00031019507823809193,3.446611980423244e-05,0.07313710622458124,0.02981319363066106,0.0317,Low
1st Quarter 2025,City of Butuan,Adult,1,0.03990055287040579,0.04808929378629299,0.006641399214159046,0.004329079592475399,0.023366598282276854,0.0,0.0204,Low
2nd Quarter 2025,La Union,Adult,1,0.0,0.02219970231497609,0.004876967412990468,0.014741742407448459,0.0,0.006919593374924787,0.0081,Low
3rd Quarter 2025,Pateros,Adult,1,0.0012162162162162162,0.005405405405405406,0.005,0.008108108108108109,0.0014864864864864865,0.003108108108108108,0.0041,Low
1st Quarter 2025,Region 6,Adult,1,0.029861676305344715,0.05243518541757048,0.008763548228646414,0.007446819953318442,0.02790675161610693,0.01407169312074461,0.0234,Low
1st Quarter 2025,Misamis Oriental,Adult,1,0.0030725596785629874,0.06343063105648783,0.0,0.04845190262349326,0.005716733632710943,0.01140392342235878,0.022,Low
3rd Quarter 2025,Surigao del Sur,Adult,1,0.014166204474024774,0.05391477167683491,0.06647485672028101,0.0516038084673692,0.016615825476058423,0.038535311517840634,0.0402,Low
1st Quarter 2025,Lanao del Norte,Adult,1,0.024305732484076432,0.03763057324840764,0.02045859872611465,0.003363057324840764,0.012433121019108281,0.009095541401273886,0.0179,Low
1st Quarter 2025,City of Manila,Adult,1,0.0016724645437516724,0.01453037195611453,0.006087770939256088,0.026358041209526357,0.005137811078405138,0.007064490232807064,0.0101,Low
3rd Quarter 2025,Zambales,Adult,1,0.04014505430424958,0.045110795247467014,0.006469130403090604,0.03303812231212187,0.02033675923901159,0.010970187331438152,0.026,Low
1st Quarter 2025,City of Angeles,Adult,1,0.033513997314902295,0.030431107354184278,0.03408582367858386,0.005494505494505495,0.017602307195067377,0.01775147928994083,0.0231,Low
1st Quarter 2025,City of Cagayan De Oro,Adult,1,0.019705775517617145,0.15253057270856035,0.015271219275941397,0.0,0.05394115510352343,0.001135125317835089,0.0404,Low
2nd Quarter 2025,Zambales,Adult,1,0.02620948765412732,0.047434348821886865,0.0,0.014859755906252941,0.022291594766730462,0.00401593825494933,0.0191,Low
3rd Quarter 2025,CAR,Adult,1,0.019966813691045623,0.01935303629329247,0.0019598547252393734,0.0,0.10639090424226005,0.003754624495221002,0.0252,Low
2nd Quarter 2025,Batangas,Adult,1,0.02959927140255009,0.12637070451461474,0.00016197845992102787,0.17632425031478832,0.08411571985672547,0.09307649050745101,0.0849,Low
1st Quarter 2025,City of Cotabato,Adult,1,0.033088996562720005,0.011098687207520603,0.019526235143081955,0.007992711309893569,0.028305793680374374,0.0003520106017310639,0.0167,Low
1st Quarter 2025,Antique,Adult,1,0.04263150849953152,0.07020479186186589,0.004500736179895597,0.005454423771918083,0.030049524829340115,0.007395261678490162,0.0267,Low
1st Quarter 2025,Region 1,Adult,1,0.04266621212671605,0.12676076016218135,0.0,0.001272805005155489,0.10495681404751991,0.0021627905027230485,0.0463,Low
2nd Quarter 2025,City of Baguio,Adult,1,0.03386048316677986,0.026632385757252353,0.0015523430678179879,0.005578732899970893,0.1012903851751237,0.21271951101193365,0.0636,Low
2nd Quarter 2025,Batanes,Adult,1,0.06868843960601348,0.15215137376879212,0.06091238983929497,0.16744427164333853,0.08631415241057543,0.10005184033177812,0.1059,Low
1st Quarter 2025,City of Cotabato,Adult,1,0.5,0.0,0.0,0.0,0.0,0.0,0.0833,Low
1st Quarter 2025,Cavite,Adult,1,0.07162069066604128,0.06192468925891182,0.017233671435272047,0.08122874648217636,0.12514657598499063,0.0855454092401501,0.0738,Low
2nd Quarter 2025,City of Makati,Adult,1,0.017176435136356787,0.014991713123399126,0.08113605544673798,0.022073225855054994,0.0,0.14931444929938226,0.0474,Low
1st Quarter 2025,Region 3,Adult,1,0.06221788647890305,0.05172789019654666,0.010068572886166837,0.035394409423819516,0.02771218383069254,0.007841243049770293,0.0325,Low
1st Quarter 2025,Quirino,Adult,1,0.04998135024244685,0.006985181919907768,0.03116204943881184,0.05296531145095114,0.030721236987555526,0.015292801193584483,0.0312,Low
2nd Quarter 2025,Davao Oriental,Adult,1,0.0212485896953742,0.05636090122739239,0.18344216896304147,0.2377688126089781,0.0011111490991144997,0.01063284214844952,0.0851,Low
3rd Quarter 2025,City of Bacolod,Adult,1,0.03817626527050611,0.06926265270506109,0.013125363583478766,0.0,0.09900378126817917,0.009089586969168121,0.0381,Low
3rd Quarter 2025,Pampanga,Adult,1,0.05337267278862457,0.026751389192002283,0.024573169708059832,0.032664898349757415,0.022730706599291554,0.007743381402454379,0.028,Low
2nd Quarter 2025,City of Bacolod,Adult,1,0.039633286318758815,0.09407616361071933,0.002538787023977433,0.008039492242595205,0.19358251057827927,0.0006346967559943583,0.0564,Low
2nd Quarter 2025,City of Olongapo,Adult,1,0.01703820843748406,0.05420088761924195,0.0,0.009029230219864307,0.020098964444217722,0.0011987961026373513,0.0169,Low
3rd Quarter 2025,Cagayan,Adult,1,0.018276950480007333,0.019927180333451207,0.054051576231451286,0.03485783138841958,0.06373030529252288,0.006234201668565741,0.0328,Low
2nd Quarter 2025,NCR,Adult,1,0.0,0.5,0.0,0.0,0.0,0.0,0.0833,Low
3rd Quarter 2025,Ormoc City,Adult,1,0.026772045996653494,0.05267186443091602,0.0018868596247641426,0.005980988999252377,0.07648901705293887,0.009736907686282886,0.0289,Low
1st Quarter 2025,Ormoc City,Adult,1,0.002465483234714004,0.06283460129613976,0.0,0.0,0.09404057480980559,0.013595378979994365,0.0288,Low
3rd Quarter 2025,City of Tacloban,Adult,1,0.058271631338376415,0.09220550105583919,0.016332094838416508,0.0,0.011266739728956724,0.00392932559942263,0.0303,Low
2nd Quarter 2025,Tarlac,Adult,1,0.012999783131579986,0.02812142659989748,0.0004509877370766137,0.005675545128346674,0.008302610307164544,0.006518374669768542,0.0103,Low
2nd Quarter 2025,City of Makati,Adult,1,0.0,0.0018222948347367098,0.045306019856729926,0.011624984290561769,0.05429181852456956,0.003204725399019731,0.0194,Low
3rd Quarter 2025,City of Pasig,Adult,1,0.03149342490995896,0.06309154870592176,0.004208895217354887,0.013338638076890862,0.1650054443420722,0.0,0.0462,Low
3rd Quarter 2025,Mountain Province,Adult,1,0.004786341655975525,0.03891575380769104,0.0,0.0026645613342544164,0.04533043850126649,0.017089377940063818,0.0181,Low
1st Quarter 2025,City of Lapu-Lapu,Adult,1,0.012298126930747272,0.0644820709341884,0.023794627145817853,0.0823329292613303,0.08436632385719313,0.017166542838149612,0.0474,Low
1st Quarter 2025,Basilan,Adult,1,0.5038476094361044,0.48688028257852906,0.5106597704049451,0.39113157562760187,0.023779487826416045,0.014696606534628485,0.3218,Moderate
3rd Quarter 2025,Quezon,Adult,1,0.04853843753250806,0.04958909809632789,0.007874752938728805,0.005908665349006553,0.11228544679080411,0.08425049412254239,0.0514,Low
1st Quarter 2025,Sulu,Adult,1,0.058707237407598416,0.00042977479800584495,0.01444043321299639,0.0,0.9534983668557676,0.0024926938284339007,0.1716,Low
2nd Quarter 2025,City of Cotabato,Adult,1,0.03457907576989711,0.014549375950217444,0.016334900823816428,0.01751935791818407,0.3888378177703921,0.0012728494148428384,0.0788,Low
3rd Quarter 2025,City of Valenzuela,Adult,1,0.0,0.0012169075646947798,0.013435652908160732,0.0,0.002334475736353251,0.007226940843391447,0.004,Low
1st Quarter 2025,Quirino,Adult,1,0.04058721934369603,0.06176978563446104,0.09633749873006198,0.07591689525551153,0.029564157269125268,0.0160774154221274,0.0534,Low
2nd Quarter 2025,Bataan,Adult,1,0.02200288806514522,0.011649025650186832,0.012274276867193665,0.01309305822279785,0.04378247212421658,0.0,0.0171,Low
3rd Quarter 2025,Region 2,Adult,1,0.05578156812310415,0.0518764459075894,0.04672554658587707,0.09181630365090494,0.053982737222582594,0.0033230096625059525,0.0506,Low
1st Quarter 2025,Romblon,Adult,1,0.04057275724040499,0.08152813750882976,0.00010301389215917118,0.002840240169531434,0.04250058865081234,0.01930774664469037,0.0311,Low
3rd Quarter 2025,Agusan del Norte,Adult,1,0.0033083931389016135,0.1125108159006464,0.03710490151168117,0.046546546546546545,0.028324935104596122,0.05168728050083982,0.0466,Low
3rd Quarter 2025,City of Puerto Princesa,Adult,1,0.04193649467307291,0.08716315019845415,0.00010444955086693127,0.002245665343639022,0.008303739293921036,0.06559431794443284,0.0342,Low
3rd Quarter 2025,Abra,Adult,1,0.05568023525770004,0.03749419594490017,0.007313109425785482,0.00444977557653614,0.01803126451013775,0.05258473920445751,0.0293,Low
1st Quarter 2025,Romblon,Adult,1,0.04089782429082897,0.0874414761773616,0.013908014321123657,0.051225557697603966,0.14417515835857891,0.004544202698980997,0.057,Low
3rd Quarter 2025,Aklan,Adult,1,0.006694677871148459,0.10218487394957983,0.019943977591036416,0.029859943977591036,0.005042016806722689,0.005910364145658264,0.0283,Low
1st Quarter 2025,Camarines Sur,Adult,1,0.03379186602870814,0.04476202467892219,0.024403487786451777,0.0655455175018887,0.03516116847141778,0.011804331402669352,0.0359,Low
3rd Quarter 2025,Region 9,Adult,1,0.05945330296127563,0.053754119026030035,0.0372249375234978,0.04522635292036181,0.022540195059380323,0.02090364243536723,0.0399,Low
1st Quarter 2025,Region 11,Adult,1,0.08214825178719347,0.0,0.13962557687890242,0.1332076903265326,0.04217045683936489,0.0,0.0662,Low
1st Quarter 2025,Bataan,Adult,1,0.02965836220240289,0.024448109383061842,0.012258605439669787,0.015022665290779096,0.051706346281418146,0.018367177710621362,0.0252,Low
2nd Quarter 2025,Aklan,Adult,1,0.0010715561376354328,0.0359566615073223,0.018811763305155375,0.0785212525300631,0.11042981307298488,0.006429336825812597,0.0419,Low
2nd Quarter 2025,Ilocos Sur,Adult,1,0.0035669799569697657,0.007275506737628808,0.0023921413203487714,0.0017834899784848828,0.04964047106782924,0.0,0.0108,Low
2nd Quarter 2025,Tawi-Tawi,Adult,1,0.17905651048483262,0.008230811738359073,0.027818980310036937,0.046389203967076756,0.5157199778960533,0.5045225838350348,0.2136,Moderate
2nd Quarter 2025,Region 12,Adult,1,0.002080513806776361,0.061210437590521645,0.01334378042120759,0.0,0.0005817128475437472,0.02158866965833274,0.0165,Low
1st Quarter 2025,Tawi-Tawi,Adult,1,0.15266438416293565,0.0,0.5,0.03445702747783338,0.03774910016679835,0.4977613905715038,0.2038,Moderate
3rd Quarter 2025,Apayao,Adult,1,0.0159870837026719,0.017854881600607827,0.0,0.004938584272508547,0.009149043940736989,0.09000253260731923,0.023,Low
2nd Quarter 2025,CAR,Adult,1,0.0,0.0,0.0,0.0,0.0,0.0,0.0,Low
1st Quarter 2025,Tarlac,Adult,1,0.02059439011630247,0.021105477081572697,0.0061752988047808766,0.009378647028049419,0.04715883938991509,0.006772908366533864,0.0185,Low
3rd Quarter 2025,City of Cagayan De Oro,Adult,1,0.01501871183769943,0.04633641914516447,0.004751821942091786,0.0009355918849714398,0.005515067953515856,0.002068150482568446,0.0124,Low
2nd Quarter 2025,Quezon City,Adult,1,0.00996200504205302,0.016476452463208096,0.009940457806922409,0.002054169749118359,0.008848731226971392,0.012536899640161173,0.01,Low
1st Quarter 2025,Occidental Mindoro,Adult,1,0.08792366016460372,0.22514743049705138,0.04377551681679736,0.027023524074914134,0.04202579223640723,0.014516233555829174,0.0734,Low
2nd Quarter 2025,Siquijor,Adult,1,0.055360099337748346,0.04252897350993377,0.0038286423841059603,0.0,0.0,0.0019660596026490067,0.0173,Low
3rd Quarter 2025,Agusan del Norte,Adult,1,0.06043058648849295,0.05978718139074486,0.08140311804008908,0.044568176194011384,0.06146993318485523,0.029559514971541696,0.0562,Low
3rd Quarter 2025,NCR,Adult,1,0.020716252008916625,0.013338772416327086,0.0,0.01567714413425277,0.07287141631695968,0.014260957365400779,0.0228,Low
3rd Quarter 2025,Isabela,Adult,1,0.017230973504737762,0.04656285834993059,0.026404731727925644,0.10379322831794315,0.04327358319753757,0.0013881344679823767,0.0398,Low
1st Quarter 2025,Bohol,Adult,1,0.08226088451947605,0.03926739086818195,0.39956719883057695,0.07552523718077331,0.23457250136146063,0.13739287454498553,0.1614,Low
2nd Quarter 2025,Bulacan,Adult,1,0.09231178033658105,0.06299379982285208,0.016669619131975198,0.03445527015057573,0.03716563330380868,0.014774136403897254,0.0431,Low
3rd Quarter 2025,City of Makati,Adult,1,0.03056488761126312,0.01248571329615904,0.009576420877636545,0.05231531188307415,0.07846430921622277,0.0038790565580299934,0.0312,Low
3rd Quarter 2025,Batanes,Adult,1,0.060703812316715546,0.1536656891495601,0.06422287390029326,0.07683284457478005,0.050146627565982406,0.09149560117302052,0.0828,Low
1st Quarter 2025,Bulacan,Adult,1,0.03625973847685074,0.07957236503414902,0.02426468064660054,0.027799704842639942,0.021124343618080105,0.02227408449737447,0.0352,Low
3rd Quarter 2025,Batanes,Adult,1,0.06353799698037242,0.03724207347760443,0.07586814292903875,0.18545546049320583,0.12242073477604429,0.07020634121791645,0.0925,Low
3rd Quarter 2025,Quezon City,Adult,1,0.0,0.04173735815798171,0.0,0.008416877823069296,0.003007601630494657,0.0,0.0089,Low
1st Quarter 2025,Apayao,Adult,1,0.04120126448893572,0.05001756234632947,0.0,0.008148928696873902,0.0688443976115209,0.004250087811731648,0.0287,Low
3rd Quarter 2025,Region 5,Adult,1,0.06473982633784685,0.07860905928435123,0.06997160413794362,0.026699871259918007,0.040801932014280104,0.0038074194461437325,0.0474,Low
1st Quarter 2025,Bataan,Adult,1,0.03958817422257379,0.0344341721461413,0.003497799970336679,0.008478766005833787,0.008750679784446531,0.0,0.0158,Low
1st Quarter 2025,Capiz,Adult,1,0.039549434899857586,0.05244220222404024,0.020255734327182376,0.08609065842499167,0.014438081386540617,0.0,0.0355,Low
1st Quarter 2025,Occidental Mindoro,Adult,1,0.03428391696372405,0.13870832459635143,0.04854267141958482,0.0642168169427553,0.03496540155168799,0.016145942545607046,0.0561,Low
2nd Quarter 2025,Siquijor,Adult,1,0.04244928625093914,0.11692336589030804,0.011645379413974455,0.006292261457550714,0.1312922614575507,0.0,0.0514,Low
2nd Quarter 2025,Catanduanes,Adult,1,0.1347952373104812,0.03698706328279499,0.15970047791694134,0.016047297297297296,0.20542188529993408,0.012359920896506262,0.0942,Low
2nd Quarter 2025,Region 9,Adult,1,0.08428612990035639,0.06434649792712198,0.028118408611535386,0.021270637864571968,0.040446577932940576,0.00814604698523529,0.0411,Low
3rd Quarter 2025,Isabela,Adult,1,0.03552665391314279,0.012516774690917398,0.020961225480398596,0.024326870913399766,0.013417968192330754,0.022604788281986123,0.0216,Low
3rd Quarter 2025,Guimaras,Adult,1,0.01238703319284561,0.09946845316726427,0.012712042104380282,0.03327147679855738,0.05555031347633725,0.006861881696756202,0.0367,Low
1st Quarter 2025,Mountain Province,Adult,1,0.0,0.05388634879163945,0.0,9.330969487729775e-05,0.03368479985070449,0.026453298497713912,0.019,Low
2nd Quarter 2025,Davao Oriental,Adult,1,0.054830842526160564,0.18425828772367636,0.2402092845191844,0.0035022544877066613,0.005529875506905255,0.011924680259762357,0.0834,Low
3rd Quarter 2025,Sorsogon,Adult,1,0.03783572299831995,0.05492393730869255,0.0001956226554049389,0.016432303054014868,0.009804147200294584,0.0,0.0199,Low
1st Quarter 2025,Abra,Adult,1,0.023854624843484124,0.0020868783510450445,0.0,0.0,0.08134009695957878,0.016983979195428132,0.0207,Low
2nd Quarter 2025,Nueva Vizcaya,Adult,1,0.021784096132379013,0.001937093702803861,0.006254514413290432,0.016711537198765513,0.016892113730382824,0.011507649878521242,0.0125,Low
2nd Quarter 2025,Davao Oriental,Adult,1,0.07866734228527995,0.1426399797314416,0.2700785406637953,0.07242390242136885,0.012722139780665243,0.0128126244163741,0.0982,Low
2nd Quarter 2025,City of Las Piñas,Adult,1,0.05166341191240061,0.06932626586692704,0.14635932487097225,0.16782326684335333,0.14850397544985353,0.015152043520714186,0.0998,Low
1st Quarter 2025,Region 10,Adult,1,0.03952904426326291,0.024134426401022323,0.003964487755300307,0.016037305792411798,0.0,0.0,0.0139,Low
3rd Quarter 2025,Sarangani,Adult,1,0.05607626371865737,0.007343320248871799,0.01275067425031376,0.029506795909103045,0.04289834174477289,0.022417153996101363,0.0285,Low
1st Quarter 2025,Rizal,Adult,1,0.05090702780766,0.0998025317201845,0.017720567647622275,0.08867652043207239,0.06213619416731753,0.02533930650319044,0.0574,Low
3rd Quarter 2025,Bulacan,Adult,1,0.06222709434935608,0.090036295300035,0.021036534812167218,0.032131473736573504,0.062063120658842605,0.02738176391473368,0.0491,Low
3rd Quarter 2025,City of Valenzuela,Adult,1,0.0,0.008698745311085242,0.0035894450911913077,0.012498383132841805,0.028376018626309663,0.006014745828482732,0.0099,Low
2nd Quarter 2025,Tarlac,Adult,1,0.03608182134827903,0.017526360786548876,0.007077039992400494,0.004749691270067445,0.03424527405718628,0.007662835249042145,0.0179,Low
3rd Quarter 2025,Caraga,Adult,1,0.08583128733189196,0.07440727032870387,0.0,0.07256586903147788,0.006614386749239621,0.01846898017516215,0.043,Low
2nd Quarter 2025,City of Lucena,Adult,1,0.09358341559723593,0.05336623889437315,0.01154985192497532,0.17089832181638698,0.06663376110562685,0.07070088845014807,0.0778,Low
3rd Quarter 2025,Zamboanga del Norte,Adult,1,0.07341621720449767,0.07263918091233203,0.021830149008136027,0.059813511289880245,0.026565499588627844,0.010119755005027882,0.0441,Low
3rd Quarter 2025,Region 12,Adult,1,0.06558854036538185,0.01286710427692098,0.012075923107789916,0.0022183357182335084,0.01975303033744445,0.01657316343758754,0.0215,Low
2nd Quarter 2025,City of Iloilo,Adult,1,0.017232340270338035,0.009949625037040414,0.009584919422853366,0.0018007339700485514,0.02858380251190992,0.0,0.0112,Low
1st Quarter 2025,City of Muntinlupa,Adult,1,0.0,0.020512901995678148,0.002860048303038007,0.0,0.0827348417439939,0.010629846192957926,0.0195,Low
3rd Quarter 2025,City of Marikina,Adult,1,0.0714937106918239,0.07147798742138364,0.17784591194968555,0.06158805031446541,0.07001572327044026,0.025283018867924528,0.0796,Low
3rd Quarter 2025,Siquijor,Adult,1,0.04897061762942235,0.08554867079752149,0.0029982010793523886,0.0023985608634819106,0.0980411752948231,0.012592444533280032,0.0418,Low
2nd Quarter 2025,Aklan,Adult,1,0.0052010285179990646,0.02851799906498364,0.008473585787751285,0.02769985974754558,0.015603085553997195,0.04172510518934081,0.0212,Low
1st Quarter 2025,City of Lapu-Lapu,Adult,1,0.0523687847104529,0.09008421766224285,0.04488566735327093,0.14654655437645034,0.013766850050843481,0.023322816989544495,0.0618,Low
3rd Quarter 2025,Marinduque,Adult,1,0.03099755776817584,0.03691527334210032,0.0,0.0074206274657148226,0.003663347736238963,0.011553635168138269,0.0151,Low
3rd Quarter 2025,Laguna,Adult,1,0.005235465527906336,0.042342060351316504,0.017908645784425515,0.0528688860568933,0.08224711397291717,0.18174704317302748,0.0637,Low
2nd Quarter 2025,City of Isabela,Adult,1,0.06628242074927954,0.008805635606788344,0.00888568683957733,0.03306115914185079,0.0787704130643612,0.002721741914825488,0.0331,Low
2nd Quarter 2025,Quezon,Adult,1,0.0629417274559337,0.15352956203343646,0.0026964888876273734,0.03577814992478215,0.11897192813147513,0.027121001390820583,0.0668,Low
2nd Quarter 2025,Region 10,Adult,1,0.0,0.0,0.0,0.0,0.0,0.0,0.0,Low
3rd Quarter 2025,La Union,Adult,1,0.0015690859305294896,0.050149216995354275,0.00589176383718426,0.013075716087745746,0.029566501553702735,0.008614589422514845,0.0181,Low
3rd Quarter 2025,Region 10,Adult,1,0.0398652823705957,0.05283117518044965,0.0010762471905534695,0.0028383048936993704,0.0004787093181957072,0.0019114421712353416,0.0165,Low
2nd Quarter 2025,Region 9,Adult,1,0.013097380523895221,0.060461820679342394,0.03459308138372325,0.046003842709718926,0.018248524208201836,0.018752771184893456,0.0319,Low
2nd Quarter 2025,City of Baguio,Adult,1,0.02158242265217266,0.05958594042847669,0.005334332920042675,0.007511317436060091,0.005882183328047057,0.007208558000057669,0.0179,Low
1st Quarter 2025,City of Lucena,Adult,1,0.007278767743884023,0.05427363334340079,0.00827544548474781,0.10295983086680761,0.12410147991543341,0.0008456659619450317,0.0496,Low
3rd Quarter 2025,City of Valenzuela,Adult,1,7.095469542696987e-05,0.0006740696065562139,0.009206371731649341,0.0,0.007787277823109944,0.0,0.003,Low
3rd Quarter 2025,Occidental Mindoro,Adult,1,0.1717612809315866,0.16084425036390101,0.022821792472447495,0.023289665211062592,0.04855479309627781,0.017727178207527554,0.0742,Low
1st Quarter 2025,Eastern Samar,Adult,1,0.0,0.01390474910996171,0.00026869080405723115,0.0036273258547726206,0.018002283871834487,0.00759051521461678,0.0072,Low
2nd Quarter 2025,City of Cebu,Adult,1,0.015828544915949892,0.04165030871908348,0.09018880045683286,0.4612048966772547,0.05846033049002462,0.16713658588814734,0.1391,Low
1st Quarter 2025,Nueva Vizcaya,Adult,1,0.01630669546436285,0.02640388768898488,0.029346652267818574,0.012176025917926566,0.009071274298056155,0.0026997840172786176,0.016,Low
1st Quarter 2025,Sultan Kudarat,Adult,1,0.00615702413169146,0.0799492385786802,0.013218786529808324,0.007598200131307147,0.009659882464090698,0.02715816105942449,0.024,Low
2nd Quarter 2025,Zambales,Adult,1,0.05343350864012021,0.03062359128474831,0.003486100676183321,0.0010217881292261457,0.02407212622088655,0.004883546205860256,0.0196,Low
1st Quarter 2025,Biliran,Adult,1,0.03631926500143554,0.05257680160780936,0.04931093884582256,0.02454780361757106,0.047014068331897786,0.0022968705139247776,0.0353,Low
1st Quarter 2025,City of Dagupan,Adult,1,0.039046559079948064,0.034223706176961605,0.003246150992394732,0.005193841587831571,0.022723056946763125,0.012984603969578928,0.0196,Low
3rd Quarter 2025,City of Mandaue,Adult,1,0.0041271461159803095,0.027884499939968783,0.0009755072637771641,0.00031516388522031456,0.0003301716892784248,0.008509424900948493,0.007,Low
3rd Quarter 2025,City of Las Piñas,Adult,1,0.058674553697931425,0.07874043638424483,0.16444105979030887,0.14269268914706715,0.004640124681212808,0.00807594219325588,0.0762,Low
3rd Quarter 2025,Misamis Oriental,Adult,1,0.019763237406508493,0.03697558076180098,0.03311209074248353,0.052181881222447865,0.005423745604041805,0.0,0.0246,Low
2nd Quarter 2025,Batanes,Adult,1,0.023978960396039604,0.06048886138613861,0.055847772277227724,0.08555074257425743,0.10674504950495049,0.027227722772277228,0.06,Low
1st Quarter 2025,Cebu,Adult,1,0.068473139849458,0.0497129028102398,0.02996116826471833,0.07691352117341775,0.05608287170804424,0.019436571765095608,0.0501,Low
1st Quarter 2025,Rizal,Adult,1,0.07355145883787212,0.12941728858795037,0.012957379857987776,0.14532364618856983,0.03616204550322081,0.0,0.0662,Low
1st Quarter 2025,Ilocos Norte,Adult,1,0.015162487553181858,0.012431731088379952,9.052231375033946e-05,0.006321474910232039,0.03898494312181286,0.007271959204610603,0.0134,Low
1st Quarter 2025,Lanao del Sur,Adult,1,0.016023046271277323,0.40916068255653804,0.004210780860660478,0.5016296405328399,0.0034643003585209174,0.034669288109932396,0.1615,Low
1st Quarter 2025,Zamboanga del Sur,Adult,1,0.02984427894380501,0.08096140825998646,0.036472579553148275,0.05354773188896412,0.04168584969532837,0.000981719702098849,0.0406,Low
2nd Quarter 2025,Iloilo,Adult,1,0.03955759804656799,0.03229822235287765,0.0,0.0004409620772613555,0.008552264505252549,0.0,0.0135,Low
1st Quarter 2025,Surigao del Sur,Adult,1,0.13866267158369186,0.027043638598647817,0.10590811309157959,0.021870518336406474,0.07582974800245851,0.05900430239704978,0.0714,Low
3rd Quarter 2025,Sarangani,Adult,1,0.06718038528896672,0.008633975481611208,0.039614711033274956,0.018949211908931698,0.05957968476357268,0.02437828371278459,0.0364,Low
3rd Quarter 2025,La Union,Adult,1,0.05114915978518219,0.05887278396950973,0.006539816365421262,0.0,0.0800947046255125,0.0,0.0328,Low
2nd Quarter 2025,Lanao del Sur,Adult,1,0.044100240116338056,0.47886299841049745,0.5046670499509621,0.45848692887821707,0.04917312049781866,0.5138151442388988,0.3415,Moderate
2nd Quarter 2025,Pasay City,Adult,1,0.0005991143526960146,0.0,0.0,0.013284709559781192,0.006355821828601198,0.006355821828601198,0.0044,Low
2nd Quarter 2025,Camarines Norte,Adult,1,0.08046408665059097,0.054492627584298535,0.0021840534450725383,0.0,0.11458868640550263,0.02858046408665059,0.0467,Low
2nd Quarter 2025,Agusan del Norte,Adult,1,0.05385808635156415,0.08592850259712788,0.02829811737607822,0.08376618798035114,0.05225985380872917,0.0273462288763015,0.0552,Low
2nd Quarter 2025,Tarlac,Adult,1,0.01557500512482286,0.03702795925097371,0.0009581190563195751,0.0005080259182345654,0.005744257970213639,0.006029465503257605,0.011,Low
1st Quarter 2025,Aurora,Adult,1,0.009129213483146067,0.06415234633179115,0.03060971579643093,0.11017019167217448,0.03168374091209517,0.02685062789160608,0.0454,Low
2nd Quarter 2025,Abra,Adult,1,0.047559896542335965,0.06971481078137762,0.007010618023414103,0.0057344132861421185,0.02203580179689627,0.023737408113258918,0.0293,Low
2nd Quarter 2025,Davao del Sur,Adult,1,0.08180769296027962,0.07972071873356296,0.17935252897161374,0.2584369750750802,0.14537557052445832,0.0026129596009298066,0.1246,Low
1st Quarter 2025,Palawan,Adult,1,0.00138712745719721,0.0883203868103995,0.0163284717818643,0.004438807863031071,0.011671686746987951,0.016407736207989854,0.0231,Low
1st Quarter 2025,Region 8,Adult,1,0.03142275120540811,0.12509959504858595,0.0038482705371150703,0.011273748798698899,0.0518715655109534,0.009511840516497868,0.0388,Low
2nd Quarter 2025,South Cotabato,Adult,1,0.006494725381987461,0.0322296054360476,3.754176521380035e-05,0.00317227916056613,0.00741449862972557,0.0,0.0082,Low
1st Quarter 2025,Tarlac,Adult,1,0.021017345475470628,0.020076542961792457,0.011052146034471735,0.008279975520866635,0.005612846064613952,0.008334779550789635,0.0124,Low
1st Quarter 2025,Quezon City,Adult,1,0.0,0.02978651304642494,0.007980345645543884,0.005913249745848865,0.015299898339545917,0.0019484920365977635,0.0102,Low
2nd Quarter 2025,City of Pasig,Adult,1,0.0,0.04991177623840021,0.00044111880799895437,0.006453404783688407,0.0337700954123644,0.013249901973598223,0.0173,Low
1st Quarter 2025,City of Olongapo,Adult,1,0.025323741007194246,0.04541007194244604,0.00017266187050359714,0.01335251798561151,0.013985611510791368,0.015597122302158274,0.019,Low
1st Quarter 2025,Misamis Oriental,Adult,1,0.0,0.003174889104050798,0.0,0.005696786832091148,0.0,0.0036139695120578235,0.0021,Low
1st Quarter 2025,Samar,Adult,1,0.09041127364631998,0.10087820070970871,0.0,0.0,0.024673865870159045,0.010709453422174569,0.0378,Low
3rd Quarter 2025,Cagayan,Adult,1,0.07979591600490821,0.029727039103558447,0.030433172041766026,0.09420797351422684,0.0595611557428287,0.011040562128122612,0.0508,Low
3rd Quarter 2025,Eastern Samar,Adult,1,0.04091902607634829,0.07131601687592132,0.006175977227672444,0.005337264270828038,0.03959741778071468,0.003304020739084024,0.0278,Low
3rd Quarter 2025,Rizal,Adult,1,0.04573483729525298,0.10930990402638778,0.0035700329184853523,0.05847833142357546,0.002732168049861239,0.006345253313374708,0.0377,Low
1st Quarter 2025,Biliran,Adult,1,0.059805571776991515,0.0584143450929202,0.058036481055271205,0.022963828106214147,0.07658617017622205,0.00298856102504208,0.0465,Low
3rd Quarter 2025,Sultan Kudarat,Adult,1,0.08754928987681893,0.033740447360156335,0.0017447744006699934,0.0015144641797815543,0.028397948145304813,0.05308301636598388,0.0343,Low
3rd Quarter 2025,Mountain Province,Adult,1,0.0071520460671404065,0.006386302376868415,0.0038287184513599607,0.0,0.10882749326145552,0.02340112717471208,0.0249,Low
2nd Quarter 2025,City of Valenzuela,Adult,1,0.0,0.015733147211074276,0.009000756121677427,0.003911475600535102,0.0014686209503867852,0.0007415808759378817,0.0051,Low
2nd Quarter 2025,City of Bacolod,Adult,1,0.006822039430735083,0.04026308917613265,0.009221177699438568,0.0019258388823606214,0.11022979501240371,0.0,0.0281,Low
2nd Quarter 2025,Kalinga,Adult,1,0.0,0.08758748184339099,0.0,0.007513534926713324,0.0326951010167701,0.020190149214314012,0.0247,Low
2nd Quarter 2025,Quirino,Adult,1,0.02120418059696997,0.08947019668082287,0.036414565826330535,0.0676335050149092,0.056775398331375564,0.015541700551188217,0.0478,Low
2nd Quarter 2025,City of Angeles,Adult,1,0.06246403682628988,0.09542228757752062,0.0534812352151397,0.007831980052426316,0.012754938942522857,0.0,0.0387,Low
2nd Quarter 2025,Tarlac,Adult,1,0.04636799125656089,0.03139969944428041,0.004285783538184238,0.006134509701956256,0.03328147792325693,0.001945679621705235,0.0206,Low
3rd Quarter 2025,Bukidnon,Adult,1,0.003169358373512256,0.08031288984793823,0.006844465423648808,0.04369668566033919,0.028254492734077347,0.002511885093900671,0.0275,Low
1st Quarter 2025,Oriental Mindoro,Adult,1,0.04665062777234794,0.002988497105480791,0.042741147282159234,0.0425531914893617,0.048191865273287726,0.04161341252537403,0.0375,Low
1st Quarter 2025,Samar,Adult,1,0.1532617671345995,0.12904624277456647,0.0006399669694467382,0.003137902559867878,0.019797687861271677,0.005264244426094137,0.0519,Low
2nd Quarter 2025,Negros Occidental,Adult,1,0.014875058409915222,0.09223203756035692,0.003610289045637614,0.01179324002581162,0.05699695155871031,0.006597538995571972,0.031,Low
3rd Quarter 2025,City of Lucena,Adult,1,0.09265870440088278,0.01809359989614436,0.020235622484746203,0.1745261586394911,0.15549136699987018,0.05431325457613917,0.0859,Low
3rd Quarter 2025,Nueva Vizcaya,Adult,1,0.02645468863065594,0.008874984037798492,0.009066530455880475,0.029859958285446728,0.016877367726556847,0.004575831098625123,0.016,Low
2nd Quarter 2025,Nueva Vizcaya,Adult,1,0.012968804766912022,0.009750501864066534,0.013175923270560495,0.011933212248669662,0.01597998916610904,0.01315999107797215,0.0128,Low
2nd Quarter 2025,City of Bacolod,Adult,1,0.07184810818194236,0.07929244638710559,0.001980603742658107,0.0,0.07895096298319902,0.002390383827345991,0.0391,Low
1st Quarter 2025,Iloilo,Adult,1,0.09689276241000379,0.08817733990147783,0.0,0.0013641530882910194,0.026432571260157467,0.006433413329965054,0.0366,Low
3rd Quarter 2025,Tawi-Tawi,Adult,1,0.009805593451568895,0.43460095497953616,0.5395634379263301,0.4335777626193724,0.021401773533424283,0.38454979536152795,0.3039,Moderate
3rd Quarter 2025,Bataan,Adult,1,0.0,0.007729913336084569,0.02496746135043332,0.004793498619091457,0.03476080124440494,0.0007618805752198343,0.0122,Low
2nd Quarter 2025,South Cotabato,Adult,1,0.010919973046890484,0.06450909667446193,0.0020016647508819215,0.005628443457925404,0.021384121447540528,0.047286852431725396,0.0253,Low
1st Quarter 2025,City of Muntinlupa,Adult,1,0.01985835794868145,0.0002847076408413111,0.00943094060286843,0.0022242784440727427,0.05171002526780313,0.005142531762696181,0.0148,Low
1st Quarter 2025,Region 5,Adult,1,0.04251401644887541,0.06011474944915901,0.06725822989157704,0.06984009249765484,0.11169091821374812,0.008500403586465673,0.06,Low
1st Quarter 2025,South Cotabato,Adult,1,0.005921198258688113,1.8446100494355492e-05,0.009960894266951967,0.004076588209252564,0.018409208293366782,0.007710470006640597,0.0077,Low
2nd Quarter 2025,NCR,Adult,1,0.01154427075695809,0.02978267882804939,0.008797206010303937,0.00972348495957611,0.0014285225484157941,0.02685964552111134,0.0147,Low
1st Quarter 2025,Sulu,Adult,1,0.5312753036437247,0.003879892037786775,0.0010121457489878543,0.006207827260458839,0.521727395411606,0.002226720647773279,0.1777,Low
1st Quarter 2025,Special Geographic Area (SGA),Adult,1,0.0,0.5,0.0,0.5,0.0,1.0,0.3333,Moderate
3rd Quarter 2025,Camarines Sur,Adult,1,0.06877887090518002,0.03367537642371029,0.04406008674494869,0.02175676152191544,0.031154130963715224,0.009556049225995275,0.0348,Low
2nd Quarter 2025,Antique,Adult,1,0.03664188137644821,0.04039425903510289,0.00506657444233097,0.0,0.04176033200760851,0.00624243472246239,0.0217,Low
1st Quarter 2025,Negros Oriental,Adult,1,0.044831546707503826,0.056202143950995403,0.03945252679938744,0.004019908116385911,0.09117534456355283,0.051914241960183766,0.0479,Low
2nd Quarter 2025,Aurora,Adult,1,0.027287197756385963,0.09982566512544531,0.04248465095126203,0.08553778518911544,0.03964223451830516,0.03770939134389449,0.0554,Low
3rd Quarter 2025,Agusan del Sur,Adult,1,0.07252285250183138,0.035449246743319424,0.04384176832181418,0.039876421314138294,0.03290123260184094,0.01641876612415199,0.0402,Low
1st Quarter 2025,Antique,Adult,1,0.0063176088446523825,0.009103912745477843,0.004097505736508031,0.009878713830199361,0.016717823404952765,0.014184819858747802,0.0101,Low
2nd Quarter 2025,Leyte,Adult,1,0.006419093572290195,0.09915848124533287,0.00018668504796369694,0.038773048423229366,0.03621689930495721,0.0021396978574300647,0.0305,Low
3rd Quarter 2025,Region 8,Adult,1,0.08187951040524256,0.021814113760374777,0.0030481200157060264,0.007858090634604709,0.062993352018089,0.0044308596341578995,0.0303,Low
1st Quarter 2025,BARMM,Adult,1,0.5304556699441451,0.019910155510859128,0.018172134192065374,0.021350330434295087,0.48636038713023244,0.030658906308036245,0.1845,Low
1st Quarter 2025,City of Tacloban,Adult,1,0.050143048453859265,0.07555697589481374,0.003058802045288532,0.008172023374726077,0.016009252495738983,0.006893718042366691,0.0266,Low
1st Quarter 2025,Tarlac,Adult,1,0.040020546897199936,0.013803580406129095,0.01809001289645675,0.020127215895429408,0.04182386500251371,0.0,0.0223,Low
1st Quarter 2025,Davao de Oro,Adult,1,0.061919292686266454,0.03834868845725016,0.03544881951372181,0.18812960898225847,0.12649883614028912,0.0,0.0751,Low
1st Quarter 2025,Ifugao,Adult,1,0.0,0.05179255294606192,0.0,0.005075439486919208,0.09777142066165274,0.006044387025331057,0.0268,Low
2nd Quarter 2025,Misamis Oriental,Adult,1,0.05064733967052346,0.0,0.0026667813669405136,0.02793668544883651,0.0,0.006430384102542045,0.0146,Low
1st Quarter 2025,Occidental Mindoro,Adult,1,0.08015747170430314,0.17986221225873475,0.03909453770025698,0.04267592541965116,0.045327792662256,0.027584887090600908,0.0691,Low
1st Quarter 2025,Region 5,Adult,1,0.009081209461577412,0.09962204325705881,0.044308947990258724,0.02686687724543679,0.015061003544474719,0.0,0.0325,Low
2nd Quarter 2025,Cebu,Adult,1,0.05489174670356503,0.027104020836724727,0.04895002441803679,0.06452873188995605,0.0653752238320039,0.024255249877909817,0.0475,Low
3rd Quarter 2025,City of Cagayan De Oro,Adult,1,0.005296240251425911,0.05325340472587592,0.0,0.0,0.0,0.002211616808287743,0.0101,Low
2nd Quarter 2025,Albay,Adult,1,0.0,0.029922077922077923,0.018155844155844154,0.014103896103896105,0.018545454545454546,0.007454545454545454,0.0147,Low
1st Quarter 2025,Misamis Oriental,Adult,1,0.0,0.0,0.00039560755730315525,0.042449889709408266,0.015608516351779036,0.007432626834180493,0.011,Low
1st Quarter 2025,Pangasinan,Adult,1,0.0,0.5,0.0,0.0,0.0,0.0,0.0833,Low
3rd Quarter 2025,City of Iloilo,Adult,1,0.02201566931566089,0.018252787060178036,0.0018954817331723343,0.002723877453595799,0.026733312740445367,0.0019095223386032406,0.0123,Low
2nd Quarter 2025,Pateros,Adult,1,0.005737428282146473,0.006749915626054675,0.019574755315558554,0.00809989875126561,0.010968612892338846,0.0,0.0085,Low
3rd Quarter 2025,Occidental Mindoro,Adult,1,0.02043992884510126,0.15118705528188287,0.020593869731800767,0.041529830322933774,0.0409995894909688,0.015274356869184455,0.0483,Low
2nd Quarter 2025,Lanao del Sur,Adult,1,0.5,0.0,0.0,0.5,0.0,0.5,0.25,Moderate
2nd Quarter 2025,City of Olongapo,Adult,1,0.02142568881388267,0.04833620721282606,0.01562901273067469,0.004274131415783102,0.005870051729830869,0.003228528451406978,0.0165,Low
3rd Quarter 2025,City of Tacloban,Adult,1,0.02611042656809247,0.06451328991374758,0.015196855013788653,0.005926186704218741,0.0021416417297424164,0.0,0.019,Low
3rd Quarter 2025,Aurora,Adult,1,0.005668234749749364,0.11830030076347652,0.03755687514459782,0.09211845453844374,0.02433099406184931,0.020397933215084447,0.0497,Low
2nd Quarter 2025,Aurora,Adult,1,0.05005669852583833,0.1208893568767212,0.04341487121334845,0.07253361412603272,0.03211566499271019,0.0477887574923052,0.0611,Low
2nd Quarter 2025,Zamboanga del Norte,Adult,1,0.017310508332752248,0.05864305139111638,0.0487936685028938,0.07944006694093857,0.01490481835297399,0.008280454640541106,0.0379,Low
3rd Quarter 2025,Pasay City,Adult,1,0.01823486506199854,0.009316358331675618,0.0,0.009946290033817386,0.0009946290033817386,0.0087527352297593,0.0079,Low
3rd Quarter 2025,City of Dagupan,Adult,1,0.004949474118374922,0.055062899566921016,0.0030934213239843266,0.0023716230150546505,0.008661579707156114,0.004330789853578057,0.0131,Low
3rd Quarter 2025,Davao Occidental,Adult,1,0.12404333992604695,0.07047037578467624,0.04789749763522229,0.13797403044113854,0.07932754321093817,0.003439676670392983,0.0772,Low
3rd Quarter 2025,Sulu,Adult,1,0.8772075055187638,0.0,2.759381898454746e-05,0.0026076158940397352,0.04416390728476821,0.0,0.154,Low
3rd Quarter 2025,City of Puerto Princesa,Adult,1,0.02222753346080306,0.09638759901666212,0.00467768369298006,0.014630565419284348,0.06924337612674132,0.08558112537558044,0.0488,Low
2nd Quarter 2025,Lanao del Norte,Adult,1,0.02768892443022791,0.006863921098227376,0.0,0.032320405171264825,0.009063041450086632,0.003965080634412902,0.0133,Low
3rd Quarter 2025,Zamboanga del Sur,Adult,1,0.023759470941181624,0.03878158805238033,0.020365260806727105,0.018591512284850873,0.02244558314719923,0.014825033942101344,0.0231,Low
2nd Quarter 2025,City of Naga,Adult,1,0.012757385854968667,0.04588182632050134,0.023724261414503133,0.03849597135183527,0.02126230975828111,0.013652641002685765,0.026,Low
3rd Quarter 2025,Zamboanga Sibugay,Adult,1,0.050299953853253344,0.0,0.03892189663128749,0.022092754960775264,0.02186202122750346,0.010527226580526072,0.024,Low
2nd Quarter 2025,City of Taguig,Adult,1,0.001505528925190787,0.03991382144773046,0.01275373353868517,0.04050218907366709,0.002786093758111686,0.003037015245643484,0.0167,Low
1st Quarter 2025,City of Baguio,Adult,1,0.010797078437599238,0.004657563247591828,0.011220493278289403,0.00968561448078755,0.010161956176563989,0.054673441304117706,0.0169,Low
3rd Quarter 2025,Quirino,Adult,1,0.06797009070850699,0.039868840402059326,0.010005516057857319,0.029311718558470215,0.05926697720029419,0.007124908065702378,0.0356,Low
3rd Quarter 2025,City of Olongapo,Adult,1,0.031162136832239926,0.04817244611059044,0.007122774133083412,0.02924086223055295,0.016494845360824743,0.0,0.022,Low
3rd Quarter 2025,Quezon City,Adult,1,0.002017738359201774,0.043004434589800446,0.0076274944567627494,0.0,0.009645232815964523,0.0028159645232815967,0.0109,Low
3rd Quarter 2025,Bukidnon,Adult,1,0.0387956296048225,0.12918620227729405,0.024133456128600135,0.029983673811118553,0.0039036336235766913,0.0010151540522438044,0.0378,Low
1st Quarter 2025,Apayao,Adult,1,0.022187004754358162,0.01964474379292129,0.010400158478605388,0.0032025884838880084,0.007956946645536186,0.08775752773375595,0.0252,Low
2nd Quarter 2025,Misamis Occidental,Adult,1,0.012513866717173083,0.06378689899618496,0.00965935225520171,0.008550014881355015,0.012567980735409507,0.0013528504559106036,0.0181,Low
3rd Quarter 2025,Misamis Oriental,Adult,1,0.051968098790841265,0.0,0.04589657833804991,0.02127604836634937,0.022819655261126833,7.718034473887317e-05,0.0237,Low
2nd Quarter 2025,Region 10,Adult,1,0.007017159608791246,0.03466459998820645,0.0007370965975621056,0.03129922752276575,0.0038371142878804473,0.017509203177518133,0.0158,Low
1st Quarter 2025,City of Isabela,Adult,1,0.05474166121648136,0.017985611510791366,0.013015042511445389,0.07907128842380641,0.032308698495748855,0.006278613472858077,0.0339,Low
3rd Quarter 2025,Sarangani,Adult,1,0.040350929456625356,0.044342826501429934,0.0068219733079122975,0.039427430886558625,0.01724857006673022,0.008326382268827455,0.0261,Low
2nd Quarter 2025,City of Malabon,Adult,1,0.03946660931282934,0.061816682797433416,0.020181381510556692,8.961537082840448e-05,0.0874466788543571,0.012671613435136394,0.0369,Low
2nd Quarter 2025,City of Baguio,Adult,1,0.015400955921402018,0.06535079955154305,0.0030683896854900574,0.00032454121673452526,0.0,0.0523101433882103,0.0227,Low
2nd Quarter 2025,Camarines Sur,Adult,1,0.0684836911115279,0.025422428344899318,0.10006138212075227,0.07885897457757166,0.08811744445770602,0.012498081808726491,0.0622,Low
3rd Quarter 2025,South Cotabato,Adult,1,0.04231766812820355,0.03391897733588588,0.0060828753164947815,0.0,0.023189032297906503,0.03655900697832397,0.0237,Low
2nd Quarter 2025,City of Cotabato,Adult,1,0.805170054730258,0.45367474589523066,0.009382329945269743,0.0011239249413604378,0.04676505082095387,0.004788897576231431,0.2202,Moderate
2nd Quarter 2025,Kalinga,Adult,1,0.06191385897881209,0.00234456408475165,0.001888676623827718,0.003907606807919416,0.03236800972559917,0.016629037860368182,0.0198,Low
1st Quarter 2025,Abra,Adult,1,0.051765292671630624,0.028269621290391535,0.011525170116498628,0.00226228223306851,0.06435925754390966,0.019737076490078023,0.0297,Low
2nd Quarter 2025,Cavite,Adult,1,0.037655407821153675,0.0,0.01699282914752528,0.10522534555683727,0.16289572919407175,0.07503760818677946,0.0663,Low
3rd Quarter 2025,Special Geographic Area (SGA),Adult,1,0.5093473827328348,0.5000849762066621,0.021753908905506457,0.45963630183548604,0.0,0.010452073419442556,0.2502,Moderate
1st Quarter 2025,Samar,Adult,1,0.03501688832594469,0.11236014355077054,0.0,0.006438674266413342,0.027681021743719655,0.0035623812539582016,0.0308,Low
3rd Quarter 2025,City of Navotas,Adult,1,0.07002308453336265,0.05617236451577443,0.03885896449378916,0.08920523249422886,0.16043750687039685,0.07007804770803562,0.0808,Low
3rd Quarter 2025,City of General Santos,Adult,1,0.01862715452071364,0.02385848200786211,0.0,0.0,0.04892651950408225,0.07124281826428787,0.0271,Low
3rd Quarter 2025,Bukidnon,Adult,1,0.002595929508756075,0.12140004979758205,0.029500456477835463,0.013929490312525937,0.0037947601877553277,0.0,0.0285,Low
3rd Quarter 2025,Catanduanes,Adult,1,0.005822118197776478,0.07080163838502047,0.012843768285547104,0.008279695728496196,0.03935049736688122,0.015096547688706847,0.0254,Low
3rd Quarter 2025,City of Puerto Princesa,Adult,1,0.062030551101358765,0.277491771457507,0.017512026331335976,0.0025318592286268883,0.16992995189467466,0.0340113089712212,0.0939,Low
3rd Quarter 2025,City of San Juan,Adult,1,0.0033103051237766265,0.022452504317789293,0.04706390328151986,0.02360391479562464,0.07469775474956822,0.0002878526194588371,0.0286,Low
1st Quarter 2025,Batanes,Adult,1,0.0185008355216042,0.05383146335640964,0.015636190021484843,0.13463833850560994,0.06779661016949153,0.04022439723084268,0.0551,Low
1st Quarter 2025,Davao Oriental,Adult,1,0.05410556237483041,0.01838781575037147,0.1491779184701854,0.22482072485302668,0.0022772788939853994,0.002535693520253246,0.0752,Low
1st Quarter 2025,Ifugao,Adult,1,0.009380890669180018,0.027803958529688973,0.009557610744580584,0.007363336475023563,0.1530395852968897,0.03110273327049953,0.0397,Low
1st Quarter 2025,Negros Occidental,Adult,1,0.07243387059458625,0.08735636616025295,0.0014459782524870826,0.0025834811444435876,0.05483149533431017,0.018990514382663685,0.0396,Low
2nd Quarter 2025,Quirino,Adult,1,0.021507666098807495,0.08965076660988075,0.060956132879046,0.06774382453151619,0.023450809199318568,0.013868185689948893,0.0462,Low
3rd Quarter 2025,City of Valenzuela,Adult,1,0.0023346976422436157,0.001066466824234738,0.010145846544071021,0.00521704041044561,0.028376664552948638,0.009799965411886782,0.0095,Low
2nd Quarter 2025,City of Cagayan De Oro,Adult,1,0.012952776862436947,0.0,0.0,0.0,0.005120275785151201,0.0031431395908848954,0.0035,Low
1st Quarter 2025,Batanes,Adult,1,0.058521560574948665,0.0,0.06673511293634497,0.0736652977412731,0.03773100616016427,0.04260780287474333,0.0465,Low
2nd Quarter 2025,Antique,Adult,1,0.027389853137516688,0.00035380507343124167,0.008317757009345795,0.004566088117489987,0.03209612817089453,0.0,0.0121,Low
2nd Quarter 2025,City of Las Piñas,Adult,1,0.028265593274676735,0.029708260606276495,0.12097032736080932,0.1556477754425961,0.08591885441527446,0.07854522138709792,0.0832,Low
3rd Quarter 2025,Samar,Adult,1,0.09819536123054563,0.16638406104281475,0.00611639314479501,0.0004844667837461394,0.05686428874220311,0.002604008962635499,0.0551,Low
3rd Quarter 2025,City of Mandaue,Adult,1,0.014084985066521857,0.015001357588922074,0.015001357588922074,0.04860168341026337,0.0033939723051859896,0.0,0.016,Low
2nd Quarter 2025,City of Cotabato,Adult,1,0.0,0.0,0.0,0.0,0.5,0.0,0.0833,Low
1st Quarter 2025,City of Santiago,Adult,1,0.07056420730150625,0.08258871585396987,0.013939239213683941,0.03489915751850906,0.03586928772019403,0.0,0.0396,Low
1st Quarter 2025,City of Santiago,Adult,1,0.016716548653186364,0.10186874954376232,0.017373530914665303,0.06182933060807358,0.03823271771662165,0.009653989342287759,0.0409,Low
3rd Quarter 2025,Catanduanes,Adult,1,0.044555982967518976,0.16265196552362537,0.14537263694896427,0.0,0.2116100631518318,0.009349350996646988,0.0956,Low
3rd Quarter 2025,Tawi-Tawi,Adult,1,0.0,0.0,0.0,0.5,0.5,0.0,0.1667,Low
1st Quarter 2025,Iloilo,Adult,1,0.1088697949488584,0.025849532211934655,0.0,0.0030175965873285183,0.041076882059237,0.0,0.0298,Low
2nd Quarter 2025,Apayao,Adult,1,0.0033582089552238806,0.05211940298507463,0.008402985074626865,0.0013134328358208956,0.03335820895522388,0.0017462686567164178,0.0167,Low
3rd Quarter 2025,Aurora,Adult,1,0.06436510813096533,0.033466231726470945,0.03826869638758004,0.07460432523861302,0.03376827352905642,0.010677177721396642,0.0425,Low
2nd Quarter 2025,Masbate,Adult,1,0.1526581343834605,0.21935761752399704,0.0459020428254984,0.05399335466404135,0.12244646812699976,0.005291656411518583,0.0999,Low
3rd Quarter 2025,Camarines Sur,Adult,1,0.008802699827104668,0.051444673493815665,0.03600046548743184,0.050522010905705544,0.07324777231014763,0.00543622822183801,0.0376,Low
1st Quarter 2025,City of Davao,Adult,1,0.07949230551183452,0.05379801129370342,0.11404850175671542,0.0,0.09836860439962106,0.007452053977039618,0.0589,Low
1st Quarter 2025,City of Butuan,Adult,1,0.04981515132527101,0.06685882574096122,0.01673037157716649,0.0015978444764709568,0.01767028009273764,0.007613258976126323,0.0267,Low
1st Quarter 2025,Camiguin,Adult,1,0.0,0.0023391812865497076,0.010292397660818714,0.005029239766081871,0.00046783625730994154,0.0019883040935672514,0.0034,Low
1st Quarter 2025,NIR,Adult,1,0.054151486974681036,0.011299025959178696,0.024633019831410148,0.0038527201499931408,0.0,0.0033115863603798605,0.0162,Low
2nd Quarter 2025,Antique,Adult,1,0.05656232839099396,0.04748522143618568,0.012194334076299383,0.00035533158897826017,0.017249733501308265,0.0048454307587944565,0.0231,Low
3rd Quarter 2025,City of Olongapo,Adult,1,0.006187503452847909,0.04706922269487874,0.006574222418650903,0.0026517871940776754,0.016186950997182478,0.007651510966244958,0.0144,Low
2nd Quarter 2025,BARMM,Adult,1,0.5,0.0,0.5,0.0,0.5,0.5,0.3333,Moderate
3rd Quarter 2025,City of Cotabato,Adult,1,0.32381984987489576,0.008874061718098415,0.015262718932443704,0.009841534612176813,0.027539616346955797,0.003836530442035029,0.0649,Low
3rd Quarter 2025,Southern Leyte,Adult,1,0.005417118093174431,0.044542690385489116,0.010309998951525531,0.012214727571383636,0.07779680564778248,0.003914304686680879,0.0257,Low
3rd Quarter 2025,CAR,Adult,1,0.009072189156724439,0.054284114411639856,0.0024791597048490375,0.0,0.05229717402888289,0.029953126270061324,0.0247,Low
3rd Quarter 2025,Zamboanga del Norte,Adult,1,0.01845018450184502,0.05824986821296784,0.05336361055918251,0.06552856737358582,0.0,0.0,0.0326,Low
1st Quarter 2025,City of Cagayan De Oro,Adult,1,0.0004256264110440801,0.13577482512306155,0.007642769902661091,0.006439912654058255,0.00240571449720567,0.006106813723675932,0.0265,Low
1st Quarter 2025,Guimaras,Adult,1,0.021827606255604717,0.021118085871675355,0.0026902647890655025,0.009100584368871765,0.03943258078185204,0.01881707184879332,0.0188,Low
3rd Quarter 2025,Zambales,Adult,1,0.015010079363638015,0.03546846339647313,0.01943228665346966,0.006674173219766449,0.02866716306775875,0.014138350616566478,0.0199,Low
1st Quarter 2025,City of Baguio,Adult,1,0.00893664022492218,0.06004618937644342,0.003464203233256351,0.006125112963148911,0.09408575158148408,0.07566020684807712,0.0414,Low
2nd Quarter 2025,City of Muntinlupa,Adult,1,0.033161423414130996,0.004693140794223827,0.007942238267148015,0.006678700361010831,0.18628158844765344,0.003506962351727695,0.0404,Low
2nd Quarter 2025,Benguet,Adult,1,0.0,0.03403210631541809,0.007806068446430671,0.009393743384687757,0.0,0.14590438668705163,0.0329,Low
1st Quarter 2025,Agusan del Norte,Adult,1,0.06533014163175743,0.08699880311190904,0.0849541192898464,0.049820466786355475,0.09844404548174746,0.0021693596648713347,0.0646,Low
2nd Quarter 2025,Bohol,Adult,1,0.0016156862745098039,0.529364705882353,0.01876078431372549,0.45289411764705884,0.001976470588235294,0.03987450980392157,0.1741,Low
2nd Quarter 2025,City of Makati,Adult,1,0.0,0.016005767844268205,0.05364095169430425,0.0,0.056092285508291276,0.033417447728911316,0.0265,Low
2nd Quarter 2025,City of Davao,Adult,1,0.029080646801586493,0.11113088579273873,0.25769856605308655,0.03696226990745449,0.08487745347299909,0.002496694803213668,0.087,Low
1st Quarter 2025,City of San Juan,Adult,1,0.001327580484566877,0.0,0.006471954862263525,0.014935280451377365,0.035844673083305675,0.02555592432791238,0.014,Low
1st Quarter 2025,City of Isabela,Adult,1,0.08524965643609711,0.03391357459154069,0.0022598870056497176,0.06856008550923805,0.08155443579172393,0.0,0.0453,Low
2nd Quarter 2025,Batangas,Adult,1,0.009602201015154679,0.10657762119657499,0.030057386203702862,0.03376206517692566,0.08937311020511936,0.07134231052110668,0.0568,Low
1st Quarter 2025,Region 2,Adult,1,0.04653079883242093,0.05097479363152314,0.052436140993791146,0.062268385810691815,0.034594588518306185,0.005500661353357539,0.0421,Low
1st Quarter 2025,Zamboanga del Sur,Adult,1,0.0424512929507616,0.01684024087849805,0.02862911795961743,0.04764434998228834,0.04363443145589798,0.0060219624512929506,0.0309,Low
1st Quarter 2025,Surigao del Sur,Adult,1,0.0026289180990899897,0.09282103134479272,0.08439501179642737,0.050758341759352885,0.04573643410852713,0.043882709807886756,0.0534,Low
2nd Quarter 2025,Sultan Kudarat,Adult,1,0.07434275685913364,0.04036419871070876,0.0016159580198432694,0.0,0.049169432329585934,0.02076853573352331,0.031,Low
3rd Quarter 2025,City of Cebu,Adult,1,0.05215118082325314,0.06491204749878152,0.26706987460676146,0.24646639195356462,0.09307014045815055,0.15891266781868935,0.1471,Low
2nd Quarter 2025,City of Bacolod,Adult,1,0.013555787278415016,0.013751303441084464,0.0,0.008667883211678832,0.0075599582898852975,0.0005702554744525547,0.0074,Low
1st Quarter 2025,Aklan,Adult,1,0.026472450918302724,0.03103229892336922,0.04458518049398354,0.021469284357188093,0.06029132362254592,0.01032298923369221,0.0324,Low
3rd Quarter 2025,Region 5,Adult,1,0.06978138825123739,0.10343562243440428,0.05707142468340056,0.005022795910438068,0.03446790459690937,0.012603914252089546,0.0471,Low
1st Quarter 2025,Region 5,Adult,1,0.0,0.0,0.0,0.5,0.0,0.0,0.0833,Low
1st Quarter 2025,Occidental Mindoro,Adult,1,0.07367918523233609,0.23373647358370464,0.03064926798217696,0.06537237428389561,0.026543602800763844,0.010821133036282623,0.0735,Low
3rd Quarter 2025,Region 12,Adult,1,0.05274320371753802,0.06685332438558061,0.0,0.012470402775491598,0.04427554857743394,0.0012867670334401156,0.0296,Low
2nd Quarter 2025,South Cotabato,Adult,1,0.030319291655486986,0.014201387557974626,0.007819387481313963,0.00312392195944651,0.017344474682816514,0.035934685116332556,0.0181,Low
2nd Quarter 2025,Antique,Adult,1,0.03387192410317225,0.054358138155944265,0.014423361992291729,0.002060480284613104,0.026608360509931813,0.006863326415653721,0.023,Low
3rd Quarter 2025,Zamboanga del Norte,Adult,1,0.08417429398419776,0.07234217319877963,0.04854103105687241,0.06047093796448408,0.03005945396229367,0.000801846201987014,0.0494,Low
1st Quarter 2025,Region 11,Adult,1,0.05721167425074533,0.05270830064333909,0.16439510434646162,0.09039384905068257,0.01207594539463361,0.0008787070453475601,0.0629,Low
1st Quarter 2025,City of Cotabato,Adult,1,0.02428931270241094,0.8628283555235696,0.013602015113350126,0.022741993522849946,0.01234256926952141,0.023029866858582222,0.1598,Low
1st Quarter 2025,Lanao del Norte,Adult,1,0.01361847005000532,0.04231833173741888,0.05213320566017662,0.0026864560059580806,0.0026864560059580806,0.0,0.0189,Low
3rd Quarter 2025,Bulacan,Adult,1,0.007389576607068276,0.0825721064279265,0.007421637387375678,0.018361295532806843,0.07520159298752749,0.026597450041505714,0.0363,Low
1st Quarter 2025,Camarines Norte,Adult,1,0.0028010322905520236,0.08270913325360357,0.0,0.025681374708881474,0.09794171335053818,0.0,0.0349,Low
3rd Quarter 2025,City of Bacolod,Adult,1,0.04464163822525597,0.024436860068259385,0.0043003412969283275,0.0,0.00757679180887372,0.0007508532423208191,0.0136,Low
2nd Quarter 2025,Isabela,Adult,1,0.04174966872307004,0.014383122866444938,0.06616324274042808,0.06437303098645933,0.0184769159214764,0.015392310865005749,0.0368,Low
2nd Quarter 2025,City of Mandaue,Adult,1,0.013438573810090839,0.03994148266594087,0.004439832613207227,0.09335556084782091,0.00881162181471779,0.008709556697172795,0.0281,Low
2nd Quarter 2025,Catanduanes,Adult,1,0.1277903619041032,0.13595179222935003,0.018674459218785123,0.0,0.3037279753773797,0.009276710528590942,0.0992,Low
2nd Quarter 2025,Mountain Province,Adult,1,0.02651793140564607,0.004207642252556387,0.010396790449630608,0.0,0.026273301042125347,0.07390283281960958,0.0235,Low
3rd Quarter 2025,Capiz,Adult,1,0.009168831168831168,0.05142857142857143,0.024831168831168832,0.07192207792207793,0.02096103896103896,0.02161038961038961,0.0333,Low
3rd Quarter 2025,Special Geographic Area (SGA),Adult,1,0.010051159428348996,0.0028777178446310406,0.0022104209531223933,0.01840627259078018,0.5133737418673191,0.0,0.0912,Low
1st Quarter 2025,City of Manila,Adult,1,0.005537563472072288,0.028007676622286194,0.007496701451361401,0.026888169205549557,0.001419375474791092,0.0,0.0116,Low
1st Quarter 2025,Maguindanao del Norte,Adult,1,0.5,0.0,0.0,0.007901925078043704,0.03900559313215401,0.006048387096774193,0.0922,Low
2nd Quarter 2025,South Cotabato,Adult,1,0.00509773260359656,0.026411258795934325,0.0024550430023455826,0.0030336200156372167,0.045519937451133696,0.007537138389366693,0.015,Low
1st Quarter 2025,Camiguin,Adult,1,0.0,0.01706827309236948,0.008605851979345954,0.0,0.0017211703958691911,0.0030120481927710845,0.0051,Low
1st Quarter 2025,Cotabato,Adult,1,0.08003701418877236,0.10592227020357804,0.005650832819247378,0.0,0.02484885872917952,0.0321221468229488,0.0414,Low
1st Quarter 2025,Lanao del Norte,Adult,1,0.024913188757125074,0.010597523422656097,0.02016313961868571,0.005454366769311407,0.03822970582454301,0.009811308392845443,0.0182,Low
2nd Quarter 2025,Davao del Norte,Adult,1,0.06265259573374454,0.06906964790542278,0.1656145592392701,0.1824161526599846,0.10062483937291185,0.0,0.0967,Low
1st Quarter 2025,Samar,Adult,1,0.09001636661211129,0.13844817796185577,0.005745014863555897,0.002538494939710745,0.03259961922575905,0.006580046093723905,0.046,Low
3rd Quarter 2025,Lanao del Norte,Adult,1,0.008777349325720616,0.020846204648586462,0.0,0.02814290888174013,0.007669528537037431,0.006785402330684505,0.012,Low
3rd Quarter 2025,Zamboanga del Norte,Adult,1,0.0821914503522146,0.07640162115217601,0.03683778828524559,0.03654829682524365,0.011591720544243945,0.015668725272604458,0.0432,Low
3rd Quarter 2025,Agusan del Norte,Adult,1,0.061283813001489454,0.027290635660404555,0.0983519915437467,0.10620765867486667,0.08684476048623456,0.04463556431076731,0.0708,Low
1st Quarter 2025,City of Manila,Adult,1,1.0814552061253623e-05,0.0543323095557382,0.021185707487995847,0.017616905307782153,0.002963187264783493,0.0,0.016,Low
2nd Quarter 2025,CAR,Adult,1,0.012329253957116431,0.06914588250302992,0.0,0.010894030381177157,0.0,0.02146456592460292,0.019,Low
1st Quarter 2025,Region 12,Adult,1,0.03991231018591137,0.012223541802048087,0.005396583533137637,0.0062779632658853755,0.0,0.014931170218328217,0.0131,Low
1st Quarter 2025,Region 6,Adult,1,0.0,0.0,0.0,0.0,0.0,0.0,0.0,Low
3rd Quarter 2025,Zamboanga Sibugay,Adult,1,0.046704012506513806,0.04756709223553934,0.020697628973423657,0.0121156852527358,0.023954533611255862,0.01646365294424179,0.0279,Low
3rd Quarter 2025,Nueva Vizcaya,Adult,1,0.031592916848235154,0.004714178188012518,0.013389850651665808,0.014003882264390128,0.03240502317474151,0.0074674167095828544,0.0173,Low
3rd Quarter 2025,Misamis Oriental,Adult,1,0.008110987361386858,0.005738220909399061,0.0,0.003317030652268655,0.010798508546801608,0.01535034623020677,0.0072,Low
1st Quarter 2025,City of Mandaue,Adult,1,0.007897772650634485,0.03514065134439613,0.03886769012334724,0.10395776022717189,0.007542816576448665,0.0072322300115360725,0.0334,Low
3rd Quarter 2025,Iloilo,Adult,1,0.10718396256244862,0.08486688167963069,0.0049326503509770445,0.007923860115095174,0.020938468348826914,0.01018149623727313,0.0393,Low
2nd Quarter 2025,Rizal,Adult,1,0.06850231065277798,0.029845312569653924,0.02403524674205388,0.047765873664502134,0.1265583904185922,0.07223204600502252,0.0615,Low
2nd Quarter 2025,City of Valenzuela,Adult,1,0.006146641299575589,0.01734230938094541,0.006527147665739792,0.0049026781794233865,0.00995170496121762,0.0027806234450460997,0.0079,Low
2nd Quarter 2025,City of Isabela,Adult,1,0.04679770022730312,0.012902794491242145,0.004011231448054553,0.07394036635913892,0.03757186789677765,0.014707848642866693,0.0317,Low
1st Quarter 2025,Sulu,Adult,1,0.5,0.0,0.0,0.0,0.5,0.0,0.1667,Low
1st Quarter 2025,City of Cotabato,Adult,1,0.45516939807597245,0.9736682003117989,0.0,0.009277919312521388,0.01663561352142667,0.01116012015665995,0.2443,Moderate
2nd Quarter 2025,Surigao del Sur,Adult,1,0.00868773787853715,0.10314964973247283,0.08014782944453638,0.14223068012576534,0.03961884273815434,0.029552098847150973,0.0672,Low
1st Quarter 2025,City of Olongapo,Adult,1,0.02141132899044344,0.04801428524189015,0.006233259482159982,0.004596408848913726,0.010647796038490791,0.0027115505439634932,0.0156,Low
1st Quarter 2025,City of Naga,Adult,1,0.010407440212577503,0.02546501328609389,0.06443755535872453,0.05004428697962799,0.10496014171833482,0.03100088573959256,0.0477,Low
3rd Quarter 2025,City of San Juan,Adult,1,0.0035033632286995517,0.02648542600896861,0.04007847533632287,0.008127802690582959,0.27774663677130046,0.004344170403587444,0.06,Low
2nd Quarter 2025,City of Navotas,Adult,1,0.05639991356335086,0.02656126197507743,0.15463156378304402,0.006302672333069221,0.19381617805949722,0.04755816466181661,0.0809,Low
1st Quarter 2025,Nueva Vizcaya,Adult,1,0.04074295985620132,0.029865880075586486,0.016684334239756647,0.011038392404479881,0.023229017836567268,0.011314928331105683,0.0221,Low
3rd Quarter 2025,Zamboanga del Sur,Adult,1,0.08656560830473874,0.011683968205707336,0.004886417929896191,0.037353950397428656,0.019306780176345392,0.0029318507579377145,0.0271,Low
3rd Quarter 2025,City of Muntinlupa,Adult,1,0.042588242969922356,0.022476675148430873,0.0,0.004094082338357148,0.1221863378351928,0.0034253278528087686,0.0325,Low
1st Quarter 2025,Bulacan,Adult,1,0.019805273343009192,0.04633829221093372,0.021014755684567007,0.03580067731011127,0.03759978229317852,0.016585026608611515,0.0295,Low
3rd Quarter 2025,Davao de Oro,Adult,1,0.058949275362318844,0.0018840579710144927,0.028414855072463767,0.0,0.13253623188405797,0.05624094202898551,0.0463,Low
3rd Quarter 2025,Quezon,Adult,1,0.09069225348295115,0.15163983303518186,0.023158237111725485,0.032910500352360816,0.08146582100070472,0.0,0.0633,Low
2nd Quarter 2025,City of Davao,Adult,1,0.022559004483993186,0.051166185825019986,0.13942090444575758,0.15108276269595747,0.09376412110257569,0.005891758490041364,0.0773,Low
3rd Quarter 2025,Sarangani,Adult,1,0.05827841845140033,0.02340746842394289,0.017641405820977486,0.002299560680944536,0.059136463481603514,0.006727073036792971,0.0279,Low
2nd Quarter 2025,Masbate,Adult,1,0.18199781602620768,0.18901773178721856,0.025921688939732724,0.005485934168789975,0.30518433778794657,0.01788778534657584,0.1209,Low
1st Quarter 2025,Camiguin,Adult,1,0.003602676273803397,0.014925373134328358,0.0011151140847486705,0.0,0.008234688625836336,0.0,0.0046,Low
2nd Quarter 2025,City of Naga,Adult,1,0.006297709923664122,0.030725190839694657,0.061068702290076333,0.06755725190839694,0.03816793893129771,0.002099236641221374,0.0343,Low
3rd Quarter 2025,City of Davao,Adult,1,0.014617303036490389,0.07118688562844558,0.1751232389230814,0.16542820056587812,0.09021964238835574,0.0,0.0861,Low
2nd Quarter 2025,Tarlac,Adult,1,0.03731581914723529,0.050464081052197546,0.002692764038136271,0.003534252800053855,0.029018739954727906,0.004762826392453528,0.0213,Low
3rd Quarter 2025,Davao de Oro,Adult,1,2.0526715520249604e-05,0.0943921013198678,0.21771660816552743,0.006106697867274257,0.11430301537450993,0.00835437321674159,0.0735,Low
3rd Quarter 2025,Lanao del Sur,Adult,1,0.06934833229477551,0.009494604965399627,0.012495490472598472,0.5001639828146011,0.9570856974189105,0.5098881637204421,0.3431,Moderate
2nd Quarter 2025,City of Santiago,Adult,1,0.06265511294325496,0.12420603205316956,0.05246498128128549,0.04218020443360115,0.029792201236697093,0.004879485130189711,0.0527,Low
3rd Quarter 2025,Palawan,Adult,1,0.08412765656993575,0.08010308550448351,0.029372308126809292,0.0007060650992021465,0.05221351408599873,0.034491280096024854,0.0468,Low
3rd Quarter 2025,City of Davao,Adult,1,0.06624461796686856,0.09634751514266948,0.1334744216594906,0.17282711814931037,0.13139458512734437,0.0,0.1,Low
3rd Quarter 2025,City of Las Piñas,Adult,1,0.0538741793521391,0.06745545054469375,0.1561395281725705,0.1092814371257485,0.09212899502200418,0.017765673472332443,0.0828,Low
2nd Quarter 2025,Negros Occidental,Adult,1,0.06824748329802009,0.0327348668403605,0.0,1.0137772325909104e-05,0.03633377601605823,0.004293346580022506,0.0236,Low
2nd Quarter 2025,Maguindanao del Sur,Adult,1,0.3648569023569024,0.4796927609427609,0.008775252525252525,0.011195286195286196,0.4404250841750842,0.0,0.2175,Moderate
3rd Quarter 2025,Cebu,Adult,1,0.04055726908969656,0.026510920306768923,0.09669264754918307,0.02923266088696232,0.004701567189063021,0.06136003667889296,0.0432,Low
3rd Quarter 2025,City of Zamboanga,Adult,1,0.059154542959099644,0.047488333790831734,0.0,0.03829261597584408,0.0396651111721109,0.0,0.0308,Low
1st Quarter 2025,Basilan,Adult,1,0.0,1.0,0.0,0.0,0.0,0.5,0.25,Moderate
1st Quarter 2025,Misamis Occidental,Adult,1,0.01126434812403632,0.029981154702758268,0.01366284050025698,0.017517560390611614,0.01019359259893781,0.01584718177145794,0.0164,Low
3rd Quarter 2025,City of Iloilo,Adult,1,0.01596173965027649,0.02941264384994769,0.002779853534598715,0.01618592138693768,0.018532356897324763,5.9781796442983113e-05,0.0138,Low
3rd Quarter 2025,City of Taguig,Adult,1,0.008137210199572096,0.04880572410648522,0.0,0.006208130195363194,0.014389183122303672,0.0,0.0129,Low
2nd Quarter 2025,Pangasinan,Adult,1,0.043066312686954676,0.9774667046975448,0.001875946200934682,0.0,0.03369755212790077,0.016561716070240106,0.1788,Low
3rd Quarter 2025,Laguna,Adult,1,0.05930939126005167,0.06291161809118365,0.0028745042389840994,0.11157806644107267,0.02980024014845541,0.001164356147436597,0.0446,Low
3rd Quarter 2025,City of Marikina,Adult,1,0.005567338282078473,0.06336161187698834,0.15986214209968186,0.1627783669141039,0.028897136797454932,0.10763520678685047,0.088,Low
2nd Quarter 2025,City of Naga,Adult,1,0.06986800182066455,0.08139887725686543,0.020482476103777878,0.022530723714155668,0.0,0.014944621453497193,0.0349,Low
2nd Quarter 2025,Negros Oriental,Adult,1,0.007445554383570144,0.03957001923434882,0.05075386238133648,0.005056772352174723,0.07364894211081467,0.0010702984426382081,0.0296,Low
2nd Quarter 2025,Batangas,Adult,1,0.08176854593965177,0.06542767289831021,0.012978261068884264,0.10075458204589839,0.07942136484912943,0.1542744368140684,0.0824,Low
1st Quarter 2025,City of Caloocan,Adult,1,0.010401734847649502,0.05560149961406991,0.00913367883265336,0.005154923365310398,0.008086154298526115,0.02248502223692432,0.0185,Low
3rd Quarter 2025,Pangasinan,Adult,1,0.002008620328911579,0.0,0.0038393940662007782,0.0,0.020828974348244548,0.0,0.0044,Low
2nd Quarter 2025,City of Cagayan De Oro,Adult,1,0.015150035402983616,0.06044143858192739,0.0,0.006287081573357424,0.043667749102717486,0.0,0.0209,Low
1st Quarter 2025,Ifugao,Adult,1,0.0016239466292134832,0.049288974719101125,0.006890800561797753,0.0027650983146067414,0.03594627808988764,0.00017556179775280898,0.0161,Low
2nd Quarter 2025,Caraga,Adult,1,0.0,0.0,0.0,0.0,0.0,0.0,0.0,Low
2nd Quarter 2025,Albay,Adult,1,0.05064550986748564,0.004180174031735199,0.015554797247341183,0.026474435534322927,0.012142410282659387,0.008502530853665473,0.0196,Low
2nd Quarter 2025,Surigao del Norte,Adult,1,0.05007796352032491,0.05493708525220292,0.02788555680458353,0.09119918772890452,0.004496500707110999,0.030133807158139028,0.0431,Low
3rd Quarter 2025,Apayao,Adult,1,0.0,0.05871839004369125,0.004236727128293393,0.0,0.10406461008870647,0.09327419568383424,0.0434,Low
1st Quarter 2025,Palawan,Adult,1,0.1060840540130481,0.09349112426035502,0.01989076012744652,0.021438324988620847,0.040919435593991804,0.025352753755120618,0.0512,Low
3rd Quarter 2025,Region 5,Adult,1,0.07019404994483192,0.06265576126896719,0.03803561125226493,0.004990434157649131,0.07861097895514683,0.020502282642804362,0.0458,Low
2nd Quarter 2025,City of Makati,Adult,1,0.010125849848112252,0.0013018949804715753,0.16353247504701288,0.0012295674815564878,0.05742803413857949,0.01019817734702734,0.0406,Low
2nd Quarter 2025,City of Makati,Adult,1,0.01474056603773585,0.030129716981132076,0.13649764150943397,0.09899764150943396,0.009080188679245283,0.1558372641509434,0.0742,Low
2nd Quarter 2025,City of Bacolod,Adult,1,0.047119324358223934,0.10490007525712852,0.0020904757922903254,0.0014215235387574211,0.015344092315410987,0.0007525712852245171,0.0286,Low
1st Quarter 2025,La Union,Adult,1,0.051324782718757914,0.03318285376761455,0.007235676314235086,0.0,0.11119314825753102,0.00613872247067758,0.0348,Low
3rd Quarter 2025,Region 9,Adult,1,0.05568260741104558,0.0600588616750636,0.015150933767185576,0.02791325001630783,0.023886175180633205,0.00497484756974955,0.0313,Low
2nd Quarter 2025,Caraga,Adult,1,0.08462926937666418,0.0744872459620985,0.02972628427294382,0.06000226114686929,0.0781966963864534,0.012449952632871618,0.0566,Low
3rd Quarter 2025,Kalinga,Adult,1,0.07552407932011332,0.07702549575070822,0.003144475920679887,0.0,0.03597733711048159,0.0158356940509915,0.0346,Low
2nd Quarter 2025,Region 3,Adult,1,0.05151443007333607,0.07918139319215396,0.016949812749021364,0.023649278200296536,0.03285103248238894,0.019976553896434535,0.0374,Low
3rd Quarter 2025,City of Zamboanga,Adult,1,0.08988371076331206,0.04100725714785346,0.011628923668794264,0.028941155897525574,0.06487715309958905,0.012984174171548483,0.0416,Low
3rd Quarter 2025,City of Isabela,Adult,1,0.07463448366701791,0.01024104320337197,0.0052851685985247625,0.04399367755532139,0.09516596417281349,0.018456928345626976,0.0413,Low
2nd Quarter 2025,Agusan del Norte,Adult,1,0.04124473519132539,0.10621471458015952,0.05981718792006452,0.03273142754727126,0.029102070077963976,0.0460838784837351,0.0525,Low
2nd Quarter 2025,Davao de Oro,Adult,1,0.09178037332168977,0.1334133828184696,0.22447876869337408,0.1767219735836699,0.13340246697958738,0.060642942910162645,0.1367,Low
3rd Quarter 2025,Sultan Kudarat,Adult,1,0.06622391465312721,0.04677607023588256,0.004911071822536531,0.0,0.026338455959018993,0.02610423561055956,0.0284,Low
2nd Quarter 2025,Iloilo,Adult,1,0.08954378831609329,0.034829460467272,0.008447974382202373,0.005522257568415952,0.041505150946973685,3.4234310152316344e-05,0.03,Low
2nd Quarter 2025,Mountain Province,Adult,1,0.013669429876501438,0.004094061918457114,0.0028929115208932497,0.00482151920148875,0.036017594315682626,0.0058873287091862625,0.0112,Low
2nd Quarter 2025,City of Parañaque,Adult,1,0.0048574063096884675,0.008809194493841797,0.009698346835276296,0.0014983863531581375,0.013765395508134097,0.010307580846999934,0.0082,Low
2nd Quarter 2025,Region 9,Adult,1,0.07050541089095394,0.06780679160105943,0.021830146262435037,0.03342101191397184,0.019836899636846848,0.0,0.0356,Low
3rd Quarter 2025,Isabela,Adult,1,0.0029746941511647395,0.008864728227473325,0.0767415228199542,0.06598095078487236,0.054190408357075025,0.006281073683034467,0.0358,Low
1st Quarter 2025,Caraga,Adult,1,0.06352715907334582,0.12364118768353625,0.056692311655303876,0.028322542975391114,0.0030181518435197746,0.001970599852312342,0.0462,Low
1st Quarter 2025,Region 6,Adult,1,0.02630028580118869,0.04485407150236067,0.011844445236053148,0.014558597464233748,0.018959332929612892,0.004547335308092586,0.0202,Low
2nd Quarter 2025,Misamis Oriental,Adult,1,0.043524633876194777,0.00047175616359683306,0.030069327644911187,0.01380399556959429,0.0075275874800016405,0.0077326988554785245,0.0172,Low
2nd Quarter 2025,Guimaras,Adult,1,0.006606603667399102,0.06708638990706711,0.0,0.01818773520732501,0.0,0.009237010683122819,0.0169,Low
2nd Quarter 2025,Davao Occidental,Adult,1,0.03770080787445445,0.030364936391494103,0.0669050051072523,0.08937691521961184,0.10878447395301327,0.00742873061565605,0.0568,Low
2nd Quarter 2025,City of Lapu-Lapu,Adult,1,0.030433860510210266,0.13596012846149186,0.037371992970974974,0.0015603223656304914,0.14080773192752832,0.03347876143731443,0.0633,Low
3rd Quarter 2025,Region 11,Adult,1,0.0,0.0,0.0,0.0,0.0,0.0,0.0,Low
3rd Quarter 2025,Pateros,Adult,1,0.0031545741324921135,0.0,0.007097791798107256,0.01025236593059937,0.0036277602523659305,0.012460567823343848,0.0061,Low
1st Quarter 2025,Davao Oriental,Adult,1,0.08078443466315288,0.08724662872522358,0.2248871569149682,0.22966721803246518,0.019274439989907202,0.0032521236928425242,0.1075,Low
1st Quarter 2025,Sarangani,Adult,1,0.004872406057206955,0.0,0.017421480650588895,0.04104739203589456,0.058398766124509255,0.014932697700504767,0.0228,Low
3rd Quarter 2025,City of Dagupan,Adult,1,0.039334320766844594,0.03162116088645446,0.0004890590503870553,0.0,0.011024788307296762,0.014070927535421848,0.0161,Low
3rd Quarter 2025,Region 1,Adult,1,0.0,0.0,0.0,0.0,0.0,0.0,0.0,Low
2nd Quarter 2025,City of Pasig,Adult,1,0.005826626425217974,0.05776324614352783,0.0,0.00031438631790744467,0.1290031857813548,0.0012365861837692824,0.0324,Low
1st Quarter 2025,City of Muntinlupa,Adult,1,0.009844322344322344,0.01011904761904762,0.010943223443223443,0.004716117216117216,0.18621794871794872,0.0,0.037,Low
2nd Quarter 2025,Basilan,Adult,1,0.07408989003950037,0.508487242446888,0.005017615031493541,0.5158535283441871,0.43082096722536567,0.023379950891427352,0.2596,Moderate
2nd Quarter 2025,Region 6,Adult,1,0.03308984609736372,0.05402178223651512,0.011229679812552927,0.0052273557736434596,0.03088356772876284,0.007642312747751726,0.0237,Low
3rd Quarter 2025,City of Iligan,Adult,1,0.08454225352112676,0.026232394366197183,0.017359154929577465,0.046954225352112675,0.04137323943661972,0.0041373239436619715,0.0368,Low
3rd Quarter 2025,Laguna,Adult,1,0.06492018198278728,0.057700461832892125,0.031743848913031024,0.2217886570174534,0.05277844627038425,0.029618042424450784,0.0764,Low
1st Quarter 2025,Region 11,Adult,1,0.008876288954268903,0.06551708132194578,0.15257148161901227,0.16505041560741524,0.08569939158502099,0.016524322317118454,0.0824,Low
2nd Quarter 2025,Surigao del Norte,Adult,1,0.06132956899703457,0.07330300199049437,0.04994515984888492,0.12397936385424707,0.020148677743023116,0.019732298817890077,0.0581,Low
3rd Quarter 2025,Davao del Norte,Adult,1,0.07886056971514242,0.08333333333333333,0.10924537731134433,0.09400299850074963,0.09590204897551224,0.001699150424787606,0.0772,Low
2nd Quarter 2025,City of Mandaluyong,Adult,1,0.014435249215886332,0.053149680686241166,0.02822809205305521,0.04540301553111892,0.16092279786872238,0.02667875902203076,0.0548,Low
2nd Quarter 2025,Zamboanga del Norte,Adult,1,0.0015231940918532195,0.03454881144703439,0.0037387491345488113,0.0006231248557581352,0.02234018001384722,0.006531271636279714,0.0116,Low
2nd Quarter 2025,Isabela,Adult,1,0.001320439857998599,0.02879385395266095,0.06421155375036405,0.03387685865193127,0.026011287694523814,0.008721593816169583,0.0272,Low
3rd Quarter 2025,City of Tacloban,Adult,1,0.03759264653526232,0.06944039874421465,0.0,0.0006311292358481406,0.017979091821212417,0.0077677444412078845,0.0222,Low
2nd Quarter 2025,City of Bacolod,Adult,1,0.03637014071070832,0.08406868590507989,0.0,0.0017489466571269576,0.16038635821607442,0.004014627553859607,0.0478,Low
3rd Quarter 2025,Palawan,Adult,1,0.05738522954091816,0.09906852960745176,0.014105123087159015,0.03885562208915502,0.02475049900199601,0.0075349301397205585,0.0403,Low
2nd Quarter 2025,Pasay City,Adult,1,0.0,0.006541077969649398,0.0009660669001328342,0.0032806021817010826,0.005091977619450147,0.02040816326530612,0.006,Low
1st Quarter 2025,Zamboanga del Norte,Adult,1,0.030935707904671334,0.06527189418172387,0.04590645802714619,0.06583383764156653,0.033543701910607765,0.011872856690008933,0.0422,Low
3rd Quarter 2025,City of Parañaque,Adult,1,0.0019034152708288013,0.005873395692843159,0.01147487491842506,0.0,0.0028279312595170763,0.028279312595170764,0.0084,Low
1st Quarter 2025,Ifugao,Adult,1,0.022183859830273305,0.017698686715498048,0.0,0.010470781839889,0.04644896905553225,0.12755316059501146,0.0374,Low
2nd Quarter 2025,Batangas,Adult,1,0.06526039357457113,0.02150335936700658,0.0009719995907370144,0.10514648204358651,0.1603458272228096,0.10864227004535998,0.077,Low
3rd Quarter 2025,Maguindanao del Sur,Adult,1,0.021832544815313163,0.466383089543817,0.0001953209774729806,0.008529016016320152,0.43458917487738186,0.002278744737184774,0.1556,Low
2nd Quarter 2025,Maguindanao del Sur,Adult,1,1.0,0.4792491914089472,0.0,0.004415452265872006,0.5206054439074027,0.0013264527383072282,0.3343,Moderate
2nd Quarter 2025,Region 6,Adult,1,0.03967601741463732,0.027817169242295093,0.01088414832256067,0.01022479254182609,0.00718028889339077,0.009957227877180175,0.0176,Low
1st Quarter 2025,Negros Occidental,Adult,1,0.09683515880342307,0.03794815498615304,0.011171128464858661,0.007378807913974202,0.08138519498016517,0.006829919413188294,0.0403,Low
3rd Quarter 2025,Leyte,Adult,1,0.02056573313680073,0.04332491050747526,0.009282655997753913,0.0,0.0251807398048712,0.005615217238716923,0.0173,Low
3rd Quarter 2025,Davao del Sur,Adult,1,0.10369197497489765,0.09116011431219588,0.19883949949795318,0.00023171391055843053,0.02673399243067892,0.003639839345022013,0.0707,Low
2nd Quarter 2025,City of Pasig,Adult,1,0.025436709091572154,0.01752306626308304,0.0035556690128004083,0.0,0.15065096094234345,0.0,0.0329,Low
3rd Quarter 2025,Eastern Samar,Adult,1,0.019373899210272143,0.08823362308959719,0.0,0.004658826203056645,0.011987955229816489,0.0,0.0207,Low
1st Quarter 2025,City of General Santos,Adult,1,0.022446236559139784,0.035618279569892476,0.013844086021505376,0.025537634408602152,0.05786290322580645,0.0700268817204301,0.0376,Low
2nd Quarter 2025,Apayao,Adult,1,0.0,0.049048267614523466,0.0,0.005846593362787762,0.02280503604291931,0.026741520778659933,0.0174,Low
2nd Quarter 2025,Biliran,Adult,1,0.05015582391897156,0.09368913128165174,0.05093494351382937,0.01567978184651344,0.09407869107908064,0.017724970783015194,0.0537,Low
2nd Quarter 2025,Nueva Ecija,Adult,1,0.07633389105781743,0.08626138687488381,0.03952407510689719,0.01712214166201896,0.05501022494887525,0.01167503253392824,0.0477,Low
1st Quarter 2025,City of Zamboanga,Adult,1,0.08115819507555744,0.024851174750783755,0.011324808904857516,0.006181971890520976,0.01870442777131988,0.0042974391489661486,0.0244,Low
1st Quarter 2025,Bukidnon,Adult,1,0.005687110157771443,0.08194801162823516,0.026473991702181704,0.055869154130563634,0.013095876492337219,0.016835539499308515,0.0333,Low
2nd Quarter 2025,Southern Leyte,Adult,1,0.004784481512532162,0.0487554566216646,0.009250961232690584,0.0002601832846694227,0.09382498337717904,0.018227284553785666,0.0292,Low
3rd Quarter 2025,Sarangani,Adult,1,0.043146607797532224,0.0445854850790397,0.01805495328576497,0.006208854022943194,0.035518587140773446,0.014980092245831198,0.0271,Low
3rd Quarter 2025,Camiguin,Adult,1,0.0,0.04559465707680452,0.0035961983046493705,0.008219881839198561,0.0,0.0,0.0096,Low
3rd Quarter 2025,Region 1,Adult,1,0.032051741252801455,0.02283123714399746,0.0018164700103359703,2.55840846526193e-05,0.00343338416038151,0.0,0.01,Low
1st Quarter 2025,Bohol,Adult,1,0.0015069718146590268,0.2616666114662339,0.28614248335706954,0.07673964163879045,0.40206339217699466,0.19742986785016395,0.2043,Moderate
2nd Quarter 2025,Sorsogon,Adult,1,0.011979611374162332,0.059031281533804235,0.0019017309632849491,0.019612409117959067,0.1183859867008202,0.010284871536132889,0.0369,Low
2nd Quarter 2025,NIR,Adult,1,0.08059071729957806,0.005213984327908379,0.025651748040988548,0.0029347498493068115,0.03877712477396022,0.0,0.0255,Low
1st Quarter 2025,Region 5,Adult,1,0.0,0.5,0.0,0.0,0.5,0.0,0.1667,Low
2nd Quarter 2025,Zamboanga del Sur,Adult,1,0.09710862390586884,0.08329746018080068,0.01884057971014493,0.053343377816042474,0.040307074185679435,0.0037092839718754485,0.0494,Low
2nd Quarter 2025,Ifugao,Adult,1,0.008116883116883116,0.05303030303030303,0.0,0.00178987678987679,0.05561105561105561,0.03467365967365967,0.0255,Low
3rd Quarter 2025,Lanao del Sur,Adult,1,0.5148922105108524,0.3786036945903265,0.0017077380733776489,0.02614859157515884,0.013221197987439861,0.028737742847699144,0.1606,Low
3rd Quarter 2025,Cebu,Adult,1,0.03509050492219752,0.12626372740931735,0.019480242483991602,0.08376267282198092,0.0,0.023947427043885052,0.0481,Low
2nd Quarter 2025,Cavite,Adult,1,0.0045809859841322445,0.052151763842050204,0.024431925248705303,0.09773419884728098,0.14927841348434343,0.08005029337803855,0.068,Low
1st Quarter 2025,Quezon,Adult,1,0.034929715593331155,0.007469761359921543,0.006276560967636483,0.08139915004903563,0.08352402745995423,0.1089081399150049,0.0538,Low
3rd Quarter 2025,Camarines Sur,Adult,1,0.08203404661522552,0.03213745923156471,0.09643226473629783,0.07692307692307693,0.08531540847983454,0.008611089014398218,0.0636,Low
3rd Quarter 2025,Pasay City,Adult,1,0.0017158835741219337,0.01300682116680083,0.007604965470491039,0.0018853535567512605,0.01730712197602,0.01071897640130492,0.0087,Low
3rd Quarter 2025,Romblon,Adult,1,0.04949894683091849,0.17559200868066638,0.04633943958639178,0.013388013020999553,0.1089551286142848,0.03397268143230995,0.0713,Low
2nd Quarter 2025,NCR,Adult,1,0.0020580814806564554,0.021147392531827625,0.01603487600664397,0.0,0.05635874539352939,0.025614639981017224,0.0202,Low
3rd Quarter 2025,City of Caloocan,Adult,1,0.0,0.024296758797665942,0.0,0.04323237606446446,0.0023700168352920026,0.0,0.0116,Low
3rd Quarter 2025,Lanao del Norte,Adult,1,0.008601199252924407,0.06991546249877126,0.0,0.0038336773813034504,0.02349356138798781,0.0,0.0176,Low
3rd Quarter 2025,Agusan del Norte,Adult,1,0.04641281255107044,0.08492673094732255,0.08302010132374571,0.1205534673421583,0.029334858637032196,0.011330827477256632,0.0626,Low
1st Quarter 2025,Nueva Ecija,Adult,1,0.07923345949898873,0.011748092981130227,0.01959188419277949,0.011520138058068839,0.019952940312527728,0.013114292620686068,0.0259,Low
3rd Quarter 2025,City of Lapu-Lapu,Adult,1,0.04239117030459983,0.04245283018867924,0.1048834628190899,0.0859538784067086,0.12603280305833026,0.009773091626587743,0.0686,Low
2nd Quarter 2025,NIR,Adult,1,0.0,0.0,0.0,0.0,0.0,0.0,0.0,Low
2nd Quarter 2025,Quirino,Adult,1,0.06412257779889367,0.021498625581158583,0.053415685342925984,0.08014049614823361,0.03924729358265178,0.008382258119252044,0.0445,Low
2nd Quarter 2025,Aklan,Adult,1,0.037916482962776346,0.029161680418215027,0.0005826037664546199,0.04331737733828809,0.04322290105183599,0.0,0.0257,Low
1st Quarter 2025,Region 2,Adult,1,0.0,0.0,0.5,0.0,0.0,0.0,0.0833,Low
3rd Quarter 2025,Basilan,Adult,1,0.049740317554533314,0.003012316367413563,0.5104466538062027,0.020448137705891083,0.8759756640451105,0.3762427659890191,0.306,Moderate
1st Quarter 2025,Benguet,Adult,1,0.014889727562212525,0.04057082203089987,0.0006781460077839368,0.007341667649486968,0.121152258521052,0.13064630263002713,0.0525,Low
2nd Quarter 2025,City of Tacloban,Adult,1,0.033799144156191493,0.027530756886868145,0.010179860925381118,0.0015712757421770527,0.02142952661139342,0.0,0.0158,Low
3rd Quarter 2025,City of Las Piñas,Adult,1,0.009898918362091167,0.07251158897759465,0.043861061035282,0.12997360288436777,0.06655614215812516,0.03779294360030904,0.0601,Low
2nd Quarter 2025,Ilocos Sur,Adult,1,0.037810664631516076,0.010944464722213006,0.0004645452433885257,0.0012609085177688556,0.027435820862505667,0.0011779540100209046,0.0132,Low
2nd Quarter 2025,City of Iligan,Adult,1,0.0,0.06454578889297535,0.035089772309338324,0.06982847972182286,0.0018221939884315757,0.004864756427831088,0.0294,Low
2nd Quarter 2025,Apayao,Adult,1,0.037781805823042934,0.03347683244590461,0.0,0.003681885125184094,0.026792794834031946,0.05194290245836638,0.0256,Low
2nd Quarter 2025,Quezon,Adult,1,0.03178278053316801,0.08852875077495351,0.025592839429634223,0.18777123372597646,0.002973884066955983,0.09240351828890267,0.0715,Low
1st Quarter 2025,City of Valenzuela,Adult,1,0.008131563593932321,0.0,0.0038834597432905486,0.004229871645274212,0.006837077012835473,0.00016408984830805135,0.0039,Low
2nd Quarter 2025,Batangas,Adult,1,0.0951074935857737,0.07020260107935947,0.0052862072016278865,0.00277704051038564,0.04689266369793663,0.05773049436236201,0.0463,Low
3rd Quarter 2025,Isabela,Adult,1,0.03255666400412411,0.05892716529857299,0.0035491125802303383,0.07604674744934088,0.036241736204347307,0.01304362604306521,0.0367,Low
1st Quarter 2025,Region 8,Adult,1,0.08556326446547743,0.06663049592848645,0.004563353611489384,0.008979155203206798,0.03580903079841013,0.007306898979124463,0.0348,Low
3rd Quarter 2025,Region 6,Adult,1,0.05111889822703201,0.04634972944968915,0.012896471333179829,0.0,0.013437571954869906,0.0019363055491595671,0.021,Low
1st Quarter 2025,Abra,Adult,1,0.047862453531598514,0.09450957963969116,0.018694595367457822,0.007220474692593652,0.02966828710323134,0.03024020589076351,0.038,Low
3rd Quarter 2025,City of Las Piñas,Adult,1,0.0073158425832492435,0.07429364278506559,0.06920618903464514,0.12928859737638748,0.0532711066263034,0.09674571140262361,0.0717,Low
1st Quarter 2025,Dinagat Islands,Adult,1,0.07603890362511052,0.05978217185113737,0.03633148460734668,0.0,0.04780564263322884,0.0013664496423117112,0.0369,Low
2nd Quarter 2025,City of Caloocan,Adult,1,0.0029290250971203058,0.005724445540687756,0.006526073462004892,0.011973032414544409,0.007029660233088734,0.003442889149246675,0.0063,Low
1st Quarter 2025,Mountain Province,Adult,1,0.011089268612329251,0.03984575835475578,0.0,0.0,0.01524774434195272,0.004082867079993951,0.0117,Low
2nd Quarter 2025,Misamis Oriental,Adult,1,0.04548094608112033,0.008938078797070117,0.004001161627569294,0.05827498305959795,0.004194766222451679,0.014843018940982866,0.0226,Low
3rd Quarter 2025,Region 9,Adult,1,0.0,0.5,0.0,0.0,0.0,0.0,0.0833,Low
3rd Quarter 2025,Zamboanga del Sur,Adult,1,0.07451138572109567,0.06615085622089399,0.02370650141175608,0.04581790180044736,0.048146382604231604,0.00707711488394265,0.0442,Low
1st Quarter 2025,Region 4A,Adult,1,0.07625412727623021,0.11717063173069896,0.004702769676394969,0.1301811018914053,0.049793885319851454,0.11498741056184104,0.0822,Low
1st Quarter 2025,Romblon,Adult,1,0.0774151304523018,0.11438501057721366,0.0430140022161781,0.036919512440817974,0.03409892213156039,0.03324267150196434,0.0565,Low
2nd Quarter 2025,NIR,Adult,1,0.059757202127037924,0.13041620405539647,0.0056755098463156664,0.014754864722725414,0.015868783965406415,0.007823000058435108,0.039,Low
3rd Quarter 2025,Siquijor,Adult,1,0.041002630357419155,0.06312857805972459,0.0009670431688070556,0.0007736345350456444,0.07175460312548353,0.0038294909484759398,0.0302,Low
1st Quarter 2025,Region 1,Adult,1,0.08286052988497417,0.023078934018035555,0.0,0.02181711824572665,0.10253838508287864,0.009064366840258006,0.0399,Low
2nd Quarter 2025,Region 2,Adult,1,0.0443656614106025,0.07614148506018792,0.016007631140925082,0.0703602006650215,0.048862859592413654,0.011763388288361352,0.0446,Low
3rd Quarter 2025,City of Naga,Adult,1,0.06679748822605966,0.01609105180533752,0.05180533751962323,0.051334379905808476,0.000706436420722135,0.022762951334379906,0.0349,Low
1st Quarter 2025,City of Butuan,Adult,1,0.049221949221949224,0.058053508053508056,0.0007234507234507234,0.006156156156156156,0.08902538902538902,0.01021021021021021,0.0356,Low
3rd Quarter 2025,Region 10,Adult,1,0.0,0.0,0.0,0.0,0.0,0.0,0.0,Low
1st Quarter 2025,Camarines Norte,Adult,1,0.09898100347538549,0.03303303303303303,0.0,0.027102945642271486,0.016145358841988054,0.027862131794716066,0.0339,Low
1st Quarter 2025,Pampanga,Adult,1,0.05505489307675073,0.016841345316039733,0.0009397794319002216,0.04581891508377107,0.011040852398615847,0.012279369663173093,0.0237,Low
1st Quarter 2025,City of Navotas,Adult,1,0.010113207547169812,0.035830188679245284,0.12535849056603773,0.09360377358490567,0.0026226415094339622,0.09373584905660377,0.0602,Low
2nd Quarter 2025,Kalinga,Adult,1,0.06934453781512605,0.011260504201680671,0.0029411764705882353,0.005714285714285714,0.10374789915966387,0.06658823529411764,0.0433,Low
3rd Quarter 2025,Isabela,Adult,1,0.04101017407147098,0.033630389835481646,0.023364199005110917,0.0715903895625354,0.022402063473650452,0.005438454032439662,0.0329,Low
1st Quarter 2025,Ifugao,Adult,1,0.015229852759357086,0.08885017421602788,0.00556367314825222,0.0007586827020343936,0.12571653366303248,0.06485332134427335,0.0502,Low
2nd Quarter 2025,City of Butuan,Adult,1,0.005718815469112734,0.049430949549855614,0.010163637393126097,0.0,0.07595832625559142,0.006369967725496858,0.0246,Low
2nd Quarter 2025,Region 8,Adult,1,0.08807455520258288,0.043622467497900025,0.010655434530867057,0.0,0.0399323859531472,0.0,0.0304,Low
1st Quarter 2025,Sultan Kudarat,Adult,1,0.06428581868139899,0.06295581765832127,0.004991157685505912,0.00017538475029596175,0.007841159877815291,0.028083483141140876,0.0281,Low
1st Quarter 2025,Camarines Sur,Adult,1,0.0636875195387127,0.06669213935878286,0.035985966862343254,0.015648337906839418,0.10085449303553441,0.01828823508979124,0.0502,Low
2nd Quarter 2025,City of Puerto Princesa,Adult,1,0.03139217470427662,0.060357901122232334,0.001364877161055505,0.0,0.3851986654534425,0.0,0.0797,Low
1st Quarter 2025,Guimaras,Adult,1,0.026254345288174948,0.0008315560860122483,0.0022076998832560473,0.01743658977218624,0.009339516197408153,0.013083149086592707,0.0115,Low
1st Quarter 2025,Siquijor,Adult,1,0.03926108059777749,0.025242687444118023,0.0,0.007775577979307702,0.06865500063865117,0.0018361221101034614,0.0238,Low
1st Quarter 2025,City of Isabela,Adult,1,0.0406308266003729,0.04622436295835923,0.0,0.06479179614667495,0.03915475450590429,0.0013983840894965817,0.032,Low
1st Quarter 2025,City of Cotabato,Adult,1,0.0,0.0,0.0,0.5,0.5,0.0,0.1667,Low
1st Quarter 2025,Benguet,Adult,1,0.03222292501229883,0.04606788952139996,0.004111321948134092,0.011209501721835687,0.12235575233677701,0.005024949047719446,0.0368,Low
2nd Quarter 2025,Oriental Mindoro,Adult,1,0.017157023349278117,0.09433632571041653,0.030742852150361488,0.054321473035843,0.0381145840159011,0.04343315204333486,0.0464,Low
1st Quarter 2025,Capiz,Adult,1,0.005338955207534772,0.04029314058336071,0.026010294600810425,0.035629540393531195,0.017750885262658344,0.017431460592122076,0.0237,Low
3rd Quarter 2025,Agusan del Sur,Adult,1,0.10903386486399068,0.04484587767247793,0.002716951838794191,0.062214962641912216,0.03287835171588446,0.022738299317527574,0.0457,Low
3rd Quarter 2025,Bataan,Adult,1,0.011121349814114582,0.0,0.0,0.007562517873597916,0.026286104667789394,0.0012471799434399923,0.0077,Low
1st Quarter 2025,Sorsogon,Adult,1,0.00798620995034317,0.02979409811177531,0.030995983173609135,0.025429357624063006,0.0019925989183034445,0.002862384160420027,0.0165,Low
2nd Quarter 2025,Zamboanga del Norte,Adult,1,0.06638246041412911,0.04937437714538811,0.05035987155353781,0.04150149485106854,0.02464843317462075,0.010375373712767135,0.0404,Low
3rd Quarter 2025,Agusan del Sur,Adult,1,0.06563583099521374,0.06381003465918468,0.023828189470209607,0.06864787918798482,0.02551988777025912,0.017958821587720747,0.0442,Low
3rd Quarter 2025,La Union,Adult,1,0.02196804064047328,0.0422641630763295,0.001575461385119928,0.0,0.005441772233296894,0.004541508584656935,0.0126,Low
2nd Quarter 2025,City of Las Piñas,Adult,1,0.05588610827374872,0.01612614913176711,0.15150663942798775,0.10257916241062308,0.024144535240040857,0.0491317671092952,0.0666,Low
3rd Quarter 2025,Quirino,Adult,1,0.06271640790796382,0.07977772813582039,0.01622361219702893,0.0800290405450687,0.054981570423321795,0.013794258907628728,0.0513,Low
1st Quarter 2025,City of Iligan,Adult,1,0.0011157784195326857,0.07173798897348385,0.025794171698608558,0.0039380414807035965,0.03734576004200577,0.015489629824100813,0.0259,Low
3rd Quarter 2025,Misamis Occidental,Adult,1,0.0,0.022597019813328966,0.0026199443261830688,0.016210905518257736,0.008044047813983954,0.010786802030456852,0.01,Low
1st Quarter 2025,Samar,Adult,1,0.15411100399394023,0.1569572602488179,0.013244273056971033,0.0,0.02430794656383418,0.0,0.0581,Low
2nd Quarter 2025,Ifugao,Adult,1,0.025574910229964092,0.016960806784322713,0.0031515012606005044,0.0,0.1193750477500191,0.10071434028573611,0.0443,Low
3rd Quarter 2025,Agusan del Norte,Adult,1,0.06138538078836586,0.0,0.036605434366628394,0.016054343666283964,0.08275928052047456,0.02864523536165327,0.0376,Low
2nd Quarter 2025,Basilan,Adult,1,0.03711317896559186,0.5,0.022505951092837047,0.5059510928370483,0.8332611988747024,0.019584505518286086,0.3197,Moderate
3rd Quarter 2025,City of San Juan,Adult,1,0.00437636761487965,0.04690919037199125,0.06154266958424508,0.017368708971553612,0.19433807439824946,0.004786652078774617,0.0549,Low
2nd Quarter 2025,Region 2,Adult,1,0.03195253549921319,0.05142543636090666,0.029021220754042027,0.07319946100137345,0.05408706644251639,0.0031231522893540357,0.0405,Low
3rd Quarter 2025,Apayao,Adult,1,0.02588818507298265,0.03948636739190306,0.008365464059487744,0.005990085375929496,0.0003442577802258331,0.037799504268796476,0.0196,Low
2nd Quarter 2025,Batanes,Adult,1,0.052369505494505496,0.18561126373626374,0.03743131868131868,0.06593406593406594,0.061126373626373624,0.0889423076923077,0.0819,Low
3rd Quarter 2025,City of Lucena,Adult,1,0.02664415316810715,0.029391563161811,0.019890103600251847,0.043157231984431346,0.13270562646671627,0.08219334897830691,0.0557,Low
1st Quarter 2025,Negros Occidental,Adult,1,0.020142859046629085,0.047595250469755726,0.009361798531430323,0.0029651248017697465,0.05330561441383814,0.02026279667906022,0.0256,Low
2nd Quarter 2025,City of Marikina,Adult,1,0.05555555555555555,0.05497076023391813,0.17894736842105263,0.11461988304093568,0.02865497076023392,0.0891812865497076,0.087,Low
3rd Quarter 2025,City of Lapu-Lapu,Adult,1,0.022049370017999486,0.04506299820005143,0.019285163281049112,0.11635381846232964,0.11198251478529185,0.026356389817433788,0.0568,Low
3rd Quarter 2025,City of Butuan,Adult,1,0.029593128888399493,0.025271155646093706,0.001459010075428068,0.026124538897759182,0.08748554754170566,0.0006606838077410119,0.0284,Low
3rd Quarter 2025,La Union,Adult,1,0.04386264336428181,0.028741125068268706,0.006485527034407428,0.003976652102676133,0.06584516657564173,0.0,0.0248,Low
3rd Quarter 2025,Davao del Norte,Adult,1,0.0,0.140402024378074,0.08401881816237793,0.07442440658635684,0.14326038919381281,0.0,0.0737,Low
3rd Quarter 2025,Iloilo,Adult,1,0.01564349162733122,0.11046345544325493,1.3603036197679321e-05,0.006917143906519935,0.023975351298409806,0.0,0.0262,Low
3rd Quarter 2025,City of Marikina,Adult,1,0.02833530106257379,0.05667060212514758,0.16115702479338842,0.19303423848878395,0.012101534828807556,0.07349468713105077,0.0875,Low
1st Quarter 2025,Nueva Ecija,Adult,1,0.083950256510163,0.025407493993116436,0.017939476589388922,0.019952594324306773,0.009578544061302681,0.0070134424313267095,0.0273,Low
3rd Quarter 2025,NCR,Adult,1,0.009586454587236382,0.02904720615200921,0.019117235954949706,0.007860584782021578,0.04565322454549331,0.01622578214950747,0.0212,Low
1st Quarter 2025,Sarangani,Adult,1,0.05876527840651879,0.038592123132639204,0.024728383884110458,0.012930058850158443,0.045439112720688096,0.008176776822091444,0.0314,Low
3rd Quarter 2025,City of Pasig,Adult,1,0.023384615384615386,0.019606837606837606,0.0031623931623931626,0.0041025641025641026,0.13832478632478631,0.0,0.0314,Low
2nd Quarter 2025,Sarangani,Adult,1,0.039547627375539234,0.0,0.019960359099918386,0.029590766002098635,0.007671680074618165,0.03447592398274455,0.0219,Low
1st Quarter 2025,City of Tacloban,Adult,1,0.03580231698299236,0.04405964998767562,0.004590830663051516,9.243283214197682e-05,0.01445033275819571,0.0009859502095144195,0.0167,Low
2nd Quarter 2025,Rizal,Adult,1,0.023826834104428287,0.1007270323859881,0.005604758757435558,0.043694646397885,0.0304296100462657,0.0681890284203569,0.0454,Low
1st Quarter 2025,Isabela,Adult,1,0.0355302709706692,0.05099405356589722,0.05773014619589639,0.02906903186119461,0.051674643235767606,0.0015531405286785653,0.0378,Low
3rd Quarter 2025,Surigao del Norte,Adult,1,0.010551811288963774,0.025800336983993262,0.02215669755686605,0.12382055602358888,0.03481465880370682,0.011857624262847515,0.0382,Low
3rd Quarter 2025,City of Muntinlupa,Adult,1,0.03270400858983536,0.0010737294201861132,0.007202934860415175,0.007739799570508232,0.2933965640658554,0.00017895490336435218,0.057,Low
2nd Quarter 2025,Guimaras,Adult,1,0.06325862068965517,0.0051551724137931035,0.0008793103448275862,0.013620689655172415,0.011034482758620689,0.010948275862068965,0.0175,Low
2nd Quarter 2025,Nueva Ecija,Adult,1,0.07531508795260836,0.09521776582240223,0.027201837635253582,0.030064327308630037,0.03978394688589333,0.003330965765983598,0.0452,Low
2nd Quarter 2025,Batanes,Adult,1,0.061764705882352944,0.1323529411764706,0.08063725490196079,0.12745098039215685,0.03235294117647059,0.049019607843137254,0.0806,Low
3rd Quarter 2025,Kalinga,Adult,1,0.02012252381165318,0.09795197424316952,0.003085453651120154,0.005097706032285472,0.07472163842060546,0.02094978312391003,0.037,Low
2nd Quarter 2025,City of Mandaue,Adult,1,0.0,0.03862254166337572,0.004541505410315141,0.07617881683911223,0.0013032145960034753,0.015480609746465524,0.0227,Low
3rd Quarter 2025,Apayao,Adult,1,0.005943187160029548,0.005573836545564435,0.00977100261903163,0.007890672218118327,0.012692230206164798,0.09579611846081526,0.0229,Low
1st Quarter 2025,Bohol,Adult,1,0.31295367559720205,0.08246997492411244,0.0289362544542695,0.07135079846905107,0.4137686419427214,0.19296885310809028,0.1837,Low
3rd Quarter 2025,Davao de Oro,Adult,1,0.01296982530439386,0.011265881418740074,0.05886050820539968,0.0675291159343568,0.1604850449973531,0.044649947061937534,0.0593,Low
3rd Quarter 2025,Pasay City,Adult,1,0.020268050719400826,0.0,0.01718021154983247,0.026246632941331057,0.014289468497470599,0.011234478680769988,0.0149,Low
3rd Quarter 2025,Aklan,Adult,1,0.04202488115707495,0.03757459289976737,0.010013148578942045,0.058359461919692525,0.11343177910387377,0.03818145038940022,0.0499,Low
3rd Quarter 2025,City of Zamboanga,Adult,1,0.06409329829172142,0.0051248357424441525,0.010528909329829172,0.009067017082785808,0.03646517739816032,0.010036136662286465,0.0226,Low
3rd Quarter 2025,City of Bacolod,Adult,1,0.05541077190369819,0.10157607346736162,0.0,0.0015512534127575081,0.1329734425415736,0.0029784065524944155,0.0491,Low
3rd Quarter 2025,City of Butuan,Adult,1,0.046121725926863213,0.10768062760976845,0.001771479185119575,0.00590493061706525,0.08184655616010797,0.007444430385085832,0.0418,Low
2nd Quarter 2025,Pangasinan,Adult,1,0.4773322377925455,0.4688267480496966,0.0,0.002762929789078301,0.03299263218722912,0.00569741404218434,0.1646,Low
1st Quarter 2025,Albay,Adult,1,0.04324461640676906,0.008265916285613788,0.0,0.06563880095360926,0.01657091491773166,0.006546293039434088,0.0234,Low
1st Quarter 2025,Sultan Kudarat,Adult,1,0.034754946292858614,0.0552937629904644,0.0,0.0017611499833404731,0.03407269900201501,0.0006505148587113459,0.0211,Low
1st Quarter 2025,Agusan del Sur,Adult,1,0.05466722885313959,0.07150038920601973,0.05481318111053451,0.06798131811105346,0.01639530358069538,0.013427607680332122,0.0465,Low
2nd Quarter 2025,CAR,Adult,1,0.010965810332432407,0.049468999972699226,0.010265090502061208,0.0025162212090602165,0.04556953961797119,0.02477545114526741,0.0239,Low
2nd Quarter 2025,Southern Leyte,Adult,1,0.05393783946891974,0.04580734929256353,0.005054315027157513,0.004241266009521893,0.031599946355528735,0.008046670690002011,0.0248,Low
3rd Quarter 2025,Rizal,Adult,1,0.08194115446951751,0.046072808876698665,0.025283630470016208,0.003796284752524623,0.008521381373893529,0.044501932427378134,0.035,Low
1st Quarter 2025,Masbate,Adult,1,0.03409315762396613,0.19167754956666272,0.0,0.040148007439946176,0.180438481934386,0.012267996359175274,0.0764,Low
2nd Quarter 2025,Mountain Province,Adult,1,0.02679356540630011,0.03199193089536027,0.00015517508922567632,0.0005431128122898671,0.029457404438007553,0.03576785806651839,0.0208,Low
2nd Quarter 2025,City of Baguio,Adult,1,0.0035039286472711827,0.012210660437460183,0.007432575918454024,0.006742408154597579,0.3647802081121257,0.21936716925037164,0.1023,Low
3rd Quarter 2025,Pateros,Adult,1,0.007962657880285558,0.0,0.011257550796265788,0.016749038989566173,0.004118616144975288,0.002196595277320154,0.007,Low
3rd Quarter 2025,Zambales,Adult,1,0.02923948821176491,0.03993054055688504,0.008440531831258478,0.024211453896726593,0.027161752382268835,0.00631528021356187,0.0225,Low
2nd Quarter 2025,Lanao del Norte,Adult,1,0.0034650496434997,0.006397014726460985,0.03121876457653095,0.024755114280002665,0.019790764309988673,0.0006663557006730193,0.0144,Low
3rd Quarter 2025,Region 1,Adult,1,0.08745951307204736,0.028716661242580627,0.00026035612999209635,0.0,0.031791343158677765,0.0,0.0247,Low
2nd Quarter 2025,Southern Leyte,Adult,1,0.08220358269124484,0.1277024610683052,9.753242953281966e-05,0.0,0.06196560356318476,0.0,0.0453,Low
1st Quarter 2025,Mountain Province,Adult,1,0.010974961811781895,0.010626286776914393,0.0011290429700471542,0.0,0.034302982001726774,0.056186491332934844,0.0189,Low
3rd Quarter 2025,Camarines Norte,Adult,1,0.05793458273015376,0.006807778082084589,0.006348057435736922,0.004538518721389726,0.01869204585468915,0.006602370984780313,0.0168,Low
3rd Quarter 2025,Quirino,Adult,1,0.05291817927953086,0.02520245741413013,0.053965372800893606,0.05672298240714884,0.0,0.0006632225635297403,0.0316,Low
3rd Quarter 2025,BARMM,Adult,1,0.03511635287336222,0.5034779567489848,0.010265477555197182,0.5084293495508448,0.4768103833524394,0.009812112615850934,0.2573,Moderate
2nd Quarter 2025,City of Isabela,Adult,1,0.005460275579009089,0.036866021694517734,0.015867780709469363,0.04133685136323659,0.030306361770741717,0.016234242157725006,0.0243,Low
2nd Quarter 2025,City of Lapu-Lapu,Adult,1,0.02317027054900478,0.04393413317748977,0.009006841073945478,0.11806868575750283,0.05871635326068273,0.007511430437622469,0.0434,Low
2nd Quarter 2025,City of Bacolod,Adult,1,0.014553147839466598,0.08456212334914733,0.0,0.005641748942172073,0.1520707783049109,0.012181048852416977,0.0448,Low
3rd Quarter 2025,Southern Leyte,Adult,1,0.0768047478215994,0.059675274409003394,0.0015680514479664953,0.0042178599075048135,0.12399515690438856,0.011948949008554812,0.0464,Low
3rd Quarter 2025,Sultan Kudarat,Adult,1,0.06895475523946433,0.0273637487074727,0.015097349373281884,0.0058825754709843385,0.003779854228140526,0.022392247358200296,0.0239,Low
3rd Quarter 2025,City of Cebu,Adult,1,0.40144634324824585,0.0,0.08148594550385262,0.10040463174206879,0.283629632818217,0.18727131849683612,0.1757,Low
1st Quarter 2025,Negros Occidental,Adult,1,0.10631467155133777,0.0017245747023403551,0.0,0.009297601184792564,0.006286902975622114,0.0,0.0206,Low
2nd Quarter 2025,City of Davao,Adult,1,0.05026183970856102,0.048200010119409026,0.161183211900425,0.15766039263307022,0.039503642987249545,0.005679518316130338,0.0771,Low
2nd Quarter 2025,Occidental Mindoro,Adult,1,0.0333470458168355,0.1833701856327454,0.05957217051473235,0.09297063814470098,0.07024219673985704,0.004268010490049879,0.074,Low
2nd Quarter 2025,Maguindanao del Norte,Adult,1,0.37444385593220336,0.007018008474576272,0.0,0.00614406779661017,0.0,0.0,0.0646,Low
3rd Quarter 2025,Region 10,Adult,1,0.0037004179953804717,0.027952941552577104,0.002054011716658275,0.008843439550515102,0.010314016032480559,0.0033008048209333366,0.0094,Low
2nd Quarter 2025,City of Muntinlupa,Adult,1,0.02599243856332703,0.046880907372400756,0.0,0.00775047258979206,0.001890359168241966,0.0010869565217391304,0.0139,Low
1st Quarter 2025,Antique,Adult,1,0.014059286575420183,0.04139777320757393,0.013030990709878731,0.02485639316360542,0.03418197290972271,0.0,0.0213,Low
2nd Quarter 2025,City of Mandaue,Adult,1,0.007558085285061118,0.0394233460856583,0.014696276943174396,0.0040123168797238035,0.012176915181487356,0.013110012130260335,0.0152,Low
3rd Quarter 2025,Camarines Sur,Adult,1,0.06891251842790377,0.09438223393243625,0.08930083748941375,0.022881967315956212,0.06505442112857188,0.005504846146607697,0.0577,Low
2nd Quarter 2025,Iloilo,Adult,1,0.024377193320735797,0.0844741814816243,0.000983378967259265,0.0,0.04806987775249701,0.004502333114804674,0.0271,Low
3rd Quarter 2025,City of Butuan,Adult,1,0.026864231071709443,0.03406734825194824,0.005969829127046543,0.030313862872667477,0.05537284621434189,0.0045399299349395865,0.0262,Low
3rd Quarter 2025,Abra,Adult,1,0.025425618913091964,0.026800981339677347,0.0,0.0,0.06865660545684336,0.0,0.0201,Low
2nd Quarter 2025,Davao de Oro,Adult,1,0.007574591249191735,0.0022246512916833452,0.16748776056901807,0.002755796409766912,0.05035871539858977,0.01474889922098716,0.0409,Low
1st Quarter 2025,City of Bacolod,Adult,1,0.035652389205248824,0.07582322357019064,0.002352067343401832,0.0,0.08801683585045804,0.004889824213914335,0.0345,Low
3rd Quarter 2025,Capiz,Adult,1,0.04247364668246902,0.06191825171995144,0.026228054961361314,0.008402227746622729,0.007457940683355495,0.013904145227496098,0.0267,Low
3rd Quarter 2025,Rizal,Adult,1,0.024165443873807778,0.06496960486322188,0.001205324389476994,0.0,0.11106016140865738,0.0713172099360654,0.0455,Low
1st Quarter 2025,Dinagat Islands,Adult,1,0.05055029434348605,0.0899667263885334,0.003967238290248272,0.005119017148707448,0.053749680061428204,0.0,0.0339,Low
3rd Quarter 2025,Isabela,Adult,1,0.0057268932455345894,0.007105841975880314,0.030500303028239507,0.0755970337280645,0.032284424348489285,0.012308394222715542,0.0273,Low
1st Quarter 2025,Surigao del Norte,Adult,1,0.07880233886685933,0.1020733920290342,0.08115464748975065,0.09331944351098864,0.09155521204382015,0.01555884131998118,0.0771,Low
1st Quarter 2025,Occidental Mindoro,Adult,1,0.1401980561158995,0.1662846139739593,0.04112415184302219,0.04749679075738126,0.04965156794425087,0.014716669723088209,0.0766,Low
1st Quarter 2025,Special Geographic Area (SGA),Adult,1,0.9458785942492013,0.010159744408945686,0.5047923322683706,0.5,0.02252396166134185,0.01389776357827476,0.3329,Moderate
2nd Quarter 2025,City of Bacolod,Adult,1,0.01642162241240582,0.05255650647355716,0.00486431131592422,0.006071245702582108,0.0984565869358496,0.0010606393094872357,0.0299,Low
2nd Quarter 2025,Southern Leyte,Adult,1,0.020968273136458448,0.15605445164123394,0.0,0.001701613788560764,0.05410399970724924,0.0058733121089032825,0.0398,Low
2nd Quarter 2025,Davao de Oro,Adult,1,0.08294946258094665,0.09483276587222111,0.06135256025101809,0.043727885706655985,0.1966085853528273,0.09892182388677481,0.0964,Low
2nd Quarter 2025,Mountain Province,Adult,1,0.02076019201834205,0.04341907286666189,0.0009672565737622698,0.01171455183778749,0.09398509708390056,0.02693988679515655,0.033,Low
1st Quarter 2025,Region 8,Adult,1,0.0,0.0,0.0,0.0,0.5,0.0,0.0833,Low
1st Quarter 2025,Lanao del Norte,Adult,1,0.010220827802582358,0.022649933630988293,0.014540847109931218,0.03177265596717751,0.0012429105828405938,0.014999396645348136,0.0159,Low
2nd Quarter 2025,Marinduque,Adult,1,0.0,0.024765729585006693,0.0029004908522980814,0.0016733601070950468,0.0,0.009928603302097277,0.0065,Low
2nd Quarter 2025,Benguet,Adult,1,0.024601187163791505,0.051289185679836764,0.0075357076609163425,0.0026896679651270635,0.17002875162307549,0.01386570209608607,0.045,Low
3rd Quarter 2025,City of Caloocan,Adult,1,0.004905728045906343,0.012104211497079619,0.005558971206066196,0.0,0.014268880008197562,0.004982580182395737,0.007,Low
3rd Quarter 2025,Capiz,Adult,1,0.036723901303815976,0.05266357370886416,0.030339081660053106,0.0,0.01577184712235582,0.026934093146761345,0.0271,Low
2nd Quarter 2025,Apayao,Adult,1,0.04569423864725878,0.056589383770591827,0.0006319184171533165,0.017562973938812863,0.034581190621459076,0.035779656585025715,0.0318,Low
3rd Quarter 2025,City of Iloilo,Adult,1,0.02801671172278201,0.01820676660932252,0.002723846973048251,0.010711067420332596,0.01683460309658393,0.004014090276071107,0.0134,Low
2nd Quarter 2025,Zamboanga del Sur,Adult,1,0.0928480836452501,0.03367154391066291,0.020787576948061992,0.027082624431589694,0.029974943545642962,0.005691836545302688,0.035,Low
1st Quarter 2025,City of Cebu,Adult,1,0.3296081677704194,0.02250867234310943,0.2168282876064333,0.03198912015137181,0.041755361084831286,0.025681961526332387,0.1114,Low
2nd Quarter 2025,Eastern Samar,Adult,1,0.005508758228271784,0.05393004574361263,0.0004881178176949682,0.0032355238201495036,0.007447283275688944,0.0054948120049090705,0.0127,Low
3rd Quarter 2025,City of Malabon,Adult,1,8.198065256599443e-05,0.0416188446193365,0.012543039842597147,0.005656665027053615,0.08908564245504727,0.0,0.0248,Low
1st Quarter 2025,City of Puerto Princesa,Adult,1,0.13446110917335194,0.12539239623299617,0.0,0.0019183815835367981,0.2242762469480293,0.0845831880013952,0.0951,Low
1st Quarter 2025,City of Isabela,Adult,1,0.000602087235750602,0.026893229863526893,0.000668985817500669,0.0291008830612791,0.03311479796628312,0.0068905539202568904,0.0162,Low
2nd Quarter 2025,Aklan,Adult,1,0.04694269092709494,0.10598465156578785,0.009004827330115114,0.026735982176011884,0.008045550191855428,0.004579774724594628,0.0335,Low
3rd Quarter 2025,City of Lapu-Lapu,Adult,1,0.008683201699690545,0.04960509907163641,0.01605006697150247,0.022169876680060967,0.03473280679876218,0.008567733591981895,0.0233,Low
1st Quarter 2025,City of Zamboanga,Adult,1,0.04091428967525041,0.03871347866772953,0.007434235608082348,0.036304717013828716,0.0279347034970367,0.005683984334384639,0.0262,Low
1st Quarter 2025,Tarlac,Adult,1,0.02455704586852128,0.03548600761715516,0.0,0.0035270740188772976,0.027819175360158967,0.0,0.0152,Low
2nd Quarter 2025,Batangas,Adult,1,0.0,0.1550603367795028,0.0034576951004460428,0.0006396735935825179,0.05169254175166834,0.07171259638325092,0.0471,Low
3rd Quarter 2025,Cotabato,Adult,1,0.04669090484893261,0.005161955126958821,0.0,0.0,0.03772796204845044,0.012122331531671656,0.017,Low
2nd Quarter 2025,City of Las Piñas,Adult,1,0.048282442748091604,0.017652671755725192,0.15243320610687022,0.0,0.025333969465648854,0.06211832061068702,0.051,Low
2nd Quarter 2025,City of Malabon,Adult,1,0.040726817042606514,0.018914473684210526,0.0,0.0,0.0,0.014489348370927317,0.0124,Low
1st Quarter 2025,South Cotabato,Adult,1,0.02575894771958252,0.050731544583710625,0.0037411237668588857,0.0,0.039698803793547156,0.03521898679883716,0.0259,Low
3rd Quarter 2025,Northern Samar,Adult,1,0.0918080820412648,0.09171651812965449,0.00482236601147601,0.0032657795141008425,0.02704187522890978,0.0012208521548040532,0.0366,Low
3rd Quarter 2025,City of Butuan,Adult,1,0.014411143629829955,0.0785203571296262,0.0,0.005834846071203646,0.09067165561441855,0.018449227577520096,0.0346,Low
3rd Quarter 2025,Region 6,Adult,1,0.04264588431707209,0.0367932809738583,0.02052078506614012,0.02749803826603674,0.012344371045970935,0.013727480807605707,0.0256,Low
3rd Quarter 2025,Region 11,Adult,1,0.0,0.5,0.0,0.0,0.0,0.0,0.0833,Low
1st Quarter 2025,Lanao del Sur,Adult,1,0.46539416170624026,0.013881872295560876,0.4733784347749687,0.4409471302743427,0.0986008302765392,0.024139521602565512,0.2527,Moderate
3rd Quarter 2025,Laguna,Adult,1,0.04880742346904419,0.01923206421462337,0.0049494282905280735,0.0,0.046921926977414444,0.03691532773969374,0.0261,Low
3rd Quarter 2025,Surigao del Norte,Adult,1,0.06300145878920496,0.11228118161925602,0.03529965961585218,0.038323608071966934,0.0463013615365913,0.004908217845854607,0.05,Low
1st Quarter 2025,City of Manila,Adult,1,0.004500431548230652,0.016213883523077555,0.023385804118203117,0.0049319797788829065,0.003503760634581398,0.0,0.0088,Low
2nd Quarter 2025,City of Dagupan,Adult,1,0.041402590245246625,0.07979126481124277,0.0012227886470101957,0.001756682281620281,0.015069578396252411,0.00675117112152108,0.0243,Low
2nd Quarter 2025,Northern Samar,Adult,1,0.014828839360593662,0.04636712495870289,0.01434598083814074,0.006010317924216625,0.11611476784670513,0.0034435436732826756,0.0335,Low
3rd Quarter 2025,South Cotabato,Adult,1,0.011743650093164656,0.05648720211827008,0.0069137981759340985,0.0,0.0,0.018338727076591153,0.0156,Low
3rd Quarter 2025,City of Navotas,Adult,1,0.03697031533973153,0.07915377993176673,0.061441826355897074,0.117112521123617,0.05621273475113988,0.05288078308835252,0.0673,Low
1st Quarter 2025,City of Dagupan,Adult,1,0.017571497818710615,0.05271449345613185,0.011269995152690258,0.0,0.03090159961221522,0.005937954435288415,0.0197,Low
2nd Quarter 2025,Region 2,Adult,1,0.048400738120867294,0.06638666769183454,0.06151007227433492,0.08764031985237583,0.0349473320006151,0.016269414116561586,0.0525,Low
1st Quarter 2025,City of Manila,Adult,1,0.004843517138599106,0.002514903129657228,0.017976900149031298,0.0031110283159463486,0.0023286140089418777,0.0061661698956780924,0.0062,Low
1st Quarter 2025,Davao Oriental,Adult,1,0.09456608930746606,0.09734394961228794,0.22086217653525061,0.2788258712380047,0.011913604088059656,0.017157372470958734,0.1201,Low
1st Quarter 2025,Oriental Mindoro,Adult,1,0.12478210044912942,0.03354114968930087,0.030177806033510387,0.023686962941695207,0.0,0.03311047763581551,0.0409,Low
3rd Quarter 2025,City of Parañaque,Adult,1,0.007824386003042817,0.008259074114322973,0.002336448598130841,0.022821125842208214,0.004455553140621604,0.0021734405564007822,0.008,Low
3rd Quarter 2025,Lanao del Norte,Adult,1,0.0,0.06326068902316791,0.0006443483490363413,0.006643947421174718,0.011297574386437184,0.007245339213608637,0.0148,Low
2nd Quarter 2025,Region 10,Adult,1,0.0014887491476627017,0.05151526630805364,0.0152966133798015,0.0034245018562012275,0.023308583983635126,0.013792711569058261,0.0181,Low
2nd Quarter 2025,City of Iloilo,Adult,1,0.025220590862001215,0.025810023934555067,0.02218411745793591,0.007037473654127818,0.02906083663773086,0.003733076126174401,0.0188,Low
1st Quarter 2025,Bataan,Adult,1,0.003616592831252517,0.011155859846959323,0.004365686669351591,0.014160289971808297,0.05122835279903343,0.0005074506645187274,0.0142,Low
3rd Quarter 2025,City of Lucena,Adult,1,0.005809920221990982,0.06716961498439127,0.014741588622962192,0.12214706902532084,0.15764828303850156,0.07143600416233091,0.0732,Low
3rd Quarter 2025,Davao Oriental,Adult,1,0.07522935779816514,0.05327501600170685,0.05282696820994239,0.23844676765521655,0.005013868145935566,0.0,0.0708,Low
2nd Quarter 2025,Zamboanga Sibugay,Adult,1,0.07528320982011688,0.028973915314550618,0.010414286180666645,0.010855016160099247,0.01598054258757468,0.019130945773889196,0.0268,Low
2nd Quarter 2025,City of Naga,Adult,1,0.07450564971751412,0.04632768361581921,0.037005649717514126,0.06772598870056497,0.027612994350282485,0.02514124293785311,0.0464,Low
3rd Quarter 2025,Negros Occidental,Adult,1,0.0843386788288951,0.11828134961502623,0.005020597322348095,0.010641949879848954,0.034684419596880976,0.004327889755284194,0.0429,Low
3rd Quarter 2025,Region 12,Adult,1,0.020038521285688667,0.08394216683396487,0.0018096154159670031,0.005098131461456589,0.03085079872278881,0.031762593362880294,0.0289,Low
1st Quarter 2025,Agusan del Sur,Adult,1,0.037336894057196944,0.09950307619498344,0.011392062740855927,0.03253667770941789,0.024356027313907104,0.01806841998512609,0.0372,Low
1st Quarter 2025,Ifugao,Adult,1,0.02461587965569946,0.0,0.0,0.0023328774837100795,0.11048990427157912,0.03624004504866865,0.0289,Low
3rd Quarter 2025,Apayao,Adult,1,0.016308230923120892,0.04211917690768791,0.00039296941983423835,0.006233923978279508,0.0,0.08218419548442413,0.0245,Low
1st Quarter 2025,Basilan,Adult,1,0.3512061141628851,0.0,0.4109147360878911,0.004776689754000477,0.5250776212085025,0.01982326247910198,0.2186,Moderate
3rd Quarter 2025,City of Iligan,Adult,1,0.00924826064822671,0.07984048871542508,0.03614457831325301,0.0,0.034193110470049214,0.005684710673680638,0.0275,Low
3rd Quarter 2025,Benguet,Adult,1,0.03256612640838706,0.05296137856239079,0.009459540880882087,0.00015062963186117972,0.08908236428270169,0.013104777971922636,0.0329,Low
1st Quarter 2025,Mountain Province,Adult,1,0.012869572222669781,0.009828405703697736,0.0,0.0020140175622331427,0.08136630951421897,0.007713687263352936,0.019,Low
2nd Quarter 2025,Quirino,Adult,1,0.03487881345713252,0.024689497166284817,0.06749668395031955,0.08645845894127578,0.05308694079344025,0.009948149041360183,0.0461,Low
1st Quarter 2025,Abra,Adult,1,0.04318222012615693,0.055385250250545304,0.014001061133054295,0.008312208925308023,0.06464068855744856,0.04810469846135707,0.0389,Low
3rd Quarter 2025,City of Manila,Adult,1,0.011214496998937423,0.012966313431549926,0.007122138939145917,0.04874931794032337,0.007165216392406881,0.0046092874989230636,0.0153,Low
3rd Quarter 2025,Region 4B,Adult,1,0.0,0.0,0.0,0.0,0.0,0.0,0.0,Low
3rd Quarter 2025,Aklan,Adult,1,0.059480202337345196,0.016963195534624106,0.004447933019361591,0.0,0.05267748124890982,0.01094540380254666,0.0241,Low
2nd Quarter 2025,Antique,Adult,1,0.008190836227233432,0.003194279602033789,0.007729277477398274,0.010220229460635633,0.014594048090025935,0.00948759652438935,0.0089,Low
1st Quarter 2025,Lanao del Sur,Adult,1,0.03517804942864736,0.009875289472685168,0.01587828859952166,0.0,0.3742834364678638,0.005030181086519115,0.0734,Low
3rd Quarter 2025,City of Iligan,Adult,1,0.028313936985523702,0.06847856940107863,0.0011353959693443088,0.0,0.004683508373545274,0.03519727504967357,0.023,Low
2nd Quarter 2025,La Union,Adult,1,0.022917979085296712,0.039523749527529295,0.0,0.009134433665112763,0.018697240771072193,0.0012221242282978455,0.0152,Low
1st Quarter 2025,NIR,Adult,1,0.0467715794833128,0.0907331330428733,0.02009965292487553,0.0,0.020834224016976755,0.01222341843734575,0.0318,Low
1st Quarter 2025,Batangas,Adult,1,0.02708608006559546,0.10440999026317384,0.017656732619299415,0.003580263593121794,0.09087393838312781,0.0,0.0406,Low
2nd Quarter 2025,Siquijor,Adult,1,0.05840981216227807,0.1126168625096492,0.0,0.008748606226949137,0.07028904708808646,0.0,0.0417,Low
1st Quarter 2025,Tawi-Tawi,Adult,1,0.010912511759172154,0.0535277516462841,0.025587958607714015,0.042615239887111946,0.5268109125117592,0.012229539040451553,0.1119,Low
1st Quarter 2025,Pateros,Adult,1,0.012220670391061452,0.010300279329608938,0.0005237430167597765,0.004539106145251397,0.00960195530726257,0.008729050279329608,0.0077,Low
3rd Quarter 2025,NIR,Adult,1,0.07574590994706094,0.12458947221895975,0.012775842044134728,0.013341337265700104,0.0,0.022608933954508085,0.0415,Low
3rd Quarter 2025,South Cotabato,Adult,1,0.0606248758195907,0.05826544804291675,0.008369759586727598,0.00019868865487780648,0.03556526922312736,0.04872839260878204,0.0353,Low
3rd Quarter 2025,Quezon City,Adult,1,0.006935575974666459,0.03691532990707574,0.04041426569070238,0.0073716451227742305,0.004843482323625603,0.0,0.0161,Low
2nd Quarter 2025,Davao del Norte,Adult,1,0.0634487138774214,0.04941251190854239,0.16694188631311527,0.12095903461416323,0.036154334709431565,0.0,0.0728,Low
2nd Quarter 2025,Eastern Samar,Adult,1,0.030383761496986995,0.06286076752299398,0.0018712337456390738,0.0013954963526799874,0.04110371075166508,0.0,0.0229,Low
1st Quarter 2025,City of Isabela,Adult,1,0.003834457225968531,0.035138172682797834,0.01808144916038609,0.027502313896601877,0.06029353431178104,0.013817268279783156,0.0264,Low
3rd Quarter 2025,Surigao del Norte,Adult,1,0.029883635520160823,0.08102988363552016,0.02781536320408242,0.07322070591873817,0.09467661499207485,0.014632543395059342,0.0535,Low
3rd Quarter 2025,Zamboanga del Norte,Adult,1,0.036299597469810235,0.06701648456967606,0.0198150277937512,0.05386237301130918,0.03452654782442016,0.017107533064979873,0.0381,Low
2nd Quarter 2025,Marinduque,Adult,1,0.023662839540744888,0.021982637916549985,0.0,0.0043405208625035005,0.025483057966956036,0.0007000840100812098,0.0127,Low
3rd Quarter 2025,Antique,Adult,1,0.042320441988950276,0.004834254143646409,0.025497237569060773,0.0020994475138121547,0.014171270718232045,0.007320441988950276,0.016,Low
2nd Quarter 2025,City of Isabela,Adult,1,0.05412953850246043,0.033781087910626416,0.0043888815001994945,0.03996542093363479,0.06895863811677085,0.01629206011437691,0.0363,Low
3rd Quarter 2025,Sorsogon,Adult,1,0.0,0.06084939774059203,0.011010249632160404,0.0,0.10204743260430435,0.007020125190154368,0.0302,Low
3rd Quarter 2025,City of Tacloban,Adult,1,0.0062743768017636085,0.0680572042281386,0.0035611327793793456,0.007885365440054266,0.019360126618054377,0.0058786953818325705,0.0185,Low
1st Quarter 2025,Ilocos Sur,Adult,1,0.05413323208898557,0.0037094424035955427,0.001174913292425144,0.004853571941634002,0.08344962751657192,0.002519137233977056,0.025,Low
3rd Quarter 2025,Zambales,Adult,1,0.03244465625671648,0.015259828245166475,0.006957098670255016,0.004237802883761786,0.0185024249390261,0.007774756338015007,0.0142,Low
3rd Quarter 2025,City of Muntinlupa,Adult,1,0.0014439819926951498,0.03474050794190096,0.0,0.0065828590843455366,0.0,0.00016988023443472353,0.0072,Low
2nd Quarter 2025,Aklan,Adult,1,0.030126968459778365,0.08925927587599264,0.035757548566557495,0.0634393647090493,0.026605051819283056,0.003611647000762708,0.0415,Low
3rd Quarter 2025,City of General Santos,Adult,1,0.022386268155083423,0.036190133237306445,0.006061697275237066,0.004021125915256271,0.04321209938782859,0.03282919217380867,0.0241,Low
2nd Quarter 2025,Region 4A,Adult,1,0.07619382696864245,0.013409327818102135,0.02665670828698991,0.06352744898440242,0.12998610133800811,0.06440615522151429,0.0624,Low
1st Quarter 2025,City of Isabela,Adult,1,0.07995244464259177,0.02972209838014564,0.0042353990191707535,0.10157527121414772,0.0840392331698618,0.0,0.0499,Low
1st Quarter 2025,City of Lapu-Lapu,Adult,1,0.006809237240488933,0.02913187431022635,0.03278637319617683,0.04713366511879724,0.013306124148845345,0.01054702954834142,0.0233,Low
2nd Quarter 2025,Pasay City,Adult,1,0.0006666172876083253,0.007221687282423524,0.005221835419598548,0.0054440411821346565,0.021405821790978444,0.007592030219983705,0.0079,Low
1st Quarter 2025,Aklan,Adult,1,0.024861428105640692,0.024942940984675577,0.049396804695141835,0.05241278121943267,0.009455493968046952,0.014346266710140202,0.0292,Low
1st Quarter 2025,City of Butuan,Adult,1,0.07670120713598974,0.050973898799985755,0.008830965352704483,0.006302745433180216,0.11311113485026529,0.019923085140476447,0.046,Low
2nd Quarter 2025,South Cotabato,Adult,1,0.03293531032672878,0.021453877443905,0.0,0.0,0.017287757512137514,0.045909329484319646,0.0196,Low
2nd Quarter 2025,Lanao del Norte,Adult,1,0.005035715870269311,0.057211943741958385,0.010980966325036604,0.0026842362127867253,0.00252894982031146,0.011469009272816008,0.015,Low
2nd Quarter 2025,Cagayan,Adult,1,0.005375210792580101,0.06230677346824059,0.030160905002810566,0.008765458122540754,0.008273608768971333,0.01391231028667791,0.0215,Low
3rd Quarter 2025,City of San Juan,Adult,1,0.00875724404378622,0.04172569220862846,0.03277527366387637,0.02298776561493883,0.13708950418544752,0.01699935608499678,0.0434,Low
2nd Quarter 2025,City of Las Piñas,Adult,1,0.05915585021944159,0.06247081893734242,0.13543125719799545,0.13968001992093879,0.09414199894170013,0.06819808883493635,0.0932,Low
1st Quarter 2025,Tarlac,Adult,1,0.05931115064369099,0.029668733355087948,0.00515268581774545,0.016126485541953072,0.027368709144306783,0.0,0.0229,Low
2nd Quarter 2025,Masbate,Adult,1,0.1735288309636651,0.05492199842022117,0.02006812796208531,0.055662519747235385,0.1697521721958926,0.03206457345971564,0.0843,Low
1st Quarter 2025,Pampanga,Adult,1,0.03146915017462165,0.048456344586728754,0.03039348079161816,0.01718742724097788,0.010384167636786961,0.001979045401629802,0.0233,Low
3rd Quarter 2025,Agusan del Norte,Adult,1,0.060870715892549956,0.09587137753076617,0.03819857968329584,0.08232984870539456,0.06898681134488995,0.026796347757046448,0.0622,Low
3rd Quarter 2025,Dinagat Islands,Adult,1,0.038116238777760277,0.06709718065837139,0.0035438651756182077,0.002598834462120019,0.07583871475822965,0.002441329343203654,0.0316,Low
3rd Quarter 2025,City of Isabela,Adult,1,0.05042194092827004,0.008438818565400843,0.008509142053445851,0.020393811533052038,0.09050632911392405,0.008579465541490859,0.0311,Low
3rd Quarter 2025,City of Isabela,Adult,1,0.0024469820554649264,0.007842891203413227,0.0,0.07039779144183712,0.047559292257497804,0.002886183962856067,0.0219,Low
1st Quarter 2025,Oriental Mindoro,Adult,1,0.08509585095850959,0.12583625836258364,0.023400234002340023,0.046605466054660545,0.09778597785977859,0.007890078900789008,0.0644,Low
2nd Quarter 2025,Bukidnon,Adult,1,0.013491191885641836,0.036049429012759045,0.0,0.06560326431485995,0.017553728158287128,0.0033750301341976268,0.0227,Low
1st Quarter 2025,Misamis Occidental,Adult,1,0.0010823702073014126,0.036286919831223625,0.0,0.01179600073381031,0.0,0.0015226563933223262,0.0084,Low
3rd Quarter 2025,Samar,Adult,1,0.047635714535718035,0.10365405481082217,0.006422596338945084,0.0,0.05045325679885198,0.0,0.0347,Low
3rd Quarter 2025,Antique,Adult,1,0.008628675335368992,0.049747829965348066,0.02861357944213813,0.0006004048444093732,0.022523758877414486,0.002127148591621779,0.0187,Low
1st Quarter 2025,Northern Samar,Adult,1,0.053811240984829645,0.11066898781397662,0.00581323053966675,0.0011812981845312112,0.03167744342203432,0.006248445660283512,0.0349,Low
3rd Quarter 2025,Aurora,Adult,1,0.002952843976496555,0.06467921376800788,0.0,0.111999284159036,0.04784203776061085,0.020446207534226147,0.0413,Low
1st Quarter 2025,City of Butuan,Adult,1,0.06934920429551042,0.08568378832966748,0.0034609910725837754,0.00879803338077371,0.1126601112692457,0.004722473799974123,0.0474,Low
1st Quarter 2025,City of Tacloban,Adult,1,0.0512155225901066,0.07843081956117097,0.006119916520954369,0.0,0.003976535619606295,0.0085453212251114,0.0247,Low
2nd Quarter 2025,Biliran,Adult,1,0.05334987593052109,0.0641025641025641,0.04693961952026468,0.05696856906534326,0.0836435070306038,0.013544251447477253,0.0531,Low
2nd Quarter 2025,City of Lapu-Lapu,Adult,1,0.034196570011708796,0.11558991666092706,0.08132447138232661,0.009229285763482333,0.05487636889592947,0.016357875886769062,0.0519,Low
2nd Quarter 2025,Region 7,Adult,1,0.02573315452544217,0.18604349586295893,0.045105766554490015,0.08739973684876395,0.08629589332253738,0.02169732547253359,0.0754,Low
3rd Quarter 2025,Surigao del Sur,Adult,1,0.043848686582229804,0.1204547093176957,0.07336153236078732,0.13646086183277656,0.03886178471003869,0.040568146314499266,0.0756,Low
3rd Quarter 2025,Batanes,Adult,1,0.013557046979865772,0.12523489932885906,0.07489932885906041,0.15355704697986577,0.09691275167785235,0.06684563758389261,0.0885,Low
1st Quarter 2025,City of Cebu,Adult,1,0.03950314405487805,0.5,0.21234279725609756,0.4227681974085366,0.03369140625,0.17332793445121952,0.2303,Moderate
3rd Quarter 2025,Davao Oriental,Adult,1,0.013339427004484561,0.0643977262989517,0.15958753463395128,0.08689194207203862,0.015338912850981176,0.009169070810363049,0.0581,Low
3rd Quarter 2025,City of Iligan,Adult,1,0.01663850477602676,0.07172661126245733,0.03513914272905962,0.02267319562743543,0.0,0.01865581571778337,0.0275,Low
2nd Quarter 2025,Apayao,Adult,1,0.0,0.05177279305354559,0.0058972503617945,0.0009044862518089725,0.09232995658465991,0.08947178002894356,0.0401,Low
3rd Quarter 2025,City of Butuan,Adult,1,0.04213382846532886,0.05452403056487896,0.009426551453260016,0.012854388345354567,0.02806541455402414,0.0024994644004856102,0.0249,Low
3rd Quarter 2025,Quezon,Adult,1,0.043359906669259186,0.0881197744507097,0.0044137662842698815,0.154190161384406,0.10589150301380518,0.037254520707758115,0.0722,Low
3rd Quarter 2025,Zamboanga Sibugay,Adult,1,0.05436127177292635,0.006034569222025342,0.006937247166594229,0.016281635518705494,0.029838520945471566,0.015479255123533148,0.0215,Low
1st Quarter 2025,Region 2,Adult,1,0.03849689612905777,0.07246055909216717,0.013642204736862916,0.08923530109525128,0.029513463287335416,0.01370942232414693,0.0428,Low
1st Quarter 2025,City of Makati,Adult,1,0.01934196035242291,0.014145099118942732,0.004887114537444934,0.02822136563876652,0.07048458149779736,0.16939702643171806,0.0511,Low
2nd Quarter 2025,City of Lapu-Lapu,Adult,1,0.05138713745271122,0.12541556803851886,0.05623065459131033,0.044537429783331424,0.01733921815889029,0.02252665367419466,0.0529,Low
3rd Quarter 2025,Camiguin,Adult,1,0.0,0.05265496556320817,0.0021106420795378804,0.0032215063319262385,0.007776049766718507,0.006443012663852477,0.012,Low
3rd Quarter 2025,Catanduanes,Adult,1,0.14557904991117987,0.3139648157698699,0.04079995415735488,0.0030943785456420837,0.17302733367715317,0.0,0.1127,Low
1st Quarter 2025,Occidental Mindoro,Adult,1,0.132555107845461,0.03303507940270206,0.050722920123251955,0.055078217587105946,0.013836217113059967,0.011258592083432092,0.0494,Low
3rd Quarter 2025,Capiz,Adult,1,0.035581091569960054,0.04357003577986862,0.01733146546012154,0.06503795695057077,0.02225356378850122,0.006938265528273669,0.0318,Low
1st Quarter 2025,Siquijor,Adult,1,0.05952816386247257,0.06265544989027066,0.0,0.0,0.036594732991953184,0.02168983174835406,0.0301,Low
3rd Quarter 2025,City of Mandaue,Adult,1,0.007915144523489072,0.009613535858488752,0.00477472280971608,0.011856694225469462,0.012081010062167531,0.011504197910658208,0.0096,Low
2nd Quarter 2025,Palawan,Adult,1,0.0785243657892224,0.08775503708183467,0.01570805614794538,0.018509087436738073,0.03539484992201674,0.01696533723780119,0.0421,Low
2nd Quarter 2025,City of Zamboanga,Adult,1,0.023555804823331465,0.042519629837352774,0.004872406057206955,0.011252103196859226,0.07925546831183398,0.0004206393718452047,0.027,Low
3rd Quarter 2025,Region 11,Adult,1,0.07824670836645126,0.040751460068424505,0.2254743062515119,0.18659069703148218,0.11273110550506273,0.020757162110792413,0.1108,Low
3rd Quarter 2025,Apayao,Adult,1,0.013767518549051937,0.04286892003297609,0.0,0.0,0.03033800494641385,0.017889530090684252,0.0175,Low
2nd Quarter 2025,Davao Oriental,Adult,1,0.032187525000666684,0.05149470652550735,0.05085468945838556,0.24692658470892556,0.014880396810581616,0.013853702765407077,0.0684,Low
3rd Quarter 2025,City of Mandaue,Adult,1,0.014884449667058363,0.02833268050659355,0.1235801018409714,0.07801279540409975,0.020433476955216086,0.003133568350959655,0.0447,Low
2nd Quarter 2025,City of Muntinlupa,Adult,1,0.0039075353734781175,0.0,0.0038664034221783483,0.0,0.20138203356367226,0.0036607436656795,0.0355,Low
3rd Quarter 2025,Antique,Adult,1,0.01414571646235889,0.014838285199806081,0.005073066001800679,0.002995359789459104,0.02839531823533486,0.0030126740078952837,0.0114,Low
1st Quarter 2025,City of Butuan,Adult,1,0.05334247719005308,0.018516309857475103,0.021408551493827897,0.00280279086409446,0.12973343669867016,0.0064106386785139245,0.0387,Low
2nd Quarter 2025,Ifugao,Adult,1,0.009435849559882635,0.023306214990664178,0.0037843424913310214,0.0,0.02497332622032542,0.1039443851693785,0.0276,Low
1st Quarter 2025,La Union,Adult,1,0.04028270896240502,0.05670770149649932,0.0,0.0011613631084713143,0.08444768888741414,0.002837044164979925,0.0309,Low
1st Quarter 2025,Bukidnon,Adult,1,0.025049982359167354,0.08363224744207927,0.02313889215570975,0.06621192520286957,0.03595789721274844,0.0030430436316594145,0.0395,Low
2nd Quarter 2025,Batangas,Adult,1,0.06842386264647203,0.08545255289853036,0.0331862758872622,0.03884845589681625,0.07640430494281619,0.0,0.0504,Low
1st Quarter 2025,Lanao del Sur,Adult,1,0.02313573194942705,0.0044930514436975376,0.004980669429835255,0.022343352721953258,0.0015934659189857545,0.00462366340427014,0.0102,Low
3rd Quarter 2025,Nueva Vizcaya,Adult,1,0.020231329946384467,0.026928251571316692,0.011847627462398843,0.028062812506275226,0.0019277495532038795,0.0,0.0148,Low
2nd Quarter 2025,City of Makati,Adult,1,0.02828341013824885,0.021543778801843317,0.1595622119815668,0.058813364055299536,0.005126728110599078,0.0023617511520737326,0.0459,Low
3rd Quarter 2025,Surigao del Sur,Adult,1,0.08795582155858579,0.19775405688899858,0.09705682729684705,0.06450916270747208,0.03535509347812674,0.053279447152464986,0.0893,Low
2nd Quarter 2025,NCR,Adult,1,0.0027396837231463567,0.040066220052631926,0.025323324590756986,0.022311216600453966,0.05267052987071428,0.012571221850411504,0.0259,Low
1st Quarter 2025,City of Navotas,Adult,1,0.010158858063773455,0.0482617704616093,0.09767468631288131,0.04276505122596984,0.1602682168757914,0.03826119488891447,0.0662,Low
1st Quarter 2025,Ifugao,Adult,1,0.013323138236248205,0.03313406552666945,0.0,0.0,0.04307428518467028,0.05662913017285324,0.0244,Low
2nd Quarter 2025,Quezon City,Adult,1,0.015122718484778976,0.04941508011927778,0.003997771733787725,0.0,0.009339056919094275,0.001654815348821968,0.0133,Low
1st Quarter 2025,City of Lucena,Adult,1,0.04643006387678347,0.07551787952958032,0.004954928063996179,0.07804011700793982,0.029654945973374723,0.14017073607545819,0.0625,Low
1st Quarter 2025,City of Zamboanga,Adult,1,0.027417329426538302,0.01297614064462118,0.018801451095297895,0.047090832984512346,0.003174270964141203,0.0034533277521975724,0.0188,Low
1st Quarter 2025,Agusan del Sur,Adult,1,0.09267471850034598,0.07196326350883815,0.04997798326728314,0.01586777379379757,0.024816003019437628,0.0,0.0425,Low
3rd Quarter 2025,City of Dagupan,Adult,1,0.021887140053666546,0.06586166846890144,0.003163923264848412,0.0035443950498618287,0.021086146822059355,0.001021266370299171,0.0194,Low
1st Quarter 2025,Abra,Adult,1,0.026770975382186177,0.008110241871815116,0.0017225292471111748,0.0,0.006818344936481734,0.004808727481518697,0.008,Low
1st Quarter 2025,Camiguin,Adult,1,0.001121327651939897,0.040704193765418256,0.0,0.0014577259475218659,0.0013455931823278763,0.009979816102265083,0.0091,Low
1st Quarter 2025,Special Geographic Area (SGA),Adult,1,0.4614514075541095,0.0,0.40345169047955864,0.421063799688782,0.8926297920497949,0.0,0.3631,Moderate
3rd Quarter 2025,Mountain Province,Adult,1,0.018935283029645283,0.037042325926772146,0.004712400753984121,0.006540241046438568,0.06874393099902897,0.04389672702347632,0.03,Low
2nd Quarter 2025,Rizal,Adult,1,0.0,0.061152849315967324,0.011236507988583052,0.04210819854991634,0.03600603654735737,0.0,0.0251,Low
1st Quarter 2025,Camarines Sur,Adult,1,0.046014481637161354,0.07885895744485012,0.06736876016322524,0.07229313042677876,0.02816555702144632,0.011605252661614458,0.0507,Low
3rd Quarter 2025,Bukidnon,Adult,1,0.0014186977082575481,0.03629198496422942,0.0,0.0,0.013653449739299139,0.01234388262398448,0.0106,Low
3rd Quarter 2025,Negros Oriental,Adult,1,0.05633986441183044,0.0931237428294718,0.04112344483349475,0.003520077478954034,0.03957759070252551,0.031382701333532,0.0442,Low
1st Quarter 2025,Surigao del Norte,Adult,1,0.01244212962962963,0.08680555555555555,0.05814043209876543,0.013329475308641975,0.08153935185185185,0.004494598765432099,0.0428,Low
3rd Quarter 2025,Camarines Sur,Adult,1,0.05332631318136769,0.04991947472745292,0.07758300297324083,0.046258671952428145,0.031863230921704656,0.010808969276511397,0.045,Low
3rd Quarter 2025,City of Taguig,Adult,1,0.018057075511406683,0.02379829952016163,0.017046889468810507,0.01138984763027191,0.00438589106827174,0.006145298425793417,0.0135,Low
2nd Quarter 2025,Leyte,Adult,1,0.0916502729212269,0.053759940151284255,0.010141032390346624,0.0005195201019644787,0.054979080657227564,0.022325510515086865,0.0389,Low
2nd Quarter 2025,Kalinga,Adult,1,0.01663266049697588,0.0759127013043795,0.0015120600451796254,0.0,0.06709538730598266,0.0,0.0269,Low
1st Quarter 2025,City of Makati,Adult,1,0.036053486628342915,0.01849537615596101,0.17233191702074482,0.015683579105223694,0.028805298675331166,0.1101599600099975,0.0636,Low
2nd Quarter 2025,Pasay City,Adult,1,0.00586844893634363,0.013774553753362132,0.007376314288043035,0.0,0.008476648463607466,0.004401336702257723,0.0066,Low
2nd Quarter 2025,Misamis Occidental,Adult,1,0.0013275923932543955,0.017151058485827052,0.0005023322569070685,0.0,0.005597416576964478,0.0,0.0041,Low
2nd Quarter 2025,Albay,Adult,1,0.023357925452843695,0.006386610141496449,0.06664647910587458,0.013571546550679953,0.02397731652260089,0.0010460826955899355,0.0225,Low
1st Quarter 2025,City of Iloilo,Adult,1,0.018975332068311195,0.01943441268286711,0.0050039786986594845,0.016924771989961437,0.011538226112505356,0.00795739731896921,0.0133,Low
3rd Quarter 2025,Batanes,Adult,1,0.016925638179800223,0.11140399556048834,0.09725305216426193,0.12389012208657048,0.09988901220865705,0.11958934517203108,0.0948,Low
3rd Quarter 2025,Benguet,Adult,1,0.024866279731421418,0.0403721406623421,0.008563787413224081,0.0009388869921474906,0.11935245248662797,0.0,0.0323,Low
3rd Quarter 2025,Pasay City,Adult,1,0.0,0.008983305073692448,0.01677644450241294,0.007613799400026086,0.012260336507108387,0.001059736533194209,0.0078,Low
3rd Quarter 2025,Capiz,Adult,1,0.039691046658259774,0.05735340479192938,0.023297604035308953,0.029941677175283732,0.001828499369482976,0.01875,0.0285,Low
2nd Quarter 2025,Region 4B,Adult,1,0.04889431361286617,0.1365913587338056,0.005269162039696215,0.025919012062033314,0.08346496266513498,0.04556369264152148,0.0576,Low
3rd Quarter 2025,Pasay City,Adult,1,0.01114992938378057,0.005277633241656136,0.01947520999033673,0.017319556976139152,0.012376421615996431,0.010964097227384227,0.0128,Low
3rd Quarter 2025,Davao de Oro,Adult,1,0.04866962945861711,0.061987764054022856,0.09860902689599446,0.08106314209858016,0.2358882604178691,0.010749740274731617,0.0895,Low
2nd Quarter 2025,Region 12,Adult,1,0.07161423841059603,0.04891280353200883,0.003945916114790287,0.010618101545253862,0.02857615894039735,0.03375827814569536,0.0329,Low
2nd Quarter 2025,Kalinga,Adult,1,0.014066560063961623,0.0393264041575055,0.0,0.005921447131720967,0.0702078752748351,0.0,0.0216,Low
3rd Quarter 2025,City of Mandaluyong,Adult,1,0.03309586940548829,0.023080854870140242,0.020988403667380123,0.019630706322077755,0.14610420726447945,0.007331565664632783,0.0417,Low
3rd Quarter 2025,City of Tacloban,Adult,1,0.031913906670377586,0.0230308934038408,0.004870581686612858,0.0064709156693570835,0.001600333982744225,0.0,0.0113,Low
1st Quarter 2025,City of Caloocan,Adult,1,0.001657082656599798,0.0,0.011841007857425047,0.0057065098108072514,0.1286049778324042,0.00014266274527018129,0.0247,Low
2nd Quarter 2025,Siquijor,Adult,1,0.046179598267034265,0.08901142181961402,0.0019692792437967705,0.0,0.07296179598267034,0.009747932256794014,0.0366,Low
2nd Quarter 2025,Camarines Norte,Adult,1,0.0716121983354221,0.007222275780070054,0.019754812172627655,0.010845464185867156,0.0193370609595424,0.0,0.0215,Low
2nd Quarter 2025,City of Naga,Adult,1,0.0522964509394572,0.06691022964509395,0.0004871259568545581,0.0,0.1045929018789144,0.012978427279053583,0.0395,Low
2nd Quarter 2025,Cebu,Adult,1,0.06690291662289173,0.012510202927128877,0.0,0.09506703626180912,0.06714132165283379,0.06071650813405636,0.0504,Low
1st Quarter 2025,Aurora,Adult,1,0.008420054339467884,0.09734966934946429,0.04121597375301174,0.004536832931768083,0.048162198185266826,0.04197211257497309,0.0403,Low
3rd Quarter 2025,Pateros,Adult,1,0.0010602205258693808,0.002332485156912638,0.008057675996607293,0.012086513994910942,0.017387616624257845,0.00275657336726039,0.0073,Low
2nd Quarter 2025,Pangasinan,Adult,1,0.48471583539676927,0.03712710765239948,0.0017391817002711943,0.00904964037259757,0.03459202924183469,5.895531187359981e-05,0.0945,Low
2nd Quarter 2025,City of Tacloban,Adult,1,0.04965935703640622,0.04267351500958058,0.002421758569299553,0.005788269107941239,0.010378965296998085,0.0,0.0185,Low
2nd Quarter 2025,City of Pasig,Adult,1,0.002675597799648243,0.07414960895109082,0.0027878606443887287,0.0,0.18250196459978296,0.0028814130150058,0.0442,Low
3rd Quarter 2025,City of Olongapo,Adult,1,0.0032303125545660905,0.06475903614457831,0.013161341016238868,0.02959664745940283,0.007071765322158198,0.0013750654793085386,0.0199,Low
3rd Quarter 2025,City of Santiago,Adult,1,0.07860047365834041,0.10543366548996827,0.0446400643460387,0.06680369989722508,0.01007641092095268,0.00031279324366593683,0.051,Low
1st Quarter 2025,NCR,Adult,1,0.003915303708053402,0.06337196248769451,0.04812697535448438,0.01908429906219236,0.0063833094419785495,0.001063884906996425,0.0237,Low
3rd Quarter 2025,City of Dagupan,Adult,1,0.01138328530259366,0.09531700288184439,0.0007204610951008645,0.002521613832853026,0.0207492795389049,0.0004322766570605187,0.0219,Low
3rd Quarter 2025,City of Makati,Adult,1,0.02884485779754684,0.020218358269308533,0.108235611268365,0.010446151772476075,0.02507076425394258,0.0638226176034506,0.0428,Low
3rd Quarter 2025,Zamboanga del Sur,Adult,1,0.10355609640672007,0.04553290741304127,0.009329682587972822,0.04801744245005578,0.02300307609099821,0.005442314842984146,0.0391,Low
1st Quarter 2025,Abra,Adult,1,0.055413780532263944,0.06452788917243893,0.011438206343419613,0.006288734961720744,0.06088224571636894,0.014628144367480861,0.0355,Low
3rd Quarter 2025,Catanduanes,Adult,1,0.1459213727750032,0.28588807785888076,0.34021641695479576,0.02080932257651428,0.17178896145473171,0.02052119349468562,0.1642,Low
3rd Quarter 2025,City of General Santos,Adult,1,0.0010991311629854495,0.0,0.0,0.009054747199832514,0.060923270176907775,0.06322621166125825,0.0224,Low
3rd Quarter 2025,Special Geographic Area (SGA),Adult,1,0.08398690168175937,0.30908392626131953,0.4581985769728331,0.9003274579560155,0.018353816300129368,0.40976714100905565,0.3633,Moderate
1st Quarter 2025,City of Taguig,Adult,1,0.0025143997549818705,0.028503117065315116,0.0034727367932264343,0.02835492061610204,0.0,0.016790657695841607,0.0133,Low
3rd Quarter 2025,City of Olongapo,Adult,1,0.01188527506939008,0.008967333285887126,0.006618745996726212,0.005657960287524019,0.015764002562095224,0.00975019571560743,0.0098,Low
1st Quarter 2025,Sarangani,Adult,1,0.06652652005174645,0.04086890901250539,0.025819318671841313,0.01618154376886589,0.03781802501078051,0.015028029322984044,0.0337,Low
1st Quarter 2025,Basilan,Adult,1,0.0,0.0,0.5,0.5,0.0,0.0,0.1667,Low
2nd Quarter 2025,Siquijor,Adult,1,0.04414088959132987,0.10578008579814857,0.0,0.004515692029803568,0.06141341160532852,0.003725445924587943,0.0366,Low
1st Quarter 2025,Lanao del Norte,Adult,1,0.013418875728520399,0.014476405339349501,0.026367738296672306,0.025592216582064297,0.02498119947358526,0.0004465125023500658,0.0175,Low
1st Quarter 2025,Surigao del Norte,Adult,1,0.0196319018404908,0.1243221848406887,0.034434989115377006,0.03669107460914308,0.07694438947160102,0.01856322976449634,0.0518,Low
1st Quarter 2025,City of Iligan,Adult,1,0.002978451205373206,0.0334426098428817,0.03212329588613921,0.0,0.027685603486187184,0.00015991684324151442,0.0161,Low
1st Quarter 2025,Aurora,Adult,1,0.03006597549481621,0.13049010367577757,0.04764373232799246,0.038124410933082,0.04156456173421301,0.038360037700282755,0.0544,Low
3rd Quarter 2025,Sulu,Adult,1,0.0,0.0,0.0,0.0,0.0,0.0,0.0,Low
2nd Quarter 2025,Sultan Kudarat,Adult,1,0.0012321248553186722,0.08359780457753052,0.009222267856476124,0.0016241645820109772,0.02090878542358959,0.031941903446215884,0.0248,Low
3rd Quarter 2025,City of Davao,Adult,1,0.04189238430705697,0.04979958702781489,0.09355034616786105,0.002228835175513179,0.1078768371189117,0.007524596137495445,0.0505,Low
3rd Quarter 2025,Region 6,Adult,1,0.014508558115648858,0.011525116957782468,0.00991009751178972,0.014564923312018939,0.01945303839722433,0.006589248025652427,0.0128,Low
3rd Quarter 2025,Bukidnon,Adult,1,0.010457924149530682,0.111307037057132,0.0,0.0015463078509033693,0.03136020834463675,0.0063480006510769895,0.0268,Low
2nd Quarter 2025,City of Pasig,Adult,1,0.043422053231939164,0.1005893536121673,0.007832699619771863,0.0026425855513307985,0.12195817490494297,0.0,0.0461,Low
3rd Quarter 2025,Antique,Adult,1,0.05066934632285315,0.0688421841468815,0.01200735770003747,0.017798140136934974,0.006199543550090268,0.0,0.0259,Low
1st Quarter 2025,Occidental Mindoro,Adult,1,0.08802645318482423,0.12171945701357466,0.030873651235642185,0.058858336233901846,0.01931778628611208,0.015454229028889663,0.0557,Low
3rd Quarter 2025,City of Taguig,Adult,1,0.0017389325879217318,0.02281739582656179,0.0,0.021517259312227782,0.006971982058116102,0.018608203861405447,0.0119,Low
1st Quarter 2025,CAR,Adult,1,0.008299708505047314,0.016527620223718786,0.004702689507617639,0.004365244611651183,0.05593687626541836,0.002907769848221594,0.0155,Low
1st Quarter 2025,Misamis Oriental,Adult,1,0.04614671374059413,0.02886844263756642,0.000481437894511608,0.008701544167469063,0.006971933953853286,0.0,0.0152,Low
3rd Quarter 2025,Region 4B,Adult,1,0.09168279256768182,0.1277265297687264,0.036682510755819416,0.022986454243147277,0.09112856257162719,0.037640671087981664,0.068,Low
3rd Quarter 2025,South Cotabato,Adult,1,0.0546426735218509,0.05112596401028278,0.0,0.0,0.09179434447300772,0.0023444730077120824,0.0333,Low
2nd Quarter 2025,Region 5,Adult,1,0.05554982492937003,0.027951129219889858,0.03906281339361952,0.050483951381367444,0.13570313828192007,0.017233903148597046,0.0543,Low
2nd Quarter 2025,Region 12,Adult,1,0.06647465359804512,0.06898594085275463,0.006538823417922874,0.0017294714112622096,0.028886572397500896,0.0,0.0288,Low
2nd Quarter 2025,Cotabato,Adult,1,0.08808890032357976,0.036449726392036176,0.0072483845750418085,0.0032753792414182093,0.011330239369860573,0.01864789178384476,0.0275,Low
3rd Quarter 2025,City of Mandaue,Adult,1,0.008362504861921432,0.016789835342927526,0.05108258783871386,0.008362504861921432,0.0,0.01899390639180604,0.0173,Low
1st Quarter 2025,Basilan,Adult,1,0.5639576821351286,0.5,0.515568646309209,0.4650156287569127,0.5,0.0006612166386150517,0.4242,High
1st Quarter 2025,Region 12,Adult,1,0.05970647939177688,0.04073417976876426,0.010650839080604694,0.014247349110486302,0.008980242835348555,0.009100021434065034,0.0239,Low
1st Quarter 2025,City of Naga,Adult,1,0.05266075388026607,0.028062638580931262,0.02681541019955654,0.08342572062084257,0.09652161862527717,0.03443736141906874,0.0537,Low
3rd Quarter 2025,Palawan,Adult,1,0.008908035486108575,0.10315432076229418,0.001533350370559673,0.04025044722719141,0.04943229527947136,0.013526340768865686,0.0361,Low
2nd Quarter 2025,Aklan,Adult,1,0.03724641310959247,0.03209417152670936,0.04504633439479051,0.0761744606247093,0.016530108411749973,0.014365451357830334,0.0369,Low
2nd Quarter 2025,Camiguin,Adult,1,0.006535947712418301,0.025359477124183006,0.0037908496732026145,0.013986928104575164,0.0027450980392156863,0.005620915032679739,0.0097,Low
3rd Quarter 2025,Bohol,Adult,1,0.1067650892320032,0.00434880689793463,0.06246240224583918,0.22989146781632244,0.029627030278724684,0.030172197714056548,0.0772,Low
2nd Quarter 2025,City of Tacloban,Adult,1,0.034352060643861246,0.04485918533800317,0.005589406515376865,0.008324137600153528,0.015065009835436358,0.0,0.018,Low
1st Quarter 2025,City of Puerto Princesa,Adult,1,0.03792415169660679,0.03706871970345024,0.01204733390362133,0.0,0.014613629883090961,0.04127459366980325,0.0238,Low
2nd Quarter 2025,City of Naga,Adult,1,0.0542229574487639,0.05904788162852679,0.02049443984927856,0.03755782250405906,0.07269552430842753,0.017339092607909813,0.0436,Low
2nd Quarter 2025,Quezon City,Adult,1,0.007175766941391941,0.0213055173992674,0.04945054945054945,0.01528874771062271,0.012484260531135532,0.00534426510989011,0.0185,Low
1st Quarter 2025,Bataan,Adult,1,0.004432624113475178,0.011158649398704902,0.0034111933395004623,0.01697887758248535,0.03443956213382671,0.0,0.0117,Low
1st Quarter 2025,Oriental Mindoro,Adult,1,0.08474963640141284,0.1420527737377935,0.014159567837107832,0.011946810720964056,0.10771867857884895,0.018356534386037814,0.0632,Low
3rd Quarter 2025,Quezon,Adult,1,0.07333242208857299,0.04319300164024057,0.04008337889557135,0.0009738928376161837,0.0395537178786222,0.10781164570803718,0.0508,Low
1st Quarter 2025,City of Tacloban,Adult,1,0.006119951040391677,0.09684822521419828,0.006311199510403917,0.0,0.013196144430844553,0.0,0.0204,Low
2nd Quarter 2025,Camarines Sur,Adult,1,0.007042792169968405,0.0681156265260854,0.0795917887044675,0.07643518218885509,0.05733079941869017,0.0031683739210760114,0.0486,Low
1st Quarter 2025,City of Parañaque,Adult,1,0.0,0.011354998099581909,0.004038388445458001,0.024942987457240592,0.0,0.0,0.0067,Low
1st Quarter 2025,Zambales,Adult,1,0.04263058344245599,0.04294582666472671,0.024957563412386634,0.013080168776371307,0.039172607788932536,0.004132111159610068,0.0278,Low
1st Quarter 2025,Ifugao,Adult,1,0.015419077842075789,0.025070001866716447,0.009594922531267501,0.0,0.16223632630203472,0.0021093895837222326,0.0357,Low
3rd Quarter 2025,Albay,Adult,1,0.032022655484152056,0.02708492175870457,0.01056529789783248,0.01615655520458919,0.014377518788802963,0.0017245761173437896,0.017,Low
2nd Quarter 2025,City of Taguig,Adult,1,0.0,0.01161148231095912,0.006319174046780474,0.001626258026744975,0.03707403655828044,0.020188831789162618,0.0128,Low
3rd Quarter 2025,Romblon,Adult,1,0.05677770794049864,0.09506599622878692,0.0038235910328933585,0.04132620993086109,0.10674628116488581,0.007647182065786717,0.0519,Low
1st Quarter 2025,City of Davao,Adult,1,0.03404378511181009,0.0431904605417586,0.12036993568377072,0.033746459477645804,0.10587922319765895,0.0,0.0562,Low
2nd Quarter 2025,Maguindanao del Norte,Adult,1,0.08247197927620611,0.4634768780938213,0.007271281643540486,0.0,0.02516094283002898,0.0,0.0964,Low
1st Quarter 2025,Sulu,Adult,1,0.5013968648145274,0.0,0.005354648455688344,0.002017693620984014,0.017848828185627812,0.022117026230017073,0.0915,Low
1st Quarter 2025,Zamboanga Sibugay,Adult,1,0.012466888624267904,0.020802449634255996,0.02284381151425308,0.0064400106928479426,0.03707258985637561,0.008274806192131036,0.018,Low
3rd Quarter 2025,City of Mandaue,Adult,1,0.014757405244718124,0.0,0.005680008493470645,0.07015075910393885,0.01905722475846693,0.0,0.0183,Low
3rd Quarter 2025,City of Naga,Adult,1,0.07035385901365283,0.028280858177765395,0.041097798829757594,0.006338813039843968,0.11799944274171079,0.010169963778211201,0.0457,Low
2nd Quarter 2025,Catanduanes,Adult,1,0.15091834476654126,0.257515885309645,0.32345967818417476,0.0,0.3566212499604843,0.003682862833117314,0.182,Low
1st Quarter 2025,City of Cebu,Adult,1,0.05743918204254319,0.30961335056998474,0.32976848043248325,0.35762134210835583,0.03878246562463274,0.01833352920437184,0.1853,Low
2nd Quarter 2025,Aurora,Adult,1,0.038989101841413,0.0764750093949643,0.07544156332205938,0.10362645621946637,0.0340097707628711,0.022125140924464486,0.0584,Low
2nd Quarter 2025,Samar,Adult,1,0.02623644300436524,0.03568696278295306,0.0,0.007695423248278655,0.047927636019981096,0.0007425408397461861,0.0197,Low
3rd Quarter 2025,Tawi-Tawi,Adult,1,0.5,0.039198936977980256,1.0,0.3721526195899772,0.4869969627942293,0.03309288787648697,0.4052,High
2nd Quarter 2025,Cotabato,Adult,1,0.05940303615518126,0.023015620798396363,0.015254112987997163,0.0,0.008714889872149021,0.0008189307453492068,0.0179,Low
1st Quarter 2025,Kalinga,Adult,1,0.04933196300102775,5.709717939933767e-05,0.006451981272125157,0.008221993833504625,0.0823626812835446,0.004482128582848007,0.0252,Low
2nd Quarter 2025,City of Pasig,Adult,1,0.059878777433069054,0.09730839940250488,0.002039526600022981,0.0,0.1798374123865334,0.006463288521199586,0.0576,Low
3rd Quarter 2025,Pangasinan,Adult,1,0.5,0.0,0.0,0.0,0.0,0.0,0.0833,Low
2nd Quarter 2025,Davao de Oro,Adult,1,0.03134300595238095,0.13371155753968253,0.0032397073412698415,0.007068452380952381,0.14068700396825398,0.041961185515873016,0.0597,Low
3rd Quarter 2025,Nueva Vizcaya,Adult,1,0.004726741591268714,0.02186878727634195,0.023207692619791456,0.020124153040938047,0.011644419199091167,0.0019069257921856615,0.0139,Low
1st Quarter 2025,Benguet,Adult,1,0.0062086975058622896,0.04460669366872735,0.00023982093370283523,0.00882008100618205,0.09283734811340866,0.015748241313152847,0.0281,Low
2nd Quarter 2025,Aurora,Adult,1,0.03377453217708809,0.048379735280693746,0.04792332268370607,0.03788224554997718,0.027955271565495207,0.019511638521223187,0.0359,Low
2nd Quarter 2025,City of General Santos,Adult,1,0.008130081300813009,0.0034939192367130284,0.0,0.0,0.04935160921857153,0.0695424309614997,0.0218,Low
3rd Quarter 2025,Negros Occidental,Adult,1,0.0022676859700546622,0.11792627214872323,0.0,0.003736565528532573,0.029149832316670628,0.008262034909820698,0.0269,Low
3rd Quarter 2025,Laguna,Adult,1,0.0037128712871287127,0.028861603265589716,0.005401033524405072,0.1320186294945284,0.018515502866076082,0.006649513635574084,0.0325,Low
1st Quarter 2025,Surigao del Sur,Adult,1,0.03960509175674749,0.07476518042827433,0.07426240372968897,0.008798592225243962,0.008810018968393628,0.026921406860616587,0.0389,Low
3rd Quarter 2025,Zamboanga del Norte,Adult,1,0.08709880427942102,0.0711558632263478,0.014642332704006713,0.00868470736312146,0.026221942521501992,0.01460037759597231,0.0371,Low
2nd Quarter 2025,Batangas,Adult,1,0.07839517781318975,0.11428196727801808,0.005626874387576336,0.005419021507824176,0.06742846396721863,0.08898825136341591,0.06,Low
3rd Quarter 2025,Dinagat Islands,Adult,1,0.04588704726826274,0.03821362799263352,0.03161448741559239,0.1052793124616329,0.14287906691221608,0.02117863720073665,0.0642,Low
2nd Quarter 2025,Aurora,Adult,1,0.026690055323168264,0.04366482256105789,0.030252327621103765,0.011604371879638375,0.05087032789097288,0.02029415733369316,0.0306,Low
2nd Quarter 2025,Iloilo,Adult,1,0.08025483689186651,0.02371485818045207,0.0071535908834763,0.0002191472043078079,0.024137499217331413,0.002144511927869263,0.0229,Low
1st Quarter 2025,Negros Occidental,Adult,1,0.07347234034233653,0.12430960829740853,0.005049023920545079,0.019135458517845098,0.06678103952217562,0.006745065837707851,0.0492,Low
2nd Quarter 2025,Zambales,Adult,1,0.04754225320030978,0.04893171153933762,0.023069564028973623,0.0,0.013666803334700014,0.013366133661336613,0.0244,Low
1st Quarter 2025,City of Iligan,Adult,1,0.02353069764536881,0.04574979701455249,0.030838173755543066,0.04215851602023609,0.02359315470613953,0.02829304852913622,0.0324,Low
1st Quarter 2025,City of Parañaque,Adult,1,0.00013520822065981613,0.004687218316206959,0.006084369929691726,0.03028664142779881,0.00806742383270236,0.003290066702722192,0.0088,Low
1st Quarter 2025,Region 2,Adult,1,0.049366338500491574,0.043162718347227645,0.05613055716421328,0.06831052780433934,0.05672145829685796,0.009351725902681445,0.0472,Low
1st Quarter 2025,NCR,Senior Citizen,0,0.005854424638860526,0.011610368473703035,0.008946203565005105,0.00696622108422182,0.03104218606652119,0.003566041745494503,0.0113,Low
1st Quarter 2025,City of Malabon,Senior Citizen,0,0.0,0.0,0.0,0.0,0.0,0.0,0.0,Low
1st Quarter 2025,City of Navotas,Senior Citizen,0,0.035545023696682464,0.038546603475513426,0.17266982622432858,0.12890995260663507,0.19178515007898894,0.08420221169036335,0.1086,Low
1st Quarter 2025,City of Valenzuela,Senior Citizen,0,0.0,0.0,0.0,0.0,0.0,0.0,0.0,Low
1st Quarter 2025,City of Caloocan,Senior Citizen,0,0.0,0.0,0.0,0.0,0.0,0.0,0.0,Low
1st Quarter 2025,City of Marikina,Senior Citizen,0,0.06966199505358615,0.05234954657873042,0.11170651277823578,0.09975267930750206,0.05358615004122012,0.06842539159109645,0.0759,Low
1st Quarter 2025,City of Pasig,Senior Citizen,0,0.03718765721952037,0.05135837665604562,0.0,0.0,0.22056850578567835,0.0,0.0515,Low
1st Quarter 2025,Pateros,Senior Citizen,0,0.0,0.0,0.0,0.0,0.0,0.0,0.0,Low
1st Quarter 2025,City of Taguig,Senior Citizen,0,0.0,0.0,0.0,0.0,0.0,0.0,0.0,Low
1st Quarter 2025,Quezon City,Senior Citizen,0,0.0,0.011099384140754573,0.0,0.0,0.0,0.0,0.0018,Low
1st Quarter 2025,City of Makati,Senior Citizen,0,0.025090532850491464,0.013579927573719607,0.0,0.0,0.32501293326435593,0.0,0.0606,Low
1st Quarter 2025,City of Mandaluyong,Senior Citizen,0,0.023747841105354058,0.029792746113989636,0.0260146804835924,0.02687823834196891,0.17692141623488775,0.007987910189982728,0.0486,Low
1st Quarter 2025,City of San Juan,Senior Citizen,0,0.0,0.0,0.0,0.0,0.0,0.0,0.0,Low
1st Quarter 2025,City of Manila,Senior Citizen,0,0.0,0.0,0.0,0.0,0.0,0.0,0.0,Low
1st Quarter 2025,City of Las Piñas,Senior Citizen,0,0.051781123760558205,0.054076386338597134,0.16957399926551597,0.12679030481087036,0.11210062431142123,0.05536173338229893,0.0949,Low
1st Quarter 2025,City of Muntinlupa,Senior Citizen,0,0.0,0.0,0.0,0.0,0.0,0.0,0.0,Low
1st Quarter 2025,City of Parañaque,Senior Citizen,0,0.0,0.0,0.0,0.0,0.0,0.0,0.0,Low
1st Quarter 2025,Pasay City,Senior Citizen,0,0.0,0.0,0.0,0.0,0.0,0.0,0.0,Low
1st Quarter 2025,CAR,Senior Citizen,0,0.034980594558348406,0.0422042956129478,0.0,0.0,0.11819031556702497,0.11840367382602159,0.0523,Low
1st Quarter 2025,Abra,Senior Citizen,0,0.05488509436384645,0.0572602387983053,0.0,0.0,0.07029143664141739,0.07029143664141739,0.0421,Low
1st Quarter 2025,Apayao,Senior Citizen,0,0.0296875,0.03990384615384615,0.0,0.0,0.06610576923076923,0.06610576923076923,0.0336,Low
1st Quarter 2025,Benguet,Senior Citizen,0,0.02355168496781522,0.027603180613404013,0.0,0.0,0.136501325255585,0.136501325255585,0.054,Low
1st Quarter 2025,Ifugao,Senior Citizen,0,0.021435338702036948,0.041923259118901,0.0,0.0,0.1286120322122217,0.1286120322122217,0.0534,Low
1st Quarter 2025,Kalinga,Senior Citizen,0,0.05812091285199519,0.06139063125583878,0.0,0.0,0.09308688108901642,0.09448818897637795,0.0512,Low
1st Quarter 2025,Mountain Province,Senior Citizen,0,0.027578891540705384,0.03686024927075046,0.0,0.0,0.1052771148236542,0.1052771148236542,0.0458,Low
1st Quarter 2025,City of Baguio,Senior Citizen,0,0.02613494377342774,0.038629737609329445,0.0,0.0,0.24094127446897126,0.24094127446897126,0.0911,Low
1st Quarter 2025,Region 1,Senior Citizen,0,0.07597150956259643,0.06998815888621766,0.0,0.0,0.11322616527324267,0.0,0.0432,Low
1st Quarter 2025,Ilocos Norte,Senior Citizen,0,0.024057355284121083,0.020339883165161974,0.0,0.0,0.05910780669144981,0.0,0.0173,Low
1st Quarter 2025,Ilocos Sur,Senior Citizen,0,0.03255174783131495,0.017306536116121273,0.0,0.0,0.07525981276303358,0.0,0.0209,Low
1st Quarter 2025,La Union,Senior Citizen,0,0.03830419324989042,0.04970048215068426,0.0,0.0,0.09786684848780013,0.0,0.031,Low
1st Quarter 2025,Pangasinan,Senior Citizen,0,1.0,1.0,0.0,0.0,1.0,0.0,0.5,High
1st Quarter 2025,City of Dagupan,Senior Citizen,0,0.03554313099041533,0.041733226837060704,0.0,0.0,0.028354632587859425,0.0,0.0176,Low
1st Quarter 2025,Region 2,Senior Citizen,0,0.05861873096396988,0.049589164520267556,0.07591887101039085,0.08955625850806491,0.04807117883830025,0.012736389544506361,0.0557,Low
1st Quarter 2025,Batanes,Senior Citizen,0,0.02494802494802495,0.04002079002079002,0.04781704781704782,0.057692307692307696,0.02598752598752599,0.04313929313929314,0.0399,Low
1st Quarter 2025,Cagayan,Senior Citizen,0,0.09469180417291695,0.07875357970816856,0.07207145779353608,0.08884494749761353,0.06685531160507296,0.01815423428337652,0.0699,Low
1st Quarter 2025,Isabela,Senior Citizen,0,0.046079169320440816,0.041157624534383264,0.09090382722482775,0.10869858915716132,0.04268233840927953,0.011995059155038311,0.0569,Low
1st Quarter 2025,Nueva Vizcaya,Senior Citizen,0,0.03399386906065251,0.01926866652069192,0.03059995620757609,0.025947011167068098,0.02490694109918984,0.004652945040507992,0.0232,Low
1st Quarter 2025,Quirino,Senior Citizen,0,0.03629402756508423,0.026186830015313935,0.05122511485451761,0.056125574272588054,0.0389739663093415,0.0074272588055130165,0.036,Low
1st Quarter 2025,City of Santiago,Senior Citizen,0,0.05739972337482711,0.054287690179806364,0.06177962194559705,0.05705394190871369,0.052789303826648225,0.003227293683725219,0.0478,Low
1st Quarter 2025,Region 3,Senior Citizen,0,0.043515686430726494,0.03829726799427758,0.019408429140008798,0.01717245894370759,0.0419863590230317,0.007980906788966673,0.0281,Low
1st Quarter 2025,Aurora,Senior Citizen,0,0.04623853211009174,0.07247706422018349,0.011009174311926606,0.09944954128440367,0.030458715596330274,0.0363302752293578,0.0493,Low
1st Quarter 2025,Bataan,Senior Citizen,0,0.022916489678022258,0.016056409820745902,0.0005946818452128111,0.0004672500212386373,0.052714297850649905,8.495454931611588e-05,0.0155,Low
1st Quarter 2025,Bulacan,Senior Citizen,0,0.05106629420181236,0.056397765210874154,0.032516863119166045,0.02865026912856851,0.0707910335899707,0.01907179032954055,0.0431,Low
1st Quarter 2025,Nueva Ecija,Senior Citizen,0,0.06257693426736197,0.056466954633960745,0.02451825160582798,0.019762315077997358,0.03744320852263826,0.008336876972314854,0.0349,Low
1st Quarter 2025,Pampanga,Senior Citizen,0,0.031056891121476696,0.02312323087349998,0.02939241717497907,0.02377108001435235,0.014352350197344816,0.0007674520591635769,0.0204,Low
1st Quarter 2025,Tarlac,Senior Citizen,0,0.04905575539568345,0.022886690647482014,0.002641636690647482,0.001731115107913669,0.03146357913669065,0.00043839928057553954,0.018,Low
1st Quarter 2025,Zambales,Senior Citizen,0,0.01937849162011173,0.01920391061452514,0.00026187150837988826,0.0,0.01974947625698324,0.0015494064245810057,0.01,Low
1st Quarter 2025,City of Angeles,Senior Citizen,0,0.04892398204056356,0.03971202972596377,0.0003096454559529339,0.0,0.03483511379470506,0.008902306858646849,0.0221,Low
1st Quarter 2025,City of Olongapo,Senior Citizen,0,0.018368067820558106,0.020575768279759803,0.0,0.0,0.016425291416460614,0.0,0.0092,Low
1st Quarter 2025,Region 4A,Senior Citizen,0,0.061900173443823474,0.08120382861180703,0.0,0.0,0.07588488469197661,0.0,0.0365,Low
1st Quarter 2025,Batangas,Senior Citizen,0,0.044526202440775306,0.14456209619526203,0.0,0.0,0.07880473797559225,0.0,0.0446,Low
1st Quarter 2025,Cavite,Senior Citizen,0,0.07925698105838704,0.02611794571372779,0.0,0.0,0.06431849248193712,0.0,0.0283,Low
1st Quarter 2025,Laguna,Senior Citizen,0,0.054504706409681754,0.05320484087852981,0.0,0.0,0.08691169878978036,0.0,0.0324,Low
1st Quarter 2025,Quezon,Senior Citizen,0,0.11114685539649348,0.09055814701624577,0.0,0.0,0.1217629081550587,0.0,0.0539,Low
1st Quarter 2025,Rizal,Senior Citizen,0,0.0571356783919598,0.04492462311557789,0.0,0.0,0.0621105527638191,0.0,0.0274,Low
1st Quarter 2025,City of Lucena,Senior Citizen,0,0.039880129091747346,0.07123098201936376,0.0,0.0,0.022591055786076533,0.0,0.0223,Low
1st Quarter 2025,Region 4B,Senior Citizen,0,0.09578391002396902,0.10014750169012353,0.0392108659578391,0.034048306803515456,0.0984881076762338,0.0446807202999201,0.0687,Low
1st Quarter 2025,Marinduque,Senior Citizen,0,0.01364213197969543,0.021573604060913704,0.0,0.0,0.00031725888324873094,0.0015862944162436548,0.0062,Low
1st Quarter 2025,Occidental Mindoro,Senior Citizen,0,0.12512785543811797,0.1239345380156836,0.09137401977497443,0.07756563245823389,0.04892601431980907,0.02113876576883737,0.0813,Low
1st Quarter 2025,Oriental Mindoro,Senior Citizen,0,0.09526909722222222,0.11096643518518519,0.03486689814814815,0.03009259259259259,0.10669849537037036,0.06951678240740741,0.0746,Low
1st Quarter 2025,Palawan,Senior Citizen,0,0.09048083170890188,0.05458089668615984,0.03898635477582846,0.032975958414554904,0.040773229369720596,0.013157894736842105,0.0452,Low
1st Quarter 2025,Romblon,Senior Citizen,0,0.16341743119266056,0.20470183486238533,0.010321100917431193,0.0194954128440367,0.32454128440366975,0.05963302752293578,0.1304,Low
1st Quarter 2025,City of Puerto Princesa,Senior Citizen,0,0.10055555555555555,0.13166666666666665,0.0,0.0,0.3472222222222222,0.09944444444444445,0.1131,Low
1st Quarter 2025,Region 5,Senior Citizen,0,0.06535388127853882,0.061794923448831585,0.0379650147730325,0.035866572656459844,0.11132655116841257,0.008074805264571583,0.0534,Low
1st Quarter 2025,Albay,Senior Citizen,0,0.010050041701417848,0.006922435362802335,0.010300250208507089,0.005254378648874062,0.008215179316096747,0.002543786488740617,0.0072,Low
1st Quarter 2025,Camarines Norte,Senior Citizen,0,0.29591321897073664,0.19248234106962664,0.022956609485368314,0.018163471241170535,0.4704843592330979,0.004540867810292634,0.1674,Low
1st Quarter 2025,Camarines Sur,Senior Citizen,0,0.05915725282415275,0.04748575427371789,0.10371888433469958,0.10129461161651504,0.07415275417374788,0.022043386983904827,0.068,Low
1st Quarter 2025,Catanduanes,Senior Citizen,0,0.08916531039293188,0.1749593117879563,0.0,0.0,0.32283189955824226,0.0,0.0978,Low
1st Quarter 2025,Masbate,Senior Citizen,0,0.16053019145802652,0.15106248685041027,0.0,0.0,0.21281296023564064,0.0,0.0874,Low
1st Quarter 2025,Sorsogon,Senior Citizen,0,0.05375561602227425,0.050085426817692846,0.0,0.0,0.10833386065936848,0.0,0.0354,Low
1st Quarter 2025,City of Naga,Senior Citizen,0,0.008867667121418827,0.006139154160982265,0.023874488403819918,0.015006821282401092,0.0068212824010914054,0.0006821282401091405,0.0102,Low
1st Quarter 2025,Region 6,Senior Citizen,0,0.04006525546278331,0.03168668657757625,0.0019075232717839158,0.0022817611708196173,0.020801087106596033,0.0006358410905946386,0.0162,Low
1st Quarter 2025,Aklan,Senior Citizen,0,0.020668274199104376,0.020323802962452637,0.03117464691698243,0.014467791939373063,0.03926972097829831,0.0005167068549776093,0.0211,Low
1st Quarter 2025,Antique,Senior Citizen,0,0.047888386123680245,0.038310708898944196,0.0,0.0,0.032541478129713426,0.0,0.0198,Low
1st Quarter 2025,Capiz,Senior Citizen,0,0.039928156949433545,0.03757944183476098,0.0,0.0,0.013519914735720206,0.0,0.0152,Low
1st Quarter 2025,Guimaras,Senior Citizen,0,0.012136600228513393,0.007325123778088105,0.002069315729338581,0.0058397867208328045,0.016783039228132537,0.002145486860479878,0.0077,Low
1st Quarter 2025,Iloilo,Senior Citizen,0,0.07834200837882442,0.05754728957725022,0.0,0.0,0.024552494604544877,0.0,0.0267,Low
1st Quarter 2025,City of Iloilo,Senior Citizen,0,0.012704237053447798,0.015750484630296317,0.0,0.0,0.016096649127665466,0.0,0.0074,Low
1st Quarter 2025,Region 7,Senior Citizen,0,0.12433406733911066,0.16902258843585738,0.1575419093621253,0.16465407018042336,0.17061194771984656,0.07761223185111521,0.144,Low
1st Quarter 2025,Bohol,Senior Citizen,0,0.26092764378478667,0.3541743970315399,0.3306864564007421,0.34523191094619665,0.3576994434137291,0.16326530612244897,0.302,Moderate
1st Quarter 2025,Cebu,Senior Citizen,0,0.02286014583196479,0.03231951652105367,0.02428890494646259,0.024830848058858306,0.031005715036457993,0.008424752019969783,0.024,Low
1st Quarter 2025,City of Cebu,Senior Citizen,0,0.316008316008316,0.44636174636174636,0.4419265419265419,0.46105336105336103,0.4069300069300069,0.24553014553014554,0.3863,Moderate
1st Quarter 2025,City of Lapu-Lapu,Senior Citizen,0,0.24176121015667207,0.23284710967044842,0.12290653700702323,0.1836844948676391,0.4546191247974068,0.07266342517558076,0.2181,Moderate
1st Quarter 2025,City of Mandaue,Senior Citizen,0,0.018646616541353384,0.03308270676691729,0.07819548872180451,0.059398496240601506,0.019849624060150377,0.002406015037593985,0.0353,Low
1st Quarter 2025,Region 8,Senior Citizen,0,0.0,0.0,0.0,0.0,0.0,0.0,0.0,Low
1st Quarter 2025,Biliran,Senior Citizen,0,0.0,0.0,0.0,0.0,0.0,0.0,0.0,Low
1st Quarter 2025,Eastern Samar,Senior Citizen,0,0.0,0.0,0.0,0.0,0.0,0.0,0.0,Low
1st Quarter 2025,Leyte,Senior Citizen,0,0.0,0.0,0.0,0.0,0.0,0.0,0.0,Low
1st Quarter 2025,Northern Samar,Senior Citizen,0,0.0,0.0,0.0,0.0,0.0,0.0,0.0,Low
1st Quarter 2025,Southern Leyte,Senior Citizen,0,0.0,0.0,0.0,0.0,0.0,0.0,0.0,Low
1st Quarter 2025,Samar,Senior Citizen,0,0.0,0.0,0.0,0.0,0.0,0.0,0.0,Low
1st Quarter 2025,Ormoc City,Senior Citizen,0,0.0,0.0,0.0,0.0,0.0,0.0,0.0,Low
1st Quarter 2025,City of Tacloban,Senior Citizen,0,0.0,0.0,0.0,0.0,0.0,0.0,0.0,Low
1st Quarter 2025,Region 9,Senior Citizen,0,0.06763022743947175,0.05256052824651504,0.033910491562729274,0.04856933235509905,0.03204695524578136,0.007703595011005136,0.0404,Low
1st Quarter 2025,Zamboanga del Norte,Senior Citizen,0,0.057043949428055386,0.047260686333534016,0.09291591410796708,0.07264699979931769,0.0212723259080875,0.009783263094521372,0.0502,Low
1st Quarter 2025,Zamboanga del Sur,Senior Citizen,0,0.07634698275862069,0.06794181034482759,0.022844827586206897,0.051670258620689656,0.037984913793103446,0.0042025862068965514,0.0435,Low
1st Quarter 2025,Zamboanga Sibugay,Senior Citizen,0,0.0631315875258068,0.050907312832771924,0.0019015538411387592,0.01570140171683147,0.023959578398348363,0.013691187656199066,0.0282,Low
1st Quarter 2025,City of Isabela,Senior Citizen,0,0.07711442786069651,0.04695273631840796,0.0,0.09950248756218906,0.09950248756218906,0.0,0.0538,Low
1st Quarter 2025,City of Zamboanga,Senior Citizen,0,0.08026381284221006,0.036212045793927325,0.0,0.036585365853658534,0.036585365853658534,0.0,0.0316,Low
1st Quarter 2025,Region 10,Senior Citizen,0,0.0,0.11113131103261999,0.0,0.0,0.0,0.0,0.0185,Low
1st Quarter 2025,Bukidnon,Senior Citizen,0,0.0,0.07837706511175899,0.0,0.0,0.0,0.0,0.0131,Low
1st Quarter 2025,Camiguin,Senior Citizen,0,0.0,0.06330597889800703,0.0,0.0,0.0,0.0,0.0106,Low
1st Quarter 2025,Lanao del Norte,Senior Citizen,0,0.0,0.04330472959489124,0.0,0.0,0.0,0.0,0.0072,Low
1st Quarter 2025,Misamis Occidental,Senior Citizen,0,0.0,0.06223520818115413,0.0,0.0,0.0,0.0,0.0104,Low
1st Quarter 2025,Misamis Oriental,Senior Citizen,0,0.0,0.3039354029476325,0.0,0.0,0.0,0.0,0.0507,Low
1st Quarter 2025,City of Cagayan De Oro,Senior Citizen,0,0.0,0.12246829452962332,0.0,0.0,0.0,0.0,0.0204,Low
1st Quarter 2025,City of Iligan,Senior Citizen,0,0.0,0.049427679500520294,0.0,0.0,0.0,0.0,0.0082,Low
1st Quarter 2025,Region 11,Senior Citizen,0,0.06970434458586118,0.09698172968315148,0.1936432339275941,0.17204839479720996,0.15858145952932684,0.0018049070181771604,0.1155,Low
1st Quarter 2025,Davao de Oro,Senior Citizen,0,0.0716611395839614,0.09686463671992765,0.0,0.0,0.20883328308712693,0.0,0.0629,Low
1st Quarter 2025,Davao del Norte,Senior Citizen,0,0.06377984440668873,0.08448090852186355,0.21532683537512295,0.2014218009478673,0.19737548064025753,0.0,0.1271,Low
1st Quarter 2025,Davao Oriental,Senior Citizen,0,0.08500742206828303,0.11637803067788223,0.22800593765462643,0.2417120237506185,0.011875309252845126,0.015338941118258289,0.1164,Low
1st Quarter 2025,Davao del Sur,Senior Citizen,0,0.07682950564421955,0.11964772284935772,0.28566562864927986,0.25783378746594005,0.1578435188789412,0.0,0.1496,Low
1st Quarter 2025,Davao Occidental,Senior Citizen,0,0.09418004587155963,0.09518348623853211,0.18663990825688073,0.18047591743119265,0.17144495412844038,0.0,0.1213,Low
1st Quarter 2025,City of Davao,Senior Citizen,0,0.060458862818233074,0.09086177733443206,0.25688511081233467,0.1972719781411285,0.14748232640846598,0.0,0.1255,Low
1st Quarter 2025,Region 12,Senior Citizen,0,0.05688457112507746,0.038417278923608036,0.0,0.0,0.04061919093564663,0.042433831990794015,0.0297,Low
1st Quarter 2025,Cotabato,Senior Citizen,0,0.09070811509421128,0.045098972858989186,0.0,0.0,0.04207196789334059,0.04207196789334059,0.0367,Low
1st Quarter 2025,Sarangani,Senior Citizen,0,0.04532297379646557,0.027193784277879343,0.0,0.0,0.035268129189518584,0.037400975015234615,0.0242,Low
1st Quarter 2025,South Cotabato,Senior Citizen,0,0.03902669183068212,0.03531949312483149,0.0,0.0,0.05648422755459693,0.05648422755459693,0.0312,Low
1st Quarter 2025,Sultan Kudarat,Senior Citizen,0,0.04394415357766143,0.04055846422338569,0.0,0.0,0.03486910994764398,0.03479930191972077,0.0257,Low
1st Quarter 2025,City of General Santos,Senior Citizen,0,0.009403669724770643,0.023623853211009176,0.0,0.0,0.030733944954128442,0.062385321100917435,0.021,Low
1st Quarter 2025,Caraga,Senior Citizen,0,0.060916707737801876,0.06213652045342533,0.0718703794972893,0.07550517496303598,0.07965746673238049,0.026626416954164612,0.0628,Low
1st Quarter 2025,Agusan del Norte,Senior Citizen,0,0.05259345117357288,0.06925528832222544,0.10663575775137642,0.11525644740654882,0.08845262242828165,0.05425963488843814,0.0811,Low
1st Quarter 2025,Agusan del Sur,Senior Citizen,0,0.07943320790216368,0.026222953904045155,0.03316086547507056,0.026693320790216368,0.025164628410159925,0.009818908748824082,0.0334,Low
1st Quarter 2025,Surigao del Norte,Senior Citizen,0,0.042488161859664225,0.051958674128282395,0.09530779164873009,0.10030133448127422,0.07567800258286699,0.024235901851054672,0.065,Low
1st Quarter 2025,Surigao del Sur,Senior Citizen,0,0.08847234094517036,0.11613139577481989,0.09665404811332275,0.10703382586396386,0.11216265722310416,0.0416412260349249,0.0937,Low
1st Quarter 2025,Dinagat Islands,Senior Citizen,0,0.028930817610062894,0.040880503144654086,0.0,0.0,0.11037735849056604,0.0,0.03,Low
1st Quarter 2025,City of Butuan,Senior Citizen,0,0.04484126984126984,0.05317460317460317,0.0,0.0,0.11507936507936507,0.0,0.0355,Low
1st Quarter 2025,BARMM,Senior Citizen,0,1.0,1.0,1.0,1.0,1.0,1.0,1.0,High
1st Quarter 2025,Basilan,Senior Citizen,0,1.0,1.0,1.0,1.0,1.0,1.0,1.0,High
1st Quarter 2025,Lanao del Sur,Senior Citizen,0,1.0,1.0,1.0,1.0,1.0,1.0,1.0,High
1st Quarter 2025,Maguindanao del Norte,Senior Citizen,0,1.0,1.0,0.0,0.0,1.0,0.0,0.5,High
1st Quarter 2025,Maguindanao del Sur,Senior Citizen,0,1.0,1.0,0.0,0.0,1.0,0.0,0.5,High
1st Quarter 2025,Sulu,Senior Citizen,0,1.0,0.5,0.0,0.0,1.0,0.0,0.4167,High
1st Quarter 2025,Tawi-Tawi,Senior Citizen,0,0.5,0.5,1.0,1.0,1.0,1.0,0.8333,High
1st Quarter 2025,Special Geographic Area (SGA),Senior Citizen,0,1.0,1.0,1.0,1.0,1.0,1.0,1.0,High
1st Quarter 2025,City of Cotabato,Senior Citizen,0,1.0,1.0,0.0,0.0,1.0,0.0,0.5,High
1st Quarter 2025,NIR,Senior Citizen,0,0.023838281101010744,0.07401521412073825,0.013190515542559279,0.0,0.06510499438476045,0.007225647871506367,0.0306,Low
1st Quarter 2025,Negros Occidental,Senior Citizen,0,0.010907901473348882,0.07324079868024347,0.0,0.0,0.056957164798907785,0.0,0.0235,Low
1st Quarter 2025,Negros Oriental,Senior Citizen,0,0.07016118109169714,0.08201273195178112,0.08431531897602601,0.0,0.06054449410808614,0.04618718678044156,0.0572,Low
1st Quarter 2025,Siquijor,Senior Citizen,0,0.03997923156801662,0.07165109034267912,0.0,0.0,0.08748701973001038,0.0,0.0332,Low
1st Quarter 2025,City of Bacolod,Senior Citizen,0,0.05374174614820249,0.06401320616287601,0.0,0.0,0.16672780630961115,0.0,0.0474,Low
2nd Quarter 2025,NCR,Senior Citizen,0,0.006723584868755623,0.011611834813336984,0.03182333841880843,0.020550535278853553,0.03274426580083193,0.016232771323136302,0.0199,Low
2nd Quarter 2025,City of Malabon,Senior Citizen,0,0.017400761283306143,0.07939097335508428,0.023722131593257204,0.01454594888526373,0.0878194671016857,0.0,0.0371,Low
2nd Quarter 2025,City of Navotas,Senior Citizen,0,0.02255418863503222,0.028021870728373366,0.09685608279632885,0.06346416715485256,0.05828939660222613,0.056629564538176136,0.0543,Low
2nd Quarter 2025,City of Valenzuela,Senior Citizen,0,0.002316061618011419,0.0005655499299795324,0.0,0.0,0.03420230528923839,0.0,0.0062,Low
2nd Quarter 2025,City of Caloocan,Senior Citizen,0,0.0038323752395234526,0.008768641173040072,0.04363492460218279,0.0368032991752062,0.0205781887861368,0.02147379821711239,0.0225,Low
2nd Quarter 2025,City of Marikina,Senior Citizen,0,0.02544426494345719,0.026453957996768983,0.1294426494345719,0.09995961227786752,0.05351373182552504,0.0888529886914378,0.0706,Low
2nd Quarter 2025,City of Pasig,Senior Citizen,0,0.01849430619991565,0.02401940109658372,0.0,0.0,0.1312948123154787,0.0,0.029,Low
2nd Quarter 2025,Pateros,Senior Citizen,0,0.004516471838469713,0.005047821466524973,0.010626992561105207,0.010095642933049946,0.007438894792773645,0.0140807651434644,0.0086,Low
2nd Quarter 2025,City of Taguig,Senior Citizen,0,0.0025671097211363045,0.019298931456867344,0.03329424029189471,0.023520979932238728,0.021514203805056035,0.01845191555903049,0.0198,Low
2nd Quarter 2025,Quezon City,Senior Citizen,0,0.0024528802219321148,0.0033605988903394257,0.020989719321148827,0.009403557441253263,0.008052178524804178,0.011366881527415143,0.0093,Low
2nd Quarter 2025,City of Makati,Senior Citizen,0,0.012343927355278093,0.008867763904653802,0.10733541430192962,0.03752837684449489,0.044125993189557323,0.09201191827468785,0.0504,Low
2nd Quarter 2025,City of Mandaluyong,Senior Citizen,0,0.009809205562142934,0.01325859652905034,0.06198124393661744,0.03584132801552226,0.059555890913010674,0.03433221946750027,0.0358,Low
2nd Quarter 2025,City of San Juan,Senior Citizen,0,0.010800508259212199,0.016772554002541296,0.056925031766200763,0.02236340533672173,0.11880559085133419,0.029479034307496824,0.0425,Low
2nd Quarter 2025,City of Manila,Senior Citizen,0,0.0027621937256697964,0.005080719029081749,0.03792649416075109,0.02696359056560568,0.016401419738951224,0.013882528051293794,0.0172,Low
2nd Quarter 2025,City of Las Piñas,Senior Citizen,0,0.03322936660268714,0.029670505438259758,0.09384996801023672,0.08261356365962892,0.04770473448496481,0.03198976327575176,0.0532,Low
2nd Quarter 2025,City of Muntinlupa,Senior Citizen,0,0.011907144286571943,0.01110666399839904,0.0,0.0,0.09235541324794877,0.0,0.0192,Low
2nd Quarter 2025,City of Parañaque,Senior Citizen,0,0.002301699716713881,0.001593484419263456,0.022072710103871577,0.01794145420207743,0.010033050047214354,0.007731350330500472,0.0103,Low
2nd Quarter 2025,Pasay City,Senior Citizen,0,0.003883013879709187,0.00495703899537343,0.02098479841374752,0.014127561136814275,0.00817911434236616,0.011814276272306676,0.0107,Low
2nd Quarter 2025,CAR,Senior Citizen,0,0.016274473111740077,0.018087296203597576,0.0,0.0,0.03979439077448481,0.05730275315197305,0.0219,Low
2nd Quarter 2025,Abra,Senior Citizen,0,0.027271490750816106,0.02567328618063112,0.0,0.0,0.02291893362350381,0.10082290533188248,0.0294,Low
2nd Quarter 2025,Apayao,Senior Citizen,0,0.012855651265987993,0.016836335160532498,0.0,0.0,0.03145392847820412,0.02199164708953276,0.0139,Low
2nd Quarter 2025,Benguet,Senior Citizen,0,0.015542211232779936,0.018014835747085834,0.0,0.0,0.046229247615683505,0.07086718474037443,0.0251,Low
2nd Quarter 2025,Ifugao,Senior Citizen,0,0.007631507222676479,0.012605614608885254,0.0,0.0,0.03468247478877078,0.050422458435541016,0.0176,Low
2nd Quarter 2025,Kalinga,Senior Citizen,0,0.01841105354058722,0.016614853195164075,0.0,0.0,0.03796200345423143,0.041830742659758204,0.0191,Low
2nd Quarter 2025,Mountain Province,Senior Citizen,0,0.0099687255668491,0.012607505863956215,0.0,0.0,0.03459734167318217,0.03845777951524629,0.0159,Low
2nd Quarter 2025,City of Baguio,Senior Citizen,0,0.01367997157408504,0.020135023096055905,0.0,0.0,0.0733743929882743,0.0325121402345138,0.0233,Low
2nd Quarter 2025,Region 1,Senior Citizen,0,0.02621956321646724,0.022952054221404068,0.001619111371433353,0.0029537277215295793,0.03464563634842273,0.00246422893481717,0.0151,Low
2nd Quarter 2025,Ilocos Norte,Senior Citizen,0,0.013933799753071904,0.010082897289670175,0.0,0.0,0.022105943912046563,0.0,0.0077,Low
2nd Quarter 2025,Ilocos Sur,Senior Citizen,0,0.016687716343904948,0.009367106371035645,0.0,0.0,0.037094208999906446,0.0,0.0105,Low
2nd Quarter 2025,La Union,Senior Citizen,0,0.012882782265395704,0.01588270434534168,0.005025843484584816,0.00916859302355783,0.012986675670761798,0.0076491519700786995,0.0106,Low
2nd Quarter 2025,Pangasinan,Senior Citizen,0,0.09432048681541583,0.08638075920023182,0.0,0.0,0.09524775427412344,0.0,0.046,Low
2nd Quarter 2025,City of Dagupan,Senior Citizen,0,0.014916019052394083,0.017297568312860365,0.0,0.0,0.008774128854349462,0.0,0.0068,Low
2nd Quarter 2025,Region 2,Senior Citizen,0,0.03953075561483651,0.03496016086086638,0.045956665847653524,0.053651210718709104,0.029243783439554322,0.008760097679852778,0.0354,Low
2nd Quarter 2025,Batanes,Senior Citizen,0,0.018266475644699142,0.047636103151862466,0.020773638968481375,0.050143266475644696,0.041189111747851004,0.014326647564469915,0.0321,Low
2nd Quarter 2025,Cagayan,Senior Citizen,0,0.0575590806086112,0.05173195208805439,0.04770152152800259,0.06300582712852056,0.04296697960505018,0.011921333764972482,0.0458,Low
2nd Quarter 2025,Isabela,Senior Citizen,0,0.03580397610733689,0.03110648643781204,0.04872082203567891,0.05402863517664362,0.02535843997318579,0.007789128237966122,0.0338,Low
2nd Quarter 2025,Nueva Vizcaya,Senior Citizen,0,0.016153983459272922,0.013982269292556674,0.028143035639911943,0.027220800856785864,0.016332480514071518,0.004462426369964896,0.0177,Low
2nd Quarter 2025,Quirino,Senior Citizen,0,0.019708729397401238,0.013037411703148163,0.026641667393389728,0.030173541466817826,0.012950204935903027,0.005145199267463155,0.0179,Low
2nd Quarter 2025,City of Santiago,Senior Citizen,0,0.028144458281444584,0.026899128268991282,0.06737235367372353,0.06643835616438357,0.020236612702366128,0.009713574097135741,0.0365,Low
2nd Quarter 2025,Region 3,Senior Citizen,0,0.03219631823115406,0.02166322989757418,0.025499519684042994,0.0222683032460091,0.022990113867853407,0.010896667017175529,0.0226,Low
2nd Quarter 2025,Aurora,Senior Citizen,0,0.03617971949857267,0.05157006329899466,0.09798932605188035,0.10810475363038352,0.06050639195730421,0.04579868437383641,0.0667,Low
2nd Quarter 2025,Bataan,Senior Citizen,0,0.024671884406983743,0.009163154726068634,0.017808549066827214,0.018290186634557497,0.02136062612883805,0.0034798314268512944,0.0158,Low
2nd Quarter 2025,Bulacan,Senior Citizen,0,0.03315153674628169,0.026071239741615137,0.034499206914783566,0.027953380382060182,0.030617112250293097,0.015278384404956208,0.0279,Low
2nd Quarter 2025,Nueva Ecija,Senior Citizen,0,0.04711409134324867,0.02887857936492466,0.023123330929221652,0.018581509132375586,0.019224771446950353,0.012519249137443714,0.0249,Low
2nd Quarter 2025,Pampanga,Senior Citizen,0,0.02254320781497871,0.014080559166974796,0.030880616419566072,0.025841195624947817,0.019233292381827072,0.00791994179319887,0.0201,Low
2nd Quarter 2025,Tarlac,Senior Citizen,0,0.026692409798479547,0.01700253408953783,0.002703028840352359,0.00445275733075902,0.015343308796910824,0.005532762157596235,0.012,Low
2nd Quarter 2025,Zambales,Senior Citizen,0,0.0315508603790024,0.020093661511653236,0.021563929427140055,0.02225005445436724,0.019919407536484426,0.008277063820518406,0.0206,Low
2nd Quarter 2025,City of Angeles,Senior Citizen,0,0.03589386555271912,0.02096387406204069,0.0350042546607875,0.031445811093061035,0.024406281426471724,0.009398932466929683,0.0262,Low
2nd Quarter 2025,City of Olongapo,Senior Citizen,0,0.014110101549973277,0.008177445216461784,0.015766969535008016,0.01389631213254944,0.011865312667022983,0.0035809727418492786,0.0112,Low
2nd Quarter 2025,Region 4A,Senior Citizen,0,0.03079126387397064,0.02731221584959704,0.02997047875754075,0.03592539299731809,0.0843449594336245,0.0700943733998068,0.0464,Low
2nd Quarter 2025,Batangas,Senior Citizen,0,0.025515061502722876,0.0012091092577782856,0.026524239308427587,0.028399786739784456,0.10570661487490003,0.058046764918694545,0.0409,Low
2nd Quarter 2025,Cavite,Senior Citizen,0,0.025247971145175834,0.04413385432321411,0.036494339244564675,0.03469091273419497,0.10087917042380523,0.10960825568580303,0.0585,Low
2nd Quarter 2025,Laguna,Senior Citizen,0,0.052825001402681926,0.05975425012624137,0.013662121977220446,0.0422768333052797,0.04637266453459014,0.0839084329237502,0.0498,Low
2nd Quarter 2025,Quezon,Senior Citizen,0,0.04262396534385395,0.025295892318403342,0.03477218225419664,0.038562698228513964,0.07755086253577782,0.06683685309816663,0.0476,Low
2nd Quarter 2025,Rizal,Senior Citizen,0,0.029694045283419058,0.0377538575746328,0.038469696166286656,0.03865528394930802,0.03608356752744048,0.005143432843735087,0.031,Low
2nd Quarter 2025,City of Lucena,Senior Citizen,0,0.026346604215456676,0.018986283037805286,0.02810304449648712,0.07703245232519237,0.0664101706256273,0.08280361324857811,0.0499,Low
2nd Quarter 2025,Region 4B,Senior Citizen,0,0.046122891193313725,0.04793375638446061,0.02309240055718929,0.032595573440643864,0.04986844141773719,0.028463086209565083,0.038,Low
2nd Quarter 2025,Marinduque,Senior Citizen,0,0.011516314779270634,0.022456813819577735,0.00019193857965451057,0.00019193857965451057,0.02399232245681382,0.01804222648752399,0.0127,Low
2nd Quarter 2025,Occidental Mindoro,Senior Citizen,0,0.07218982505529861,0.051980695757088274,0.041122059119243916,0.04162477377840338,0.01960587170721898,0.016991755479589785,0.0406,Low
2nd Quarter 2025,Oriental Mindoro,Senior Citizen,0,0.0374303050180387,0.04505575598556904,0.016890783863561822,0.026279107904230894,0.03890619875368973,0.024434240734667104,0.0315,Low
2nd Quarter 2025,Palawan,Senior Citizen,0,0.05366225839267548,0.04560868090878264,0.04747371990505256,0.05824008138351984,0.0384028484231943,0.06391997287216006,0.0512,Low
2nd Quarter 2025,Romblon,Senior Citizen,0,0.06065169769989047,0.07256297918948522,0.015060240963855422,0.04969879518072289,0.12061883899233297,0.0078039430449069,0.0544,Low
2nd Quarter 2025,City of Puerto Princesa,Senior Citizen,0,0.03572626635357263,0.049647769204964776,0.0,0.0,0.10382422006038242,0.028346192552834618,0.0363,Low
2nd Quarter 2025,Region 5,Senior Citizen,0,0.03556687481795642,0.03163828562903604,0.05573197502184523,0.05571776674268096,0.04317185624063142,0.013426823810234223,0.0392,Low
2nd Quarter 2025,Albay,Senior Citizen,0,0.03454737301702809,0.02345000727696114,0.06753019938873527,0.05470455537767428,0.04058725076408092,0.015590889244651433,0.0394,Low
2nd Quarter 2025,Camarines Norte,Senior Citizen,0,0.05016121031746032,0.025731646825396824,0.07502480158730158,0.06287202380952381,0.038938492063492064,0.014818948412698412,0.0446,Low
2nd Quarter 2025,Camarines Sur,Senior Citizen,0,0.027609674592986532,0.02500152821077083,0.06552967785316952,0.06143407298734641,0.037726429895877905,0.012989791552050859,0.0384,Low
2nd Quarter 2025,Catanduanes,Senior Citizen,0,0.02878231388614211,0.04061308094363611,0.04446249470264162,0.03605735273343692,0.050572114705466874,0.030795310072044075,0.0385,Low
2nd Quarter 2025,Masbate,Senior Citizen,0,0.08855792760104632,0.0923972660534976,0.06383427558855793,0.13821618428824572,0.05341321407476162,0.013290017720023627,0.075,Low
2nd Quarter 2025,Sorsogon,Senior Citizen,0,0.027192706696007544,0.022424813999790422,0.023158335953054596,0.019228754060567954,0.04732963079395019,0.003178595130811415,0.0238,Low
2nd Quarter 2025,City of Naga,Senior Citizen,0,0.04133333333333333,0.041666666666666664,0.07933333333333334,0.079,0.06133333333333333,0.013333333333333334,0.0527,Low
2nd Quarter 2025,Region 6,Senior Citizen,0,0.015037394176379029,0.014433772445996735,0.013146805360464675,0.011514369234273566,0.009942674917429103,0.003473672222011313,0.0113,Low
2nd Quarter 2025,Aklan,Senior Citizen,0,0.01380746683122493,0.014116013576056772,0.029620487503856836,0.021829682196852822,0.008832150570811478,0.004705337858685591,0.0155,Low
2nd Quarter 2025,Antique,Senior Citizen,0,0.028525114732011282,0.022504315607763885,0.016883499642120332,0.022735884804850323,0.009578544061302681,0.004189297292745569,0.0174,Low
2nd Quarter 2025,Capiz,Senior Citizen,0,0.017200590354646873,0.01679906237791379,0.038698615271085646,0.027119416590701915,0.012924860007813517,0.008801059165689977,0.0203,Low
2nd Quarter 2025,Guimaras,Senior Citizen,0,0.004514714856836835,0.004520942049742817,0.003954267495298469,0.00449603327811889,0.005909606067776767,0.0030326429452131568,0.0044,Low
2nd Quarter 2025,Iloilo,Senior Citizen,0,0.02093582254991095,0.020979412900252823,0.0002117245588033826,0.0015069806832476056,0.010735680569912694,0.0,0.0091,Low
2nd Quarter 2025,City of Iloilo,Senior Citizen,0,0.013401547292238582,0.013127027701522336,0.0279760419266284,0.02388320439231345,0.017219865235837285,0.005265784876466184,0.0168,Low
2nd Quarter 2025,Region 7,Senior Citizen,0,0.03606362793599085,0.04747402985591877,0.05910103014182861,0.06660399753944256,0.04178182479791372,0.02962632449900798,0.0468,Low
2nd Quarter 2025,Bohol,Senior Citizen,0,0.041273428153662105,0.055031237538216135,0.06908812973547787,0.09485909876379105,0.0482187956932075,0.02410939784660375,0.0554,Low
2nd Quarter 2025,Cebu,Senior Citizen,0,0.040226177034607596,0.055854257397351115,0.05566607523701991,0.05760166317185512,0.046561643099091346,0.03716149613778519,0.0488,Low
2nd Quarter 2025,City of Cebu,Senior Citizen,0,0.026507233046241325,0.032945898486495526,0.08081779412994397,0.08332636508069237,0.04427627728070909,0.034409231541098755,0.0504,Low
2nd Quarter 2025,City of Lapu-Lapu,Senior Citizen,0,0.025642197641466313,0.023676752902459092,0.053844044245360635,0.050233110887649694,0.016820550324526923,0.013163908949629766,0.0306,Low
2nd Quarter 2025,City of Mandaue,Senior Citizen,0,0.011832981609888453,0.008139885438649382,0.012209828157974074,0.01100391920410009,0.00904431715405487,0.009798010250226108,0.0103,Low
2nd Quarter 2025,Region 8,Senior Citizen,0,0.022102176503794767,0.029378096970457256,0.006609483785987581,0.014434234460264693,0.02260788433795396,0.002732390390767108,0.0163,Low
2nd Quarter 2025,Biliran,Senior Citizen,0,0.04114593347433186,0.07065948855989233,0.07806191117092867,0.07815804652951355,0.059796193039800036,0.0,0.0546,Low
2nd Quarter 2025,Eastern Samar,Senior Citizen,0,0.008968729920753909,0.028137716855857784,0.0,0.0,0.022006853715999142,0.0,0.0099,Low
2nd Quarter 2025,Leyte,Senior Citizen,0,0.025540309967297028,0.0261268306554813,0.015533911559789563,0.05099175316365705,0.020865917816010236,0.012388027868619365,0.0252,Low
2nd Quarter 2025,Northern Samar,Senior Citizen,0,0.03449740443605474,0.03393109957527136,0.0,0.0,0.0413874469089193,0.0,0.0183,Low
2nd Quarter 2025,Southern Leyte,Senior Citizen,0,0.00990034093889326,0.013637555730396014,0.0,0.0,0.019849855756622084,0.0,0.0072,Low
2nd Quarter 2025,Samar,Senior Citizen,0,0.041829427083333336,0.03616536458333333,0.0,0.0,0.01689453125,0.0,0.0158,Low
2nd Quarter 2025,Ormoc City,Senior Citizen,0,0.015914786967418545,0.02487468671679198,0.0,0.0,0.030012531328320803,0.0,0.0118,Low
2nd Quarter 2025,City of Tacloban,Senior Citizen,0,0.025414563806777216,0.05312725306416727,0.0,0.0,0.0028388608507570294,0.0,0.0136,Low
2nd Quarter 2025,Region 9,Senior Citizen,0,0.038253844221806714,0.02652582814723858,0.04123991851086987,0.0502469790416655,0.017135043116680154,0.007618675522563001,0.0302,Low
2nd Quarter 2025,Zamboanga del Norte,Senior Citizen,0,0.035115756738078784,0.02274101589495508,0.06690566689702833,0.07889167242570837,0.017601071181755357,0.007385970974429855,0.0381,Low
2nd Quarter 2025,Zamboanga del Sur,Senior Citizen,0,0.039664296787298874,0.03167263591169081,0.036644036991500505,0.039343561233762765,0.015395306569733255,0.006949270326615705,0.0283,Low
2nd Quarter 2025,Zamboanga Sibugay,Senior Citizen,0,0.04492807277342924,0.03093928495874762,0.03051618362597842,0.038951766448064314,0.01634228897821028,0.010551089485931881,0.0287,Low
2nd Quarter 2025,City of Isabela,Senior Citizen,0,0.03319133830315939,0.01845935392261271,0.0308839190628328,0.0362087326943557,0.023074192403265886,0.013489527866524671,0.0259,Low
2nd Quarter 2025,City of Zamboanga,Senior Citizen,0,0.030128681019549616,0.017941103687206136,0.007052709725315516,0.024746349913387776,0.019611482306359812,0.0009279881217520415,0.0167,Low
2nd Quarter 2025,Region 10,Senior Citizen,0,0.042663432232381664,0.035945761025066865,0.0407911923866393,0.03836536667288673,0.03769359955215525,0.010916215711886546,0.0344,Low
2nd Quarter 2025,Bukidnon,Senior Citizen,0,0.029607949904710048,0.03707232961248752,0.06073600145203739,0.059601597241128956,0.037662219802159905,0.013907795625737364,0.0398,Low
2nd Quarter 2025,Camiguin,Senior Citizen,0,0.0,0.021658415841584157,0.0,0.0,0.0,0.0,0.0036,Low
2nd Quarter 2025,Lanao del Norte,Senior Citizen,0,0.028846153846153848,0.02399310595065312,0.05020863570391872,0.049664368650217706,0.03442489114658926,0.009615384615384616,0.0328,Low
2nd Quarter 2025,Misamis Occidental,Senior Citizen,0,0.016969247869581327,0.015820674323823638,0.01470915153760652,0.013153019636902557,0.02041496850685439,0.001778436457947388,0.0138,Low
2nd Quarter 2025,Misamis Oriental,Senior Citizen,0,0.08222999107408509,0.04537340077357929,0.055526628979470395,0.04485272240404641,0.040315382326688486,0.012905385301993455,0.0469,Low
2nd Quarter 2025,City of Cagayan De Oro,Senior Citizen,0,0.04754953998584572,0.04374557678697806,0.0,0.0,0.048964968152866245,0.0,0.0234,Low
2nd Quarter 2025,City of Iligan,Senior Citizen,0,0.07864415862808145,0.06095927116827438,0.05921757770632369,0.05928456591639871,0.060222400857449086,0.035838692390139336,0.059,Low
2nd Quarter 2025,Region 11,Senior Citizen,0,0.030069759401248754,0.03521866758865681,0.08769075365914838,0.08221982685567465,0.05673629048112971,0.005630241276685174,0.0496,Low
2nd Quarter 2025,Davao de Oro,Senior Citizen,0,0.020860621003158948,0.022228214808536866,0.054472609600123276,0.05871022420833654,0.030067801833731412,0.024886354880961553,0.0352,Low
2nd Quarter 2025,Davao del Norte,Senior Citizen,0,0.02563473902146671,0.03185954015473466,0.07502451781627983,0.08331971232428899,0.07731284733573063,0.0,0.0489,Low
2nd Quarter 2025,Davao Oriental,Senior Citizen,0,0.04593920746909978,0.05710572383427935,0.11755344544056018,0.12641239191554823,0.010158612275210864,0.009787279189432922,0.0612,Low
2nd Quarter 2025,Davao del Sur,Senior Citizen,0,0.03359986389928547,0.03748440512646025,0.1100714528751276,0.09407961891799932,0.06393898151298627,0.0,0.0565,Low
2nd Quarter 2025,Davao Occidental,Senior Citizen,0,0.038332266325224074,0.03561139564660691,0.06306017925736236,0.04465428937259923,0.049055697823303455,0.0,0.0385,Low
2nd Quarter 2025,City of Davao,Senior Citizen,0,0.02980431271967322,0.035349577277476965,0.10012349197302176,0.0765768975016624,0.07421392609480383,0.0,0.0527,Low
2nd Quarter 2025,Region 12,Senior Citizen,0,0.01935420379867254,0.017560932938230567,0.002531354903611691,0.004515980886356926,0.01829354969219162,0.017331306791466654,0.0133,Low
2nd Quarter 2025,Cotabato,Senior Citizen,0,0.015010617265870982,0.015395035512923776,0.0,0.0,0.015889287544848796,0.015889287544848796,0.0104,Low
2nd Quarter 2025,Sarangani,Senior Citizen,0,0.029322998833939226,0.022806776870841622,0.0158790040469168,0.02832841758694012,0.026853693668975925,0.01265518897043693,0.0226,Low
2nd Quarter 2025,South Cotabato,Senior Citizen,0,0.019615331203999446,0.017393417580891544,0.0,0.0,0.016699069573670323,0.01656019997222608,0.0117,Low
2nd Quarter 2025,Sultan Kudarat,Senior Citizen,0,0.019831464233669136,0.01835836026104036,0.0,0.0,0.01580814800734968,0.01580814800734968,0.0116,Low
2nd Quarter 2025,City of General Santos,Senior Citizen,0,0.0066815144766146995,0.006403118040089087,0.0,0.0,0.030066815144766147,0.06375278396436526,0.0178,Low
2nd Quarter 2025,Caraga,Senior Citizen,0,0.030089285714285714,0.0321875,0.04786989795918367,0.04925382653061224,0.03334821428571429,0.015618622448979592,0.0347,Low
2nd Quarter 2025,Agusan del Norte,Senior Citizen,0,0.03633646998982706,0.04046922685656155,0.06911241098677517,0.07337232960325533,0.04549211597151577,0.025178026449643946,0.0483,Low
2nd Quarter 2025,Agusan del Sur,Senior Citizen,0,0.0396093696646862,0.0338386942566414,0.036024038789865466,0.03117530560677457,0.01936078672403196,0.010892576657788705,0.0285,Low
2nd Quarter 2025,Surigao del Norte,Senior Citizen,0,0.022228506787330318,0.026442307692307692,0.044457013574660635,0.04960407239819004,0.028619909502262442,0.012302036199095022,0.0306,Low
2nd Quarter 2025,Surigao del Sur,Senior Citizen,0,0.029062808971223396,0.031638653275745436,0.04688557006816881,0.04709371910287766,0.03522922412447312,0.016651922776708124,0.0344,Low
2nd Quarter 2025,Dinagat Islands,Senior Citizen,0,0.023721590909090907,0.03309659090909091,0.06335227272727273,0.057670454545454546,0.030823863636363635,0.01619318181818182,0.0375,Low
2nd Quarter 2025,City of Butuan,Senior Citizen,0,0.02266158696794535,0.026208617971623754,0.030018392012611667,0.034944823962165,0.04256437204414083,0.009787178139779296,0.0277,Low
2nd Quarter 2025,BARMM,Senior Citizen,0,0.037098767744110264,0.004775459755047005,0.029289486497621635,0.026780029214577325,0.0315835799093599,0.020674931645379976,0.025,Low
2nd Quarter 2025,Basilan,Senior Citizen,0,0.019948703334283273,0.0,0.01268167569108008,0.019663721858079224,0.009261897976631519,0.009119407238529496,0.0118,Low
2nd Quarter 2025,Lanao del Sur,Senior Citizen,0,0.03317650162694574,0.002000703544103421,0.033044587107554306,0.03330841614633717,0.029592823850145104,0.0288013367337965,0.0267,Low
2nd Quarter 2025,Maguindanao del Norte,Senior Citizen,0,0.02637099190890021,0.005019478573569074,0.0,0.0,0.028094096493856757,0.0,0.0099,Low
2nd Quarter 2025,Maguindanao del Sur,Senior Citizen,0,0.029736776756890987,0.007015147752669481,0.0,0.0,0.020735038490191208,0.0,0.0096,Low
2nd Quarter 2025,Sulu,Senior Citizen,0,0.08565022421524664,0.0004484304932735426,0.0,0.0,0.07219730941704036,0.0,0.0264,Low
2nd Quarter 2025,Tawi-Tawi,Senior Citizen,0,0.29823651452282157,0.022821576763485476,0.21939834024896265,0.15508298755186722,0.052385892116182574,0.01970954356846473,0.1279,Low
2nd Quarter 2025,Special Geographic Area (SGA),Senior Citizen,0,0.04142271662763466,0.0,0.02854215456674473,0.022540983606557378,0.031030444964871194,0.024443793911007025,0.0247,Low
2nd Quarter 2025,City of Cotabato,Senior Citizen,0,0.031268053148469095,0.014009243212016175,0.06629116117850953,0.05444829578278452,0.05625361062969382,0.045421721548238016,0.0446,Low
2nd Quarter 2025,NIR,Senior Citizen,0,0.014853337324154444,0.03266772138367469,0.0055158848933168,0.0,0.02467182622824646,0.005328815153717878,0.0138,Low
2nd Quarter 2025,Negros Occidental,Senior Citizen,0,0.0064531442388998505,0.028935305374653237,0.0,0.0,0.019418771974068744,0.0,0.0091,Low
2nd Quarter 2025,Negros Oriental,Senior Citizen,0,0.03916471962616822,0.041910046728971966,0.03014018691588785,0.0,0.03329439252336448,0.029117990654205606,0.0289,Low
2nd Quarter 2025,Siquijor,Senior Citizen,0,0.040584795321637425,0.04994152046783626,0.0,0.0,0.039649122807017545,0.0,0.0217,Low
2nd Quarter 2025,City of Bacolod,Senior Citizen,0,0.02329258010118044,0.03678330522765599,0.0,0.0,0.05470067453625632,0.0,0.0191,Low
3rd Quarter 2025,NCR,Senior Citizen,0,0.0,0.0,0.0,0.0,0.0,0.0,0.0,Low
3rd Quarter 2025,City of Malabon,Senior Citizen,0,0.0,0.0,0.0,0.0,0.0,0.0,0.0,Low
3rd Quarter 2025,City of Navotas,Senior Citizen,0,0.0,0.0,0.0,0.0,0.0,0.0,0.0,Low
3rd Quarter 2025,City of Valenzuela,Senior Citizen,0,0.0,0.0,0.0,0.0,0.0,0.0,0.0,Low
3rd Quarter 2025,City of Caloocan,Senior Citizen,0,0.0,0.0,0.0,0.0,0.0,0.0,0.0,Low
3rd Quarter 2025,City of Marikina,Senior Citizen,0,0.0,0.0,0.0,0.0,0.0,0.0,0.0,Low
3rd Quarter 2025,City of Pasig,Senior Citizen,0,0.0,0.0,0.0,0.0,0.0,0.0,0.0,Low
3rd Quarter 2025,Pateros,Senior Citizen,0,0.0,0.0,0.0,0.0,0.0,0.0,0.0,Low
3rd Quarter 2025,City of Taguig,Senior Citizen,0,0.0,0.0,0.0,0.0,0.0,0.0,0.0,Low
3rd Quarter 2025,Quezon City,Senior Citizen,0,0.0,0.0,0.0,0.0,0.0,0.0,0.0,Low
3rd Quarter 2025,City of Makati,Senior Citizen,0,0.0,0.0,0.0,0.0,0.0,0.0,0.0,Low
3rd Quarter 2025,City of Mandaluyong,Senior Citizen,0,0.0,0.0,0.0,0.0,0.0,0.0,0.0,Low
3rd Quarter 2025,City of San Juan,Senior Citizen,0,0.0,0.0,0.0,0.0,0.0,0.0,0.0,Low
3rd Quarter 2025,City of Manila,Senior Citizen,0,0.0,0.0,0.0,0.0,0.0,0.0,0.0,Low
3rd Quarter 2025,City of Las Piñas,Senior Citizen,0,0.0,0.0,0.0,0.0,0.0,0.0,0.0,Low
3rd Quarter 2025,City of Muntinlupa,Senior Citizen,0,0.0,0.0,0.0,0.0,0.0,0.0,0.0,Low
3rd Quarter 2025,City of Parañaque,Senior Citizen,0,0.0,0.0,0.0,0.0,0.0,0.0,0.0,Low
3rd Quarter 2025,Pasay City,Senior Citizen,0,0.0,0.0,0.0,0.0,0.0,0.0,0.0,Low
3rd Quarter 2025,CAR,Senior Citizen,0,0.0,0.0,0.0,0.0,0.0,0.0,0.0,Low
3rd Quarter 2025,Abra,Senior Citizen,0,0.0,0.0,0.0,0.0,0.0,0.0,0.0,Low
3rd Quarter 2025,Apayao,Senior Citizen,0,0.0,0.0,0.0,0.0,0.0,0.0,0.0,Low
3rd Quarter 2025,Benguet,Senior Citizen,0,0.0,0.0,0.0,0.0,0.0,0.0,0.0,Low
3rd Quarter 2025,Ifugao,Senior Citizen,0,0.0,0.0,0.0,0.0,0.0,0.0,0.0,Low
3rd Quarter 2025,Kalinga,Senior Citizen,0,0.0,0.0,0.0,0.0,0.0,0.0,0.0,Low
3rd Quarter 2025,Mountain Province,Senior Citizen,0,0.0,0.0,0.0,0.0,0.0,0.0,0.0,Low
3rd Quarter 2025,City of Baguio,Senior Citizen,0,0.0,0.0,0.0,0.0,0.0,0.0,0.0,Low
3rd Quarter 2025,Region 1,Senior Citizen,0,0.0,0.0,0.0,0.0,0.0,0.0,0.0,Low
3rd Quarter 2025,Ilocos Norte,Senior Citizen,0,0.0,0.0,0.0,0.0,0.0,0.0,0.0,Low
3rd Quarter 2025,Ilocos Sur,Senior Citizen,0,0.0,0.0,0.0,0.0,0.0,0.0,0.0,Low
3rd Quarter 2025,La Union,Senior Citizen,0,0.0,0.0,0.0,0.0,0.0,0.0,0.0,Low
3rd Quarter 2025,Pangasinan,Senior Citizen,0,0.0,0.0,0.0,0.0,0.0,0.0,0.0,Low
3rd Quarter 2025,City of Dagupan,Senior Citizen,0,0.0,0.0,0.0,0.0,0.0,0.0,0.0,Low
3rd Quarter 2025,Region 2,Senior Citizen,0,0.0,0.0,0.0,0.0,0.0,0.0,0.0,Low
3rd Quarter 2025,Batanes,Senior Citizen,0,0.0,0.0,0.0,0.0,0.0,0.0,0.0,Low
3rd Quarter 2025,Cagayan,Senior Citizen,0,0.0,0.0,0.0,0.0,0.0,0.0,0.0,Low
3rd Quarter 2025,Isabela,Senior Citizen,0,0.0,0.0,0.0,0.0,0.0,0.0,0.0,Low
3rd Quarter 2025,Nueva Vizcaya,Senior Citizen,0,0.0,0.0,0.0,0.0,0.0,0.0,0.0,Low
3rd Quarter 2025,Quirino,Senior Citizen,0,0.0,0.0,0.0,0.0,0.0,0.0,0.0,Low
3rd Quarter 2025,City of Santiago,Senior Citizen,0,0.0,0.0,0.0,0.0,0.0,0.0,0.0,Low
3rd Quarter 2025,Region 3,Senior Citizen,0,0.0,0.0,0.0,0.0,0.0,0.0,0.0,Low
3rd Quarter 2025,Aurora,Senior Citizen,0,0.0,0.0,0.0,0.0,0.0,0.0,0.0,Low
3rd Quarter 2025,Bataan,Senior Citizen,0,0.0,0.0,0.0,0.0,0.0,0.0,0.0,Low
3rd Quarter 2025,Bulacan,Senior Citizen,0,0.0,0.0,0.0,0.0,0.0,0.0,0.0,Low
3rd Quarter 2025,Nueva Ecija,Senior Citizen,0,0.0,0.0,0.0,0.0,0.0,0.0,0.0,Low
3rd Quarter 2025,Pampanga,Senior Citizen,0,0.0,0.0,0.0,0.0,0.0,0.0,0.0,Low
3rd Quarter 2025,Tarlac,Senior Citizen,0,0.0,0.0,0.0,0.0,0.0,0.0,0.0,Low
3rd Quarter 2025,Zambales,Senior Citizen,0,0.0,0.0,0.0,0.0,0.0,0.0,0.0,Low
3rd Quarter 2025,City of Angeles,Senior Citizen,0,0.0,0.0,0.0,0.0,0.0,0.0,0.0,Low
3rd Quarter 2025,City of Olongapo,Senior Citizen,0,0.0,0.0,0.0,0.0,0.0,0.0,0.0,Low
3rd Quarter 2025,Region 4A,Senior Citizen,0,0.0,0.0,0.0,0.0,0.0,0.0,0.0,Low
3rd Quarter 2025,Batangas,Senior Citizen,0,0.0,0.0,0.0,0.0,0.0,0.0,0.0,Low
3rd Quarter 2025,Cavite,Senior Citizen,0,0.0,0.0,0.0,0.0,0.0,0.0,0.0,Low
3rd Quarter 2025,Laguna,Senior Citizen,0,0.0,0.0,0.0,0.0,0.0,0.0,0.0,Low
3rd Quarter 2025,Quezon,Senior Citizen,0,0.0,0.0,0.0,0.0,0.0,0.0,0.0,Low
3rd Quarter 2025,Rizal,Senior Citizen,0,0.0,0.0,0.0,0.0,0.0,0.0,0.0,Low
3rd Quarter 2025,City of Lucena,Senior Citizen,0,0.0,0.0,0.0,0.0,0.0,0.0,0.0,Low
3rd Quarter 2025,Region 4B,Senior Citizen,0,0.0,0.0,0.0,0.0,0.0,0.0,0.0,Low
3rd Quarter 2025,Marinduque,Senior Citizen,0,0.0,0.0,0.0,0.0,0.0,0.0,0.0,Low
3rd Quarter 2025,Occidental Mindoro,Senior Citizen,0,0.0,0.0,0.0,0.0,0.0,0.0,0.0,Low
3rd Quarter 2025,Oriental Mindoro,Senior Citizen,0,0.0,0.0,0.0,0.0,0.0,0.0,0.0,Low
3rd Quarter 2025,Palawan,Senior Citizen,0,0.0,0.0,0.0,0.0,0.0,0.0,0.0,Low
3rd Quarter 2025,Romblon,Senior Citizen,0,0.0,0.0,0.0,0.0,0.0,0.0,0.0,Low
3rd Quarter 2025,City of Puerto Princesa,Senior Citizen,0,0.0,0.0,0.0,0.0,0.0,0.0,0.0,Low
3rd Quarter 2025,Region 5,Senior Citizen,0,0.0,0.0,0.0,0.0,0.0,0.0,0.0,Low
3rd Quarter 2025,Albay,Senior Citizen,0,0.0,0.0,0.0,0.0,0.0,0.0,0.0,Low
3rd Quarter 2025,Camarines Norte,Senior Citizen,0,0.0,0.0,0.0,0.0,0.0,0.0,0.0,Low
3rd Quarter 2025,Camarines Sur,Senior Citizen,0,0.0,0.0,0.0,0.0,0.0,0.0,0.0,Low
3rd Quarter 2025,Catanduanes,Senior Citizen,0,0.0,0.0,0.0,0.0,0.0,0.0,0.0,Low
3rd Quarter 2025,Masbate,Senior Citizen,0,0.0,0.0,0.0,0.0,0.0,0.0,0.0,Low
3rd Quarter 2025,Sorsogon,Senior Citizen,0,0.0,0.0,0.0,0.0,0.0,0.0,0.0,Low
3rd Quarter 2025,City of Naga,Senior Citizen,0,0.0,0.0,0.0,0.0,0.0,0.0,0.0,Low
3rd Quarter 2025,Region 6,Senior Citizen,0,0.0,0.0,0.0,0.0,0.0,0.0,0.0,Low
3rd Quarter 2025,Aklan,Senior Citizen,0,0.0,0.0,0.0,0.0,0.0,0.0,0.0,Low
3rd Quarter 2025,Antique,Senior Citizen,0,0.0,0.0,0.0,0.0,0.0,0.0,0.0,Low
3rd Quarter 2025,Capiz,Senior Citizen,0,0.0,0.0,0.0,0.0,0.0,0.0,0.0,Low
3rd Quarter 2025,Guimaras,Senior Citizen,0,0.0,0.0,0.0,0.0,0.0,0.0,0.0,Low
3rd Quarter 2025,Iloilo,Senior Citizen,0,0.0,0.0,0.0,0.0,0.0,0.0,0.0,Low
3rd Quarter 2025,City of Iloilo,Senior Citizen,0,0.0,0.0,0.0,0.0,0.0,0.0,0.0,Low
3rd Quarter 2025,Region 7,Senior Citizen,0,0.0,0.0,0.0,0.0,0.0,0.0,0.0,Low
3rd Quarter 2025,Bohol,Senior Citizen,0,0.0,0.0,0.0,0.0,0.0,0.0,0.0,Low
3rd Quarter 2025,Cebu,Senior Citizen,0,0.0,0.0,0.0,0.0,0.0,0.0,0.0,Low
3rd Quarter 2025,City of Cebu,Senior Citizen,0,0.0,0.0,0.0,0.0,0.0,0.0,0.0,Low
3rd Quarter 2025,City of Lapu-Lapu,Senior Citizen,0,0.0,0.0,0.0,0.0,0.0,0.0,0.0,Low
3rd Quarter 2025,City of Mandaue,Senior Citizen,0,0.0,0.0,0.0,0.0,0.0,0.0,0.0,Low
3rd Quarter 2025,Region 8,Senior Citizen,0,0.0,0.0,0.0,0.0,0.0,0.0,0.0,Low
3rd Quarter 2025,Biliran,Senior Citizen,0,0.0,0.0,0.0,0.0,0.0,0.0,0.0,Low
3rd Quarter 2025,Eastern Samar,Senior Citizen,0,0.0,0.0,0.0,0.0,0.0,0.0,0.0,Low
3rd Quarter 2025,Leyte,Senior Citizen,0,0.0,0.0,0.0,0.0,0.0,0.0,0.0,Low
3rd Quarter 2025,Northern Samar,Senior Citizen,0,0.0,0.0,0.0,0.0,0.0,0.0,0.0,Low
3rd Quarter 2025,Southern Leyte,Senior Citizen,0,0.0,0.0,0.0,0.0,0.0,0.0,0.0,Low
3rd Quarter 2025,Samar,Senior Citizen,0,0.0,0.0,0.0,0.0,0.0,0.0,0.0,Low
3rd Quarter 2025,Ormoc City,Senior Citizen,0,0.0,0.0,0.0,0.0,0.0,0.0,0.0,Low
3rd Quarter 2025,City of Tacloban,Senior Citizen,0,0.0,0.0,0.0,0.0,0.0,0.0,0.0,Low
3rd Quarter 2025,Region 9,Senior Citizen,0,0.0,0.0,0.0,0.0,0.0,0.0,0.0,Low
3rd Quarter 2025,Zamboanga del Norte,Senior Citizen,0,0.0,0.0,0.0,0.0,0.0,0.0,0.0,Low
3rd Quarter 2025,Zamboanga del Sur,Senior Citizen,0,0.0,0.0,0.0,0.0,0.0,0.0,0.0,Low
3rd Quarter 2025,Zamboanga Sibugay,Senior Citizen,0,0.0,0.0,0.0,0.0,0.0,0.0,0.0,Low
3rd Quarter 2025,City of Isabela,Senior Citizen,0,0.0,0.0,0.0,0.0,0.0,0.0,0.0,Low
3rd Quarter 2025,City of Zamboanga,Senior Citizen,0,0.0,0.0,0.0,0.0,0.0,0.0,0.0,Low
3rd Quarter 2025,Region 10,Senior Citizen,0,0.0,0.0,0.0,0.0,0.0,0.0,0.0,Low
3rd Quarter 2025,Bukidnon,Senior Citizen,0,0.0,0.0,0.0,0.0,0.0,0.0,0.0,Low
3rd Quarter 2025,Camiguin,Senior Citizen,0,0.0,0.0,0.0,0.0,0.0,0.0,0.0,Low
3rd Quarter 2025,Lanao del Norte,Senior Citizen,0,0.0,0.0,0.0,0.0,0.0,0.0,0.0,Low
3rd Quarter 2025,Misamis Occidental,Senior Citizen,0,0.0,0.0,0.0,0.0,0.0,0.0,0.0,Low
3rd Quarter 2025,Misamis Oriental,Senior Citizen,0,0.0,0.0,0.0,0.0,0.0,0.0,0.0,Low
3rd Quarter 2025,City of Cagayan De Oro,Senior Citizen,0,0.0,0.0,0.0,0.0,0.0,0.0,0.0,Low
3rd Quarter 2025,City of Iligan,Senior Citizen,0,0.0,0.0,0.0,0.0,0.0,0.0,0.0,Low
3rd Quarter 2025,Region 11,Senior Citizen,0,0.0,0.0,0.0,0.0,0.0,0.0,0.0,Low
3rd Quarter 2025,Davao de Oro,Senior Citizen,0,0.0,0.0,0.0,0.0,0.0,0.0,0.0,Low
3rd Quarter 2025,Davao del Norte,Senior Citizen,0,0.0,0.0,0.0,0.0,0.0,0.0,0.0,Low
3rd Quarter 2025,Davao Oriental,Senior Citizen,0,0.0,0.0,0.0,0.0,0.0,0.0,0.0,Low
3rd Quarter 2025,Davao del Sur,Senior Citizen,0,0.0,0.0,0.0,0.0,0.0,0.0,0.0,Low
3rd Quarter 2025,Davao Occidental,Senior Citizen,0,0.0,0.0,0.0,0.0,0.0,0.0,0.0,Low
3rd Quarter 2025,City of Davao,Senior Citizen,0,0.0,0.0,0.0,0.0,0.0,0.0,0.0,Low
3rd Quarter 2025,Region 12,Senior Citizen,0,0.0,0.0,0.0,0.0,0.0,0.0,0.0,Low
3rd Quarter 2025,Cotabato,Senior Citizen,0,0.0,0.0,0.0,0.0,0.0,0.0,0.0,Low
3rd Quarter 2025,Sarangani,Senior Citizen,0,0.0,0.0,0.0,0.0,0.0,0.0,0.0,Low
3rd Quarter 2025,South Cotabato,Senior Citizen,0,0.0,0.0,0.0,0.0,0.0,0.0,0.0,Low
3rd Quarter 2025,Sultan Kudarat,Senior Citizen,0,0.0,0.0,0.0,0.0,0.0,0.0,0.0,Low
3rd Quarter 2025,City of General Santos,Senior Citizen,0,0.0,0.0,0.0,0.0,0.0,0.0,0.0,Low
3rd Quarter 2025,Caraga,Senior Citizen,0,0.0,0.0,0.0,0.0,0.0,0.0,0.0,Low
3rd Quarter 2025,Agusan del Norte,Senior Citizen,0,0.0,0.0,0.0,0.0,0.0,0.0,0.0,Low
3rd Quarter 2025,Agusan del Sur,Senior Citizen,0,0.0,0.0,0.0,0.0,0.0,0.0,0.0,Low
3rd Quarter 2025,Surigao del Norte,Senior Citizen,0,0.0,0.0,0.0,0.0,0.0,0.0,0.0,Low
3rd Quarter 2025,Surigao del Sur,Senior Citizen,0,0.0,0.0,0.0,0.0,0.0,0.0,0.0,Low
3rd Quarter 2025,Dinagat Islands,Senior Citizen,0,0.0,0.0,0.0,0.0,0.0,0.0,0.0,Low
3rd Quarter 2025,City of Butuan,Senior Citizen,0,0.0,0.0,0.0,0.0,0.0,0.0,0.0,Low
3rd Quarter 2025,BARMM,Senior Citizen,0,0.0,0.0,0.0,0.0,0.0,0.0,0.0,Low
3rd Quarter 2025,Basilan,Senior Citizen,0,0.0,0.0,0.0,0.0,0.0,0.0,0.0,Low
3rd Quarter 2025,Lanao del Sur,Senior Citizen,0,0.0,0.0,0.0,0.0,0.0,0.0,0.0,Low
3rd Quarter 2025,Maguindanao del Norte,Senior Citizen,0,0.0,0.0,0.0,0.0,0.0,0.0,0.0,Low
3rd Quarter 2025,Maguindanao del Sur,Senior Citizen,0,0.0,0.0,0.0,0.0,0.0,0.0,0.0,Low
3rd Quarter 2025,Sulu,Senior Citizen,0,0.0,0.0,0.0,0.0,0.0,0.0,0.0,Low
3rd Quarter 2025,Tawi-Tawi,Senior Citizen,0,0.0,0.0,0.0,0.0,0.0,0.0,0.0,Low
3rd Quarter 2025,Special Geographic Area (SGA),Senior Citizen,0,0.0,0.0,0.0,0.0,0.0,0.0,0.0,Low
3rd Quarter 2025,City of Cotabato,Senior Citizen,0,0.0,0.0,0.0,0.0,0.0,0.0,0.0,Low
3rd Quarter 2025,NIR,Senior Citizen,0,0.0,0.0,0.0,0.0,0.0,0.0,0.0,Low
3rd Quarter 2025,Negros Occidental,Senior Citizen,0,0.0,0.0,0.0,0.0,0.0,0.0,0.0,Low
3rd Quarter 2025,Negros Oriental,Senior Citizen,0,0.0,0.0,0.0,0.0,0.0,0.0,0.0,Low
3rd Quarter 2025,Siquijor,Senior Citizen,0,0.0,0.0,0.0,0.0,0.0,0.0,0.0,Low
3rd Quarter 2025,City of Bacolod,Senior Citizen,0,0.0,0.0,0.0,0.0,0.0,0.0,0.0,Low
1st Quarter 2025,NCR,Senior Citizen,0,0.006960293867625617,0.02352898748589652,0.013366752360884282,0.008655287711037038,0.045885904760923434,0.008191611583660054,0.0178,Low
1st Quarter 2025,City of Malabon,Senior Citizen,0,0.03643284393692224,0.0868678629690049,0.0,0.0,0.0,0.0,0.0206,Low
1st Quarter 2025,City of Navotas,Senior Citizen,0,0.035545023696682464,0.038546603475513426,0.17266982622432858,0.12890995260663507,0.19178515007898894,0.08420221169036335,0.1086,Low
1st Quarter 2025,City of Valenzuela,Senior Citizen,0,0.0,0.0,0.0,0.0,0.0,0.0,0.0,Low
1st Quarter 2025,City of Caloocan,Senior Citizen,0,0.0,0.04352978353610365,0.0,0.0,0.17854321377784801,0.0,0.037,Low
1st Quarter 2025,City of Marikina,Senior Citizen,0,0.07007419620774938,0.05276174773289365,0.17271228359439406,0.15952184666117064,0.11953833470733718,0.0952184666117065,0.1116,Low
1st Quarter 2025,City of Pasig,Senior Citizen,0,0.03718765721952037,0.05135837665604562,0.0,0.0,0.22056850578567835,0.0,0.0515,Low
1st Quarter 2025,Pateros,Senior Citizen,0,0.0,0.0,0.0,0.0,0.0,0.0,0.0,Low
1st Quarter 2025,City of Taguig,Senior Citizen,0,0.0,0.044470344470344474,0.0,0.0,0.0,0.0,0.0074,Low
1st Quarter 2025,Quezon City,Senior Citizen,0,0.0,0.011099384140754573,0.0,0.0,0.0,0.0,0.0018,Low
1st Quarter 2025,City of Makati,Senior Citizen,0,0.025090532850491464,0.013579927573719607,0.2055095706156234,0.0681583031557165,0.10010346611484738,0.22490946714950855,0.1062,Low
1st Quarter 2025,City of Mandaluyong,Senior Citizen,0,0.023747841105354058,0.029792746113989636,0.0260146804835924,0.02687823834196891,0.17692141623488775,0.007987910189982728,0.0486,Low
1st Quarter 2025,City of San Juan,Senior Citizen,0,0.0,0.028205128205128206,0.0,0.0,0.3174825174825175,0.0,0.0576,Low
1st Quarter 2025,City of Manila,Senior Citizen,0,0.0,0.025367849075035104,0.0,0.0,0.0,0.0,0.0042,Low
1st Quarter 2025,City of Las Piñas,Senior Citizen,0,0.051781123760558205,0.054076386338597134,0.16957399926551597,0.12679030481087036,0.11210062431142123,0.05536173338229893,0.0949,Low
1st Quarter 2025,City of Muntinlupa,Senior Citizen,0,0.02865612648221344,0.02206851119894598,0.0,0.0,0.2523056653491436,0.0,0.0505,Low
1st Quarter 2025,City of Parañaque,Senior Citizen,0,0.0,0.01007766272189349,0.0,0.0,0.0,0.0,0.0017,Low
1st Quarter 2025,Pasay City,Senior Citizen,0,0.0,0.0,0.0,0.0,0.0,0.0,0.0,Low
1st Quarter 2025,CAR,Senior Citizen,0,0.03476497063394353,0.041929884755888346,0.0,0.0,0.11710093446626435,0.005550285587422044,0.0332,Low
1st Quarter 2025,Abra,Senior Citizen,0,0.05332918481642813,0.055569383945239574,0.0,0.0,0.06820161792159303,0.0,0.0295,Low
1st Quarter 2025,Apayao,Senior Citizen,0,0.02726871274011923,0.03665268271141532,0.0,0.0,0.06071980569662177,0.06071980569662177,0.0309,Low
1st Quarter 2025,Benguet,Senior Citizen,0,0.02355168496781522,0.027603180613404013,0.0,0.0,0.136501325255585,0.0,0.0313,Low
1st Quarter 2025,Ifugao,Senior Citizen,0,0.021399858122487587,0.04185386616221329,0.0,0.0,0.12485221092456845,0.0,0.0314,Low
1st Quarter 2025,Kalinga,Senior Citizen,0,0.0604441360166551,0.06384455239417071,0.0,0.0,0.09680777238029147,0.0,0.0368,Low
1st Quarter 2025,Mountain Province,Senior Citizen,0,0.027578891540705384,0.03686024927075046,0.0,0.0,0.1052771148236542,0.0,0.0283,Low
1st Quarter 2025,City of Baguio,Senior Citizen,0,0.02613494377342774,0.038629737609329445,0.0,0.0,0.24094127446897126,0.0,0.051,Low
1st Quarter 2025,Region 1,Senior Citizen,0,0.043695810920610104,0.04029661932139588,0.0,0.0,0.06528916269837189,0.0,0.0249,Low
1st Quarter 2025,Ilocos Norte,Senior Citizen,0,0.025273224043715847,0.02191046658259773,0.0,0.0,0.062368642286675074,0.0,0.0183,Low
1st Quarter 2025,Ilocos Sur,Senior Citizen,0,0.03255174783131495,0.017306536116121273,0.0,0.0,0.07525981276303358,0.0,0.0209,Low
1st Quarter 2025,La Union,Senior Citizen,0,0.040606123186535184,0.05268728380401673,0.0,0.0,0.10374825752491094,0.0,0.0328,Low
1st Quarter 2025,Pangasinan,Senior Citizen,0,0.055799689805893685,0.0512642759787564,0.0,0.0,0.04515439206655074,0.0,0.0254,Low
1st Quarter 2025,City of Dagupan,Senior Citizen,0,0.03554313099041533,0.041733226837060704,0.0,0.0,0.028354632587859425,0.0,0.0176,Low
1st Quarter 2025,Region 2,Senior Citizen,0,0.061000889859644865,0.05148545888443959,0.07857056182502123,0.09272236379080209,0.05059559923957448,0.013479351211422562,0.058,Low
1st Quarter 2025,Batanes,Senior Citizen,0,0.057172557172557176,0.10810810810810811,0.059771309771309775,0.08367983367983368,0.1101871101871102,0.055613305613305616,0.0791,Low
1st Quarter 2025,Cagayan,Senior Citizen,0,0.09472589663166507,0.07740692758761762,0.07152597845356608,0.0881290058639029,0.0669746352106914,0.018767898540842765,0.0696,Low
1st Quarter 2025,Isabela,Senior Citizen,0,0.04913056898857907,0.04388311554686696,0.09692355180574133,0.11589669719106904,0.04550879720135816,0.01278938162362383,0.0607,Low
1st Quarter 2025,Nueva Vizcaya,Senior Citizen,0,0.03399386906065251,0.01926866652069192,0.03059995620757609,0.025947011167068098,0.02490694109918984,0.004652945040507992,0.0232,Low
1st Quarter 2025,Quirino,Senior Citizen,0,0.03859111791730475,0.026493108728943338,0.05467075038284839,0.05934150076569678,0.04058192955589587,0.00781010719754977,0.0379,Low
1st Quarter 2025,City of Santiago,Senior Citizen,0,0.057386494584005535,0.05427517861258355,0.06176538372896981,0.057040792809403086,0.05277713758930629,0.0032265498962894676,0.0477,Low
1st Quarter 2025,Region 3,Senior Citizen,0,0.04656217463094166,0.03986986990496156,0.021268838539822543,0.019074295450004032,0.04352101467819795,0.009104198728847724,0.0299,Low
1st Quarter 2025,Aurora,Senior Citizen,0,0.04623853211009174,0.07247706422018349,0.011009174311926606,0.09944954128440367,0.030458715596330274,0.0363302752293578,0.0493,Low
1st Quarter 2025,Bataan,Senior Citizen,0,0.023383739699260896,0.016183841644720073,0.0005946818452128111,0.0004672500212386373,0.05275677512530796,8.495454931611588e-05,0.0156,Low
1st Quarter 2025,Bulacan,Senior Citizen,0,0.06215507256251278,0.06029842610887784,0.03295973291544593,0.028355022597715246,0.07362994254048284,0.02010515318752697,0.0463,Low
1st Quarter 2025,Nueva Ecija,Senior Citizen,0,0.06330277285871198,0.05677971800676963,0.024657595660263164,0.019793324516374885,0.0376364573759835,0.008349958530407299,0.0351,Low
1st Quarter 2025,Pampanga,Senior Citizen,0,0.032740242871574954,0.025235552440055254,0.041244871451250435,0.03509061295177618,0.016957713955837783,0.003896666185596767,0.0259,Low
1st Quarter 2025,Tarlac,Senior Citizen,0,0.042394277298548284,0.01883021249737008,0.0002805245809664072,0.0018000327278677793,0.02847324496809033,0.001659770437384576,0.0156,Low
1st Quarter 2025,Zambales,Senior Citizen,0,0.021233414804469275,0.023961243016759778,0.00026187150837988826,0.0,0.02479050279329609,0.0015494064245810057,0.012,Low
1st Quarter 2025,City of Angeles,Senior Citizen,0,0.04892398204056356,0.03971202972596377,0.0003096454559529339,0.0,0.03483511379470506,0.008902306858646849,0.0221,Low
1st Quarter 2025,City of Olongapo,Senior Citizen,0,0.018368067820558106,0.020575768279759803,0.0,0.0,0.016425291416460614,0.0,0.0092,Low
1st Quarter 2025,Region 4A,Senior Citizen,0,0.061900173443823474,0.08120382861180703,0.061180702768677334,0.059915205241857776,0.07588488469197661,0.09147555726858098,0.0719,Low
1st Quarter 2025,Batangas,Senior Citizen,0,0.044526202440775306,0.14456209619526203,0.05748384781048098,0.05073582196697775,0.07880473797559225,0.11417803302225413,0.0817,Low
1st Quarter 2025,Cavite,Senior Citizen,0,0.07925698105838704,0.02611794571372779,0.05050283147822691,0.07344756883421207,0.06431849248193712,0.05545791837531732,0.0582,Low
1st Quarter 2025,Laguna,Senior Citizen,0,0.054504706409681754,0.05320484087852981,0.09273868220528911,0.04697445091887046,0.08691169878978036,0.10345136709995517,0.073,Low
1st Quarter 2025,Quezon,Senior Citizen,0,0.11114685539649348,0.09055814701624577,0.07584043751005308,0.09055814701624577,0.1217629081550587,0.08862795560559755,0.0964,Low
1st Quarter 2025,Rizal,Senior Citizen,0,0.0571356783919598,0.04492462311557789,0.04949748743718593,0.05175879396984925,0.0621105527638191,0.09628140703517588,0.0603,Low
1st Quarter 2025,City of Lucena,Senior Citizen,0,0.039880129091747346,0.07123098201936376,0.058782849239280774,0.06615952051636699,0.022591055786076533,0.06454587367450439,0.0539,Low
1st Quarter 2025,Region 4B,Senior Citizen,0,0.050567423230974635,0.05230585224744103,0.025019470404984423,0.0219320204717401,0.05081775700934579,0.025714842011570982,0.0377,Low
1st Quarter 2025,Marinduque,Senior Citizen,0,0.019978689397975494,0.02823654768247203,0.0,0.0,0.022109749600426214,0.007458710708577517,0.013,Low
1st Quarter 2025,Occidental Mindoro,Senior Citizen,0,0.09187129551227773,0.07959356477561388,0.06075359864521592,0.04773497036409822,0.02540220152413209,0.01947502116850127,0.0541,Low
1st Quarter 2025,Oriental Mindoro,Senior Citizen,0,0.05237611826660745,0.061322251126197574,0.017987437345346108,0.021508787513482647,0.056595393693293576,0.03457902417359305,0.0407,Low
1st Quarter 2025,Palawan,Senior Citizen,0,0.0477455854620264,0.02914452254414538,0.020572604148808505,0.01740099434253386,0.021686953540202298,0.007286130636036345,0.024,Low
1st Quarter 2025,Romblon,Senior Citizen,0,0.0257758182126505,0.03332202814990673,0.035441750042394436,0.020773274546379516,0.056723757842971005,0.023995251822960827,0.0327,Low
1st Quarter 2025,City of Puerto Princesa,Senior Citizen,0,0.04865591397849462,0.06370967741935483,0.0,0.0,0.16801075268817203,0.04811827956989247,0.0547,Low
1st Quarter 2025,Region 5,Senior Citizen,0,0.06535388127853882,0.061794923448831585,0.0379650147730325,0.035866572656459844,0.11132655116841257,0.008074805264571583,0.0534,Low
1st Quarter 2025,Albay,Senior Citizen,0,0.010050041701417848,0.006922435362802335,0.010300250208507089,0.005254378648874062,0.008215179316096747,0.002543786488740617,0.0072,Low
1st Quarter 2025,Camarines Norte,Senior Citizen,0,0.29591321897073664,0.19248234106962664,0.022956609485368314,0.018163471241170535,0.4704843592330979,0.004540867810292634,0.1674,Low
1st Quarter 2025,Camarines Sur,Senior Citizen,0,0.05915725282415275,0.04748575427371789,0.10371888433469958,0.10129461161651504,0.07415275417374788,0.022043386983904827,0.068,Low
1st Quarter 2025,Catanduanes,Senior Citizen,0,0.08916531039293188,0.1749593117879563,0.0,0.0,0.32283189955824226,0.0,0.0978,Low
1st Quarter 2025,Masbate,Senior Citizen,0,0.16053019145802652,0.15106248685041027,0.0,0.0,0.21281296023564064,0.0,0.0874,Low
1st Quarter 2025,Sorsogon,Senior Citizen,0,0.05375561602227425,0.050085426817692846,0.0,0.0,0.10833386065936848,0.0,0.0354,Low
1st Quarter 2025,City of Naga,Senior Citizen,0,0.008867667121418827,0.006139154160982265,0.023874488403819918,0.015006821282401092,0.0068212824010914054,0.0006821282401091405,0.0102,Low
1st Quarter 2025,Region 6,Senior Citizen,0,0.03831261269811142,0.04057606529372687,0.022297617917813418,0.02086457245895416,0.028485337382556705,0.008773844547784,0.0266,Low
1st Quarter 2025,Aklan,Senior Citizen,0,0.04789386898515965,0.05636336381352121,0.1062809174036876,0.10410733023534702,0.073602158596912,0.022860140908409533,0.0685,Low
1st Quarter 2025,Antique,Senior Citizen,0,0.04404287481104851,0.03425175209564381,0.0,0.00030919334890751684,0.03150336677202144,0.00024048371581695754,0.0184,Low
1st Quarter 2025,Capiz,Senior Citizen,0,0.042675622486523485,0.046183793959099856,0.06669804055788484,0.0543124839565329,0.01876016086249679,0.022311114914007016,0.0418,Low
1st Quarter 2025,Guimaras,Senior Citizen,0,0.030434782608695653,0.05320910973084886,0.011249137336093859,0.031746031746031744,0.06093857832988268,0.030296756383712906,0.0363,Low
1st Quarter 2025,Iloilo,Senior Citizen,0,0.04285860498439179,0.04371577708407963,0.0,0.0,0.024039199631543932,0.000703648738549716,0.0186,Low
1st Quarter 2025,City of Iloilo,Senior Citizen,0,0.012704237053447798,0.015750484630296317,0.0,0.0,0.016096649127665466,0.0,0.0074,Low
1st Quarter 2025,Region 7,Senior Citizen,0,0.05993614477885212,0.08052264439299711,0.10685157443975365,0.11022591432505636,0.08090849940230302,0.04461543117405844,0.0805,Low
1st Quarter 2025,Bohol,Senior Citizen,0,0.05122526255626206,0.0727655926269915,0.05622633421447453,0.062477673787240125,0.07076516396370651,0.020504393798671142,0.0557,Low
1st Quarter 2025,Cebu,Senior Citizen,0,0.06842207756078562,0.09489233850776164,0.13324152896010683,0.13638513325543872,0.09446113614866744,0.06518110499081957,0.0988,Low
1st Quarter 2025,City of Cebu,Senior Citizen,0,0.059479222400570714,0.06607811663991439,0.09728910290708044,0.11307294453361869,0.11137863385054396,0.029070804351703228,0.0794,Low
1st Quarter 2025,City of Lapu-Lapu,Senior Citizen,0,0.05886023294509152,0.06856627842484747,0.12465335551858014,0.11668053244592345,0.04215196894065446,0.01747088186356073,0.0714,Low
1st Quarter 2025,City of Mandaue,Senior Citizen,0,0.007969924812030075,0.0081203007518797,0.012180451127819548,0.00962406015037594,0.009774436090225564,0.00887218045112782,0.0094,Low
1st Quarter 2025,Region 8,Senior Citizen,0,0.048545073494817584,0.053335424359504426,0.00039919590539057043,0.00039919590539057043,0.04870902895596014,0.0002566259391796524,0.0253,Low
1st Quarter 2025,Biliran,Senior Citizen,0,0.031137724550898204,0.06317365269461078,0.016766467065868262,0.016766467065868262,0.06107784431137724,0.010778443113772455,0.0333,Low
1st Quarter 2025,Eastern Samar,Senior Citizen,0,0.01123539398781584,0.04229501647857785,0.0,0.0,0.04763807050833916,0.0,0.0169,Low
1st Quarter 2025,Leyte,Senior Citizen,0,0.08079945336522036,0.06790228903313973,0.0,0.0,0.04347454731807311,0.0,0.032,Low
1st Quarter 2025,Northern Samar,Senior Citizen,0,0.10139794967381174,0.08387698042870456,0.0,0.0,0.10633737185461323,0.0,0.0486,Low
1st Quarter 2025,Southern Leyte,Senior Citizen,0,0.020312197013767696,0.02760810548768664,0.0,0.0,0.05017452006980803,0.0,0.0163,Low
1st Quarter 2025,Samar,Senior Citizen,0,0.10480920020909566,0.07726084683742812,0.0,0.0,0.029848405645582853,0.0,0.0353,Low
1st Quarter 2025,Ormoc City,Senior Citizen,0,0.01737885912901247,0.03353097526068289,0.0,0.0,0.07851155182989164,0.0,0.0216,Low
1st Quarter 2025,City of Tacloban,Senior Citizen,0,0.03872401206157753,0.07847960641168068,0.0,0.0,0.008490715759403269,0.0,0.0209,Low
1st Quarter 2025,Region 9,Senior Citizen,0,0.0665710892924378,0.05146696788020969,0.03521881426130275,0.046630173487415646,0.035537405508732293,0.008659889361948619,0.0407,Low
1st Quarter 2025,Zamboanga del Norte,Senior Citizen,0,0.05692872741711336,0.04744887830057574,0.09191979352789359,0.07186817550129045,0.03707564026206075,0.009678379988088147,0.0525,Low
1st Quarter 2025,Zamboanga del Sur,Senior Citizen,0,0.0749178764437851,0.06681148670128219,0.022464766345236833,0.05081063897425029,0.037352972342905584,0.004132669280491681,0.0427,Low
1st Quarter 2025,Zamboanga Sibugay,Senior Citizen,0,0.06545579163810829,0.05151930546036098,0.0052547406899703,0.01228010052547407,0.024503084304318027,0.016620973269362578,0.0293,Low
1st Quarter 2025,City of Isabela,Senior Citizen,0,0.07711442786069651,0.04695273631840796,0.0,0.09950248756218906,0.09950248756218906,0.0,0.0538,Low
1st Quarter 2025,City of Zamboanga,Senior Citizen,0,0.06897292651482595,0.030511388053287496,0.006875805758487323,0.029866781263429308,0.0271809196390202,0.00365277180919639,0.0278,Low
1st Quarter 2025,Region 10,Senior Citizen,0,0.0,0.11113131103261999,0.0,0.0,0.0,0.0,0.0185,Low
1st Quarter 2025,Bukidnon,Senior Citizen,0,0.0,0.07837706511175899,0.0,0.0,0.0,0.0,0.0131,Low
1st Quarter 2025,Camiguin,Senior Citizen,0,0.0,0.06330597889800703,0.0,0.0,0.0,0.0,0.0106,Low
1st Quarter 2025,Lanao del Norte,Senior Citizen,0,0.0,0.04330472959489124,0.0,0.0,0.0,0.0,0.0072,Low
1st Quarter 2025,Misamis Occidental,Senior Citizen,0,0.0,0.06223520818115413,0.0,0.0,0.0,0.0,0.0104,Low
1st Quarter 2025,Misamis Oriental,Senior Citizen,0,0.0,0.3039354029476325,0.0,0.0,0.0,0.0,0.0507,Low
1st Quarter 2025,City of Cagayan De Oro,Senior Citizen,0,0.0,0.12246829452962332,0.0,0.0,0.0,0.0,0.0204,Low
1st Quarter 2025,City of Iligan,Senior Citizen,0,0.0,0.049427679500520294,0.0,0.0,0.0,0.0,0.0082,Low
1st Quarter 2025,Region 11,Senior Citizen,0,0.06813333027459796,0.09378656144617008,0.25138790117226034,0.2303858594664036,0.1383771879516414,0.020623523204331168,0.1338,Low
1st Quarter 2025,Davao de Oro,Senior Citizen,0,0.06769791789201271,0.08766615692271497,0.24635337019174214,0.24744147747323844,0.12166215739324786,0.09663568991883308,0.1446,Low
1st Quarter 2025,Davao del Norte,Senior Citizen,0,0.06377984440668873,0.08448090852186355,0.21532683537512295,0.2014218009478673,0.19737548064025753,0.0,0.1271,Low
1st Quarter 2025,Davao Oriental,Senior Citizen,0,0.08177637252083932,0.10989748011880808,0.27110280732011116,0.27828878030085274,0.011497556769186549,0.014851010826865957,0.1279,Low
1st Quarter 2025,Davao del Sur,Senior Citizen,0,0.07363365043835106,0.11467077037866069,0.32722439843312817,0.30693900391717965,0.15127774668905056,0.0,0.1623,Low
1st Quarter 2025,Davao Occidental,Senior Citizen,0,0.09046692607003891,0.09032795997776542,0.18093385214007782,0.17495831017231794,0.12187326292384658,0.0,0.1098,Low
1st Quarter 2025,City of Davao,Senior Citizen,0,0.060458862818233074,0.09086177733443206,0.25688511081233467,0.1972719781411285,0.14748232640846598,0.0,0.1255,Low
1st Quarter 2025,Region 12,Senior Citizen,0,0.057113415623424174,0.03608778584113481,0.007267983600447261,0.008419021727214926,0.03127535024445857,0.02926925522352064,0.0282,Low
1st Quarter 2025,Cotabato,Senior Citizen,0,0.08567962714677903,0.038211070676115684,0.0014365064163953266,0.0020749537125710274,0.027740535018834195,0.016631552065377003,0.0286,Low
1st Quarter 2025,Sarangani,Senior Citizen,0,0.04582880223706696,0.0264874941743048,0.029128475998135776,0.03681839366164362,0.05802392418828647,0.014370048159080316,0.0351,Low
1st Quarter 2025,South Cotabato,Senior Citizen,0,0.04126074498567335,0.03502865329512894,0.0,0.0,0.0,0.0,0.0127,Low
1st Quarter 2025,Sultan Kudarat,Senior Citizen,0,0.04394415357766143,0.04055846422338569,0.0,0.0,0.03486910994764398,0.03479930191972077,0.0257,Low
1st Quarter 2025,City of General Santos,Senior Citizen,0,0.022892112420670897,0.023345421577515867,0.05507706255666364,0.05190389845874887,0.053943789664551225,0.21917497733454216,0.0711,Low
1st Quarter 2025,Caraga,Senior Citizen,0,0.056100551808706316,0.06822671844131072,0.07191679723868565,0.07444875899811522,0.0769807207575448,0.02571701069555147,0.0622,Low
1st Quarter 2025,Agusan del Norte,Senior Citizen,0,0.05272305909617613,0.06938006952491309,0.10805330243337195,0.11529548088064889,0.08683371958285052,0.055402665121668596,0.0813,Low
1st Quarter 2025,Agusan del Sur,Senior Citizen,0,0.08038700430004778,0.08420926899187768,0.06258958432871477,0.052675585284280936,0.04395604395604396,0.015229335881509794,0.0565,Low
1st Quarter 2025,Surigao del Norte,Senior Citizen,0,0.04252477380439466,0.05200344679017665,0.095260663507109,0.1003877638948729,0.07574321413183972,0.024256785868160276,0.065,Low
1st Quarter 2025,Surigao del Sur,Senior Citizen,0,0.06157572667006629,0.08082610912799593,0.06727010028896821,0.0744943056263811,0.07929627740948496,0.028981812000679924,0.0654,Low
1st Quarter 2025,Dinagat Islands,Senior Citizen,0,0.02857142857142857,0.040372670807453416,0.0,0.0,0.10900621118012423,0.0,0.0297,Low
1st Quarter 2025,City of Butuan,Senior Citizen,0,0.04484126984126984,0.05317460317460317,0.0,0.0,0.11507936507936507,0.0,0.0355,Low
1st Quarter 2025,BARMM,Senior Citizen,0,0.060118927635557345,0.009507491769132567,0.003779479943559766,0.004400994423167372,0.06485587583148558,0.009440301014580394,0.0254,Low
1st Quarter 2025,Basilan,Senior Citizen,0,0.06926683716965047,0.0019181585677749361,0.026641091219096334,0.03495311167945439,0.025362318840579712,0.019820971867007674,0.0297,Low
1st Quarter 2025,Lanao del Sur,Senior Citizen,0,0.04485951468710089,0.0069045338441890165,0.00031928480204342275,0.0002793742017879949,0.078264687100894,0.007622924648786718,0.023,Low
1st Quarter 2025,Maguindanao del Norte,Senior Citizen,0,0.06502242152466367,0.017787742899850523,0.0,0.0,0.08535127055306428,0.0,0.028,Low
1st Quarter 2025,Maguindanao del Sur,Senior Citizen,0,0.08566907775768536,0.01842224231464738,0.0,0.0,0.051537070524412296,0.0,0.0259,Low
1st Quarter 2025,Sulu,Senior Citizen,0,0.07713004484304933,0.003139013452914798,0.0,0.0,0.06053811659192825,0.0,0.0235,Low
1st Quarter 2025,Tawi-Tawi,Senior Citizen,0,0.11773858921161826,0.0036307053941908715,0.03163900414937759,0.035269709543568464,0.023858921161825725,0.061203319502074686,0.0456,Low
1st Quarter 2025,Special Geographic Area (SGA),Senior Citizen,0,0.09554140127388536,0.001326963906581741,0.008227176220806794,0.006104033970276009,0.05042462845010616,0.04246284501061571,0.034,Low
1st Quarter 2025,City of Cotabato,Senior Citizen,0,0.028164556962025317,0.013132911392405064,0.0,0.0,0.06060126582278481,0.0,0.017,Low
1st Quarter 2025,NIR,Senior Citizen,0,0.07458787892091226,0.07910968676602936,0.015508044866870074,0.0017670171433588691,0.0637443203020392,0.015090984919990343,0.0416,Low
1st Quarter 2025,Negros Occidental,Senior Citizen,0,0.07878065703339467,0.07872032338833751,0.0012971733687290718,0.0024284292135509367,0.05380252797972789,0.009261214516275,0.0374,Low
1st Quarter 2025,Negros Oriental,Senior Citizen,0,0.07557903291344982,0.08939455505891913,0.0898686170933225,0.0,0.06616551537315454,0.05153731545442232,0.0621,Low
1st Quarter 2025,Siquijor,Senior Citizen,0,0.03876543209876543,0.07111111111111111,0.0,0.0,0.08765432098765433,0.0,0.0329,Low
1st Quarter 2025,City of Bacolod,Senior Citizen,0,0.05,0.0635,0.0,0.0,0.1515,0.0,0.0442,Low
1st Quarter 2025,Zamboanga Sibugay,Senior Citizen,1,0.062255115367871136,0.027263822377013497,0.017631693513278188,0.030420113191118852,0.030311275576839356,0.005550718328254245,0.0289,Low
3rd Quarter 2025,Marinduque,Senior Citizen,1,0.02632620744259699,0.030878859857482184,0.0,0.009303246239113222,0.00613618368962787,0.012668250197941409,0.0142,Low
1st Quarter 2025,City of Pasig,Senior Citizen,1,0.01583764424990052,0.05129327497015519,0.0,0.0,0.06796657381615599,0.009072821329088739,0.024,Low
3rd Quarter 2025,Region 9,Senior Citizen,1,0.029462627297764683,0.06955742009863575,0.0329853327355409,0.029158393646320373,0.05359315954653174,0.0012649714981105488,0.036,Low
2nd Quarter 2025,Biliran,Senior Citizen,1,0.0028457598178713715,0.02902675014228799,0.0025611838360842347,0.02731929425156517,0.04154809334092203,0.011383039271485486,0.0191,Low
1st Quarter 2025,Pasay City,Senior Citizen,1,0.0,0.0021653543307086614,0.0,0.005905511811023622,0.002362204724409449,0.0033464566929133858,0.0023,Low
1st Quarter 2025,La Union,Senior Citizen,1,0.03937902309731162,0.05663439173473252,0.002677557202358414,0.0013252555850056798,0.0074917509601341485,0.004949423919511008,0.0187,Low
2nd Quarter 2025,City of Muntinlupa,Senior Citizen,1,0.0046168051708217915,0.0026161895967990153,0.0,0.0,0.0,0.02123730378578024,0.0047,Low
3rd Quarter 2025,Sarangani,Senior Citizen,1,0.05061230816927608,0.03061540846380406,0.018834289257479462,0.013486281196713688,0.02371725313904821,0.002325220895985119,0.0233,Low
2nd Quarter 2025,Region 5,Senior Citizen,1,0.05389265812306919,0.04486127740085436,0.045689030789469794,0.04557817096063737,0.06308663326090491,0.0032962322439507486,0.0427,Low
3rd Quarter 2025,Northern Samar,Senior Citizen,1,0.003961180431768667,0.0,0.00861556743909685,0.0041592394533571005,0.06842939195880372,0.004802931273519509,0.015,Low
3rd Quarter 2025,Zamboanga del Norte,Senior Citizen,1,0.007619709102794575,0.013074031704526883,0.0476997875469848,0.030008988396796863,0.03352263441738846,0.005556463474423926,0.0229,Low
2nd Quarter 2025,Pateros,Senior Citizen,1,0.0,0.00641025641025641,0.021367521367521368,0.004578754578754579,0.0018315018315018315,0.0,0.0057,Low
3rd Quarter 2025,Region 11,Senior Citizen,1,0.03779754695791954,0.09718032281505296,0.07384999889899369,0.04575782264990201,0.1676667474071301,0.009898046814788716,0.072,Low
3rd Quarter 2025,Ilocos Sur,Senior Citizen,1,0.01720330374100084,0.022304668521708405,0.006382226933439336,0.005145532441146593,0.07464334614195486,0.00364383198621969,0.0216,Low
2nd Quarter 2025,City of Makati,Senior Citizen,1,0.015687393040501995,0.00356531660011409,0.0027096406160867087,0.025385054192812322,0.07258984597832288,0.046349115801483175,0.0277,Low
2nd Quarter 2025,City of Puerto Princesa,Senior Citizen,1,0.01768867924528302,0.08549528301886793,0.011202830188679245,0.003537735849056604,0.1544811320754717,0.039504716981132074,0.052,Low
2nd Quarter 2025,Tarlac,Senior Citizen,1,0.04374676429258191,0.024640682395286346,0.008049207405763873,0.0016394250918324582,0.03791632768779429,0.0003328156201464389,0.0194,Low
3rd Quarter 2025,Ilocos Norte,Senior Citizen,1,0.010876163496560096,0.02008296236341562,0.00981384055038446,0.013709024686361797,0.017250101173613922,0.0010623229461756375,0.0121,Low
3rd Quarter 2025,City of Zamboanga,Senior Citizen,1,0.08160073597056118,0.032566697332106716,0.009659613615455382,0.03109475620975161,0.009291628334866605,0.0021159153633854644,0.0277,Low
2nd Quarter 2025,Batangas,Senior Citizen,1,0.036626379400945874,0.1627955859169732,0.0627955859169732,0.02722017866526537,0.09143457698370994,0.00909090909090909,0.065,Low
2nd Quarter 2025,City of Parañaque,Senior Citizen,1,0.0020805218173639227,0.000449842555105713,0.0,0.0,0.008659469185784975,0.0,0.0019,Low
2nd Quarter 2025,Negros Occidental,Senior Citizen,1,0.01896081431707804,0.03201716452664494,0.0005654979708602222,0.0052558046703479475,0.06346883108242965,0.009463774865278425,0.0216,Low
1st Quarter 2025,Region 4A,Senior Citizen,1,0.0374874553183812,0.06372698262350168,0.014873200049614921,0.01795158034798101,0.08175185774049142,0.030834545516051554,0.0411,Low
3rd Quarter 2025,City of Cebu,Senior Citizen,1,0.08498270561106841,0.35929093005380475,0.06797655649500384,0.06466179861644888,0.2744523443504996,0.1369139123750961,0.1647,Low
2nd Quarter 2025,City of Baguio,Senior Citizen,1,0.0,0.025514089870525513,0.003236862147753237,0.0,0.07635186595582635,0.0,0.0175,Low
3rd Quarter 2025,NIR,Senior Citizen,1,0.05948892527794536,0.07080065500301647,0.0158795139188141,0.01057916056192364,0.039472550202533825,0.011053175902783763,0.0345,Low
3rd Quarter 2025,Laguna,Senior Citizen,1,0.04524288950415303,0.05556254719355651,0.007802668009061163,0.0,0.07752328215454317,0.06336521520261768,0.0416,Low
1st Quarter 2025,Agusan del Norte,Senior Citizen,1,0.05934734513274336,0.024170353982300885,0.10027654867256637,0.1025995575221239,0.09303097345132744,0.04789823008849557,0.0712,Low
2nd Quarter 2025,Davao Occidental,Senior Citizen,1,0.002533532041728763,0.08211624441132638,0.09910581222056632,0.1128166915052161,0.029508196721311476,0.005812220566318927,0.0553,Low
1st Quarter 2025,City of Puerto Princesa,Senior Citizen,1,0.02014846235418876,0.07423117709437964,0.009013785790031814,0.0,0.30965005302226933,0.03340402969247084,0.0744,Low
2nd Quarter 2025,Pampanga,Senior Citizen,1,0.03925165883025003,0.03142988970426682,0.010925209825548184,0.010183679746891066,0.012638968229555741,0.0013017972491980489,0.0176,Low
2nd Quarter 2025,City of Iloilo,Senior Citizen,1,0.012661172404625814,0.007510301741326599,0.00019938854180513092,0.012362089591918118,0.023394922238468695,0.009803269972085605,0.011,Low
2nd Quarter 2025,Cebu,Senior Citizen,1,0.04211717141744404,0.006027336288273585,0.08327924185382318,0.05862280002225478,0.011099571595482279,0.013983420188794718,0.0359,Low
1st Quarter 2025,Cagayan,Senior Citizen,1,0.08418952618453865,0.08528678304239401,0.0400498753117207,0.03246882793017456,0.06643391521197008,0.011221945137157107,0.0533,Low
1st Quarter 2025,Leyte,Senior Citizen,1,0.010148514851485149,0.041584158415841586,0.007277227722772278,0.02514851485148515,0.015594059405940594,0.014306930693069307,0.019,Low
3rd Quarter 2025,Negros Occidental,Senior Citizen,1,0.0016396911033534328,0.06668517930815614,0.004244684227229451,0.0030149158997143763,0.05570982756796784,0.011028245001586797,0.0237,Low
1st Quarter 2025,Camarines Sur,Senior Citizen,1,0.04222024074899688,0.015381185911725367,0.029558626839054837,0.11827909050378957,0.016674097191261703,0.026214890771288454,0.0414,Low
2nd Quarter 2025,Zamboanga Sibugay,Senior Citizen,1,0.019351524146592077,0.044011873501541274,0.00873387372987784,0.015412718346843247,0.00936179929215664,0.011645164973170453,0.0181,Low
3rd Quarter 2025,Region 11,Senior Citizen,1,0.0397503003260683,0.07705508838167154,0.1680324352153767,0.12881128081917512,0.16442852239574396,0.002045077512728105,0.0967,Low
1st Quarter 2025,City of Cebu,Senior Citizen,1,0.02459741638648027,0.042204919483277294,0.05016811183861263,0.03950628207396921,0.18116262608387895,0.025437975579543443,0.0605,Low
3rd Quarter 2025,Dinagat Islands,Senior Citizen,1,0.02510460251046025,0.04184100418410042,0.010161386730424387,0.005827854154213987,0.09907352062163778,0.00029886431560071725,0.0304,Low
3rd Quarter 2025,Caraga,Senior Citizen,1,0.06925422311834567,0.04513265632299786,0.057967985443458166,0.03283827977083282,0.042895079790503825,0.006282426418156335,0.0424,Low
1st Quarter 2025,City of Cebu,Senior Citizen,1,0.015989438169282676,0.0034472641924600264,0.09146252017016283,0.14361155933695174,0.20507554642804754,0.013642364676543934,0.0789,Low
3rd Quarter 2025,City of Malabon,Senior Citizen,1,0.022685307306779215,0.07491427064099182,0.0,0.0073859140068583485,0.0801899235030335,0.012529675547348984,0.033,Low
3rd Quarter 2025,Guimaras,Senior Citizen,1,0.020120168087877522,0.017988351804978743,0.014210060698400216,0.029378517189688643,0.03231514019610252,0.002580296365468262,0.0194,Low
2nd Quarter 2025,Ifugao,Senior Citizen,1,0.0181640625,0.013346354166666666,0.0,0.007096354166666667,0.09361979166666666,0.0,0.022,Low
1st Quarter 2025,Romblon,Senior Citizen,1,0.07360931435963777,0.03014230271668823,0.016558861578266495,0.03686934023285899,0.1997412677878396,0.002328589909443726,0.0599,Low
2nd Quarter 2025,Eastern Samar,Senior Citizen,1,0.006321465092497909,0.01794180533606024,0.002138142604815469,0.008413126336339128,0.017105140838523752,0.0003718508877939946,0.0087,Low
3rd Quarter 2025,Lanao del Norte,Senior Citizen,1,0.0029614061902942302,0.03505922812380589,0.00019105846388995032,0.004012227741688957,0.04059992357661445,0.0,0.0138,Low
3rd Quarter 2025,City of Naga,Senior Citizen,1,0.022617124394184167,0.014539579967689823,0.008077544426494346,0.04361873990306947,0.0,0.012924071082390954,0.017,Low
1st Quarter 2025,Region 10,Senior Citizen,1,0.01496492759414864,0.07018161932505337,0.05208278560085814,0.03518282871835859,0.00025765335632933355,0.0061731640883803595,0.0298,Low
1st Quarter 2025,Cagayan,Senior Citizen,1,0.08538781943037262,0.028481368906900822,0.009625126646403243,0.05347292581335134,0.03067657322976472,0.015310142969717437,0.0372,Low
1st Quarter 2025,City of Tacloban,Senior Citizen,1,0.00409766091855899,0.05250128051903705,0.005719651698821922,0.004012292982755677,0.010841727847020659,0.0,0.0129,Low
1st Quarter 2025,South Cotabato,Senior Citizen,1,0.031119211556635613,0.026798973943566895,0.0012825705413797759,0.0,0.01977858782233023,0.0,0.0132,Low
2nd Quarter 2025,NCR,Senior Citizen,1,0.007048926520281122,0.005664516709280364,0.01599780293199368,0.00999922909894515,0.013127802546543152,0.00922832804409554,0.0102,Low
3rd Quarter 2025,Zambales,Senior Citizen,1,0.024294125828735684,0.02475775418424591,0.009318929945755483,0.005517177430571654,0.012436830636561732,0.0041378830729287405,0.0134,Low
1st Quarter 2025,Tarlac,Senior Citizen,1,0.047803917023988875,0.016456136284621625,0.0010429945532506664,0.0030710395179047397,0.019585119944373622,0.004229922354849924,0.0154,Low
3rd Quarter 2025,Ifugao,Senior Citizen,1,0.012592064623425991,0.012116892373485389,0.00011879306248515087,0.00831551437396056,0.15704442860536943,0.004751722499406035,0.0325,Low
2nd Quarter 2025,Pangasinan,Senior Citizen,1,0.4655231560891938,0.035020011435105775,0.002058319039451115,0.004145225843339051,0.0993138936535163,0.0,0.101,Low
3rd Quarter 2025,Nueva Vizcaya,Senior Citizen,1,0.034866660913092255,0.00025891084836454647,0.03327004401484422,0.025200655907482522,0.024078708897902822,0.007681021834814878,0.0209,Low
1st Quarter 2025,Benguet,Senior Citizen,1,0.026089785296031228,0.033799609629147694,0.0002602472348731295,0.01402081977878985,0.08217306441119063,0.12950553025374106,0.0476,Low
2nd Quarter 2025,Region 4B,Senior Citizen,1,0.06334084129786327,0.07128507944238145,0.02523284835940829,0.023924027515675413,0.053752967675168926,0.04416509405247458,0.047,Low
2nd Quarter 2025,City of Naga,Senior Citizen,1,0.0004508972855983407,0.025971683650464424,0.009604112183244657,0.009604112183244657,0.041482550275047346,0.004463883127423573,0.0153,Low
2nd Quarter 2025,Ilocos Sur,Senior Citizen,1,0.019836136265631736,0.014920224234583872,0.005347132384648555,0.007546356188012074,0.01548081069426477,0.0,0.0105,Low
2nd Quarter 2025,Romblon,Senior Citizen,1,0.054206265399507216,0.16675466385075677,0.00897571277719113,0.0,0.10339669130587821,0.017687434002111934,0.0585,Low
2nd Quarter 2025,Zambales,Senior Citizen,1,0.022569236302601606,0.014476681453063182,0.003027214962234744,0.0009591176117971466,0.00830236182711905,0.002727490708548136,0.0087,Low
1st Quarter 2025,Lanao del Sur,Senior Citizen,1,0.0,0.0,0.0,0.0,0.5,0.5,0.1667,Low
3rd Quarter 2025,City of Dagupan,Senior Citizen,1,0.033132762477821494,0.036141325310499114,0.005168556661266682,0.009527115636812467,0.021407081694052303,0.005785697755149271,0.0185,Low
1st Quarter 2025,Biliran,Senior Citizen,1,0.026741293532338308,0.056281094527363185,0.0012437810945273632,0.018345771144278607,0.06685323383084577,0.0,0.0282,Low
1st Quarter 2025,NCR,Senior Citizen,1,0.008154241677444002,0.018730643853161023,0.018379923781012893,0.00391428651951037,0.03418111560297235,0.013394688469764486,0.0161,Low
2nd Quarter 2025,City of Las Piñas,Senior Citizen,1,0.05218239453791758,0.007802974884174592,0.0736405754693977,0.0509631797122653,0.04803706413069983,0.0457205559619605,0.0464,Low
1st Quarter 2025,Quirino,Senior Citizen,1,0.02106607085860198,0.030641557612511968,0.027848707309288224,0.056335780402170445,0.031998084902649215,0.005027130545802745,0.0288,Low
2nd Quarter 2025,Sorsogon,Senior Citizen,1,0.003848110927362931,0.0029894415468769875,0.016410125938175806,0.0006678539626001781,0.09512148581605394,0.008809311792392825,0.0213,Low
1st Quarter 2025,Capiz,Senior Citizen,1,0.032221090168110034,0.0059857361181864495,0.04514773306164035,0.03819772942289498,0.0,0.02271486791354341,0.024,Low
3rd Quarter 2025,Region 9,Senior Citizen,1,0.06390313352755843,0.04420818118301541,0.03748500467985815,0.03289083406936736,0.0020169529509471767,0.016142214957090315,0.0328,Low
3rd Quarter 2025,Lanao del Sur,Senior Citizen,1,0.501425855513308,0.0042775665399239545,0.021269011406844108,0.48889020912547526,0.5092086501901141,0.018773764258555134,0.2573,Moderate
2nd Quarter 2025,City of Zamboanga,Senior Citizen,1,0.05338845946431781,0.008718317454610821,0.010156390436814669,0.01896458745281323,0.01662771885673198,0.0022469890346935107,0.0184,Low
3rd Quarter 2025,Region 4A,Senior Citizen,1,0.066194747649411,0.1014738463201124,0.04966632443531827,0.009814384523938182,0.03831189884361828,0.04982167945531179,0.0525,Low
1st Quarter 2025,Pangasinan,Senior Citizen,1,0.5,0.5,0.0,0.0,0.0,0.0,0.1667,Low
3rd Quarter 2025,City of Bacolod,Senior Citizen,1,0.01840813464235624,0.037342215988779806,0.007363253856942496,0.00876577840112202,0.1328892005610098,0.0,0.0341,Low
2nd Quarter 2025,Surigao del Sur,Senior Citizen,1,0.053172205438066465,0.07034958998705222,0.06240828657747087,0.06262408286577471,0.09421665947345706,0.026197669400086318,0.0615,Low
1st Quarter 2025,Davao del Sur,Senior Citizen,1,0.042494109727364525,0.0066475934028946485,0.0049646583641871425,0.11401884887243352,0.053601480982834064,0.004543924604510266,0.0377,Low
3rd Quarter 2025,Misamis Oriental,Senior Citizen,1,0.02975432211101001,0.09854413102820746,0.0041856232939035485,0.008644222020018199,0.0022747952684258415,0.010555050045495906,0.0257,Low
2nd Quarter 2025,City of Zamboanga,Senior Citizen,1,0.01856686974180447,0.03684363214389324,0.00449666376559327,0.02567449956483899,0.03510298810559907,0.000725268349289237,0.0202,Low
2nd Quarter 2025,City of Makati,Senior Citizen,1,0.028518616318986004,0.0067335621864272515,0.12476894639556377,0.03736466860311592,0.13493530499075784,0.09611829944547134,0.0714,Low
2nd Quarter 2025,City of San Juan,Senior Citizen,1,0.0010936132983377078,0.016404199475065617,0.03433945756780402,0.018810148731408575,0.04615048118985127,0.013560804899387576,0.0217,Low
1st Quarter 2025,Eastern Samar,Senior Citizen,1,0.014635089830654173,0.01319522049342388,0.009369895985558326,0.01319522049342388,0.020416057766698185,0.0020630963637926587,0.0121,Low
2nd Quarter 2025,Zamboanga del Norte,Senior Citizen,1,0.06728538283062645,0.04118329466357309,0.03600430891614186,0.03028670865097779,0.019638713954259198,0.0,0.0324,Low
3rd Quarter 2025,BARMM,Senior Citizen,1,0.0,0.5,0.0,0.5,0.5,0.0,0.25,Moderate
3rd Quarter 2025,Abra,Senior Citizen,1,0.040782576135796306,0.015695207189216177,0.004243634548177734,0.0,0.02586744882675986,0.000717673489765352,0.0146,Low
1st Quarter 2025,Region 5,Senior Citizen,1,0.01816547436233567,0.056425334282182854,0.04080677178920559,0.027257575190082026,0.12592231918798458,0.004578823176898011,0.0455,Low
1st Quarter 2025,City of Muntinlupa,Senior Citizen,1,0.007283910650696018,0.003722887665911298,0.002751699579151829,0.002751699579151829,0.018128844286176757,0.007931369375202332,0.0071,Low
3rd Quarter 2025,City of Valenzuela,Senior Citizen,1,0.003747956940765372,0.0,0.005466944710590092,0.0006199628022318661,0.035760581637829005,0.003156174265907682,0.0081,Low
3rd Quarter 2025,Special Geographic Area (SGA),Senior Citizen,1,0.3786967418546366,0.002756892230576441,0.011278195488721804,0.02355889724310777,0.054385964912280704,0.4295739348370927,0.15,Low
1st Quarter 2025,Quirino,Senior Citizen,1,0.01804584620386929,0.02251666395708015,0.007641033978214924,0.0010567387416680215,0.033327914160299135,0.008860347910908796,0.0152,Low
3rd Quarter 2025,Caraga,Senior Citizen,1,0.04483528099125022,0.046846555875271596,0.030932526865934583,0.0466997474895766,0.024047213576839508,0.024869340536731458,0.0364,Low
2nd Quarter 2025,City of Cotabato,Senior Citizen,1,0.5005038629492778,0.01561975142761169,0.03611017803157541,0.009237487403426269,0.9638898219684245,0.009237487403426269,0.2558,Moderate
3rd Quarter 2025,CAR,Senior Citizen,1,0.037777729654813984,0.04353804842132617,0.0,0.0003789683399021179,0.04659145047425181,0.05396509160206159,0.0304,Low
2nd Quarter 2025,Rizal,Senior Citizen,1,0.019063231850117095,0.014332552693208432,0.013114754098360656,0.03292740046838408,0.001639344262295082,0.002857142857142857,0.014,Low
1st Quarter 2025,Cotabato,Senior Citizen,1,0.0,0.017382937780628608,0.0026940346375881976,0.0,0.0344772289929442,0.029313662604233483,0.014,Low
3rd Quarter 2025,Pasay City,Senior Citizen,1,0.010465682297582346,0.003164043485315593,0.026529287684569202,0.01419763102385202,0.00016225864027259452,0.005760181729677106,0.01,Low
2nd Quarter 2025,Batanes,Senior Citizen,1,0.03691886964448496,0.016864175022789425,0.05560619872379216,0.022789425706472195,0.010483135824977211,0.022789425706472195,0.0276,Low
1st Quarter 2025,City of Dagupan,Senior Citizen,1,0.011827079934747145,0.03833605220228385,0.004893964110929853,0.0,0.016721044045676998,0.006117455138662317,0.013,Low
2nd Quarter 2025,City of Tacloban,Senior Citizen,1,0.005815831987075929,0.004684975767366721,0.0,0.006865912762520194,0.0038772213247172858,0.011631663974151859,0.0055,Low
1st Quarter 2025,Ifugao,Senior Citizen,1,0.02506927035228922,0.014645731626863702,0.006927035228922022,0.0,0.0,0.006531204644412192,0.0089,Low
1st Quarter 2025,Region 10,Senior Citizen,1,0.028145614761081766,0.07976315084832404,0.01573111657457219,0.009207419488327937,0.017264672232905724,0.010759231761641634,0.0268,Low
1st Quarter 2025,Region 3,Senior Citizen,1,0.020507439115617986,0.007096251350677416,0.024806749231152857,0.012596625384423573,0.012530130496218104,0.006065580583492644,0.0139,Low
2nd Quarter 2025,City of Pasig,Senior Citizen,1,0.0026904614431712604,0.023304428615670485,0.0,0.0,0.16688603282750078,0.01043279653143388,0.0339,Low
2nd Quarter 2025,City of Taguig,Senior Citizen,1,0.009511267193444542,0.0021949078138718174,0.004780021461320847,0.0008535752609501512,0.0,0.008974734172275876,0.0044,Low
2nd Quarter 2025,City of Taguig,Senior Citizen,1,0.004429752066115703,0.0040330578512396695,0.01894214876033058,0.004066115702479339,0.0,0.010611570247933884,0.007,Low
1st Quarter 2025,Catanduanes,Senior Citizen,1,0.025111111111111112,0.147,0.008444444444444444,0.004222222222222222,0.33855555555555555,0.0007777777777777777,0.0874,Low
2nd Quarter 2025,Quezon,Senior Citizen,1,0.0,0.0213156927600147,0.0675303197353914,0.02324513046674017,0.024255788313120176,0.09739066519661889,0.039,Low
3rd Quarter 2025,Region 6,Senior Citizen,1,0.014863469547966449,0.005810423571177206,0.0013941149400395225,0.030616388294848543,0.02282210629304644,0.011294071241013663,0.0145,Low
2nd Quarter 2025,Romblon,Senior Citizen,1,0.100104821802935,0.1519916142557652,0.036163522012578615,0.039832285115303984,0.04821802935010482,0.016247379454926623,0.0654,Low
1st Quarter 2025,Catanduanes,Senior Citizen,1,0.08151709401709402,0.08536324786324787,0.012072649572649573,0.0,0.3251068376068376,0.0,0.084,Low
1st Quarter 2025,City of Mandaluyong,Senior Citizen,1,0.021104742053152683,0.013201320132013201,0.035695674830640955,0.025273579989577907,0.17474379016849054,0.03482716692721904,0.0508,Low
2nd Quarter 2025,Pampanga,Senior Citizen,1,0.03005499100377588,0.02065330326144801,0.026709916119713135,0.003965941055725906,0.022896023922353716,0.013507006918223055,0.0196,Low
3rd Quarter 2025,City of Malabon,Senior Citizen,1,0.03262867647058824,0.08532475490196079,0.020986519607843136,0.0013786764705882354,0.0,0.00015318627450980392,0.0234,Low
1st Quarter 2025,Ilocos Norte,Senior Citizen,1,0.0019405551461557358,0.011495946941783346,0.004839105870793417,0.0021616310488823385,0.05814296241709654,0.0,0.0131,Low
1st Quarter 2025,Occidental Mindoro,Senior Citizen,1,0.09735254691689008,0.0388739946380697,0.028317694369973192,0.019939678284182305,0.023626005361930293,0.030328418230563002,0.0397,Low
2nd Quarter 2025,City of Butuan,Senior Citizen,1,0.033373063170441,0.04767580452920143,0.0,0.027860548271752085,0.11412395709177592,0.005065554231227652,0.038,Low
1st Quarter 2025,Camarines Sur,Senior Citizen,1,0.06561453849832616,0.014347202295552367,0.1234337637494022,0.0629842180774749,0.07140124342419894,0.020946915351506456,0.0598,Low
3rd Quarter 2025,Region 6,Senior Citizen,1,0.0,0.0,0.0,0.0,0.0,0.0,0.0,Low
3rd Quarter 2025,Agusan del Sur,Senior Citizen,1,0.0,0.005794548488781754,0.027303912479139627,0.03207862043389579,0.011635453365473763,0.0037548674207305765,0.0134,Low
3rd Quarter 2025,Agusan del Sur,Senior Citizen,1,0.06727426875794829,0.03760067825349724,0.06430690970750318,0.027130139889783807,0.027469266638406105,0.027469266638406105,0.0419,Low
1st Quarter 2025,Mountain Province,Senior Citizen,1,0.025889967637540454,0.0015065282892534316,0.014451512108023657,0.009039169735520589,0.016739203213927016,0.03308782501952907,0.0168,Low
3rd Quarter 2025,Bohol,Senior Citizen,1,0.01468094944512947,0.062307336621454996,0.1466553637484587,0.19293310727496918,0.05698982737361282,0.20210388409371147,0.1126,Low
2nd Quarter 2025,City of Pasig,Senior Citizen,1,0.022440944881889763,0.026771653543307086,0.01447944006999125,0.006255468066491688,0.2531933508311461,0.0015310586176727908,0.0541,Low
2nd Quarter 2025,Isabela,Senior Citizen,1,0.045788213244481464,0.05168419408579759,0.005028286824934055,0.10673070248507566,0.0095055879494655,0.014520859364153824,0.0389,Low
2nd Quarter 2025,Eastern Samar,Senior Citizen,1,0.012265512265512266,0.032868366201699535,0.0,0.0010822510822510823,0.029822029822029823,0.0,0.0127,Low
2nd Quarter 2025,City of General Santos,Senior Citizen,1,0.01401643305944901,0.003987433542774287,0.008699855002416627,0.0030207829869502174,0.018124697921701304,0.21326727887868535,0.0435,Low
1st Quarter 2025,Sulu,Senior Citizen,1,0.5,0.0,0.0,0.0,0.0,0.0,0.0833,Low
2nd Quarter 2025,City of Olongapo,Senior Citizen,1,0.015011427384167879,0.020517348846873052,0.0,0.008414710159983378,0.011219613546644504,0.019478495740702265,0.0124,Low
3rd Quarter 2025,Ifugao,Senior Citizen,1,0.013750337018064168,0.0,0.005527096252359126,0.0028309517390132113,0.040846589377190615,0.11822593691021839,0.0302,Low
1st Quarter 2025,Sulu,Senior Citizen,1,0.10353753235547886,0.001725625539257981,0.0,0.008628127696289905,0.5621225194132873,0.0,0.1127,Low
3rd Quarter 2025,Misamis Oriental,Senior Citizen,1,0.0136074400391581,0.2976505139500734,0.005922662750856583,0.0,0.006167400881057269,0.009544787077826725,0.0555,Low
3rd Quarter 2025,Nueva Vizcaya,Senior Citizen,1,0.009857929834734706,0.02866772977674688,0.02877645694404175,0.014351986082922586,0.03356045230501595,0.008190779936213395,0.0206,Low
1st Quarter 2025,Cebu,Senior Citizen,1,0.004033409480296973,0.06747037407195888,0.06684573101085094,0.14244538834951456,0.03473015419760137,0.0032659908623643634,0.0531,Low
3rd Quarter 2025,Region 11,Senior Citizen,1,0.023925318158759565,0.05397670879375372,0.1898972187300117,0.12798032598866318,0.06863296499702243,0.0,0.0774,Low
2nd Quarter 2025,Camarines Norte,Senior Citizen,1,0.05375073833431778,0.1692262256349675,0.005020673360897815,0.0,0.022150029533372712,0.012108682811577082,0.0437,Low
2nd Quarter 2025,Region 5,Senior Citizen,1,0.008037240764141827,0.060432617260090686,0.026546123541217572,0.039675165390619195,0.0928045789043336,0.00783282539210585,0.0392,Low
2nd Quarter 2025,Abra,Senior Citizen,1,0.04901112484548826,0.016563658838071694,0.0,0.0051297898640296664,0.043448702101359704,0.0016069221260815822,0.0193,Low
1st Quarter 2025,Biliran,Senior Citizen,1,0.0,0.06310679611650485,0.0024271844660194173,0.0825242718446602,0.041531823085221145,0.004584681769147788,0.0324,Low
2nd Quarter 2025,City of Malabon,Senior Citizen,1,0.008716206234303442,0.09890678091298567,0.002215984635839858,0.003767173880927759,0.015290293987295022,0.010119663170335353,0.0232,Low
1st Quarter 2025,Mountain Province,Senior Citizen,1,0.006893382352941176,0.0,0.004332983193277311,0.0,0.0898765756302521,0.09814863445378151,0.0332,Low
2nd Quarter 2025,City of Manila,Senior Citizen,1,0.0035100459937061246,0.003570564028080368,0.006414911643669813,0.008654078915516825,0.0012103606874848704,0.011922052771725974,0.0059,Low
1st Quarter 2025,Sarangani,Senior Citizen,1,0.048503101681201116,0.0222062393239234,0.005214420569990111,0.012271869100062933,0.05974107704755911,0.00633821810662591,0.0257,Low
1st Quarter 2025,Surigao del Sur,Senior Citizen,1,0.01987179487179487,0.10531135531135531,0.07257326007326008,0.10952380952380952,0.1070054945054945,0.012591575091575092,0.0711,Low
1st Quarter 2025,Cotabato,Senior Citizen,1,0.11223710696189353,0.017248559727910045,0.00027764281252169086,0.001353508711043243,0.028076629416255987,0.03675296730755882,0.0327,Low
1st Quarter 2025,Laguna,Senior Citizen,1,0.057269004351164575,0.0495904786281034,0.04191195290504223,0.002623496288712567,0.03167391860762733,0.004479140005119018,0.0313,Low
3rd Quarter 2025,Davao Occidental,Senior Citizen,1,0.06978113651977623,0.03484149573068996,0.1580135440180587,0.09839042104230052,0.040239473942486996,0.0,0.0669,Low
1st Quarter 2025,City of Pasig,Senior Citizen,1,0.008674561901848534,0.023467202726915177,0.007363544989730368,0.0,0.1530393742079273,0.0,0.0321,Low
1st Quarter 2025,Quezon,Senior Citizen,1,0.10180572851805729,0.026385429638854298,0.039383561643835614,0.03284557907845579,0.11192403486924035,0.07137297633872976,0.064,Low
2nd Quarter 2025,City of Dagupan,Senior Citizen,1,0.012665862484921592,0.04302372336147969,0.0,0.0,0.031966224366706875,0.01588258946521914,0.0173,Low
3rd Quarter 2025,City of Isabela,Senior Citizen,1,0.00045090180360721443,0.037625250501002,0.016783567134268536,0.11327655310621243,0.020190380761523047,0.0027054108216432865,0.0318,Low
2nd Quarter 2025,Region 6,Senior Citizen,1,0.029928138248322276,0.017105188114294404,0.013540617098534248,0.005560730784585844,0.02185794946864128,0.002371627915819091,0.0151,Low
3rd Quarter 2025,Surigao del Norte,Senior Citizen,1,0.0530737810868104,0.04854971304482705,0.07194560777622667,0.05909725453699395,0.03743343157023939,0.011452355100563569,0.0469,Low
1st Quarter 2025,City of Valenzuela,Senior Citizen,1,0.007616608250202211,0.0,0.0018873011593421407,0.0067403612833647885,0.0016850903208411971,0.009908331086546238,0.0046,Low
2nd Quarter 2025,Occidental Mindoro,Senior Citizen,1,0.09361857743646004,0.0014627902724446882,0.056591698665203874,0.05558603035289816,0.03254708356189431,0.012159444139696472,0.042,Low
1st Quarter 2025,Aurora,Senior Citizen,1,0.04163526752072343,0.06424265259984928,0.011680482290881688,0.006970610399397136,0.00904295403165034,0.030331574981160514,0.0273,Low
1st Quarter 2025,Davao del Norte,Senior Citizen,1,0.05871886120996441,0.02206405693950178,0.12730045754956787,0.1674123029994916,0.11637010676156584,0.002287747839349263,0.0824,Low
2nd Quarter 2025,City of Cebu,Senior Citizen,1,0.017184880353604635,0.0,0.00022862368541380886,0.18941472336534065,0.01764212772443225,0.04218106995884774,0.0444,Low
3rd Quarter 2025,Aklan,Senior Citizen,1,0.006069856595200909,0.032443560982535855,0.042276018742013345,0.015511855743291211,0.02679965923612097,0.008519096975720574,0.0219,Low
3rd Quarter 2025,Negros Occidental,Senior Citizen,1,0.008273638021728213,0.06474848669080913,0.002669768179535302,0.0069387539319605614,0.05833839972509318,0.005061986201792181,0.0243,Low
1st Quarter 2025,City of Pasig,Senior Citizen,1,0.010497845420372237,0.029797377830750895,0.006738791601723664,0.00735766021820849,0.07341615476299625,6.876317960942514e-05,0.0213,Low
2nd Quarter 2025,Marinduque,Senior Citizen,1,0.02374611628939192,0.005992010652463382,0.00022192632046160674,0.0037727474478473147,0.010652463382157125,0.0230803373280071,0.0112,Low
1st Quarter 2025,Cotabato,Senior Citizen,1,0.08914032567049808,0.009339080459770116,0.007183908045977011,0.009458812260536398,0.04621647509578544,0.020174808429118774,0.0303,Low
2nd Quarter 2025,City of Cagayan De Oro,Senior Citizen,1,0.01965970832141836,0.11216757220474692,0.006219616814412353,0.0,0.03231341149556763,0.007935373177008865,0.0297,Low
1st Quarter 2025,Leyte,Senior Citizen,1,0.05452779576357414,0.007399870502266211,0.015354731292202387,0.011793543612986773,0.022615854222551104,0.0048561650171122005,0.0194,Low
1st Quarter 2025,Zamboanga Sibugay,Senior Citizen,1,0.020403484640073362,0.03956245496823214,0.021746250081875942,0.03379838868146984,0.017586952249950875,0.015294425885897687,0.0247,Low
1st Quarter 2025,Apayao,Senior Citizen,1,0.022669337217771302,0.0312272396212673,0.0006372906045156591,0.0,0.06900946831755281,0.043517844136926435,0.0278,Low
3rd Quarter 2025,Samar,Senior Citizen,1,0.04958170663692136,0.017345231455660904,0.0046291132180702734,0.0,0.008700501952035694,0.0025097601784718347,0.0138,Low
2nd Quarter 2025,Davao del Sur,Senior Citizen,1,0.036345949770074285,0.06716483905199859,0.2900159179342059,0.12610541209763,0.07180756986204458,0.0,0.0986,Low
2nd Quarter 2025,Bulacan,Senior Citizen,1,0.05524645403965207,0.043609434997257265,0.03683096935976804,0.03608651359611316,0.05273881357260403,0.0,0.0374,Low
1st Quarter 2025,City of General Santos,Senior Citizen,1,0.011956521739130435,0.0125,0.01956521739130435,0.02309782608695652,0.04619565217391304,0.005706521739130435,0.0198,Low
1st Quarter 2025,City of Olongapo,Senior Citizen,1,0.014214762801849632,0.016441171433464633,0.0,0.0,0.0,0.0,0.0051,Low
2nd Quarter 2025,Region 11,Senior Citizen,1,0.07058018689412245,0.09316322668917935,0.20540886728188407,0.09152571977526128,0.028390730983086372,0.015807400075689208,0.0841,Low
2nd Quarter 2025,Northern Samar,Senior Citizen,1,0.004913294797687861,0.02213047068538398,0.009991742361684559,0.017010734929810076,0.025433526011560695,0.013212221304706853,0.0154,Low
3rd Quarter 2025,Iloilo,Senior Citizen,1,0.023407970910482752,0.02590785129898091,0.0,0.0,0.008875173436677672,0.00523898378068035,0.0106,Low
2nd Quarter 2025,Davao Oriental,Senior Citizen,1,0.03406033820138355,0.08258070714834742,0.07710415065334358,0.1445042275172944,0.010857033051498847,0.0003843197540353574,0.0582,Low
1st Quarter 2025,Camarines Norte,Senior Citizen,1,0.25961188599151,0.07895694360218314,0.012674348089751365,0.03553668890236507,0.1802910855063675,0.007337780473013948,0.0957,Low
3rd Quarter 2025,Laguna,Senior Citizen,1,0.04387997995489852,0.015973440240541217,0.0,0.05039463793535455,0.0015973440240541219,0.04450638937609622,0.0261,Low
2nd Quarter 2025,Region 2,Senior Citizen,1,0.0,0.0,0.0,0.0,0.0,0.5,0.0833,Low
2nd Quarter 2025,Bataan,Senior Citizen,1,0.0069125344627801975,0.007991369321133176,0.011227873896192113,0.005713829064610221,0.01814040835897231,0.01344547888280657,0.0106,Low
2nd Quarter 2025,Davao Oriental,Senior Citizen,1,0.01075067776011966,0.06777601196597177,0.2482471721043283,0.14013274749929888,0.003365429559689633,0.021407871365803497,0.0819,Low
2nd Quarter 2025,Quezon,Senior Citizen,1,0.008781389616391928,0.08319211215529194,0.005931289477738407,0.0016946541364966877,0.13988599599445387,0.006470497612078263,0.041,Low
2nd Quarter 2025,Siquijor,Senior Citizen,1,0.050787512968027915,0.07757238517400736,0.0005187211166650948,0.005941714609072904,0.08068471187399792,0.0,0.0359,Low
3rd Quarter 2025,City of Bacolod,Senior Citizen,1,0.0418863503222027,0.05218707283733646,0.0,0.004296035930482328,0.09793009177894943,0.006932239796914665,0.0339,Low
3rd Quarter 2025,Region 3,Senior Citizen,1,0.0,0.0,0.0,0.0,0.0,0.0,0.0,Low
3rd Quarter 2025,Occidental Mindoro,Senior Citizen,1,0.0,0.10802833530106257,0.07343565525383708,0.021369539551357734,0.018654073199527745,0.011216056670602124,0.0388,Low
3rd Quarter 2025,Apayao,Senior Citizen,1,0.0017954242330973634,0.02754693751923669,0.006412229403919154,0.0,0.04688622140145686,0.059351595362675695,0.0237,Low
3rd Quarter 2025,Isabela,Senior Citizen,1,0.052784912685962526,0.031262390318743644,0.03336551224809943,0.08447827061318071,0.027987036494337085,0.005576720853660639,0.0392,Low
2nd Quarter 2025,Bataan,Senior Citizen,1,0.000897100184269227,0.009868102026961497,0.01726311705945107,0.0003879352148191252,0.015129473377945884,0.004606730675977112,0.008,Low
1st Quarter 2025,Romblon,Senior Citizen,1,0.05819228755889025,0.048857093002966326,0.004536730064561159,0.041092305007852034,0.043884138893735825,0.00785203280404816,0.0341,Low
1st Quarter 2025,Zambales,Senior Citizen,1,0.02837191131946479,0.02475827717550542,0.012305889246996778,0.01464986815118664,0.004980955171403457,0.005127453852915324,0.015,Low
3rd Quarter 2025,City of San Juan,Senior Citizen,1,0.008798922973362823,0.0,0.03634964900471199,0.0,0.033993653235888065,4.808154630252909e-05,0.0132,Low
2nd Quarter 2025,Eastern Samar,Senior Citizen,1,0.00038880248833592535,0.013365085536547434,0.00038880248833592535,0.005224533437013997,0.024980559875583203,2.4300155520995334e-05,0.0074,Low
2nd Quarter 2025,Leyte,Senior Citizen,1,0.0028591851322373124,0.05083988563259471,0.013983202287348106,0.02108649035025018,0.018182630450321657,0.004914224446032881,0.0186,Low
2nd Quarter 2025,City of Naga,Senior Citizen,1,0.021113831089351286,0.021725826193390453,0.02233782129742962,0.01591187270501836,0.00795593635250918,0.0033659730722154224,0.0154,Low
1st Quarter 2025,City of Iligan,Senior Citizen,1,0.005155904738521974,0.050085931745642034,0.009329732383992144,0.030935428431131843,0.0004910385465259023,0.00220967345936656,0.0164,Low
3rd Quarter 2025,City of San Juan,Senior Citizen,1,0.004005340453938585,0.009568313306631064,0.0035603026257231864,0.008455718736092568,0.3471295060080107,0.012683578104138851,0.0642,Low
2nd Quarter 2025,City of Zamboanga,Senior Citizen,1,0.014078245406046236,0.028304682868998222,0.012151748666271488,0.01111440426793124,0.026378186129223474,0.0,0.0153,Low
1st Quarter 2025,Masbate,Senior Citizen,1,0.10874775314559616,0.08687837028160575,0.011184341921310166,0.0019972039145196726,0.1604753345316557,0.01298182544437787,0.0637,Low
1st Quarter 2025,Region 3,Senior Citizen,1,0.015492805409562877,0.021105066658120755,0.02340445135239072,0.02377699974362261,0.006651791436995257,0.0072867260607614405,0.0163,Low
3rd Quarter 2025,City of Zamboanga,Senior Citizen,1,0.09037180313776058,0.02826133677197507,0.009563722329679777,0.04276810659789383,0.03417150225660864,0.0049430474962389856,0.035,Low
3rd Quarter 2025,Maguindanao del Norte,Senior Citizen,1,0.013258611262985238,0.00519409513395298,0.004784034991798797,0.004373974849644614,0.04168944778567523,0.014215418261344996,0.0139,Low
3rd Quarter 2025,Caraga,Senior Citizen,1,0.04498122034050784,0.03805411240806963,0.07505116613813732,0.05537188223916515,0.026482693475473988,0.014540179475069158,0.0424,Low
2nd Quarter 2025,City of Lucena,Senior Citizen,1,0.004761904761904762,0.01865079365079365,0.01335978835978836,0.06322751322751323,0.05568783068783069,0.001851851851851852,0.0263,Low
2nd Quarter 2025,Negros Oriental,Senior Citizen,1,0.018827177584583864,0.07821584805360209,0.06556287723572733,0.0024641453015117115,0.0,0.05108256271111357,0.036,Low
3rd Quarter 2025,Zambales,Senior Citizen,1,0.02206590461834778,0.02503873047774568,0.021877486077963405,0.007390193861742662,0.006489971946572876,0.013000879286521794,0.016,Low
1st Quarter 2025,Bukidnon,Senior Citizen,1,0.002455347442527487,0.0676198339924384,0.036569466776758944,0.010973012906870628,0.0030420233801225502,0.007040111251140759,0.0213,Low
3rd Quarter 2025,Rizal,Senior Citizen,1,0.07142857142857142,0.02064650677789364,0.014442127215849844,0.05031282586027112,0.03571428571428571,0.05990615224191866,0.0421,Low
1st Quarter 2025,City of Butuan,Senior Citizen,1,0.020110608345902465,0.0003770739064856712,0.008798391151332328,0.004901960784313725,0.07001005530417295,0.012192056309703369,0.0194,Low
1st Quarter 2025,Cavite,Senior Citizen,1,0.0066564505315582796,0.027918781725888325,0.042907767455224594,0.017527056795326117,0.06144047505028254,0.04142323532228714,0.033,Low
2nd Quarter 2025,Maguindanao del Sur,Senior Citizen,1,0.0,0.5,0.0,0.0,0.5,0.0,0.1667,Low
3rd Quarter 2025,Region 11,Senior Citizen,1,0.024994199579375948,0.026494824527920607,0.17806917095149352,0.2019781305431439,0.05560919385379946,0.008161753149067068,0.0826,Low
3rd Quarter 2025,Albay,Senior Citizen,1,0.018692908936811376,0.025614464638854882,0.044213202749788114,0.031829739146812315,0.0043789434033336475,0.0026367831245880024,0.0212,Low
2nd Quarter 2025,Sorsogon,Senior Citizen,1,0.011274252753015208,0.05554723200239718,0.0058056783279646414,0.0,0.03618248557944415,0.0,0.0181,Low
1st Quarter 2025,Region 7,Senior Citizen,1,0.08926548056853195,0.05513368452440115,0.0892157837193122,0.057886889971175824,0.001769207832223437,0.03655700228605507,0.055,Low
2nd Quarter 2025,City of Lapu-Lapu,Senior Citizen,1,0.02913334421413416,0.015341929165986616,0.032275175452913335,0.024767422882324138,0.026685164028072465,0.009751917741145748,0.023,Low
2nd Quarter 2025,City of Mandaluyong,Senior Citizen,1,0.007443928847641145,0.014936194895591648,0.02015661252900232,0.023250193348801237,0.042391724671307036,0.010682521268368135,0.0198,Low
1st Quarter 2025,Zambales,Senior Citizen,1,0.002755006047574251,0.02116650987770461,0.011020024190297004,0.0,0.02251041526676522,0.0,0.0096,Low
1st Quarter 2025,Region 1,Senior Citizen,1,0.05581751283161215,0.039051388287675466,0.0,0.015598911631933709,0.12109640714859934,0.00334704099931977,0.0392,Low
3rd Quarter 2025,Antique,Senior Citizen,1,0.022850140560801556,0.02245368701794853,0.001369566784401355,0.02645426367764723,0.01834498666474447,0.013119008145318243,0.0174,Low
2nd Quarter 2025,CAR,Senior Citizen,1,0.03747023096543269,0.03575102518213717,0.003318630835787664,0.0066161238955512024,0.06921917055366882,0.018981722869664472,0.0286,Low
3rd Quarter 2025,La Union,Senior Citizen,1,0.017600934267600933,0.017851184517851185,0.004647504647504647,0.006649506649506649,0.01645693312359979,0.0070904237570904236,0.0117,Low
2nd Quarter 2025,City of Olongapo,Senior Citizen,1,0.0028142589118198874,0.022420262664165105,0.010131332082551596,0.004033771106941838,0.007786116322701688,0.0,0.0079,Low
2nd Quarter 2025,Nueva Ecija,Senior Citizen,1,0.04919410246411528,0.055786121478840545,0.01667038048019609,0.022366441980948136,0.043122017343509185,0.007293001318403803,0.0324,Low
2nd Quarter 2025,Abra,Senior Citizen,1,0.045295242141036536,0.0,0.013062871707731521,0.000318606627017842,0.028196686491079013,0.06584536958368734,0.0255,Low
1st Quarter 2025,Sorsogon,Senior Citizen,1,0.05537488708220416,0.00921409214092141,0.016305329719963867,0.021996386630532973,0.045483288166215,0.0053297199638663055,0.0256,Low
3rd Quarter 2025,City of Las Piñas,Senior Citizen,1,0.05052375410009523,0.03883186964342398,0.076975981377632,0.04322293937149508,0.05406835255528516,0.03370013755158184,0.0496,Low
2nd Quarter 2025,Camarines Sur,Senior Citizen,1,0.0376385088152169,0.04741824054551164,0.08012202234085505,0.06302992239020232,0.0739536135660132,0.017697725539455384,0.0533,Low
3rd Quarter 2025,Marinduque,Senior Citizen,1,0.014313867856031531,0.015558552017425578,0.0017114407219168137,0.0,0.002022611762265325,0.011772637693185354,0.0076,Low
3rd Quarter 2025,City of Zamboanga,Senior Citizen,1,0.05419766206163656,0.023379383634431455,0.005100956429330499,0.020297555791710945,0.017215727948990435,0.0006376195536663124,0.0201,Low
3rd Quarter 2025,Nueva Vizcaya,Senior Citizen,1,0.031665339621485884,0.007594781650027561,0.03454400685980278,0.023672444417223003,0.002204936608072518,0.00679855454155693,0.0177,Low
2nd Quarter 2025,Region 1,Senior Citizen,1,0.0,0.5,0.0,0.0,0.0,0.0,0.0833,Low
1st Quarter 2025,Sorsogon,Senior Citizen,1,0.0358184865603079,0.05332422869203551,0.004748898131479298,0.008721832515984853,0.0806381525855112,0.006269787075547831,0.0316,Low
1st Quarter 2025,Masbate,Senior Citizen,1,0.13364812153561897,0.11938000410593308,0.025867378361732703,0.1391911311845617,0.016629028946828165,0.005029768014781359,0.0733,Low
1st Quarter 2025,Occidental Mindoro,Senior Citizen,1,0.00018436578171091445,0.05079277286135693,0.04092920353982301,0.01760693215339233,0.01963495575221239,0.026733038348082595,0.026,Low
1st Quarter 2025,Tawi-Tawi,Senior Citizen,1,0.5,0.019230769230769232,0.2444331983805668,0.11032388663967611,0.5303643724696356,0.48785425101214575,0.3154,Moderate
1st Quarter 2025,City of Caloocan,Senior Citizen,1,0.0,0.01779200220249157,0.0392318810654553,0.0015830408149218804,0.0,0.0,0.0098,Low
1st Quarter 2025,Davao Occidental,Senior Citizen,1,0.011647849078176361,0.054666285550950405,0.19979991424896384,0.13870230098613692,0.03229955695297985,0.007145919679862799,0.074,Low
1st Quarter 2025,Quirino,Senior Citizen,1,0.04215702079638885,0.01805577946155086,0.02305336127680155,0.040222472996936966,0.04191520232145736,0.001047880058036434,0.0277,Low
2nd Quarter 2025,Region 5,Senior Citizen,1,0.0,0.0,0.0,0.0,0.5,0.0,0.0833,Low
2nd Quarter 2025,Benguet,Senior Citizen,1,0.005007824726134585,0.0107981220657277,0.0025821596244131454,0.001838810641627543,0.0,0.12668231611893585,0.0245,Low
3rd Quarter 2025,Sorsogon,Senior Citizen,1,0.0,0.03664093741281503,0.0014569577482253014,0.0016739514554077932,0.04643665333705323,0.002526426733624725,0.0148,Low
1st Quarter 2025,NIR,Senior Citizen,1,0.07124235435676327,0.07098165045623182,0.010007018951168154,0.01267422039506668,0.0,0.022300210568535046,0.0312,Low
3rd Quarter 2025,Abra,Senior Citizen,1,0.032963488582118436,0.019803896271448844,0.0010966326925557993,0.0009031092762224229,0.07263578893046059,0.06695910205134821,0.0324,Low
2nd Quarter 2025,Ormoc City,Senior Citizen,1,0.011017740429505136,0.016713352007469654,0.0014939309056956115,0.0014005602240896359,0.014939309056956116,0.0018674136321195146,0.0079,Low
2nd Quarter 2025,Davao Occidental,Senior Citizen,1,0.05,0.06774193548387097,0.08870967741935484,0.11715542521994135,0.043841642228739,0.0,0.0612,Low
2nd Quarter 2025,Quezon,Senior Citizen,1,0.12935285053929121,0.07688751926040062,0.0,0.06271186440677966,0.11486902927580894,0.0,0.064,Low
3rd Quarter 2025,Cagayan,Senior Citizen,1,0.04103650900683942,0.09040554859840093,0.04238512667373085,0.104566034100761,0.03487139967247856,0.019795780753299297,0.0555,Low
3rd Quarter 2025,Catanduanes,Senior Citizen,1,0.0,0.07528868360277136,0.0,0.016628175519630486,0.2187066974595843,0.009699769053117783,0.0534,Low
3rd Quarter 2025,Benguet,Senior Citizen,1,0.022736259391063662,0.015183867141162514,0.004033214709371293,0.0,0.06508501383946223,0.0,0.0178,Low
1st Quarter 2025,Cotabato,Senior Citizen,1,0.0,0.006583379263886338,0.009216730969440872,0.006705860738563292,0.0017759813828158492,0.007869434747994366,0.0054,Low
3rd Quarter 2025,Negros Occidental,Senior Citizen,1,0.013624363567791816,0.05850462002640015,0.00047143126532151613,0.006081463322647558,0.026541580237601357,0.004054308881765039,0.0182,Low
1st Quarter 2025,City of Valenzuela,Senior Citizen,1,0.004546286690669433,0.0,0.004332702752181608,0.006315982180997132,0.03633978153414292,0.002410447305791176,0.009,Low
1st Quarter 2025,City of Iloilo,Senior Citizen,1,0.01645320197044335,0.00042692939244663383,0.010147783251231527,0.008275862068965517,0.00555008210180624,0.0,0.0068,Low
1st Quarter 2025,Region 7,Senior Citizen,1,0.09713117849978598,0.07605146756418757,0.10494112117371562,0.11184459011440034,0.07984103136566982,0.061673786961886135,0.0886,Low
3rd Quarter 2025,Pasay City,Senior Citizen,1,0.011916225324987963,0.004694270582571016,0.007583052479537795,0.0,0.0,0.008786711603273952,0.0055,Low
2nd Quarter 2025,Aurora,Senior Citizen,1,0.03900425985090522,0.03070642527511537,0.1009052183173589,0.04783457578984736,0.03647497337593184,0.030972665956691514,0.0476,Low
1st Quarter 2025,Tawi-Tawi,Senior Citizen,1,0.004105571847507331,0.0010557184750733138,0.164633431085044,0.02727272727272727,0.41964809384164226,0.4218181818181818,0.1731,Low
3rd Quarter 2025,Ormoc City,Senior Citizen,1,0.007849293563579277,0.012297226582940869,0.0013736263736263737,0.0005886970172684458,0.0,0.006017791732077446,0.0047,Low
2nd Quarter 2025,South Cotabato,Senior Citizen,1,0.0,0.020239653609908367,0.006847245997381935,0.0,0.0,0.0044305709394824285,0.0053,Low
3rd Quarter 2025,Isabela,Senior Citizen,1,0.014882506527415143,0.035404699738903395,0.06673629242819844,0.0018276762402088772,0.033054830287206266,0.012323759791122716,0.0274,Low
3rd Quarter 2025,Sarangani,Senior Citizen,1,0.049419080346915396,0.025855015545737194,0.01341842578955981,0.021600392734413353,0.029782359679266894,0.03060055637375225,0.0284,Low
3rd Quarter 2025,Eastern Samar,Senior Citizen,1,0.004947613504074505,0.024495537446643383,0.0014551804423748546,0.0,0.022458284827318587,0.0037834691501746217,0.0095,Low
3rd Quarter 2025,Southern Leyte,Senior Citizen,1,0.0081345298022908,0.002206901583132706,0.002972933537608521,0.012220033559495148,0.013825052892682571,0.009484205150652951,0.0081,Low
1st Quarter 2025,Bohol,Senior Citizen,1,0.052526918226792126,0.021098069647880493,0.04059559608109419,0.0416141235813367,0.19992239790474342,0.0872053545445727,0.0738,Low
1st Quarter 2025,Quezon,Senior Citizen,1,0.07292252860626525,0.0281842055899456,0.0,0.011770774713937348,0.08474019883699119,0.0013599699868692553,0.0332,Low
3rd Quarter 2025,City of Olongapo,Senior Citizen,1,0.024343798250128668,0.020895522388059702,0.0040144107050952135,0.004117344312918168,0.009624292331446217,0.006845084920226454,0.0116,Low
2nd Quarter 2025,Isabela,Senior Citizen,1,0.04611820428336079,0.005158566721581549,0.05142092257001647,0.05964785831960461,0.03581136738056013,0.012633855024711697,0.0351,Low
3rd Quarter 2025,City of Taguig,Senior Citizen,1,0.012173828693374722,0.022019594529052285,0.0133378601222233,0.013095353574546513,0.0,0.0,0.0101,Low
1st Quarter 2025,Lanao del Norte,Senior Citizen,1,0.025324675324675326,0.0339517625231911,0.00018552875695732838,0.0013914656771799629,0.03339517625231911,0.0,0.0157,Low
3rd Quarter 2025,City of Makati,Senior Citizen,1,0.017534145441122185,0.007936507936507936,0.06330749354005168,0.010705057216685123,0.05057216685123662,0.005537098560354375,0.0259,Low
2nd Quarter 2025,Antique,Senior Citizen,1,0.021324028302801203,0.03610545701269749,0.00014539110206455364,0.008771929824561403,0.015169138315401764,0.004167878259183871,0.0143,Low
2nd Quarter 2025,Region 5,Senior Citizen,1,0.01751739823225789,0.05220831574216569,0.028490882100589702,0.04205877946804309,0.02539937625124273,0.0036941452054421397,0.0282,Low
2nd Quarter 2025,City of Muntinlupa,Senior Citizen,1,0.0020347761746207916,0.014613392526822049,0.0014798372179060304,0.003699593044765076,0.005549389567147614,0.001664816870144284,0.0048,Low
1st Quarter 2025,La Union,Senior Citizen,1,0.04685405308785414,0.041000089373491824,0.002859951738314416,0.008445794977209759,0.04439628206274019,0.0,0.0239,Low
3rd Quarter 2025,City of Makati,Senior Citizen,1,0.01760783496561784,0.011773286101271098,0.12533861221087728,0.03167326526359658,0.1721191914982288,0.15076057511981664,0.0849,Low
3rd Quarter 2025,City of Naga,Senior Citizen,1,0.01088534107402032,0.040638606676342524,0.010159651669085631,0.07111756168359942,0.03918722786647315,0.0021770682148040637,0.029,Low
1st Quarter 2025,Region 6,Senior Citizen,1,0.0,0.0,0.0,0.0,0.0,0.0,0.0,Low
1st Quarter 2025,Southern Leyte,Senior Citizen,1,0.003933910306845004,0.004746918436926305,0.00047206923682140047,0.01038552321007081,0.001101494885916601,0.007684238132703908,0.0047,Low
3rd Quarter 2025,Isabela,Senior Citizen,1,0.03352078915829262,0.04122798930579884,0.07277588273255278,0.05714944224209459,0.019378630035954643,0.0005992440306075412,0.0374,Low
2nd Quarter 2025,Quezon,Senior Citizen,1,0.040807669466361246,0.10129804021379486,0.0,0.015313480953592942,0.07075591753626877,0.08827521846101638,0.0527,Low
3rd Quarter 2025,City of Angeles,Senior Citizen,1,0.04524226503210741,0.02918855808523059,0.024907569566063437,0.002529675034053318,0.028604786923525978,0.01615100214049426,0.0244,Low
3rd Quarter 2025,Catanduanes,Senior Citizen,1,0.02287581699346405,0.18007662835249041,0.011606941627225602,0.0010141987829614604,0.17861167455487942,0.03177822853279243,0.071,Low
1st Quarter 2025,City of Muntinlupa,Senior Citizen,1,0.006687242798353909,0.017946959304983995,0.005601280292638317,0.007601737540009145,0.05064014631915866,0.0,0.0147,Low
1st Quarter 2025,Region 8,Senior Citizen,1,0.0,0.0,0.0,0.0,0.0,0.0,0.0,Low
2nd Quarter 2025,Agusan del Norte,Senior Citizen,1,0.04741426838681222,0.053148086889403465,0.08198257801301136,0.12608887418679016,0.0914654316903738,0.057338185025912446,0.0762,Low
1st Quarter 2025,Misamis Oriental,Senior Citizen,1,0.012426745745957778,0.08225658405705007,0.03784508931723505,0.021252559485984607,0.031596413189296055,0.006107463108098567,0.0319,Low
1st Quarter 2025,Region 9,Senior Citizen,1,0.019778153788306073,0.0377326565143824,0.031904493325813126,0.06403459296860312,0.023914269599548788,0.005771761609325061,0.0305,Low
1st Quarter 2025,City of Cagayan De Oro,Senior Citizen,1,0.0,0.09777697451653714,0.0,0.0,0.02385685884691849,0.0,0.0203,Low
2nd Quarter 2025,City of Caloocan,Senior Citizen,1,0.0017880202642296613,0.002731697625906427,0.00630773815436575,0.017631866494486937,0.013360484752160524,0.010728121585377967,0.0088,Low
2nd Quarter 2025,Agusan del Norte,Senior Citizen,1,0.03456581958328315,0.018427074551366975,0.06015897868240395,0.08009153318077804,0.025954474286402504,0.04745272792966398,0.0444,Low
3rd Quarter 2025,Davao del Norte,Senior Citizen,1,0.020160339542560718,0.05423249233671304,0.03979014383400142,0.14194765385522282,0.13970761612827162,0.0,0.066,Low
1st Quarter 2025,Region 9,Senior Citizen,1,0.06553758980700299,0.03890462848466824,0.03269835803841157,0.05796171365066446,0.02091192261336422,0.005501901795357428,0.0369,Low
2nd Quarter 2025,Aklan,Senior Citizen,1,0.042382404880398135,0.03772676192005137,0.053299084925349176,0.04454968694814577,0.05233584845079467,0.008026970621287526,0.0397,Low
2nd Quarter 2025,Masbate,Senior Citizen,1,0.03907867494824017,0.13134057971014493,0.0650879917184265,0.04891304347826087,0.07945134575569358,0.006469979296066253,0.0617,Low
3rd Quarter 2025,Siquijor,Senior Citizen,1,0.0,0.06370423892100192,0.006984585741811176,0.001083815028901734,0.0049373795761079,0.004576107899807322,0.0135,Low
3rd Quarter 2025,Caraga,Senior Citizen,1,0.036783708563192685,0.04689130758908603,0.06758486158739625,0.048171065056408724,0.07648103970975598,0.024818597485214453,0.0501,Low
2nd Quarter 2025,Cebu,Senior Citizen,1,0.04492786550039759,0.08065432239009429,0.016471657389526297,0.028967397478132456,0.03726002499148018,0.005566284221288197,0.0356,Low
2nd Quarter 2025,City of Lapu-Lapu,Senior Citizen,1,0.16736944534544276,0.028340901719104767,0.06519623743107363,0.02343496594226403,0.030976321764515084,0.006608822575413558,0.0537,Low
3rd Quarter 2025,Tawi-Tawi,Senior Citizen,1,0.5,0.0,0.0,0.0,0.0,0.5,0.1667,Low
3rd Quarter 2025,La Union,Senior Citizen,1,0.03393988959313024,0.048609691269679005,0.007820486608055613,0.0,0.016612144755673686,0.002964628910243304,0.0183,Low
2nd Quarter 2025,Romblon,Senior Citizen,1,0.015284922833399288,0.14201622477245746,0.034922833399287694,0.04803126236644242,0.14513256826276216,0.04071032845271073,0.071,Low
3rd Quarter 2025,City of Cagayan De Oro,Senior Citizen,1,0.0,0.10493579454253611,0.006821829855537721,0.01213884430176565,0.0,0.003109951845906902,0.0212,Low
3rd Quarter 2025,City of Cagayan De Oro,Senior Citizen,1,8.771160424524164e-05,0.08113323392684853,0.0033330409613191825,0.0057889658801859485,0.03534777651083238,0.0030260503464608368,0.0215,Low
1st Quarter 2025,Ilocos Sur,Senior Citizen,1,0.0215609955956161,0.011830380006145651,0.0,0.00588958311994264,0.07984226159991806,0.001690054286592236,0.0201,Low
1st Quarter 2025,Pasay City,Senior Citizen,1,0.014121510673234812,0.0008210180623973727,0.005911330049261084,0.009688013136288998,0.0,0.007553366174055829,0.0063,Low
3rd Quarter 2025,Sorsogon,Senior Citizen,1,0.03861916771752837,0.017496847414880203,0.0011559478772593527,0.010876418663303909,0.05096679277007146,0.004308532997057587,0.0206,Low
2nd Quarter 2025,City of Olongapo,Senior Citizen,1,0.0,0.007162790697674419,0.012651162790697675,0.003813953488372093,0.010883720930232559,0.004558139534883721,0.0065,Low
2nd Quarter 2025,Zamboanga del Norte,Senior Citizen,1,0.03908845113943608,0.0,0.035766705291618385,0.08451139436075705,0.006720741599073001,0.00440324449594438,0.0284,Low
1st Quarter 2025,Bohol,Senior Citizen,1,0.012490566037735849,0.2970188679245283,0.26033962264150945,0.10460377358490566,0.18362264150943397,0.013358490566037736,0.1452,Low
2nd Quarter 2025,Northern Samar,Senior Citizen,1,0.10553404476343375,0.04023042780243649,0.00018887524789876287,0.008688261403343093,0.04226083671734819,0.0008499386155444329,0.033,Low
1st Quarter 2025,Ifugao,Senior Citizen,1,0.011533242876526458,0.023066485753052916,0.011702849389416554,0.0067842605156037995,0.13398914518317503,0.00508819538670285,0.032,Low
3rd Quarter 2025,Davao Oriental,Senior Citizen,1,0.04357262103505843,0.080189204229271,0.2538675570395103,0.0,0.008903728436282694,0.000333889816360601,0.0645,Low
2nd Quarter 2025,Bukidnon,Senior Citizen,1,0.025066745772767726,0.05537427074063087,0.0,0.03124690991792742,0.0008899436369029962,0.0,0.0188,Low
3rd Quarter 2025,Region 7,Senior Citizen,1,0.009945653236369324,0.13770942075733583,0.10634762379528083,0.09962758782476101,0.0663597442965222,0.0008699392020018376,0.0701,Low
1st Quarter 2025,Region 8,Senior Citizen,1,0.004824327921213734,0.0,0.009548842161298908,0.0,0.038428267234495606,0.0,0.0088,Low
3rd Quarter 2025,Marinduque,Senior Citizen,1,0.005687973997833153,0.030065005417118092,0.007313109425785482,0.0,0.00866738894907909,0.005417118093174431,0.0095,Low
2nd Quarter 2025,Bataan,Senior Citizen,1,0.046160774600315244,0.005066426480522405,0.001125872551227201,0.004222022067102004,0.03940553929295204,0.004278315694663364,0.0167,Low
1st Quarter 2025,Camiguin,Senior Citizen,1,0.0051762242642782366,0.046295219262533445,0.005118064441084099,0.003954867977201349,0.005350703733860649,0.0010468768174944749,0.0112,Low
3rd Quarter 2025,Samar,Senior Citizen,1,0.062380547887024844,0.02038649394775961,0.0008494372478233171,0.0016988744956466342,0.003185389679337439,0.003344659163304311,0.0153,Low
1st Quarter 2025,Lanao del Sur,Senior Citizen,1,0.0,0.5,0.5,0.0,0.5,0.5,0.3333,Moderate
2nd Quarter 2025,Masbate,Senior Citizen,1,0.1780255349757238,0.04810285919798597,0.007552598453515555,0.1421506923215249,0.02562488761014206,0.0,0.0669,Low
2nd Quarter 2025,City of Marikina,Senior Citizen,1,0.018590240123934933,0.032532920216886134,0.04376452362509682,0.03292021688613478,0.03756777691711851,0.03524399690162665,0.0334,Low
3rd Quarter 2025,Zamboanga Sibugay,Senior Citizen,1,0.05896145487818826,0.005919020931030539,0.0034885050897861146,0.013382134278851652,0.025105798924854168,0.030510122383621184,0.0229,Low
2nd Quarter 2025,Special Geographic Area (SGA),Senior Citizen,1,0.10413268080478522,0.010603588907014683,0.00897226753670473,0.011419249592169658,0.011691136487221317,0.002175095160413268,0.0248,Low
2nd Quarter 2025,Laguna,Senior Citizen,1,0.062147182592630607,0.05198604126039208,0.06804885558862774,0.05398747818946936,0.005542440726675562,0.09483731910089295,0.0561,Low
2nd Quarter 2025,Region 6,Senior Citizen,1,0.0,0.0,0.0,0.0,0.0,0.0,0.0,Low
1st Quarter 2025,BARMM,Senior Citizen,1,0.05627306273062731,0.3287072705891894,0.5,0.0056972547747455495,0.05901017801386805,0.48803779246583673,0.2396,Moderate
2nd Quarter 2025,City of Caloocan,Senior Citizen,1,0.002634146341463415,0.031154471544715446,0.024845528455284552,0.003089430894308943,0.10972357723577236,0.009040650406504066,0.0301,Low
1st Quarter 2025,Siquijor,Senior Citizen,1,0.03324742268041237,0.03801546391752577,0.0023195876288659794,0.0,0.04884020618556701,0.02074742268041237,0.0239,Low
3rd Quarter 2025,Tawi-Tawi,Senior Citizen,1,0.0,0.5,0.0,0.5,0.0,0.5,0.25,Moderate
2nd Quarter 2025,Negros Occidental,Senior Citizen,1,0.011527048619036749,0.07578178498059804,0.0,0.0,0.02864642775622004,0.008331431180095869,0.0207,Low
3rd Quarter 2025,City of Malabon,Senior Citizen,1,0.02611135088476478,0.08942598187311178,0.0009495036685369012,0.0062580923608113945,0.003970651704790678,0.0018126888217522659,0.0214,Low
1st Quarter 2025,Negros Oriental,Senior Citizen,1,0.018461681547619048,0.09184337797619048,0.09268043154761904,0.0020461309523809525,0.055478050595238096,0.016927083333333332,0.0462,Low
1st Quarter 2025,Region 12,Senior Citizen,1,0.0,0.0,0.5,0.0,0.5,0.0,0.1667,Low
1st Quarter 2025,City of Mandaluyong,Senior Citizen,1,0.016605685336335493,0.02462707571066704,0.07552303217937893,0.013134440379022422,0.0,0.007411577071019796,0.0229,Low
3rd Quarter 2025,Oriental Mindoro,Senior Citizen,1,0.056318795001241415,0.04804270462633452,0.01369692957047091,0.018828105602913182,0.056856740875610365,0.03778035256144997,0.0386,Low
2nd Quarter 2025,Camarines Sur,Senior Citizen,1,0.01611076796376364,0.007978175828700845,0.038707020794729256,0.03160387070207947,0.04941321803582458,0.016728433189211446,0.0268,Low
2nd Quarter 2025,Sulu,Senior Citizen,1,0.08796296296296297,0.001388888888888889,0.004629629629629629,0.014351851851851852,0.06111111111111111,0.0,0.0282,Low
1st Quarter 2025,Misamis Occidental,Senior Citizen,1,0.007277094814186803,0.030309453158117845,0.0031086618623710613,0.008619471527483397,0.001695633743111488,0.006570580754557015,0.0096,Low
1st Quarter 2025,Region 8,Senior Citizen,1,0.02067846422228858,0.0,0.0011865658740511402,0.003103930597683446,0.012085684200600355,0.00047541215483505947,0.0063,Low
3rd Quarter 2025,City of Iloilo,Senior Citizen,1,0.005346700083542189,0.006683375104427736,0.004636591478696742,0.0,0.016248955722639933,0.0007936507936507937,0.0056,Low
2nd Quarter 2025,Sulu,Senior Citizen,1,0.5221465076660988,0.5008517887563884,0.0,0.008091993185689948,0.054514480408858604,0.002981260647359455,0.1814,Low
1st Quarter 2025,Catanduanes,Senior Citizen,1,0.02920723226703755,0.07394529439035698,0.029554937413073714,0.0001159017153453871,0.4171302735280482,0.015994436717663423,0.0943,Low
1st Quarter 2025,Cagayan,Senior Citizen,1,0.06517203748876621,0.06176980356913596,0.023703299524971112,0.09258248812427783,0.0430896135575812,0.004798433688535114,0.0485,Low
3rd Quarter 2025,Region 11,Senior Citizen,1,0.0,0.0,0.0,0.0,0.0,0.0,0.0,Low
1st Quarter 2025,Agusan del Norte,Senior Citizen,1,0.06288068792547474,0.024767108563238983,0.032156932998925115,0.03717305625223934,0.034844141884629164,0.014466141168040129,0.0344,Low
1st Quarter 2025,City of Navotas,Senior Citizen,1,0.033072001441831124,0.02045597909344868,0.03856898260791205,0.03352257366855907,0.09047490312697125,0.08380643417139767,0.05,Low
3rd Quarter 2025,Batanes,Senior Citizen,1,0.011825348696179502,0.04881746513038205,0.0506367495451789,0.08793208004851426,0.1012734990903578,0.007580351728320194,0.0513,Low
3rd Quarter 2025,City of Lapu-Lapu,Senior Citizen,1,0.04309507286606523,0.01589174184594032,0.04732824427480916,0.0798056904927134,0.43226925746009714,0.029215822345593338,0.1079,Low
1st Quarter 2025,City of Las Piñas,Senior Citizen,1,0.00657439446366782,0.05340253748558247,0.17220299884659745,0.13725490196078433,0.07335640138408304,0.03229527104959631,0.0792,Low
2nd Quarter 2025,City of Zamboanga,Senior Citizen,1,0.025222008605694405,0.0256797583081571,0.0,0.0058591961915224755,0.035200952119381124,0.0022429735420671977,0.0157,Low
3rd Quarter 2025,Marinduque,Senior Citizen,1,0.021850899742930592,0.02634961439588689,0.000856898029134533,0.005141388174807198,0.003641816623821765,0.03427592116538132,0.0154,Low
3rd Quarter 2025,City of Las Piñas,Senior Citizen,1,0.051740163172570484,0.03433853144686564,0.05927914902406279,0.043942992874109264,0.06733450376949293,0.044459361768047094,0.0502,Low
2nd Quarter 2025,Marinduque,Senior Citizen,1,0.023566155593412835,0.008801817149346962,0.015048268029528676,0.0,0.021578648495173196,0.00596252129471891,0.0125,Low
2nd Quarter 2025,Romblon,Senior Citizen,1,0.024491094147582698,0.04389312977099236,0.027830788804071246,0.01049618320610687,0.04103053435114504,0.03307888040712468,0.0301,Low
2nd Quarter 2025,Samar,Senior Citizen,1,0.02886178861788618,0.030233739837398375,5.08130081300813e-05,0.0,0.005589430894308943,0.007723577235772358,0.0121,Low
3rd Quarter 2025,City of Baguio,Senior Citizen,1,0.01642973665812165,0.011302726637147518,0.002913073875553484,0.0018643672803542299,0.09112095082731297,0.023421113959450013,0.0245,Low
1st Quarter 2025,City of Cotabato,Senior Citizen,1,0.0,0.0,0.0,0.0,0.0,0.0,0.0,Low
2nd Quarter 2025,Cavite,Senior Citizen,1,0.024517023304167027,0.048644199948020446,0.04416096335441393,0.011890323139565104,0.05353894134973577,0.007710300615091398,0.0317,Low
1st Quarter 2025,Rizal,Senior Citizen,1,0.03973376361436063,0.0500201694231545,0.026321097216619606,0.0,0.06464300121016539,0.014219443323920935,0.0325,Low
2nd Quarter 2025,Region 10,Senior Citizen,1,0.0,0.0,0.0,0.0,0.0,0.0,0.0,Low
1st Quarter 2025,City of Caloocan,Senior Citizen,1,0.007021386240659623,0.014364854418964184,0.0,0.01597526410718887,0.005604225715021902,0.01301211028085545,0.0093,Low
1st Quarter 2025,City of Cotabato,Senior Citizen,1,0.42808607021517553,0.003114382785956965,0.027746319365798414,0.006964892412231031,0.04773499433748584,0.016591166477916194,0.0884,Low
3rd Quarter 2025,Ilocos Sur,Senior Citizen,1,0.017545462852965366,0.01708854975783606,0.0,0.007767522617198209,0.047884492369551314,0.007995979164762862,0.0164,Low
1st Quarter 2025,Region 10,Senior Citizen,1,0.02564492719696615,0.027704948733554943,0.0,0.008626340184465564,0.02615993258111335,0.008485884170607238,0.0161,Low
1st Quarter 2025,Basilan,Senior Citizen,1,1.0,0.5,0.0,0.0,0.0,0.0,0.25,Moderate
3rd Quarter 2025,Camarines Sur,Senior Citizen,1,0.03575004417221273,0.04378938688968726,0.09293833559102421,0.07547558749042936,0.037075210554214026,0.007509276164674009,0.0488,Low
1st Quarter 2025,City of Isabela,Senior Citizen,1,0.03898850574712644,0.044551724137931036,0.026758620689655174,0.08160919540229886,0.08583908045977011,0.008597701149425287,0.0477,Low
1st Quarter 2025,City of Mandaue,Senior Citizen,1,0.0,0.01051980198019802,0.007301980198019802,0.0029702970297029703,0.019925742574257426,0.0003712871287128713,0.0068,Low
2nd Quarter 2025,BARMM,Senior Citizen,1,0.07011821583496142,0.40845723368323456,0.4660584787575748,0.028361866286963144,0.030845392231530846,0.5000993410377828,0.2507,Moderate
1st Quarter 2025,Laguna,Senior Citizen,1,0.0026585991932526584,0.020077007700770078,0.019649187140936317,0.0495355091064662,0.03107810781078108,0.01023713482459357,0.0222,Low
3rd Quarter 2025,Surigao del Norte,Senior Citizen,1,0.02340544572920552,0.015106303618052964,0.038465124953375604,0.028021260723610594,0.07236105930622902,0.034595300261096605,0.0353,Low
3rd Quarter 2025,City of Mandaue,Senior Citizen,1,0.0071743029512473504,0.026822109897277027,0.006440567422142508,0.007581933800750041,0.011984346975379097,0.00929398336866134,0.0115,Low
2nd Quarter 2025,Misamis Occidental,Senior Citizen,1,0.002198451240320252,0.046397164982281136,0.0,0.011615697598109988,0.0013781336133350834,0.003018768867305421,0.0108,Low
1st Quarter 2025,City of Baguio,Senior Citizen,1,0.013145176879953605,0.02769186158901991,0.009375604098202204,0.0,0.06137637734390102,0.0,0.0186,Low
3rd Quarter 2025,Bohol,Senior Citizen,1,0.19774534364448318,0.06431761246051629,0.025868641760156845,0.052608648295392656,0.02004138982681625,0.014105217296590785,0.0624,Low
1st Quarter 2025,City of Cotabato,Senior Citizen,1,0.03488372093023256,0.013416815742397137,0.0,0.007692307692307693,0.004114490161001789,0.023971377459749553,0.014,Low
1st Quarter 2025,Region 9,Senior Citizen,1,0.02844062153163152,0.05201011222098902,0.04766309039339006,0.010189295844123814,0.016154889628807498,0.004115797262301147,0.0264,Low
2nd Quarter 2025,Agusan del Sur,Senior Citizen,1,0.07463903120633442,0.035572892408011175,0.03493246390312063,0.04110386585933861,0.024685607824871916,0.012808570097810898,0.0373,Low
3rd Quarter 2025,City of Puerto Princesa,Senior Citizen,1,0.03831105314639713,0.06521030322791001,0.009292468209977176,0.014020215194000651,0.29556569938050214,0.025105966742745355,0.0746,Low
3rd Quarter 2025,Antique,Senior Citizen,1,0.0417135961383749,0.029243765084473048,0.0077232502011263075,0.006074014481094127,0.018020917135961385,0.008246178600160902,0.0185,Low
3rd Quarter 2025,Pasay City,Senior Citizen,1,0.0019213715637008573,0.010050251256281407,0.008818602818011627,0.0042861365651788354,0.006749433441718396,0.013203271258252044,0.0075,Low
2nd Quarter 2025,City of Zamboanga,Senior Citizen,1,0.016005498821681067,0.034760408483896305,0.0,0.027690494893951294,0.020227808326787118,0.0,0.0164,Low
2nd Quarter 2025,City of General Santos,Senior Citizen,1,0.023044692737430168,0.0111731843575419,0.0,0.043761638733705775,0.04702048417132216,0.0691340782122905,0.0324,Low
2nd Quarter 2025,Region 9,Senior Citizen,1,0.08869550780979787,0.0538592437846737,0.016505028984103706,0.050601126160401765,0.020427221538163558,0.009808940108742269,0.04,Low
1st Quarter 2025,City of Tacloban,Senior Citizen,1,0.026989935956084173,0.023177798109179627,0.0,0.007471790179932906,0.0,0.007624275693809088,0.0109,Low
1st Quarter 2025,Davao de Oro,Senior Citizen,1,0.07473333941106755,0.09747925973197193,0.0,0.033959339958063633,0.05688759230558848,0.029355456285896617,0.0487,Low
2nd Quarter 2025,Northern Samar,Senior Citizen,1,0.0325157933853586,0.03743961352657005,0.02201783723522854,0.005202526941657376,0.09401709401709402,0.01570048309178744,0.0345,Low
3rd Quarter 2025,Quezon City,Senior Citizen,1,0.003781053781053781,0.01981981981981982,0.01392983892983893,0.0,0.005576030576030576,0.013288288288288288,0.0094,Low
1st Quarter 2025,Cagayan,Senior Citizen,1,0.06827661909989023,0.08660812294182217,0.03794365166483717,0.08591291620929381,0.04839004756677644,0.015166483717526527,0.057,Low
2nd Quarter 2025,Palawan,Senior Citizen,1,0.07318395374051319,0.00795084929526563,0.038127936393205636,0.044994578966389594,0.02764727141308276,0.011022768341163716,0.0338,Low
2nd Quarter 2025,Sarangani,Senior Citizen,1,0.037723273793655025,0.021860837110103972,0.03265795787789923,0.03539056251666222,0.016795521194348174,0.01999466808850973,0.0274,Low
1st Quarter 2025,Ormoc City,Senior Citizen,1,0.0,0.00205761316872428,0.009676343009676344,0.007674341007674341,0.003058614169725281,0.0038927816705594484,0.0044,Low
3rd Quarter 2025,Lanao del Sur,Senior Citizen,1,0.0021633102580239146,0.007119257394587791,0.03457363121460038,0.4393486469477659,0.023599748269351795,0.5112885462555066,0.1697,Low
1st Quarter 2025,Biliran,Senior Citizen,1,0.002078906033447288,0.03996119375404232,0.046382703501801716,0.05054051556869629,0.021251039453016724,0.014228956851150328,0.0291,Low
1st Quarter 2025,Siquijor,Senior Citizen,1,0.03926701570680628,0.06282722513089005,0.012375059495478343,0.0,0.05997144217039505,0.004997620180866254,0.0299,Low
1st Quarter 2025,Nueva Ecija,Senior Citizen,1,0.06349117961511047,0.013497861724875267,0.014945652173913044,0.004855666429080542,0.032475053456878115,0.006370277975766215,0.0226,Low
1st Quarter 2025,Maguindanao del Norte,Senior Citizen,1,0.0030303030303030303,0.0034965034965034965,0.004195804195804196,0.0,0.5027972027972027,0.007303807303807304,0.0868,Low
1st Quarter 2025,Region 2,Senior Citizen,1,0.04766130769783213,0.04994921462208497,0.05315536221773077,0.10001641547568971,0.002303296432711939,0.013542767444007838,0.0444,Low
1st Quarter 2025,Quezon,Senior Citizen,1,0.0,0.0,0.007848837209302326,0.037616279069767444,0.05976744186046511,0.03244186046511628,0.0229,Low
2nd Quarter 2025,City of Baguio,Senior Citizen,1,0.018487191880135333,0.02416626389560174,0.009908168197196714,0.0010874818753020784,0.2387626872885452,0.0,0.0487,Low
3rd Quarter 2025,Sulu,Senior Citizen,1,0.0,0.0,0.0,0.0,1.0,0.0,0.1667,Low
3rd Quarter 2025,Zambales,Senior Citizen,1,0.037345417206125275,0.0032367516406982453,0.0,0.011429081655431045,0.007768203937675789,0.008817357917764185,0.0114,Low
2nd Quarter 2025,Lanao del Norte,Senior Citizen,1,0.008070432868672046,0.036958914159941306,0.008162142333088774,0.043195157740278795,0.00036683785766691124,0.013756419662509171,0.0184,Low
1st Quarter 2025,City of Davao,Senior Citizen,1,0.01252826357805362,0.0683632504268377,0.1868395551658899,0.19805269715287713,0.13866457477735222,0.014466337501730424,0.1032,Low
1st Quarter 2025,Region 6,Senior Citizen,1,0.045310942383654254,0.013099904809731893,0.004648957778993682,0.012372861029703862,0.018695143797267215,0.01911488041254113,0.0189,Low
2nd Quarter 2025,Cebu,Senior Citizen,1,0.059340576429757055,0.013782002917358281,0.029664000804788492,0.04084301594487199,0.09287762185000754,0.03942206126452392,0.046,Low
2nd Quarter 2025,Davao Oriental,Senior Citizen,1,0.08775932633955873,0.07108246695206286,0.21851625346944537,0.016747424377852,0.0018817330761631463,0.026461871383544243,0.0704,Low
1st Quarter 2025,Rizal,Senior Citizen,1,0.05051891028839437,0.025596247879453148,0.011725376708911286,0.04872268236702924,0.054186208961181516,0.059599840335295876,0.0417,Low
3rd Quarter 2025,Region 1,Senior Citizen,1,0.03647633293787934,0.04841732432385963,0.009731607090662127,0.0006877460841457334,0.025446605113392137,0.0010574096043740652,0.0203,Low
3rd Quarter 2025,City of Makati,Senior Citizen,1,0.008870336551004436,0.0,0.07174536916253588,0.029089486042264544,0.013305504826506652,0.05530915731802766,0.0297,Low
1st Quarter 2025,Isabela,Senior Citizen,1,0.05165946806092294,0.010513753125710389,0.052227779040691064,0.061150261423050696,0.007785860422823369,0.013809956808365538,0.0329,Low
2nd Quarter 2025,Antique,Senior Citizen,1,0.049176389842141385,0.045229924502402194,0.004461221688400824,0.014550446122168841,0.024639670555936858,0.011599176389842142,0.0249,Low
2nd Quarter 2025,Maguindanao del Sur,Senior Citizen,1,0.07502484266313349,0.5035331787567627,5.520591807441758e-05,0.0017665893783813625,0.025229104560008833,0.011041183614883515,0.1028,Low
2nd Quarter 2025,Sorsogon,Senior Citizen,1,0.06994798540485987,0.04308671686980824,0.021310457262634887,0.01048055275211552,0.06777424113034702,0.001203322723391041,0.0356,Low
3rd Quarter 2025,NIR,Senior Citizen,1,0.03762686497357467,0.050254899209578596,0.010312894626069874,0.0,0.028085683550816146,0.0031336233104157897,0.0216,Low
3rd Quarter 2025,Siquijor,Senior Citizen,1,0.03442109968708091,0.05654894948591864,0.0,0.011175681716584712,0.06727760393383997,0.0,0.0282,Low
1st Quarter 2025,Quezon,Senior Citizen,1,0.019206478936027938,0.02593060405676499,0.054647447804443125,0.05119251058771083,0.0930975555390445,0.005349580206553236,0.0416,Low
3rd Quarter 2025,Pateros,Senior Citizen,1,0.004543280726924916,0.009325681492109038,0.0,0.0,0.0,0.005499760879961741,0.0032,Low
1st Quarter 2025,Pasay City,Senior Citizen,1,0.00421382133397544,0.0,0.01504936190705514,0.0,0.005297375391283409,0.009270406934745967,0.0056,Low
3rd Quarter 2025,Cagayan,Senior Citizen,1,0.058252799509127165,0.07274888786623715,0.05681469550544562,0.09652554072710538,0.0651365240067495,0.012195121951219513,0.0603,Low
1st Quarter 2025,Abra,Senior Citizen,1,0.02195664257921067,0.038910505836575876,0.003265703168426904,0.0012159533073929961,0.0181698165647582,0.07563229571984435,0.0265,Low
3rd Quarter 2025,Tarlac,Senior Citizen,1,0.03296786965128674,0.01550175118014314,0.005649459418303639,0.000944114511953708,0.0035023602862798843,0.002147099132023755,0.0101,Low
3rd Quarter 2025,Special Geographic Area (SGA),Senior Citizen,1,0.0,0.5,0.0,0.0,0.5,0.0,0.1667,Low
3rd Quarter 2025,Negros Occidental,Senior Citizen,1,0.002503465819615866,0.06174542713703111,0.00481849872807785,0.00438779493115469,0.04529792589202794,0.010101349987213482,0.0215,Low
1st Quarter 2025,Misamis Occidental,Senior Citizen,1,0.012099154042888059,0.04180602006688963,0.007918552036199095,0.0,0.00309856384025182,0.0,0.0108,Low
3rd Quarter 2025,Batangas,Senior Citizen,1,0.04291679554593257,0.010226569749458706,0.02936514073615837,0.05254407670893907,0.10137643055985153,0.0163161150634086,0.0421,Low
2nd Quarter 2025,Pateros,Senior Citizen,1,0.004098360655737705,0.0,0.00853825136612022,0.003756830601092896,0.015027322404371584,0.007855191256830601,0.0065,Low
3rd Quarter 2025,City of Cebu,Senior Citizen,1,0.0,0.03903345724907063,0.20606623859411963,0.03396417708685367,0.2358482595471443,0.13572997634335923,0.1084,Low
1st Quarter 2025,Eastern Samar,Senior Citizen,1,0.0183282745738968,0.031928554751342514,0.006245622227410694,0.0,0.017102498248890964,0.013892131683399487,0.0146,Low
3rd Quarter 2025,Region 3,Senior Citizen,1,0.03096357886964478,0.05615058026613589,0.038778712338881846,0.012658710412687202,0.022385993354628486,0.015024318207354854,0.0293,Low
2nd Quarter 2025,City of Isabela,Senior Citizen,1,0.07045561296383279,0.0016439643024894317,0.0,0.07703147017379051,0.056599342414279004,0.0,0.0343,Low
3rd Quarter 2025,City of Puerto Princesa,Senior Citizen,1,0.0069183739139761875,0.07293789552719082,0.0,0.0016625549715756731,0.2855840394722729,0.06719939933497801,0.0724,Low
3rd Quarter 2025,Aurora,Senior Citizen,1,0.05384615384615385,0.023418803418803417,0.057777777777777775,0.08666666666666667,0.03247863247863248,0.0105982905982906,0.0441,Low
3rd Quarter 2025,Bohol,Senior Citizen,1,0.05877366487708392,0.025242535556183478,0.0682867099934068,0.03635678628614486,0.15668267872280306,0.0682867099934068,0.0689,Low
2nd Quarter 2025,Tawi-Tawi,Senior Citizen,1,0.0,0.0048951048951048955,0.6188811188811189,0.5979020979020979,0.011888111888111888,0.44475524475524475,0.2797,Moderate
1st Quarter 2025,Region 2,Senior Citizen,1,0.056851268935667915,0.02460653157584104,0.045312807397206376,0.08467194570135747,0.007453767460161322,0.0075816446980129844,0.0377,Low
1st Quarter 2025,Leyte,Senior Citizen,1,0.041496439827244075,0.03875335590054862,0.0,0.0003501809268121863,0.015933232169954476,0.010972335706781838,0.0179,Low
1st Quarter 2025,Ilocos Norte,Senior Citizen,1,0.01666485132338525,0.021076135497222526,0.006317394619322514,0.0014704280579457575,0.038067748611262386,0.008713647750789675,0.0154,Low
2nd Quarter 2025,Catanduanes,Senior Citizen,1,0.0,0.0003192168546499255,0.017024898914662693,0.007022770802298362,0.1686529048733773,0.014683975313896574,0.0346,Low
3rd Quarter 2025,Aklan,Senior Citizen,1,0.015214052601267038,0.03297177961220964,0.022893069687080055,0.002735649836820887,0.024428873104242656,0.019005567287387216,0.0195,Low
3rd Quarter 2025,Northern Samar,Senior Citizen,1,0.08801155512758786,0.026576793452094367,0.006547905633124699,0.004477611940298508,0.0,0.0015888300433317285,0.0212,Low
1st Quarter 2025,City of General Santos,Senior Citizen,1,0.014445479962721343,0.015843429636533086,0.031220876048462257,0.00046598322460391424,0.0342497670083877,0.03145386766076421,0.0213,Low
3rd Quarter 2025,Batanes,Senior Citizen,1,0.06501482422702244,0.09662219398559932,0.00788860652265989,0.06787378229563744,0.0677149512918255,0.03706056755612029,0.057,Low
2nd Quarter 2025,Southern Leyte,Senior Citizen,1,0.025008414675193536,0.00023561090541905083,0.0026758667115449344,0.0024234264557388085,0.0049141703130259175,0.0,0.0059,Low
1st Quarter 2025,Region 3,Senior Citizen,1,0.03487329334328794,0.03602751246470835,0.023880321636674133,0.010859957607119258,0.05386641951788825,0.012190098602064723,0.0286,Low
2nd Quarter 2025,City of Navotas,Senior Citizen,1,0.030169412856811326,0.04380366674402414,0.2200046414481318,0.023091204455790208,0.10454861916918079,0.08760733348804828,0.0849,Low
2nd Quarter 2025,Region 4A,Senior Citizen,1,0.0,0.0,0.0,0.0,0.0,0.0,0.0,Low
2nd Quarter 2025,Zamboanga Sibugay,Senior Citizen,1,0.026889075984003367,0.047253209850557774,0.012997263733950748,0.005314670595664071,0.030204167543675015,0.013102504735845085,0.0226,Low
2nd Quarter 2025,Eastern Samar,Senior Citizen,1,0.009470602294455066,0.04095960803059273,0.01586400573613767,0.0,0.02410970363288719,0.0,0.0151,Low
3rd Quarter 2025,CAR,Senior Citizen,1,0.0,0.0,0.0,0.0,0.0,0.0,0.0,Low
3rd Quarter 2025,Region 6,Senior Citizen,1,0.032522110016935335,0.0070438436931568715,0.015442513955968136,0.007439001442639403,0.008499027786489368,0.005626293671203663,0.0128,Low
2nd Quarter 2025,City of Lapu-Lapu,Senior Citizen,1,0.05357600615226865,0.24974365547295566,0.13413227377595488,0.1516277877467316,0.0066649577031530375,0.06280440912586516,0.1098,Low
3rd Quarter 2025,Camarines Norte,Senior Citizen,1,0.13254658385093168,0.014037267080745342,0.04900621118012422,0.023229813664596272,0.027515527950310557,0.002732919254658385,0.0415,Low
1st Quarter 2025,City of Lucena,Senior Citizen,1,0.047447911927941046,0.04490037303248112,0.041033572923300884,0.05982167227731781,0.06127740878900919,0.006687289600582295,0.0435,Low
2nd Quarter 2025,Negros Occidental,Senior Citizen,1,0.016763483030106448,0.08045587237932356,0.013387196650252117,0.0,0.016232713118862974,0.00971603809748474,0.0228,Low
3rd Quarter 2025,Cotabato,Senior Citizen,1,0.021035760793348693,0.019433036161474508,0.0,0.0,0.011820094160072122,0.009616347791245117,0.0103,Low
1st Quarter 2025,Sulu,Senior Citizen,1,0.07621564482029598,0.0,0.0005813953488372093,0.003435517970401691,0.02521141649048626,0.01014799154334038,0.0193,Low
1st Quarter 2025,Catanduanes,Senior Citizen,1,0.005092812946216088,0.039219419324131366,0.022417896239885767,0.01227986673012851,0.1962398857686816,0.015992384578772015,0.0485,Low
2nd Quarter 2025,Region 1,Senior Citizen,1,0.06760996323995437,0.021971521527865804,0.006485824143321925,0.009126632019267335,0.04663138547344404,0.0,0.0253,Low
3rd Quarter 2025,Masbate,Senior Citizen,1,0.14900527811611855,0.15113682501015022,0.05207064555420219,0.008729192042224929,0.11967113276492083,0.012789281364190013,0.0822,Low
3rd Quarter 2025,Northern Samar,Senior Citizen,1,0.08138869823838939,0.011095859071150767,0.009780370624571036,0.0,0.027510867078471744,0.008636467627545184,0.0231,Low
2nd Quarter 2025,Iloilo,Senior Citizen,1,0.0017418299879138326,0.005154394862193995,0.004893712823186482,0.006078631182311538,0.019894779249709695,0.0016470365191838283,0.0066,Low
2nd Quarter 2025,Agusan del Sur,Senior Citizen,1,0.05305775764439411,0.02349943374858437,0.04592298980747452,0.03737259343148358,0.027802944507361267,0.012910532276330692,0.0334,Low
1st Quarter 2025,Palawan,Senior Citizen,1,0.04876501025090305,0.03724494776920824,0.015083471639168212,0.051449770575026844,0.021722151713365227,0.009860392463145563,0.0307,Low
1st Quarter 2025,Kalinga,Senior Citizen,1,0.06802881378753198,0.051669583950451056,0.003770028275212064,0.0,0.10636865490776895,0.02336071091961761,0.0422,Low
2nd Quarter 2025,Bohol,Senior Citizen,1,0.01542111506524318,0.24843246907303848,0.019996610743941705,0.026944585663446874,0.06672597864768683,0.005465175394001017,0.0638,Low
2nd Quarter 2025,Cagayan,Senior Citizen,1,0.07810334049088093,0.061971677855997394,0.05088200918702944,0.09083743306786986,0.061604740289744775,0.02175803865075698,0.0609,Low
2nd Quarter 2025,Zamboanga Sibugay,Senior Citizen,1,0.0,0.04052722345405272,0.005050505050505051,0.005666420300566642,0.005543237250554324,0.007637349100763735,0.0107,Low
3rd Quarter 2025,Kalinga,Senior Citizen,1,0.047464006213035426,0.024702789891869286,0.008124738634327021,0.0,0.06604337176653324,0.004390943306051736,0.0251,Low
2nd Quarter 2025,Davao del Sur,Senior Citizen,1,0.07913446676970634,0.06568778979907264,0.20592478104070067,0.1775888717156105,0.030396702730551263,0.0004636785162287481,0.0932,Low
3rd Quarter 2025,Cavite,Senior Citizen,1,0.02213747898340603,0.004105850532420381,0.007602524427983138,0.0014498403957211433,0.05347352518336217,0.0,0.0148,Low
3rd Quarter 2025,Abra,Senior Citizen,1,0.04204677961451403,0.052232663419987654,0.0,0.0,0.07699430687975856,0.09750325811098155,0.0448,Low
1st Quarter 2025,Camiguin,Senior Citizen,1,0.0,0.008610792192881744,0.00975889781859931,0.003444316877152698,0.002296211251435132,0.001722158438576349,0.0043,Low
1st Quarter 2025,Caraga,Senior Citizen,1,0.04953825530013405,0.004269897224566804,0.054813564371183156,0.07435082667196266,0.06351472121543121,0.0253835460006951,0.0453,Low
2nd Quarter 2025,Isabela,Senior Citizen,1,0.014478995963068068,0.00760422079219793,0.049342499700227825,0.09390862944162437,0.02329229785363124,0.0011591190695071744,0.0316,Low
1st Quarter 2025,City of Dagupan,Senior Citizen,1,0.028361344537815126,0.0273109243697479,0.008403361344537815,0.0067226890756302525,0.011134453781512605,0.0,0.0137,Low
3rd Quarter 2025,City of Las Piñas,Senior Citizen,1,0.0551037246581801,0.04997642621404998,0.18705799151343705,0.04272748703441773,0.08191890617633192,0.030704856199905706,0.0746,Low
3rd Quarter 2025,City of Caloocan,Senior Citizen,1,0.0051114462879168765,0.00620077090665326,0.0,0.037037037037037035,0.061295458354281886,0.001592089827383945,0.0185,Low
1st Quarter 2025,Southern Leyte,Senior Citizen,1,0.0,0.025915457172801474,0.010893384571410423,0.0,0.010909264140756502,0.001984946168259917,0.0083,Low
1st Quarter 2025,Bataan,Senior Citizen,1,0.014867239823303091,0.0003562437657340997,0.021754619294162354,0.005011162304659669,0.021279627606516888,0.007291122405357906,0.0118,Low
2nd Quarter 2025,City of Iloilo,Senior Citizen,1,0.004980630879911455,0.021250691754288877,0.007996679579413392,0.017653569452130605,0.02819590481460985,0.01344770337576093,0.0156,Low
2nd Quarter 2025,Sulu,Senior Citizen,1,0.43928847641144625,0.5046403712296984,0.004640371229698376,0.009667440061871617,0.4389017788089714,0.0003866976024748647,0.2329,Moderate
1st Quarter 2025,City of Marikina,Senior Citizen,1,0.04815175097276265,0.01799610894941634,0.053501945525291826,0.122568093385214,0.016536964980544747,0.09922178988326848,0.0597,Low
2nd Quarter 2025,City of Caloocan,Senior Citizen,1,0.0,0.004459816146354783,0.04573586966414854,0.012878856830800036,0.11882224447073815,0.006644215891508146,0.0314,Low
2nd Quarter 2025,Davao Oriental,Senior Citizen,1,0.08018606990193614,0.09383957757103344,0.005406084988684938,0.1273824490822228,0.006914759869248177,0.016721146592909228,0.0551,Low
3rd Quarter 2025,City of Olongapo,Senior Citizen,1,0.010443199184921039,0.0,0.003141450161317711,0.01434878587196468,0.008745118016641195,0.0,0.0061,Low
3rd Quarter 2025,Laguna,Senior Citizen,1,0.051440329218107,0.08033637502236536,0.012166756128108785,0.024512435140454463,0.09746824118804795,0.14076757917337626,0.0678,Low
2nd Quarter 2025,Tawi-Tawi,Senior Citizen,1,0.03118279569892473,0.013978494623655914,0.10806451612903226,0.4543010752688172,1.0,0.01881720430107527,0.2711,Moderate
3rd Quarter 2025,City of Lapu-Lapu,Senior Citizen,1,0.16267742833286947,0.0388254940161425,0.10228221541887003,0.058864458669635404,0.033328694684107985,0.029501809073197886,0.0709,Low
2nd Quarter 2025,Sorsogon,Senior Citizen,1,0.028037383177570093,0.05651383052123189,0.02703380794078906,0.0049551527316063475,0.07329235401116478,0.007087750109766041,0.0328,Low
2nd Quarter 2025,City of Bacolod,Senior Citizen,1,0.01731461815495429,0.03601440576230492,0.0010619632468371965,0.020084957059746975,0.05443715947917629,0.0007849293563579278,0.0216,Low
3rd Quarter 2025,Capiz,Senior Citizen,1,0.03692132916785004,0.012780460096563476,0.07469468900880431,0.027477989207611474,0.02761999431979551,0.0,0.0299,Low
3rd Quarter 2025,Agusan del Norte,Senior Citizen,1,0.03917943299876739,0.009948934671597113,0.07677407994365205,0.10961436872688854,0.09130128543757704,0.02764571227328755,0.0591,Low
3rd Quarter 2025,Samar,Senior Citizen,1,0.02692282124576215,0.0388552815262913,0.0020939972080037225,0.008841321544904607,0.023931396662899687,0.00571694475835937,0.0177,Low
2nd Quarter 2025,CAR,Senior Citizen,1,0.008761273318782688,0.018006424247415886,0.0,0.011015937075320182,0.03159617839640901,0.0030679899518181444,0.0121,Low
1st Quarter 2025,Bataan,Senior Citizen,1,0.02167072675598863,0.006039382866423061,0.025578562728380026,0.0007612667478684531,0.027151847340641494,0.0,0.0135,Low
3rd Quarter 2025,City of Puerto Princesa,Senior Citizen,1,0.050102249488752554,0.06901840490797546,0.002556237218813906,0.009202453987730062,0.2581799591002045,0.044989775051124746,0.0723,Low
1st Quarter 2025,City of Pasig,Senior Citizen,1,0.030997001499250373,0.0414167916041979,0.0018365817091454274,0.014017991004497752,0.2376686656671664,0.004460269865067467,0.0551,Low
1st Quarter 2025,Cagayan,Senior Citizen,1,0.0797514897933308,0.07518701660961075,0.0889438316216559,0.07157347533916572,0.058640801318625584,0.01819449727399518,0.0654,Low
3rd Quarter 2025,City of Tacloban,Senior Citizen,1,0.010665685913938948,0.03337624126517102,0.0,0.003861713865391688,0.008734828981243104,9.194556822361162e-05,0.0095,Low
3rd Quarter 2025,Oriental Mindoro,Senior Citizen,1,0.05147880882203476,0.11418843378392113,0.010875088931802012,0.029220449232645593,0.09584307348307755,0.03054172171968696,0.0554,Low
1st Quarter 2025,Occidental Mindoro,Senior Citizen,1,0.09555251027781238,0.0031144886009717206,0.06253893110751214,0.05886383455836552,0.034819982558863836,0.0,0.0425,Low
2nd Quarter 2025,Negros Occidental,Senior Citizen,1,0.012257543103448275,0.03383620689655172,0.0037625718390804598,0.0,0.03410560344827586,0.010057471264367816,0.0157,Low
2nd Quarter 2025,Agusan del Norte,Senior Citizen,1,0.038108680310515175,0.04440131733709715,0.09374264878852034,0.10979769466007998,0.022230063514467185,0.05628087508821454,0.0608,Low
2nd Quarter 2025,Sarangani,Senior Citizen,1,0.044134802333117305,0.023849643551523008,0.0,0.016364225534672715,0.01817887232663642,0.025340246273493194,0.0213,Low
2nd Quarter 2025,City of Iligan,Senior Citizen,1,0.03363636363636364,0.053454545454545456,0.0014545454545454545,0.043727272727272726,0.0,0.0076363636363636364,0.0233,Low
3rd Quarter 2025,Davao de Oro,Senior Citizen,1,0.07137504683402023,0.0025034912633264076,0.14043393848564326,0.03414625838754726,0.18910725842160836,0.002827071766749549,0.0734,Low
2nd Quarter 2025,City of Dagupan,Senior Citizen,1,0.03391372141372141,0.04300935550935551,0.0011694386694386695,0.007926195426195427,0.00038981288981288983,0.0,0.0144,Low
1st Quarter 2025,City of Muntinlupa,Senior Citizen,1,0.017582417582417582,0.006776556776556777,0.0,0.008974358974358974,0.0,0.010439560439560439,0.0073,Low
3rd Quarter 2025,Agusan del Sur,Senior Citizen,1,0.0010592244634797827,0.02684903748733536,0.018006815879156306,0.036059684995855205,0.01644100580270793,0.015381781339228148,0.019,Low
3rd Quarter 2025,Misamis Occidental,Senior Citizen,1,0.0016879886282871357,0.0408226723525231,0.0,0.006441009239516703,0.0,0.005108386638237384,0.009,Low
2nd Quarter 2025,Siquijor,Senior Citizen,1,0.03175965665236052,0.04592274678111588,0.0,0.009298998569384835,0.07381974248927038,0.0,0.0268,Low
3rd Quarter 2025,Ilocos Sur,Senior Citizen,1,0.009971796937953263,0.009165995165189364,0.006496776792908944,0.005942788074133763,0.07332796132151491,0.0,0.0175,Low
2nd Quarter 2025,Region 9,Senior Citizen,1,0.0017662170841361592,0.05282594733461785,0.03584171840433883,0.0508634839077999,0.028544922571897523,0.006137158352957968,0.0293,Low
1st Quarter 2025,Batangas,Senior Citizen,1,0.03120741945408993,0.031866731132697466,0.022900092303635006,0.03731704100918641,0.0371851786734649,0.09443540943255241,0.0425,Low
3rd Quarter 2025,La Union,Senior Citizen,1,0.03640139921294272,0.009510275470048098,0.00705072146917359,0.0013664188893747267,0.0834608657630083,0.00644949715784871,0.024,Low
3rd Quarter 2025,Davao del Norte,Senior Citizen,1,0.050378335324571887,0.03790820390282756,0.11748307447232179,0.21281362007168458,0.10449024293110315,0.0,0.0872,Low
1st Quarter 2025,Region 2,Senior Citizen,1,0.05082368377626712,0.03068539022849024,0.03166745151072419,0.027568150625661585,0.04239969089218658,0.011327915896915765,0.0324,Low
2nd Quarter 2025,Aurora,Senior Citizen,1,0.05563472271701698,0.010271939199619998,0.010568816055100344,0.0974349839686498,0.03883149269682935,0.020662629141432135,0.0389,Low
2nd Quarter 2025,Sorsogon,Senior Citizen,1,0.038173471853104615,0.025428847547716838,0.011536603044213578,0.013529838125151003,0.060884271563179514,0.005043488765402271,0.0258,Low
2nd Quarter 2025,Lanao del Sur,Senior Citizen,1,0.011174908933753164,0.9249552386244366,0.4786380193863061,0.44196456133851947,0.5200345743038834,0.5121936161017472,0.4815,High
3rd Quarter 2025,Negros Oriental,Senior Citizen,1,0.011191600195344294,0.022383200390688588,0.041592055998697704,0.0,0.0605567312388084,0.04496988442129253,0.0301,Low
2nd Quarter 2025,Sarangani,Senior Citizen,1,0.030170940170940172,0.02564102564102564,0.004615384615384616,0.0020512820512820513,0.0071794871794871795,0.03717948717948718,0.0178,Low
3rd Quarter 2025,Region 12,Senior Citizen,1,0.0,0.0,0.0,0.0,0.0,0.0,0.0,Low
1st Quarter 2025,City of Zamboanga,Senior Citizen,1,0.02684407096171802,0.018907563025210083,0.009337068160597572,0.01342203548085901,0.02404295051353875,0.0075863678804855275,0.0167,Low
3rd Quarter 2025,Siquijor,Senior Citizen,1,0.02885682574916759,0.07602663706992231,0.0,0.005438401775804662,0.019311875693673698,0.0018867924528301887,0.0219,Low
1st Quarter 2025,BARMM,Senior Citizen,1,0.0,0.0,0.0,1.0,0.0,0.0,0.1667,Low
2nd Quarter 2025,Palawan,Senior Citizen,1,0.05353319057815846,0.018277760783114102,0.018813092688895687,0.016748241052309574,0.03602018966044662,0.019883756500458857,0.0272,Low
3rd Quarter 2025,Abra,Senior Citizen,1,0.029206190713929107,0.012131802296555166,4.992511233150274e-05,0.0,0.0635047428856715,0.03904143784323515,0.024,Low
3rd Quarter 2025,Tarlac,Senior Citizen,1,0.040984102037115396,0.03131233754458079,0.005969292147736203,0.004548751737895183,0.024285196155473615,0.00232726833101614,0.0182,Low
2nd Quarter 2025,Ormoc City,Senior Citizen,1,0.00866113316492241,0.008781426681101889,0.0025261638397690365,0.010405389149524841,0.07464212678936605,0.00042102730662817276,0.0176,Low
1st Quarter 2025,Aurora,Senior Citizen,1,0.04145482987876418,0.08564724286272976,0.05885803676183027,0.05885803676183027,0.05260070394994134,0.021705123191239736,0.0532,Low
1st Quarter 2025,Davao de Oro,Senior Citizen,1,0.022708024560660598,0.0896940503917002,0.0,0.016091467287740843,0.18629578657632861,0.09654880372644506,0.0686,Low
2nd Quarter 2025,Palawan,Senior Citizen,1,0.07448947201354354,0.036874404824886256,0.023542482277007726,0.0279864564596339,0.0325891440059253,0.0055549677282827215,0.0335,Low
1st Quarter 2025,Region 10,Senior Citizen,1,0.0033606115800005132,0.09743208229650342,0.011127215823093301,0.004502193376260229,0.021414278751186476,0.00531027936687104,0.0239,Low
2nd Quarter 2025,Region 2,Senior Citizen,1,0.066538583385282,0.06326837194567361,0.07102490470399477,0.08579195323597641,0.006504654941596068,0.008001798616291784,0.0502,Low
2nd Quarter 2025,Tawi-Tawi,Senior Citizen,1,0.5,0.0,0.5,0.0,0.5,0.5,0.3333,Moderate
3rd Quarter 2025,City of Taguig,Senior Citizen,1,0.0,0.006659997894071812,0.024402442876697905,0.0053437927766663154,0.0079498789091292,0.0151100347478151,0.0099,Low
2nd Quarter 2025,Bukidnon,Senior Citizen,1,0.021984091913389306,0.04297392841361025,0.0,0.003645603181617322,0.006296950950066283,0.0,0.0125,Low
3rd Quarter 2025,Region 2,Senior Citizen,1,0.04548286441263625,0.004293058856789839,0.09587656932242966,0.06071798791660995,0.029156152162759286,0.006497178099117305,0.0403,Low
3rd Quarter 2025,City of Puerto Princesa,Senior Citizen,1,0.02860635696821516,0.11662591687041565,0.005134474327628362,0.014425427872860636,0.045965770171149146,0.03202933985330073,0.0405,Low
3rd Quarter 2025,City of Puerto Princesa,Senior Citizen,1,0.004665629860031105,0.037947122861586316,0.0,0.0009331259720062209,0.21648522550544325,0.018818040435458788,0.0465,Low
3rd Quarter 2025,City of Makati,Senior Citizen,1,0.02305327868852459,0.006019467213114754,0.20978483606557377,0.017802254098360656,0.04802766393442623,0.19351946721311475,0.083,Low
1st Quarter 2025,Pampanga,Senior Citizen,1,0.02543255278140854,0.010478743436939232,0.01771195640133809,0.023449788431290017,0.010257205520724871,0.005239371718469616,0.0154,Low
1st Quarter 2025,Surigao del Norte,Senior Citizen,1,0.012104113578449217,0.048598471059337456,0.06575354932653804,0.029122679286494358,0.034128139788860576,0.02889515835456862,0.0364,Low
3rd Quarter 2025,Quezon City,Senior Citizen,1,0.007623184230645644,0.008504060896832168,0.007263077417424738,0.008675804146214446,0.0023988653865331133,0.0011412615926693333,0.0059,Low
1st Quarter 2025,NCR,Senior Citizen,1,0.0,0.0,0.0,0.0,0.0,0.0,0.0,Low
3rd Quarter 2025,Davao Occidental,Senior Citizen,1,0.010572314632083451,0.030025373555117002,0.03834226106568932,0.07978573442345645,0.09106287003101213,0.009726529461516776,0.0433,Low
3rd Quarter 2025,City of General Santos,Senior Citizen,1,0.008948545861297539,0.015659955257270694,0.0,0.024235645041014168,0.00633855331841909,0.10794183445190157,0.0272,Low
2nd Quarter 2025,Quezon,Senior Citizen,1,0.07392933618843683,0.010599571734475375,0.05,0.0005353319057815846,0.1240899357601713,0.05144539614561028,0.0518,Low
2nd Quarter 2025,City of Cotabato,Senior Citizen,1,0.0016346279586766052,0.5145808813913954,0.07310056231201778,0.03740028769452073,0.5340002615404734,0.007388518373218256,0.1947,Low
1st Quarter 2025,Romblon,Senior Citizen,1,0.03067484662576687,0.1374233128834356,0.02147239263803681,0.016564417177914112,0.050920245398773004,0.04539877300613497,0.0504,Low
3rd Quarter 2025,Ilocos Norte,Senior Citizen,1,0.0230803621325584,0.0026265787414775903,0.0,0.0108975075444283,0.03777802615401811,0.008997429305912597,0.0139,Low
2nd Quarter 2025,Lanao del Norte,Senior Citizen,1,0.014516413695728909,0.022149664666431344,0.04315213554535828,0.017649135192375574,0.01945817154959407,0.0,0.0195,Low
1st Quarter 2025,City of Bacolod,Senior Citizen,1,0.0008453879391320684,0.018880330640616193,0.016719894796167575,0.004696599661844825,0.173304527522074,0.008453879391320683,0.0372,Low
1st Quarter 2025,City of Caloocan,Senior Citizen,1,0.01716188524590164,0.0032872267759562843,0.045765027322404374,0.021431010928961748,0.00234801912568306,0.0053364071038251365,0.0159,Low
2nd Quarter 2025,Quirino,Senior Citizen,1,0.006519274376417234,0.028698979591836735,0.020337301587301588,0.041666666666666664,0.041666666666666664,0.006519274376417234,0.0242,Low
1st Quarter 2025,Masbate,Senior Citizen,1,0.12594594594594594,0.1344144144144144,0.0002702702702702703,0.010810810810810811,0.05612612612612613,0.005135135135135135,0.0555,Low
2nd Quarter 2025,City of Taguig,Senior Citizen,1,0.0,0.032324547130925266,0.005098166829374118,0.009057381494739126,0.0005423581733376722,0.0023050222366851067,0.0082,Low
2nd Quarter 2025,City of Olongapo,Senior Citizen,1,0.020802514792899407,0.01201923076923077,0.0026349852071005917,0.006518121301775148,0.011603180473372781,0.0,0.0089,Low
2nd Quarter 2025,City of Mandaluyong,Senior Citizen,1,0.008217821782178218,0.014158415841584159,0.06564356435643565,0.010495049504950496,0.17188118811881187,0.011782178217821782,0.047,Low
2nd Quarter 2025,Region 1,Senior Citizen,1,0.0,0.0,0.0,0.0,0.0,0.0,0.0,Low
3rd Quarter 2025,Ormoc City,Senior Citizen,1,0.007307406489967798,0.01684419123111221,0.0,0.0,0.027000247708694577,0.0034679217240525142,0.0091,Low
2nd Quarter 2025,City of Muntinlupa,Senior Citizen,1,0.03478362028850628,0.005642159143787808,0.0031991624011167984,0.009481154025127966,0.0,0.010062819916240112,0.0105,Low
1st Quarter 2025,City of Makati,Senior Citizen,1,0.015312819017062855,0.021073355694910312,0.08254338632054835,0.04557386612221088,0.07714744057167858,0.0,0.0403,Low
2nd Quarter 2025,Region 9,Senior Citizen,1,0.0,0.0,0.0,0.0,0.0,0.0,0.0,Low
1st Quarter 2025,Siquijor,Senior Citizen,1,0.04330065359477124,0.061070261437908495,0.0,0.0051062091503267975,0.0763888888888889,0.0053104575163398695,0.0319,Low
2nd Quarter 2025,City of Mandaluyong,Senior Citizen,1,0.03288910042836744,0.038315088053307945,0.05649690623512613,0.019847691575440266,0.031175630652070442,0.003950499762018086,0.0304,Low
1st Quarter 2025,Sultan Kudarat,Senior Citizen,1,0.041359889245484865,0.0034453464225033038,0.0013844314391794096,0.0,0.02896293499465106,0.03039456296016613,0.0176,Low
2nd Quarter 2025,City of Navotas,Senior Citizen,1,0.017684887459807074,0.02075416544869921,0.12233265127155803,0.13636363636363635,0.19760304004676996,0.08155510084770536,0.096,Low
1st Quarter 2025,Pasay City,Senior Citizen,1,0.004707233065442021,0.003960964408725603,0.014351320321469576,0.007290470723306544,0.0039035591274397246,0.006946039035591274,0.0069,Low
2nd Quarter 2025,Region 4B,Senior Citizen,1,0.0059597816098167465,0.04442132007135521,0.03146116006270609,0.02351478458295043,0.04832693659116709,0.010581653062327693,0.0274,Low
1st Quarter 2025,Cagayan,Senior Citizen,1,0.03242583552384529,0.08011641006383778,0.0838152459631994,0.07455876830642133,0.06109650769808487,0.018794592564776568,0.0585,Low
3rd Quarter 2025,Isabela,Senior Citizen,1,0.03903395055427393,0.0401159585978809,0.07792499438580731,0.11935773635751179,0.027662658473347895,0.01571973950145969,0.0533,Low
3rd Quarter 2025,City of San Juan,Senior Citizen,1,0.0,0.03058103975535168,0.0,0.0,0.09887869520897044,0.02217125382262997,0.0253,Low
3rd Quarter 2025,Region 12,Senior Citizen,1,0.017990365975444986,0.023497620865887327,0.006946484168477942,0.0017623215649415498,0.0038917934559125887,0.006344357633789579,0.0101,Low
2nd Quarter 2025,Lanao del Norte,Senior Citizen,1,0.007912517780938834,0.0,0.0,0.004445234708392603,0.0019559032716927453,0.004445234708392603,0.0031,Low
1st Quarter 2025,Region 7,Senior Citizen,1,0.0,0.0,0.0,0.5,0.0,0.0,0.0833,Low
1st Quarter 2025,Region 9,Senior Citizen,1,0.06520064430282232,0.05168429161706002,0.030324252398627356,0.04095174732124098,0.02256810701029484,0.009822116394705512,0.0368,Low
1st Quarter 2025,Iloilo,Senior Citizen,1,0.02009534970436265,0.012970755872796037,0.0,0.0017977947051616683,0.02711340755340116,0.013769775741756779,0.0126,Low
1st Quarter 2025,Davao del Norte,Senior Citizen,1,0.06025772206945066,0.02542047707360747,0.15372194154889046,0.2199750591545693,0.0904105646863209,0.0,0.0916,Low
1st Quarter 2025,NCR,Senior Citizen,1,0.0,0.0,0.0,0.0,0.0,0.0,0.0,Low
1st Quarter 2025,Cavite,Senior Citizen,1,0.00393115172120697,0.0055248618784530384,0.03357416064598385,0.06821079473013175,0.11543773905652359,0.004674883127921802,0.0386,Low
3rd Quarter 2025,City of Taguig,Senior Citizen,1,0.007639557266602502,0.016452117420596726,0.03091915303176131,0.0,0.007609480269489894,0.013203801732435034,0.0126,Low
3rd Quarter 2025,NCR,Senior Citizen,1,0.005424384008978291,0.002681017383747891,0.0109734665009216,0.002723882487267116,0.04546623593732343,0.015583413543034616,0.0138,Low
1st Quarter 2025,Ilocos Norte,Senior Citizen,1,0.012203436051268066,0.009919552767930188,0.011896645759476411,0.0,0.029179165530406326,0.0,0.0105,Low
3rd Quarter 2025,Batangas,Senior Citizen,1,0.0053204965796807705,0.0001266784899923993,0.000886749429946795,0.0018157250232243899,0.02989612363820623,0.09627565239422346,0.0224,Low
1st Quarter 2025,Aklan,Senior Citizen,1,0.02791530601495839,0.06783946065521963,0.08611608553671127,0.06562730432950595,0.03181291477931107,0.0006320446644896239,0.0467,Low
3rd Quarter 2025,Batanes,Senior Citizen,1,0.010248112189859764,0.024271844660194174,0.05609492988133765,0.04908306364617044,0.010787486515641856,0.06040992448759439,0.0351,Low
3rd Quarter 2025,Eastern Samar,Senior Citizen,1,0.012933676596788036,0.03181316660536962,0.0066200809121000365,0.0018389113644722325,0.017040578644109353,0.011830329778104696,0.0137,Low
3rd Quarter 2025,City of Butuan,Senior Citizen,1,0.022546809136359182,0.02401725321046956,0.01769434369179492,0.00397019900009803,0.12488971669444172,0.0059798059013822175,0.0332,Low
1st Quarter 2025,Occidental Mindoro,Senior Citizen,1,0.06865177832919768,0.054177005789909014,0.039495450785773364,0.024607113316790736,0.017369727047146403,0.0163358147229115,0.0368,Low
2nd Quarter 2025,Guimaras,Senior Citizen,1,0.022271599834642414,0.0,0.008422902025630426,0.0,0.025785448532451426,0.010334849111202976,0.0111,Low
2nd Quarter 2025,City of Mandaluyong,Senior Citizen,1,0.009025117071094083,0.03209876543209877,0.03409961685823755,0.041081311196253724,0.11413367390378884,0.03635589612601107,0.0445,Low
2nd Quarter 2025,Pangasinan,Senior Citizen,1,0.49438004917456974,0.5455742887249737,0.0,0.011064278187565859,0.5290217773094485,0.005795574288724974,0.2643,Moderate
1st Quarter 2025,Sarangani,Senior Citizen,1,0.033974072418417524,0.02082402026523618,0.008903293100879154,0.020153479362241097,0.06407390850841901,0.02056325435851587,0.0281,Low
1st Quarter 2025,City of Isabela,Senior Citizen,1,0.01010739102969046,0.03979785217940619,0.00505369551484523,0.053379658875552745,0.11054958938723942,0.011370814908401769,0.0384,Low
2nd Quarter 2025,Ilocos Norte,Senior Citizen,1,0.024198250728862974,0.018610301263362487,0.0017006802721088435,0.0012633624878522838,0.034256559766763846,0.0013119533527696794,0.0136,Low
2nd Quarter 2025,Ormoc City,Senior Citizen,1,0.017830450565876576,0.002509075379030536,0.004537689515267991,0.007100149476831091,0.036408285287209054,0.0013879991458466796,0.0116,Low
1st Quarter 2025,City of Muntinlupa,Senior Citizen,1,0.006298071563928213,0.020789209675621447,0.00033441087950061306,0.0006688217590012261,0.031601828112807935,0.008471742280682199,0.0114,Low
2nd Quarter 2025,NIR,Senior Citizen,1,0.0,0.0,0.0,0.0,0.0,0.0,0.0,Low
1st Quarter 2025,Catanduanes,Senior Citizen,1,0.0947941217246638,0.12934978511021766,0.02966865381949258,0.02835158741161791,0.0,0.012373492305559407,0.0491,Low
1st Quarter 2025,NCR,Senior Citizen,1,0.00984874306574391,0.007019467785039296,0.0073504349501326335,0.004540918903164935,0.04196737750510035,0.002950300587343223,0.0123,Low
1st Quarter 2025,Sultan Kudarat,Senior Citizen,1,0.04159972057282571,0.035033181976947256,0.004400977995110024,0.0035626964722319247,0.038037024100593786,0.004296192804750262,0.0212,Low
1st Quarter 2025,Iloilo,Senior Citizen,1,0.020011297543830287,0.03833842420184945,0.0,0.005361102975019875,0.021538558098665218,0.0,0.0142,Low
3rd Quarter 2025,South Cotabato,Senior Citizen,1,0.02231764848191605,0.03852667231160034,0.0065924761098342805,0.008951251965646546,0.0019354058304100641,0.04100641103181323,0.0199,Low
3rd Quarter 2025,Nueva Vizcaya,Senior Citizen,1,0.013589824783618323,0.008074730842305257,0.015753641545281825,0.02345894025754697,0.012534304412075153,0.0008971923158116952,0.0124,Low
2nd Quarter 2025,Tarlac,Senior Citizen,1,0.02851157919236588,0.01059001512859304,0.00750610962411265,0.014779471662981497,0.00901896892819737,0.0026184103339927847,0.0122,Low
3rd Quarter 2025,Nueva Vizcaya,Senior Citizen,1,0.02593782481337995,0.021355003307190777,0.01261457053765473,0.025654351318151754,0.01785883019937636,0.005763961069639989,0.0182,Low
1st Quarter 2025,Maguindanao del Norte,Senior Citizen,1,0.0,0.0,0.0,0.0,1.0,0.0,0.1667,Low
2nd Quarter 2025,Samar,Senior Citizen,1,0.06836388323150033,0.06191446028513238,0.0034623217922606924,0.012695179904955872,0.025594025797691787,0.010251188051595384,0.0304,Low
2nd Quarter 2025,Region 7,Senior Citizen,1,0.05818912427638872,0.06105277743564479,0.14094254218499816,0.06909717945559798,0.09189863283655622,0.023378802808227614,0.0741,Low
3rd Quarter 2025,Zambales,Senior Citizen,1,0.026266622705791845,0.019892295856687548,0.003022310143971865,0.00741839762611276,0.017749203209143864,0.0052203538850423125,0.0133,Low
2nd Quarter 2025,Marinduque,Senior Citizen,1,0.014672256097560975,0.020198170731707318,0.0,0.0005716463414634146,0.035823170731707314,0.004573170731707317,0.0126,Low
1st Quarter 2025,Tawi-Tawi,Senior Citizen,1,0.15185601799775028,0.3830146231721035,0.03543307086614173,0.08942632170978627,0.0044994375703037125,0.03824521934758155,0.1171,Low
2nd Quarter 2025,Caraga,Senior Citizen,1,0.04538780343398461,0.06867969212551805,0.08454114860864417,0.0719360568383659,0.07467732386027236,0.018987566607460035,0.0607,Low
1st Quarter 2025,Batangas,Senior Citizen,1,0.04548491259325242,0.018873176706380137,0.027725197639461085,0.009854136510410868,0.05043981739227257,0.00033403852577663955,0.0255,Low
2nd Quarter 2025,Pasay City,Senior Citizen,1,0.0,0.0,0.0,0.006005448241703814,0.0007429420505200594,0.0004952947003467063,0.0012,Low
2nd Quarter 2025,Misamis Oriental,Senior Citizen,1,0.05799834421856315,0.030861926225738204,0.014396099714837641,0.0022996964400699106,0.014764051145248827,0.009566737190690828,0.0216,Low
1st Quarter 2025,Sorsogon,Senior Citizen,1,0.010953081575935917,0.00019072530107351097,0.012615116342433655,0.0051768296005667265,0.05585526674295679,0.0038145060214702198,0.0148,Low
2nd Quarter 2025,City of Marikina,Senior Citizen,1,0.0058997050147492625,0.06010324483775811,0.12094395280235988,0.11799410029498525,0.06047197640117994,0.056784660766961655,0.0704,Low
1st Quarter 2025,Nueva Vizcaya,Senior Citizen,1,0.0329744983277592,0.002351588628762542,0.028010033444816052,0.007838628762541806,0.012698578595317726,0.008361204013377926,0.0154,Low
3rd Quarter 2025,Cagayan,Senior Citizen,1,0.10648537966932027,0.06575321494182486,0.04626263012859767,0.08164612676056338,0.06205029087568892,0.017892682180036742,0.0633,Low
2nd Quarter 2025,City of Makati,Senior Citizen,1,0.007082152974504249,0.01395184135977337,0.08194050991501417,0.03973087818696884,0.26643059490084986,0.05701133144475921,0.0777,Low
2nd Quarter 2025,Dinagat Islands,Senior Citizen,1,0.02528599963682586,0.0019520610132558562,0.03781550753586345,0.035500272380606504,0.04162883602687489,0.0,0.0237,Low
2nd Quarter 2025,City of Mandaluyong,Senior Citizen,1,0.016966849386583136,0.02153484729835552,0.039371791525276256,0.027930044374836857,0.0,0.03663099277821283,0.0237,Low
3rd Quarter 2025,Zamboanga del Sur,Senior Citizen,1,0.030964256026600166,0.030756442227763924,0.02218412302576891,0.00041562759767248546,0.012884455527847049,0.005610972568578554,0.0171,Low
1st Quarter 2025,City of Valenzuela,Senior Citizen,1,0.0035294117647058825,0.0003361344537815126,0.0028011204481792717,0.0006722689075630252,0.03697478991596639,0.01103641456582633,0.0092,Low
1st Quarter 2025,City of Naga,Senior Citizen,1,0.012625208681135225,0.0141381469115192,0.040692821368948244,0.022328881469115193,0.027702420701168615,0.0,0.0196,Low
2nd Quarter 2025,Samar,Senior Citizen,1,0.10369840621168779,0.015324887617490806,0.007934886255278573,0.0064705081051627845,0.04127503064977524,0.005823457294646506,0.0301,Low
2nd Quarter 2025,Zamboanga del Sur,Senior Citizen,1,0.06813174708085482,0.06245869134170522,0.034974664022912536,0.05463758537122714,0.006278916060806345,0.004185944040537563,0.0384,Low
2nd Quarter 2025,City of Cebu,Senior Citizen,1,0.016961279461279462,0.06759259259259259,0.21148989898989898,0.2148989898989899,0.06881313131313131,0.020664983164983164,0.1001,Low
2nd Quarter 2025,City of Lapu-Lapu,Senior Citizen,1,0.021241996137818884,0.0722126232340685,0.05305417217196869,0.1703933326557577,0.24966968187823965,0.029322085577802623,0.0993,Low
2nd Quarter 2025,Nueva Ecija,Senior Citizen,1,0.002286189338044269,0.004884131767640029,0.011404967265925388,0.013886002286189338,0.04529512626000208,0.009170736776473034,0.0145,Low
1st Quarter 2025,Quezon City,Senior Citizen,1,0.0030435079971470164,0.011646425465808167,0.0017440326725224476,0.004020557113406091,0.0,0.0015241966213641559,0.0037,Low
3rd Quarter 2025,Bulacan,Senior Citizen,1,0.037104736490993995,0.06400933955970647,0.04675783855903936,0.01876584389593062,0.03509006004002668,0.02069379586390927,0.0371,Low
1st Quarter 2025,Region 4B,Senior Citizen,1,0.07953271833778774,0.036468661091473405,0.015834698393539674,0.032387849527258095,0.028120240250596316,0.032301635198436644,0.0374,Low
1st Quarter 2025,Zamboanga del Sur,Senior Citizen,1,0.013765714842607933,0.07345775265568658,0.0458045024851379,0.017298508917259526,0.013400253386609492,0.012986063736477926,0.0295,Low
2nd Quarter 2025,City of Las Piñas,Senior Citizen,1,0.037644389438943895,0.05218646864686469,0.1709983498349835,0.036613036303630365,0.06569719471947194,0.05063943894389439,0.069,Low
3rd Quarter 2025,Sarangani,Senior Citizen,1,0.052541301796515304,0.01566308567301616,0.008440913604766634,0.015482531371309921,0.02049291324365803,0.01674641148325359,0.0216,Low
3rd Quarter 2025,Surigao del Sur,Senior Citizen,1,0.009367267585719336,0.048073524213503006,0.10653057617532698,0.003976670201484623,0.055496641922940966,0.011399787910922587,0.0391,Low
3rd Quarter 2025,Tawi-Tawi,Senior Citizen,1,0.44553941908713696,0.0015560165975103733,0.10477178423236515,0.5202282157676349,0.032157676348547715,0.01970954356846473,0.1873,Low
1st Quarter 2025,Zambales,Senior Citizen,1,0.028318276580959,0.01992124160296502,0.005385684503127172,0.0032429928190873293,0.026059763724808897,0.00526986333101691,0.0147,Low
2nd Quarter 2025,Basilan,Senior Citizen,1,0.003043478260869565,0.43478260869565216,0.011956521739130435,0.002173913043478261,0.015869565217391305,0.013478260869565217,0.0802,Low
2nd Quarter 2025,Negros Occidental,Senior Citizen,1,0.0,0.0036095908261662758,0.016862131873859786,0.005968204326296586,0.04235079489184258,0.0,0.0115,Low
1st Quarter 2025,City of Marikina,Senior Citizen,1,0.029567699836867863,0.030587275693311582,0.06851549755301795,0.04037520391517129,0.08544045676998369,0.030179445350734094,0.0474,Low
1st Quarter 2025,Siquijor,Senior Citizen,1,0.03542174009298207,0.07117555899933584,0.003099402258135931,0.0,0.10161611689174231,0.002213858755811379,0.0356,Low
1st Quarter 2025,Samar,Senior Citizen,1,0.009672455484721917,0.0008793141349747197,0.0010991426687183997,0.0,0.005550670477027919,0.002692899538360079,0.0033,Low
1st Quarter 2025,Aurora,Senior Citizen,1,0.00973724884080371,0.020401854714064915,0.0,0.12442040185471406,0.04837712519319938,0.019938176197836166,0.0371,Low
1st Quarter 2025,Batangas,Senior Citizen,1,0.042568718073461444,0.14775399335117165,0.03906186653693343,0.031217059920538394,0.05055542041676802,0.10909754317684262,0.07,Low
3rd Quarter 2025,Capiz,Senior Citizen,1,0.04532617904546738,0.04160783206250589,0.04549091593711758,0.010849101007248424,0.007177821707615551,0.015461733973453826,0.0277,Low
2nd Quarter 2025,City of Davao,Senior Citizen,1,0.04029135165037802,0.045869444956666054,0.16494560206527753,0.1263138484233819,0.04130555043333948,0.002996496404204315,0.0703,Low
3rd Quarter 2025,Capiz,Senior Citizen,1,0.016199070461715915,0.016216032839162738,0.021610068867252433,0.03382298062896496,0.021169047053635037,0.007921430267666316,0.0195,Low
1st Quarter 2025,Tarlac,Senior Citizen,1,0.012005433651928089,0.012274668657373979,0.007269345147039027,0.0030472507434557536,0.00823614357568563,0.011130419884228948,0.009,Low
2nd Quarter 2025,Davao del Norte,Senior Citizen,1,0.022727272727272728,0.0025826446280991736,0.16752754820936638,0.11828512396694214,0.03133608815426997,0.006772268135904499,0.0582,Low
2nd Quarter 2025,Pasay City,Senior Citizen,1,0.004177545691906005,0.0,0.00587467362924282,0.009007832898172323,0.009007832898172323,0.012402088772845953,0.0067,Low
3rd Quarter 2025,Ilocos Sur,Senior Citizen,1,0.017387238968787567,0.015494901821096219,0.0040295649850839305,0.0029164254864419608,0.05850661204862193,0.0042967184647580035,0.0171,Low
1st Quarter 2025,Bohol,Senior Citizen,1,0.1221387933315692,0.05221288700714475,0.038121857634294785,0.04004035459116168,0.011742524477374967,0.12103069595130987,0.0642,Low
3rd Quarter 2025,City of San Juan,Senior Citizen,1,0.0009596928982725527,0.020873320537428023,0.044145873320537425,0.006957773512476007,0.10844529750479846,0.0,0.0302,Low
3rd Quarter 2025,City of Zamboanga,Senior Citizen,1,0.054477810257773054,0.009301089556205155,0.005447781025777305,0.017804942864735582,0.019399415360085038,0.016874833909115067,0.0206,Low
2nd Quarter 2025,Pampanga,Senior Citizen,1,0.018890961179795804,0.0,0.010363590916956681,0.02498606010498183,0.005979734276759792,0.005931665673248861,0.011,Low
1st Quarter 2025,Rizal,Senior Citizen,1,0.017948717948717947,0.0456305599162742,0.01313448456305599,0.006279434850863423,0.04986917844060701,0.04814233385661957,0.0302,Low
1st Quarter 2025,Lanao del Norte,Senior Citizen,1,0.005303847536857246,0.022473930240920533,0.002696871628910464,0.06256742179072276,0.03047464940668824,0.005573534699748292,0.0215,Low
2nd Quarter 2025,City of Parañaque,Senior Citizen,1,0.0029476086336407722,0.005800133117809261,0.00827232100408862,0.008747741751450034,0.006275553865170676,0.0022344775125986496,0.0057,Low
3rd Quarter 2025,Pangasinan,Senior Citizen,1,0.5040282175638302,0.05258727804721632,0.0023247424746482824,0.009589562707924165,0.052386869213194916,0.0,0.1035,Low
2nd Quarter 2025,Negros Occidental,Senior Citizen,1,0.0010784388799550757,0.06898818184138653,0.0006955611710952855,0.010337698139214336,0.05264568496822115,0.013017842101232866,0.0245,Low
2nd Quarter 2025,Leyte,Senior Citizen,1,0.007466949567488167,0.012404112942712583,0.013138566998531092,0.02133997062183777,0.0,0.01085359882487351,0.0109,Low
1st Quarter 2025,City of Dagupan,Senior Citizen,1,0.01878453038674033,0.03793738489871087,0.0009208103130755065,0.010313075506445672,0.007366482504604052,0.00570902394106814,0.0135,Low
1st Quarter 2025,Bataan,Senior Citizen,1,0.0024155650226184724,0.019247661293864463,0.005270323685713031,0.0036013878519039044,0.017161491501603055,0.009036409152795468,0.0095,Low
1st Quarter 2025,Special Geographic Area (SGA),Senior Citizen,1,0.5022018567007855,0.009878600333253986,0.021423470602237562,0.00023803856224708403,0.030945013092120922,0.5090454653653892,0.179,Low
2nd Quarter 2025,Negros Occidental,Senior Citizen,1,0.07304243547463955,0.01678204464310049,0.00416314627565343,0.006118666703006187,0.03668474557793464,0.006997628846311084,0.024,Low
3rd Quarter 2025,Sulu,Senior Citizen,1,0.06465305118110236,0.0,0.005843996062992126,0.004921259842519685,0.07135826771653543,0.00018454724409448819,0.0245,Low
1st Quarter 2025,Benguet,Senior Citizen,1,0.021396001403016486,0.01934993569507775,0.0,0.010288787559920496,0.03571846135858763,0.00935344323629136,0.016,Low
1st Quarter 2025,Region 7,Senior Citizen,1,0.0,0.0,0.5,0.0,0.0,0.0,0.0833,Low
1st Quarter 2025,Pampanga,Senior Citizen,1,0.015984585907730726,0.01181890594389787,0.0017653010699446728,0.022959677940195045,0.01617833846418807,0.005844868786463155,0.0124,Low
3rd Quarter 2025,Davao de Oro,Senior Citizen,1,0.0191331622469347,0.024607927003136583,0.05394924436840604,0.033390362132877105,0.10724265754205874,0.006843455945252352,0.0409,Low
3rd Quarter 2025,City of Iligan,Senior Citizen,1,0.0011711125569290827,0.044046844502277166,0.06955107351984385,0.029277813923227064,0.01073519843851659,0.0,0.0258,Low
2nd Quarter 2025,Laguna,Senior Citizen,1,0.004475774868524113,0.0452612733579501,0.0008392077878482712,0.03401588900078326,0.10445339599418149,0.14652567975830816,0.0559,Low
3rd Quarter 2025,Sultan Kudarat,Senior Citizen,1,0.010877292762690175,0.026375657614104934,0.0012441347931181573,0.0,0.03103227641120432,0.0066472344660884405,0.0127,Low
1st Quarter 2025,City of Butuan,Senior Citizen,1,0.013681592039800995,0.021282476506357104,0.008844665561083471,0.009812050856826977,0.06370923161967938,0.0041459369817578775,0.0202,Low
3rd Quarter 2025,Region 3,Senior Citizen,1,0.016103482378064256,0.02072666964231015,0.014232765335503803,0.018678726774665023,0.009988097426068387,0.012410183702225606,0.0154,Low
1st Quarter 2025,Maguindanao del Sur,Senior Citizen,1,0.47112176814011675,0.008027522935779817,0.011363636363636364,0.0052126772310258545,0.5299207673060884,0.0018765638031693077,0.1713,Low
3rd Quarter 2025,Quirino,Senior Citizen,1,0.03503803204402007,0.0075254895614177055,0.04944165722608836,0.05559151966337595,0.03746560932189675,0.0004855154555753358,0.0309,Low
1st Quarter 2025,Southern Leyte,Senior Citizen,1,0.0,0.0045667313620276285,0.009675762073296039,0.015726681127982648,0.04623815504052974,0.0042527685808882295,0.0134,Low
1st Quarter 2025,City of General Santos,Senior Citizen,1,0.009162303664921465,0.010762070971495055,0.0533740546829552,0.02123327515997673,0.0,0.1516870273414776,0.041,Low
2nd Quarter 2025,CAR,Senior Citizen,1,0.038783120706575074,0.03609421000981354,0.0006673209028459274,0.0002944062806673209,0.126702649656526,0.052826300294406284,0.0426,Low
3rd Quarter 2025,Antique,Senior Citizen,1,0.03930572851805728,0.02716376089663761,0.0,0.0038138231631382317,0.022026774595267747,0.007861145703611457,0.0167,Low
3rd Quarter 2025,Region 6,Senior Citizen,1,0.021301636985523342,0.010661862149916069,0.01079754136638437,0.0,0.014176900455629741,0.010377882394517297,0.0112,Low
3rd Quarter 2025,City of San Juan,Senior Citizen,1,0.006947771921418304,0.006468615237182559,0.011739338763775755,0.01509343555342597,0.007666506947771922,0.0,0.008,Low
1st Quarter 2025,Region 11,Senior Citizen,1,0.08023881870035716,0.11291113598805906,0.12703235780158856,0.06949197718428488,0.15176715176715178,0.0022495868649714803,0.0906,Low
2nd Quarter 2025,Isabela,Senior Citizen,1,0.0582213691618682,0.033802516528044356,0.058240186669677466,0.0699760390400562,0.011873847427646682,0.013322795528960145,0.0409,Low
1st Quarter 2025,City of Isabela,Senior Citizen,1,0.08627264061010487,0.036939942802669205,0.00905624404194471,0.04694947569113441,0.025262154432793137,0.0023832221163012394,0.0345,Low
3rd Quarter 2025,City of Dagupan,Senior Citizen,1,0.005619380619380619,0.052947052947052944,0.002122877122877123,0.0014985014985014985,0.0,0.003871128871128871,0.011,Low
2nd Quarter 2025,Romblon,Senior Citizen,1,0.10437352245862884,0.04988179669030733,0.019148936170212766,0.01442080378250591,0.22966903073286052,0.07281323877068557,0.0817,Low
3rd Quarter 2025,Rizal,Senior Citizen,1,0.0323696682464455,0.023791469194312798,0.03028436018957346,0.014360189573459716,0.05928909952606635,0.0,0.0267,Low
3rd Quarter 2025,South Cotabato,Senior Citizen,1,0.01285240464344942,0.000979948741142771,0.005992763455450022,0.006369666817428011,0.054161013116237,0.006746570179406,0.0145,Low
1st Quarter 2025,Albay,Senior Citizen,1,0.03414559621113742,0.003781223741501795,0.007753418379039034,0.0024444274692536857,0.031815751279505006,0.004124971354365595,0.014,Low
2nd Quarter 2025,Pangasinan,Senior Citizen,1,0.5,0.0,0.0,0.0,0.5,0.0,0.1667,Low
2nd Quarter 2025,Biliran,Senior Citizen,1,0.034596871239470514,0.029783393501805054,0.010830324909747292,0.08543922984356198,0.02888086642599278,0.0036101083032490976,0.0322,Low
3rd Quarter 2025,Cotabato,Senior Citizen,1,0.0,0.05315209537572255,0.0015354046242774567,0.004019147398843931,0.005825505780346821,0.0,0.0108,Low
1st Quarter 2025,City of Angeles,Senior Citizen,1,0.03948025987006497,0.030776278527402966,0.0269032150591371,0.0,0.01694985840413127,0.00283191737464601,0.0195,Low
1st Quarter 2025,Region 9,Senior Citizen,1,0.05791987840625339,0.045706220822929106,0.03357398762349365,0.04383345999348605,0.012878623385083053,0.009295950493974596,0.0339,Low
2nd Quarter 2025,Isabela,Senior Citizen,1,0.06645265810632425,0.0296611864474579,0.0328513140525621,0.08918356734269371,0.019800792031681266,0.007870314812592503,0.041,Low
1st Quarter 2025,Davao Oriental,Senior Citizen,1,0.06190793545008807,0.04405674299043176,0.2604131956014662,0.2790974437092398,0.0,0.013090874470414625,0.1098,Low
1st Quarter 2025,Southern Leyte,Senior Citizen,1,0.0051462100808003074,0.010653135821469796,0.0015631011927664485,0.01183147364370912,0.03626394767218161,0.006011927664486341,0.0119,Low
3rd Quarter 2025,Davao del Norte,Senior Citizen,1,0.06201847033011888,0.02339405071687331,0.033369049441298024,0.10844941068421858,0.12592479208122864,0.0074238481555181386,0.0601,Low
3rd Quarter 2025,Romblon,Senior Citizen,1,0.016726403823178016,0.1135005973715651,0.021505376344086023,0.011947431302270013,0.053763440860215055,0.007168458781362007,0.0374,Low
2nd Quarter 2025,Ilocos Sur,Senior Citizen,1,0.014232537770965623,0.021622509305890082,0.002572804904751478,0.0014779943069848916,0.07893584409897088,0.0,0.0198,Low
1st Quarter 2025,Davao de Oro,Senior Citizen,1,0.05912247157089665,0.09343866358055751,0.022491697695481535,0.16700211331387743,0.06777699506893428,0.01595048807487169,0.071,Low
1st Quarter 2025,City of Malabon,Senior Citizen,1,0.04323031640912436,0.0627299484915379,0.02005150846210449,0.006254598969830758,0.003495217071376012,0.0,0.0226,Low
1st Quarter 2025,Batangas,Senior Citizen,1,0.03567606136282554,0.023605660601736234,0.0392436674991081,0.04970864549887026,0.10262813652039482,0.08276846236175527,0.0556,Low
2nd Quarter 2025,Batanes,Senior Citizen,1,0.03128689492325856,0.023022432113341203,0.05844155844155844,0.028925619834710745,0.04191263282172373,0.00885478158205431,0.0321,Low
2nd Quarter 2025,Region 7,Senior Citizen,1,0.0012283608524252985,0.03237540231198461,0.025986021443942943,0.03363232969586166,0.07466339103772687,0.026424041592869794,0.0324,Low
3rd Quarter 2025,City of Puerto Princesa,Senior Citizen,1,0.04780361757105943,0.03359173126614987,0.013781223083548665,0.01765719207579673,0.12187769164513351,0.08311800172265288,0.053,Low
2nd Quarter 2025,City of General Santos,Senior Citizen,1,0.010284810126582278,0.02353639240506329,0.0,0.003560126582278481,0.020174050632911392,0.14260284810126583,0.0334,Low
3rd Quarter 2025,Aklan,Senior Citizen,1,0.0254394861392833,0.014283299526707234,0.02442528735632184,0.01910074374577417,0.002958079783637593,0.016480730223123734,0.0171,Low
2nd Quarter 2025,Quirino,Senior Citizen,1,0.021753039027511197,0.0018660695244188527,0.02436553636169759,0.03620174877372574,0.006877799104286628,0.011143100874386863,0.017,Low
1st Quarter 2025,Batanes,Senior Citizen,1,0.007309941520467836,0.09015594541910331,0.03898635477582846,0.08430799220272904,0.042884990253411304,0.019980506822612085,0.0473,Low
1st Quarter 2025,Quirino,Senior Citizen,1,0.031100191754554172,0.008029721955896452,0.033976510067114093,0.03229865771812081,0.03157957813998082,0.0018576222435282839,0.0231,Low
2nd Quarter 2025,Sulu,Senior Citizen,1,0.08667883211678833,0.5,0.0,0.002281021897810219,0.49452554744525545,0.008211678832116789,0.1819,Low
2nd Quarter 2025,Cagayan,Senior Citizen,1,0.002413319077440049,0.09146173820070261,0.07644722773789522,0.06894760959217962,0.03748281655720177,0.004093477928822362,0.0468,Low
3rd Quarter 2025,Quezon,Senior Citizen,1,0.01989157298891812,0.0,0.03810890536554253,0.03240851470939966,0.11337000717531691,0.006736825320896117,0.0351,Low
2nd Quarter 2025,Kalinga,Senior Citizen,1,0.05399692544196772,0.05402895208813733,0.002818344862925954,0.016525749423520367,0.009383807327696643,0.021041506533435818,0.0263,Low
2nd Quarter 2025,City of Iloilo,Senior Citizen,1,0.017494979919678716,0.022640562248995983,0.0,0.0,0.012926706827309236,0.0,0.0088,Low
1st Quarter 2025,Aklan,Senior Citizen,1,0.02798286391395497,0.0041928721174004195,0.01973384376993893,0.01781970649895178,0.03039832285115304,0.0033725275726916417,0.0173,Low
1st Quarter 2025,Region 1,Senior Citizen,1,0.06428610759319421,0.04486720628452912,0.0018262577317695427,0.004992382945138851,0.04532606501110438,0.002909164326487161,0.0274,Low
3rd Quarter 2025,City of Lapu-Lapu,Senior Citizen,1,0.04975245121832832,0.0514998543830696,0.09008834093777303,0.08649645665469372,0.03873410348509854,0.017813804485001455,0.0557,Low
1st Quarter 2025,Davao del Norte,Senior Citizen,1,0.08036864312680435,0.026182544970019987,0.12767044192760382,0.11299133910726182,0.14241616699977794,0.0,0.0816,Low
2nd Quarter 2025,Region 6,Senior Citizen,1,0.031852223365097715,0.03126567321505989,0.017205471067776295,0.00805443865450496,0.034287681596776524,0.0,0.0204,Low
3rd Quarter 2025,Laguna,Senior Citizen,1,0.05020013342228152,0.03079830998443407,0.07499444073826995,0.014954414053813654,0.09389593062041361,0.057871914609739825,0.0538,Low
1st Quarter 2025,Quezon City,Senior Citizen,1,0.004461221688400824,0.01591455044612217,0.0,0.01106726149622512,0.0,0.01342656142759094,0.0075,Low
1st Quarter 2025,Agusan del Norte,Senior Citizen,1,0.04088031170096189,0.08638743455497382,0.09710215511993181,0.05485206380129064,0.08221721660781688,0.02471691221234628,0.0644,Low
1st Quarter 2025,Palawan,Senior Citizen,1,0.05933441558441559,0.034983766233766235,0.02426948051948052,0.012175324675324676,0.039285714285714285,0.03701298701298701,0.0345,Low
2nd Quarter 2025,Surigao del Sur,Senior Citizen,1,0.043411315898331575,0.03695362412097256,0.05058142207105759,0.04559452130348853,0.0,0.025554993795100428,0.0337,Low
2nd Quarter 2025,BARMM,Senior Citizen,1,0.04918167747884217,0.5049889682879442,0.4350775512892284,0.0021240162017980044,0.05524088648862252,0.5,0.2578,Moderate
1st Quarter 2025,Oriental Mindoro,Senior Citizen,1,0.07646299191191464,0.07782233399034867,0.019098756201998232,0.04560592673146197,0.02722082512064161,0.030415279004961597,0.0461,Low
3rd Quarter 2025,Bulacan,Senior Citizen,1,0.00823045267489712,0.044509421702404156,0.005577214641542127,0.01369937188650639,0.014836473900801386,0.01397011046133853,0.0168,Low
2nd Quarter 2025,City of Muntinlupa,Senior Citizen,1,0.011619634811477354,0.004149869575527626,0.004149869575527626,0.0014228124258951862,0.09200853687455537,0.006046952810054541,0.0199,Low
1st Quarter 2025,Occidental Mindoro,Senior Citizen,1,0.08216676810712112,0.08957192128220734,0.04960438222763238,0.028910529519172244,0.023128423615337797,0.00953540271860418,0.0472,Low
2nd Quarter 2025,Quezon,Senior Citizen,1,0.1169582649899763,0.06478950246036086,0.07075815564060507,0.02929651904501549,0.1016949152542373,0.0,0.0639,Low
2nd Quarter 2025,Aurora,Senior Citizen,1,0.059995484817699514,0.07258155548030251,0.01969748278586748,0.09194039959363359,0.03877412800541822,0.043402189863415735,0.0544,Low
1st Quarter 2025,Agusan del Sur,Senior Citizen,1,0.05086196356522802,0.021273994375840568,0.046827240493947916,0.024575131434160655,0.038452133512654356,0.004279251742266781,0.031,Low
1st Quarter 2025,Sultan Kudarat,Senior Citizen,1,0.009006913055038554,0.013693166710981123,0.007178941770805637,0.0009306035628822122,0.017947354427014093,0.004154480191438447,0.0088,Low
3rd Quarter 2025,Davao Occidental,Senior Citizen,1,0.039794995477841426,0.05501959602050045,0.03271028037383177,0.10868254446789267,0.037081700331624966,0.017787157069641242,0.0485,Low
3rd Quarter 2025,City of Caloocan,Senior Citizen,1,0.0,0.010689086991423381,0.03715830833579788,0.0,0.024272254848113566,0.0,0.012,Low
1st Quarter 2025,Ilocos Sur,Senior Citizen,1,0.01496855919074091,0.022600929554360702,0.011254898386949786,0.0,0.06707372641939306,0.0028251161942950877,0.0198,Low
1st Quarter 2025,Negros Occidental,Senior Citizen,1,0.0235609402043437,0.0,0.0019541064150522024,0.0032242755848361344,0.03271732454915974,2.791580592931718e-05,0.0102,Low
1st Quarter 2025,Davao Occidental,Senior Citizen,1,0.0798745894296805,0.07315616601970737,0.08084502836667662,0.195506121230218,0.06001791579575993,0.0006718423409973126,0.0817,Low
2nd Quarter 2025,Quezon,Senior Citizen,1,0.02975670617592015,0.07685589519650655,0.08459139114160948,0.09008109794135995,0.07230193387398627,0.0,0.0589,Low
3rd Quarter 2025,Camiguin,Senior Citizen,1,0.0006345177664974619,0.0,0.008883248730964468,0.0006345177664974619,0.0,0.0133248730964467,0.0039,Low
2nd Quarter 2025,Caraga,Senior Citizen,1,0.0,0.0,0.0,0.0,0.0,0.0,0.0,Low
2nd Quarter 2025,Mountain Province,Senior Citizen,1,0.02756187970823867,0.040715054406313525,0.00639722587588186,0.0017338275738371398,0.11012794451751763,0.10313284706445056,0.0483,Low
2nd Quarter 2025,Biliran,Senior Citizen,1,0.010220125786163521,0.06210691823899371,0.027515723270440252,0.023191823899371068,0.049135220125786166,0.0031446540880503146,0.0292,Low
3rd Quarter 2025,Nueva Ecija,Senior Citizen,1,0.06173664972809129,0.05562984755282161,0.03004368369439244,0.02228759917981635,0.022644200766693413,0.006463403762146742,0.0331,Low
2nd Quarter 2025,Abra,Senior Citizen,1,0.04124920059688766,0.04556597740353869,0.00010658708164570453,0.0006928160306970795,0.07338520571306757,0.04071626518865913,0.0336,Low
3rd Quarter 2025,Eastern Samar,Senior Citizen,1,0.00431668792308447,0.02138722652800942,0.0,0.007357990777984892,0.031884626704601196,0.0035808888452859805,0.0114,Low
3rd Quarter 2025,CAR,Senior Citizen,1,0.038138510257469366,0.026865620267107256,0.012563678920556244,0.0,0.0,0.08705080545229243,0.0274,Low
3rd Quarter 2025,Davao Oriental,Senior Citizen,1,0.05321320475821778,0.05641585134088829,0.08284648412754277,0.25561342999929615,0.014746251847680721,0.021186738931512634,0.0807,Low
2nd Quarter 2025,CAR,Senior Citizen,1,0.015870273213743416,0.042029258689118575,0.008367105442283728,0.0007016221084267957,0.0034976385703664142,0.02348863267464631,0.0157,Low
3rd Quarter 2025,City of Butuan,Senior Citizen,1,0.041589157587031626,0.05301621047036938,0.008769598724422003,0.016874833909115067,0.0684294445920808,0.0026574541589157587,0.0319,Low
3rd Quarter 2025,Camarines Norte,Senior Citizen,1,0.3037902536335138,0.12617554858934169,0.01859504132231405,0.019236249643773153,0.11940723852949559,0.011399259048161869,0.0998,Low
1st Quarter 2025,Lanao del Norte,Senior Citizen,1,0.009825327510917031,0.0,0.02980349344978166,0.0054585152838427945,0.03924672489082969,0.0,0.0141,Low
2nd Quarter 2025,Agusan del Sur,Senior Citizen,1,0.010555466366993097,0.023238079948627387,0.031746668807192166,0.06365387702681008,0.01814095360410981,0.0072644084122652115,0.0258,Low
3rd Quarter 2025,City of Malabon,Senior Citizen,1,0.010937684758188482,0.0,0.008218044223719995,0.0,0.031216743526073076,0.0008277166844034528,0.0085,Low
1st Quarter 2025,City of Muntinlupa,Senior Citizen,1,0.0069099929128277815,0.0063784549964564135,0.009036144578313253,0.0,0.15946137491141035,0.007973068745570517,0.0316,Low
3rd Quarter 2025,Camiguin,Senior Citizen,1,0.004968944099378882,0.013043478260869565,0.008695652173913044,0.0015527950310559005,0.0,0.002484472049689441,0.0051,Low
1st Quarter 2025,Quezon City,Senior Citizen,1,0.0,0.0063371356147021544,0.006442754541613857,0.0036966624419095904,0.012515842839036756,0.0031685678073510772,0.0054,Low
1st Quarter 2025,Bataan,Senior Citizen,1,0.007044508485430675,0.008805635606788344,0.0003202049311559398,0.009926352865834135,0.039065001601024656,0.004429501547657168,0.0116,Low
2nd Quarter 2025,City of Santiago,Senior Citizen,1,0.02204724409448819,0.07081364829396325,0.06797900262467192,0.057795275590551184,0.045931758530183726,0.0,0.0441,Low
3rd Quarter 2025,NIR,Senior Citizen,1,0.0,0.0,0.0,0.0,0.0,0.0,0.0,Low
3rd Quarter 2025,Region 4B,Senior Citizen,1,0.010468508666552257,0.07920027458383387,0.013157142039929065,0.03297866254790916,0.08921114352725816,0.01564555803443739,0.0401,Low
1st Quarter 2025,City of Cagayan De Oro,Senior Citizen,1,0.018699532511687208,0.04111772205694857,0.002018699532511687,0.0025499362515937103,0.033467913302167446,0.0,0.0163,Low
3rd Quarter 2025,City of Baguio,Senior Citizen,1,0.010639407531031606,0.029258370710336913,0.0,0.00876186502555544,0.0,0.03051006571398769,0.0132,Low
2nd Quarter 2025,Ilocos Norte,Senior Citizen,1,0.014699547706224423,0.02062244238638811,0.011468877880680595,0.012061167348696963,0.044367865604135255,0.010015076459185871,0.0189,Low
3rd Quarter 2025,Region 4B,Senior Citizen,1,0.0,0.0,0.0,0.0,0.0,0.0,0.0,Low
1st Quarter 2025,City of Bacolod,Senior Citizen,1,0.04110693175711983,0.06340677055346589,0.004836109618484685,0.0,0.06421278882321332,0.0,0.0289,Low
3rd Quarter 2025,Davao Occidental,Senior Citizen,1,0.04759485094850949,0.024051490514905148,0.18038617886178862,0.2090108401084011,0.04894986449864499,0.005335365853658537,0.0859,Low
1st Quarter 2025,Southern Leyte,Senior Citizen,1,0.019560166423515428,0.009644999189495867,0.0,0.0071054195709731455,0.014129788728589183,0.0,0.0084,Low
3rd Quarter 2025,Region 2,Senior Citizen,1,0.06311593126330907,0.04757217847769029,0.04750408557420888,0.08826078343980587,0.04353612638042886,0.018843163472490466,0.0515,Low
1st Quarter 2025,City of Taguig,Senior Citizen,1,0.002734088731044591,0.05795140650543999,0.00487626134505891,0.007864028411973617,0.005214499126219066,0.0019448672416708945,0.0134,Low
3rd Quarter 2025,Pasay City,Senior Citizen,1,0.008032624814631736,0.005561047948591201,0.0050667325753830945,0.006426099851705388,0.002965892239248641,0.01866040533860603,0.0078,Low
1st Quarter 2025,Batangas,Senior Citizen,1,0.0015037873162037725,0.13488600920837665,0.05450764889350958,0.0038615773058072182,0.0,0.03998960344571514,0.0391,Low
2nd Quarter 2025,Rizal,Senior Citizen,1,0.0,0.0462800875273523,0.033424507658643327,0.011706783369803063,0.06630196936542669,0.0,0.0263,Low
1st Quarter 2025,Zambales,Senior Citizen,1,0.013404178239343074,0.019623233908948195,0.009056877188745321,0.004951092863180775,0.018898683733848568,0.008996498007487018,0.0125,Low
1st Quarter 2025,City of Lapu-Lapu,Senior Citizen,1,0.04661734557447188,0.028166503253409393,0.05713521704251716,0.05187628130849452,0.266244763347892,0.027141456457794814,0.0795,Low
2nd Quarter 2025,Camarines Norte,Senior Citizen,1,0.1072028363500653,0.10846239970143684,0.008023885053181563,0.03419481246501213,0.48885053181563726,0.003732039559619332,0.1251,Low
1st Quarter 2025,Dinagat Islands,Senior Citizen,1,0.032489740082079346,0.049247606019151846,0.009575923392612859,0.005129958960328317,0.04240766073871409,0.005471956224350205,0.0241,Low
1st Quarter 2025,Sarangani,Senior Citizen,1,0.0007860399308284861,0.029162081433736834,0.008803647225279045,0.014384530734161296,0.0018864958339883666,0.016271026568149664,0.0119,Low
3rd Quarter 2025,Davao Oriental,Senior Citizen,1,0.001386001386001386,0.11454311454311454,0.18027918027918027,0.14325314325314326,0.009454509454509454,0.02088902088902089,0.0783,Low
2nd Quarter 2025,Region 12,Senior Citizen,1,0.026171288614995656,0.009355824181612283,0.004990650759790366,0.007630823523215085,0.05184219535961655,0.04338179136709594,0.0239,Low
2nd Quarter 2025,Dinagat Islands,Senior Citizen,1,0.032569046378322045,0.0020844189682126106,0.006253256904637832,0.04340802501302762,0.017196456487754037,0.0,0.0169,Low
3rd Quarter 2025,Kalinga,Senior Citizen,1,0.0468403733798939,0.041870928748908735,0.006178228460143711,0.00852864146128534,0.09938889261970317,0.10543281176549593,0.0514,Low
1st Quarter 2025,Guimaras,Senior Citizen,1,0.008392279103225033,0.021420293330136276,0.002377812412580426,0.0007393198257603005,0.03725239446376001,0.015219331548308889,0.0142,Low
2nd Quarter 2025,Dinagat Islands,Senior Citizen,1,0.035414165666266505,0.031212484993997598,0.0021008403361344537,0.0024009603841536613,0.047418967587034816,0.008403361344537815,0.0212,Low
1st Quarter 2025,CAR,Senior Citizen,1,0.005805761170070454,0.05043253366628021,0.0,0.005698742530990814,0.07032908231516989,0.012663872291090698,0.0242,Low
3rd Quarter 2025,Zamboanga Sibugay,Senior Citizen,1,0.05927662424648359,0.03947588747488279,0.007995646349631614,0.013856329537843269,0.008163094440723375,0.012726054922973878,0.0236,Low
1st Quarter 2025,Samar,Senior Citizen,1,0.0626938061540908,0.0482627017571758,0.0,0.0036574699848930586,0.01093265484614773,0.0007553470620974796,0.0211,Low
2nd Quarter 2025,Caraga,Senior Citizen,1,0.054166576551246834,0.04352574777775375,0.028824318186733568,0.06704587235331012,0.04644008045504682,0.019459523758029285,0.0432,Low
1st Quarter 2025,Pateros,Senior Citizen,1,0.00231839258114374,0.0003863987635239567,0.013910355486862442,0.015455950540958269,0.01738794435857805,0.014683153013910355,0.0107,Low
3rd Quarter 2025,Negros Oriental,Senior Citizen,1,0.05346782700421941,0.06981803797468354,0.04509493670886076,0.008636603375527427,0.029733649789029537,0.04344672995780591,0.0417,Low
3rd Quarter 2025,Pampanga,Senior Citizen,1,0.032367785824007025,0.009929778362958086,0.02468729427254773,0.019640114110160194,0.01881720430107527,0.010862409479921,0.0194,Low
3rd Quarter 2025,Eastern Samar,Senior Citizen,1,0.013783217554305878,0.0424523100672621,0.00022053148086889404,0.0,0.029937148527952366,0.012349762928658066,0.0165,Low
3rd Quarter 2025,Bohol,Senior Citizen,1,0.03673938002296211,0.21729587357330993,0.04058891065036807,0.057776727223610456,0.1847437023029648,0.08664820692915513,0.104,Low
1st Quarter 2025,Cagayan,Senior Citizen,1,0.07123991195891416,0.06872707263389582,0.07668745414526779,0.08972853998532648,0.0342993396918562,0.02358767424798239,0.0607,Low
3rd Quarter 2025,Camarines Norte,Senior Citizen,1,0.006415326478600931,0.10734686703576764,0.0311099393619826,0.019421741805079534,0.23398365409965727,0.02175059319799631,0.07,Low
3rd Quarter 2025,Surigao del Norte,Senior Citizen,1,0.03848560700876095,0.0052018147684605755,0.028746871088861075,0.013376095118898623,0.05139236545682103,0.03566958698372966,0.0288,Low
2nd Quarter 2025,City of Pasig,Senior Citizen,1,0.020239880059970013,0.018151638466481046,0.0003212679374598415,0.013064896123366887,0.14366031270079246,0.0030520454058684944,0.0331,Low
3rd Quarter 2025,City of Baguio,Senior Citizen,1,0.014367570341229796,0.029846916958864277,0.0015821431625759,0.010732917129906781,0.13687676387582315,0.004489865731634311,0.033,Low
2nd Quarter 2025,Region 2,Senior Citizen,1,0.06822098428983649,0.017092818210965054,0.039520880089772364,0.08175196377043924,0.02825925777492786,0.0014327508816928502,0.0394,Low
2nd Quarter 2025,Zamboanga del Norte,Senior Citizen,1,0.04298469387755102,0.04502551020408163,0.08826530612244898,0.04477040816326531,0.010267857142857143,0.008864795918367347,0.04,Low
2nd Quarter 2025,Region 12,Senior Citizen,1,0.0259751116631237,0.03629350084792318,0.002663195356724867,0.00740439964649963,0.03318843002842334,0.041631834141447915,0.0245,Low
2nd Quarter 2025,Region 4B,Senior Citizen,1,0.03411242080819809,0.008152654029632247,0.04247961836492592,0.024054115449657992,0.02595976677856584,0.012102778969686262,0.0245,Low
1st Quarter 2025,Bataan,Senior Citizen,1,0.02804902351534476,0.02386408927859705,0.01778597050617776,0.0,0.00757273814268633,0.0,0.0129,Low
1st Quarter 2025,Capiz,Senior Citizen,1,0.05275407292474787,0.012946082234290147,0.02632854926299457,0.035977501939487976,0.018570597362296354,0.020073700543056634,0.0278,Low
3rd Quarter 2025,Pampanga,Senior Citizen,1,0.03367090056070489,0.011652744402486936,0.02337223938665751,0.03859137201052752,0.014284624480299043,0.0,0.0203,Low
1st Quarter 2025,City of Cagayan De Oro,Senior Citizen,1,0.0,0.02000459875833525,0.005058634168774431,0.00781788916992412,0.015865716256610714,0.00471372729363072,0.0089,Low
3rd Quarter 2025,Davao Oriental,Senior Citizen,1,0.0796438165356681,0.11212814645308924,0.18873743906078996,0.27773355884986567,0.013829469704507014,0.006765495970550194,0.1131,Low
2nd Quarter 2025,Albay,Senior Citizen,1,0.008891380967638578,0.00957225248317847,0.038409163729573856,0.054429669977571295,0.031280038449214995,0.0014017942966997757,0.024,Low
2nd Quarter 2025,Davao Oriental,Senior Citizen,1,0.0955096222380613,0.09613328581610833,0.006793478260869565,0.10571097647897362,0.015034746970776907,0.011092302209550962,0.055,Low
2nd Quarter 2025,Aklan,Senior Citizen,1,0.030910041841004186,0.013859832635983263,0.0,0.052248953974895394,0.03912133891213389,0.004916317991631799,0.0235,Low
3rd Quarter 2025,City of Mandaue,Senior Citizen,1,0.017067620286085827,0.03722366710013004,0.008615084525357607,0.026495448634590378,0.0011378413524057217,0.001625487646293888,0.0154,Low
3rd Quarter 2025,Region 2,Senior Citizen,1,0.023645291401180803,0.060340796165312446,0.075095964614875,0.03192650182186629,0.030421270045400517,0.004895656748699363,0.0377,Low
2nd Quarter 2025,City of Valenzuela,Senior Citizen,1,0.0,0.0,0.0022929826079432377,0.0003028467595396729,0.0247901704594618,0.008782556026650516,0.006,Low
1st Quarter 2025,Region 12,Senior Citizen,1,0.011256803562592775,0.035117378635439005,0.002405299906536918,0.00673483973830337,0.03576337346748035,0.016919566771125407,0.018,Low
3rd Quarter 2025,Pampanga,Senior Citizen,1,0.020898512233000967,0.0270318935830201,0.02131490693015823,0.027527065655315222,0.007247518512683158,0.006853631636993855,0.0185,Low
1st Quarter 2025,City of Angeles,Senior Citizen,1,0.02906145783706527,0.007979990471653169,0.007741781800857551,0.01881848499285374,0.02036684135302525,0.00857551214864221,0.0154,Low
1st Quarter 2025,Zambales,Senior Citizen,1,0.024403578528827036,0.023260437375745527,0.0,0.0,0.015407554671968192,0.0021371769383697814,0.0109,Low
2nd Quarter 2025,City of Iligan,Senior Citizen,1,0.001075584237801897,0.02200058668231153,0.0,0.037938789478830545,0.004253446758580229,0.005426811381636844,0.0118,Low
3rd Quarter 2025,Davao Oriental,Senior Citizen,1,0.049392472587177716,0.08475748295959695,0.18186308406598833,0.14684382100167934,0.005927096710461326,0.0061740590733972145,0.0792,Low
1st Quarter 2025,Davao del Norte,Senior Citizen,1,0.06728595967814845,0.06927492993400235,0.16424825965102613,0.08733387577976674,0.13036795949733296,0.015550131091221409,0.089,Low
3rd Quarter 2025,Isabela,Senior Citizen,1,0.06284179950153305,0.018943536963654944,0.024327159276326407,0.10104713919420487,0.03227932079396102,0.0033036882967850674,0.0405,Low
2nd Quarter 2025,Pateros,Senior Citizen,1,0.0029957368360410187,0.0034566194262011752,0.0,0.0,0.0,0.00829588662288282,0.0025,Low
1st Quarter 2025,Northern Samar,Senior Citizen,1,0.07332189168573608,0.004862700228832952,0.009248665141113653,0.0061975591151792525,0.012109077040427154,0.005816170861937453,0.0186,Low
2nd Quarter 2025,Nueva Vizcaya,Senior Citizen,1,0.03820470717022441,0.0150519978106185,0.03267651888341543,0.014340448823207444,0.013409961685823755,0.015161466885604817,0.0215,Low
1st Quarter 2025,City of Navotas,Senior Citizen,1,0.027842462286119266,0.03604333299584894,0.04940771489318619,0.08696972765009618,0.05264756505011643,0.08565353852384328,0.0564,Low
2nd Quarter 2025,Batanes,Senior Citizen,1,0.008379005059021923,0.020183389544688027,0.035096964586846545,0.0,0.05116989881956155,0.0032145868465430017,0.0197,Low
1st Quarter 2025,Camiguin,Senior Citizen,1,0.0,0.04073972351917971,0.008743019317037444,0.006637370685709055,0.003387347798223931,0.0003661997619701547,0.01,Low
1st Quarter 2025,Sulu,Senior Citizen,1,0.5,0.5,0.0,0.0,0.0,0.0,0.1667,Low
3rd Quarter 2025,Bataan,Senior Citizen,1,0.014923189465983906,0.008412582297000731,0.0,0.005462082418922214,0.008558888076079005,0.0007559131919044136,0.0064,Low
2nd Quarter 2025,Benguet,Senior Citizen,1,0.01567776169802219,0.02375783888084901,0.0006632899179932465,0.0037385431741437532,0.14170284611673903,0.08628798842257597,0.0453,Low
1st Quarter 2025,Palawan,Senior Citizen,1,0.05911973144349123,0.0031704587840358073,0.0,0.029000372995151062,0.011096605744125326,0.006061171204774338,0.0181,Low
2nd Quarter 2025,NIR,Senior Citizen,1,0.03177527578755829,0.06712157397930171,0.00965540771067895,0.0,0.061890139883998635,0.0025815989992039124,0.0288,Low
3rd Quarter 2025,City of Marikina,Senior Citizen,1,0.06340718105423988,0.05080213903743316,0.046982429335370515,0.0030557677616501145,0.04660045836516425,0.028647822765469823,0.0399,Low
3rd Quarter 2025,Kalinga,Senior Citizen,1,0.02019819695822724,0.0028559631133438855,0.0013763677654669328,0.0,0.0,0.046727685637602365,0.0119,Low
1st Quarter 2025,Caraga,Senior Citizen,1,0.018040109154566986,0.05448717948717949,0.0415636906600762,0.07907270106065287,0.03673669035114818,0.017634641128617033,0.0413,Low
1st Quarter 2025,Davao Oriental,Senior Citizen,1,0.05879402291567665,0.10570779872221342,0.09388035271133639,0.11706003484872485,0.008395374623792175,0.0022704472253022865,0.0644,Low
3rd Quarter 2025,Pampanga,Senior Citizen,1,0.0043640761888157605,0.015026369698818811,0.017766856993418473,0.02245783027502942,0.0,0.005949527088872423,0.0109,Low
1st Quarter 2025,Nueva Ecija,Senior Citizen,1,0.058583690987124466,0.0,0.01380167156087644,0.019460131014230855,0.029726677208041563,0.021402755816580077,0.0238,Low
2nd Quarter 2025,City of Las Piñas,Senior Citizen,1,0.0183943457774556,0.02899601304820587,0.08961580282711128,0.11027546212395796,0.0612540775643349,0.019844146429865893,0.0547,Low
2nd Quarter 2025,Iloilo,Senior Citizen,1,0.0035809727418492786,0.03452699091394976,0.001389631213254944,0.0005344735435595938,0.015446285408872261,0.008711918760021378,0.0107,Low
2nd Quarter 2025,City of Iloilo,Senior Citizen,1,0.0016584910067741182,0.007965428638168652,0.008292455033870591,0.0,0.005629525811726232,0.0014482597523943004,0.0042,Low
3rd Quarter 2025,Cotabato,Senior Citizen,1,0.014993184915947297,0.015068908072088445,0.004543389368468878,0.002498864152657883,0.030895047705588367,0.029607754051188855,0.0163,Low
3rd Quarter 2025,Aurora,Senior Citizen,1,0.05573033707865169,0.059325842696629216,0.0,0.06292134831460675,0.06943820224719101,0.018426966292134833,0.0443,Low
2nd Quarter 2025,Quezon,Senior Citizen,1,0.1266220681873136,0.014749738051100185,0.0006447972918513742,0.0614572418795841,0.09127911662771017,0.0077375675022164905,0.0504,Low
2nd Quarter 2025,Sultan Kudarat,Senior Citizen,1,0.04169339320076972,0.005452212957023733,0.003795167842634167,0.0010156082959161855,0.03025443660466111,0.033835792174470816,0.0193,Low
1st Quarter 2025,Misamis Oriental,Senior Citizen,1,0.03891846023297076,0.04717272236365039,0.022448507289979172,0.011995680012342821,0.0006942837306179125,0.0,0.0202,Low
1st Quarter 2025,Lanao del Sur,Senior Citizen,1,0.5,0.0,0.9397663767385184,0.03756460355477121,0.4709651666036388,0.014097230976091432,0.3271,Moderate
3rd Quarter 2025,City of Dagupan,Senior Citizen,1,0.024761904761904763,0.01638095238095238,0.0,0.01638095238095238,0.025523809523809525,0.0026666666666666666,0.0143,Low
1st Quarter 2025,City of Las Piñas,Senior Citizen,1,0.006095374686267479,0.010891000358551452,0.07193438508425959,0.13692183578343492,0.06534600215130872,0.04540157762638939,0.0561,Low
1st Quarter 2025,Aklan,Senior Citizen,1,0.005208333333333333,0.025377859477124183,0.06745302287581699,0.057036356209150325,0.0389093137254902,0.011386846405228758,0.0342,Low
2nd Quarter 2025,Occidental Mindoro,Senior Citizen,1,0.08886064247746707,0.0523457360758031,0.05569678761266467,0.010284261613126879,0.020337416223711578,0.030506124335567368,0.043,Low
1st Quarter 2025,Pangasinan,Senior Citizen,1,0.4884467917629434,0.4905289084122591,0.008620470761496076,0.006868445776096285,0.04764746210293781,0.0002666124977782292,0.1737,Low
2nd Quarter 2025,Aklan,Senior Citizen,1,0.0008363534987454698,0.05055292259083728,0.04214292352011895,0.008921103986618344,0.03391878078245516,0.005947402657745563,0.0237,Low
1st Quarter 2025,Camarines Sur,Senior Citizen,1,0.004968736042876284,0.03634435015631979,0.05714046449307727,0.05250669941938366,0.08536176864671728,0.021968512728896827,0.043,Low
2nd Quarter 2025,Camiguin,Senior Citizen,1,0.003472222222222222,0.008680555555555556,0.001736111111111111,0.0,0.00636574074074074,0.0,0.0034,Low
1st Quarter 2025,Region 4B,Senior Citizen,1,0.06473199712737482,0.004390546451655024,0.008895345041457205,0.02611477443363583,0.03817653587517138,0.013889795651890057,0.026,Low
2nd Quarter 2025,Region 12,Senior Citizen,1,0.05556141414674013,0.01138910126281933,0.0,0.014486831351664866,0.05383459439508581,0.0025704568822335293,0.023,Low
1st Quarter 2025,City of Olongapo,Senior Citizen,1,0.021838496698831894,0.002116133401049602,0.005078720162519045,0.014389707127137295,0.010242085661080074,0.002200778737091586,0.0093,Low
3rd Quarter 2025,Batanes,Senior Citizen,1,0.06903163950143816,0.06375838926174497,0.003355704697986577,0.05417066155321189,0.023010546500479387,0.012943432406519654,0.0377,Low
3rd Quarter 2025,South Cotabato,Senior Citizen,1,0.03672210098577771,0.016254044698622922,0.0005267514485664835,0.0,0.012228158627436226,0.001316878621416209,0.0112,Low
1st Quarter 2025,City of General Santos,Senior Citizen,1,0.0,0.01833976833976834,0.04319498069498069,0.004584942084942085,0.022442084942084942,0.16288610038610038,0.0419,Low
2nd Quarter 2025,City of Olongapo,Senior Citizen,1,0.0261856802783373,0.028291521699322468,0.0058597326496978575,0.0,0.004486357809924922,0.013642190075077824,0.0131,Low
2nd Quarter 2025,Region 4B,Senior Citizen,1,0.036040120133733776,0.04952683175610585,0.017410891369637898,0.0020400068000226666,0.04448348161160537,0.012750042500141667,0.027,Low
1st Quarter 2025,Guimaras,Senior Citizen,1,0.02506219083292826,0.05700111514596975,0.003431218368455666,0.038243788065078776,0.014210962742687216,0.0051182340662797015,0.0238,Low
3rd Quarter 2025,Davao Occidental,Senior Citizen,1,0.08954289292423294,0.06026925485284909,0.13478396994364433,0.04179711959924859,0.16515341264871633,0.007044458359423919,0.0831,Low
2nd Quarter 2025,Cotabato,Senior Citizen,1,0.011172363101800808,0.007717750826901874,0.0020948180815876516,0.0018743109151047408,0.03866225652333701,0.007460492466005145,0.0115,Low
2nd Quarter 2025,City of Marikina,Senior Citizen,1,0.04956140350877193,0.02982456140350877,0.08201754385964913,0.03508771929824561,0.04780701754385965,0.046052631578947366,0.0484,Low
3rd Quarter 2025,Zamboanga del Sur,Senior Citizen,1,0.07217478653942742,0.04008036162732295,0.022451029633350075,0.05263686589653441,0.02777498744349573,0.0050728277247614265,0.0367,Low
2nd Quarter 2025,City of Angeles,Senior Citizen,1,0.018778167250876315,0.015272909364046069,0.0128526122517109,0.007177432815890503,0.010682690702720748,0.010766149223835753,0.0126,Low
3rd Quarter 2025,Camiguin,Senior Citizen,1,0.01158221302998966,0.01799379524301965,0.001137538779731127,0.0,0.0024301964839710446,0.006670113753877973,0.0066,Low
2nd Quarter 2025,Batanes,Senior Citizen,1,0.039503386004514675,0.050790067720090294,0.04288939051918736,0.015237020316027089,0.08860045146726862,0.01580135440180587,0.0421,Low
3rd Quarter 2025,Lanao del Norte,Senior Citizen,1,0.005502635716267456,0.031767317118283546,0.0449921390918339,0.0012022565430500323,0.0056413576250809215,0.0074909830759271245,0.0161,Low
2nd Quarter 2025,Sorsogon,Senior Citizen,1,0.05939574273289082,0.05361638818951705,0.017309452964065004,0.0023746852826733804,0.03908216983291371,0.00944151979858091,0.0302,Low
2nd Quarter 2025,Quezon City,Senior Citizen,1,0.003843735091295485,0.014133451880123172,0.01955479897644967,0.013298564427288892,0.005855054864032615,0.006516459209784447,0.0105,Low
2nd Quarter 2025,Northern Samar,Senior Citizen,1,0.015395894428152493,0.02969208211143695,0.006598240469208211,0.0,0.0,0.0015884652981427176,0.0089,Low
2nd Quarter 2025,Davao Oriental,Senior Citizen,1,0.07377400548696846,0.10112311385459534,0.0029578189300411522,0.14429012345679013,0.02713477366255144,0.019290123456790122,0.0614,Low
1st Quarter 2025,City of Marikina,Senior Citizen,1,0.02926829268292683,0.03170731707317073,0.09718574108818011,0.049155722326454036,0.07542213883677298,0.07954971857410882,0.0604,Low
3rd Quarter 2025,Tarlac,Senior Citizen,1,0.01524699662489084,0.01819726686964526,0.006219169675942316,0.003976964289928957,0.02768533597677547,0.004201184828530293,0.0126,Low
1st Quarter 2025,Zamboanga del Norte,Senior Citizen,1,0.029958303118201596,0.023658448150833938,0.09572153734590283,0.06739485134155185,0.0015862944162436548,0.007342277012327774,0.0376,Low
3rd Quarter 2025,City of Butuan,Senior Citizen,1,0.0,0.01675296984465428,0.003122144380140116,0.014392324093816631,0.08437404812671337,0.007081937252512945,0.021,Low
3rd Quarter 2025,Zamboanga Sibugay,Senior Citizen,1,0.052739544732662784,0.03871095817893065,0.00026469031233456857,0.018065113816834302,0.03586553732133404,0.02137374272101641,0.0278,Low
1st Quarter 2025,City of Makati,Senior Citizen,1,0.029998884799821567,0.013605442176870748,0.06981153116984498,0.02698784431805509,0.1446414631426341,0.08720865395338463,0.062,Low
1st Quarter 2025,City of Lucena,Senior Citizen,1,0.054274084124830396,0.022840343735866124,0.0,0.02125734961555857,0.06331976481230213,0.048846675712347354,0.0351,Low
2nd Quarter 2025,City of Olongapo,Senior Citizen,1,0.013786571248158283,0.0064197011155546204,0.003157230056830141,0.011681751210271521,0.008840244159124395,0.0,0.0073,Low
3rd Quarter 2025,Negros Oriental,Senior Citizen,1,0.07117153138744502,0.0745951619352259,0.06427429028388644,0.0,0.03758496601359456,0.02141643342662935,0.0448,Low
1st Quarter 2025,Camarines Norte,Senior Citizen,1,0.30851382373490366,0.08723425491566024,0.02275676215191137,0.00039924144126160294,0.3775326878930033,0.015071364407625512,0.1353,Low
2nd Quarter 2025,City of Cebu,Senior Citizen,1,0.025082283509249802,0.062081489047781185,0.044262853251617294,0.44682782885030076,0.2791397117239814,0.04102826012938372,0.1497,Low
1st Quarter 2025,Region 5,Senior Citizen,1,0.0573720096437478,0.05286790966930788,0.040191493330201646,0.041977244623748765,0.06903983917876165,0.008617890671953688,0.045,Low
3rd Quarter 2025,Pangasinan,Senior Citizen,1,0.0,0.0,0.0,0.0,0.0,0.0,0.0,Low
2nd Quarter 2025,City of Puerto Princesa,Senior Citizen,1,0.013006300630063007,0.043654365436543656,0.010846084608460847,0.0,0.06962196219621962,0.07934293429342934,0.0361,Low
1st Quarter 2025,City of Butuan,Senior Citizen,1,0.03410013531799729,0.02516914749661705,0.003247631935047361,0.0,0.02408660351826793,0.002165087956698241,0.0148,Low
1st Quarter 2025,Zamboanga Sibugay,Senior Citizen,1,0.04293422643966881,0.03632896083356591,0.007861196390361895,0.019629732998418456,0.011628988743138897,4.651595497255559e-05,0.0197,Low
2nd Quarter 2025,Misamis Occidental,Senior Citizen,1,0.0,0.06256340886033142,0.0,0.018318115206853794,0.0016345395107654154,0.007778153533987149,0.015,Low
3rd Quarter 2025,Davao de Oro,Senior Citizen,1,0.07333511872879843,0.01651490805213355,0.024571505088377077,0.11027048741296197,0.19224245670415996,0.0015399035886448848,0.0697,Low
1st Quarter 2025,City of Davao,Senior Citizen,1,0.04657907879067266,0.0481157081940763,0.23495063578041567,0.04164265683223849,0.11021474395912566,0.0026314778533287233,0.0807,Low
3rd Quarter 2025,Northern Samar,Senior Citizen,1,0.03132063287051986,0.028091701646754924,0.0,0.007587988375847595,0.06974491443332256,0.0,0.0228,Low
1st Quarter 2025,City of Marikina,Senior Citizen,1,0.04827031375703942,0.029766693483507644,0.12349155269509252,0.09332260659694289,0.08286403861625101,0.07884151246983105,0.0761,Low
3rd Quarter 2025,Davao Oriental,Senior Citizen,1,0.0357921115711484,0.11184353889736326,0.2717912399215515,0.17803443015907605,0.01127696665940292,0.0037045107866637613,0.1021,Low
1st Quarter 2025,City of Muntinlupa,Senior Citizen,1,0.024092258506508334,0.002511989038593286,0.00593742863667504,0.003425439598081754,0.1954784197305321,0.0009134505594884677,0.0387,Low
1st Quarter 2025,NCR,Senior Citizen,1,0.0,0.0,0.0,0.0,0.0,0.0,0.0,Low
3rd Quarter 2025,City of Cebu,Senior Citizen,1,0.05135790494665374,0.05135790494665374,0.040009699321047525,0.07337536372453929,0.017943743937924344,0.022114451988360814,0.0427,Low
1st Quarter 2025,City of Naga,Senior Citizen,1,0.0049079754601227,0.01411042944785276,0.0049079754601227,0.06993865030674846,0.0018404907975460123,0.015950920245398775,0.0186,Low
3rd Quarter 2025,Ilocos Sur,Senior Citizen,1,0.03168297645576979,0.015550818719116365,0.0,0.010900106578819882,0.0,0.003730258695862804,0.0103,Low
3rd Quarter 2025,Davao del Sur,Senior Citizen,1,0.04886978669213626,0.05560861721320174,0.172503449007747,0.37153772683858644,0.08787010506208214,0.003608192719940571,0.1233,Low
3rd Quarter 2025,Biliran,Senior Citizen,1,0.04014410705095214,0.03860010293360782,0.08003088008234689,0.050437467833247554,0.057900154400411734,0.0,0.0445,Low
1st Quarter 2025,Bukidnon,Senior Citizen,1,0.015507831565869459,0.06704530327905223,0.03924657230332342,0.03798198517992634,0.009428939077960687,0.008940852819807428,0.0297,Low
2nd Quarter 2025,City of Lapu-Lapu,Senior Citizen,1,0.20970752955818295,0.016801493466085875,0.0074673304293715,0.038581207218419414,0.030491599253266957,0.0006222775357809583,0.0506,Low
1st Quarter 2025,Region 4B,Senior Citizen,1,0.08503964589370443,0.10217176702862783,0.039677737795752,0.020173231856828965,0.019138298888641214,0.04469318218004649,0.0518,Low
3rd Quarter 2025,Romblon,Senior Citizen,1,0.010958904109589041,0.03287671232876712,0.015068493150684932,0.023287671232876714,0.06780821917808219,0.0136986301369863,0.0273,Low
2nd Quarter 2025,City of Las Piñas,Senior Citizen,1,0.0488997555012225,0.04551438781267632,0.07682903893172842,0.0726913673123942,0.0528493511378597,0.05792740267067895,0.0591,Low
2nd Quarter 2025,City of Santiago,Senior Citizen,1,0.058573298429319375,0.041884816753926704,0.06806282722513089,0.044829842931937175,0.04204842931937173,0.0022905759162303663,0.0429,Low
1st Quarter 2025,Sarangani,Senior Citizen,1,0.012429946831441298,0.01983043540738612,0.0007184940364994971,0.00488575944819658,0.025506538295732146,0.005676102888346027,0.0115,Low
2nd Quarter 2025,Sorsogon,Senior Citizen,1,0.043606297428927396,0.04100124589421226,0.007871786159247933,0.009400838147015518,0.08766564729867482,0.0,0.0316,Low
2nd Quarter 2025,Apayao,Senior Citizen,1,0.010130670973425342,0.008221993833504625,0.0,0.003156658346791954,0.01644398766700925,0.0218029657906328,0.01,Low
2nd Quarter 2025,Negros Occidental,Senior Citizen,1,0.0262126185266229,0.03168307804522247,0.004741064916119621,0.0011396790663749088,0.04804886943836616,0.000638220277169949,0.0187,Low
2nd Quarter 2025,Rizal,Senior Citizen,1,0.08254811547714515,0.05342822774659182,0.04325380914194066,0.0022052927024859663,0.012179230152365678,0.07117080994386528,0.0441,Low
3rd Quarter 2025,Bukidnon,Senior Citizen,1,0.016724393864423554,0.040277090549233056,0.0009896091044037606,0.03404255319148936,0.0314200890648194,0.0,0.0206,Low
2nd Quarter 2025,Bohol,Senior Citizen,1,0.029783231816553207,0.03229129344321032,0.0237370118237191,0.009673951988534575,0.040487280544607665,0.0,0.0227,Low
2nd Quarter 2025,Quezon City,Senior Citizen,1,0.003275414906181889,0.012444141390772828,0.0026726898583900546,0.0038659636903819695,0.0,0.01231020249126353,0.0058,Low
3rd Quarter 2025,Palawan,Senior Citizen,1,0.0715210355987055,0.011488673139158577,0.040776699029126215,0.03349514563106796,0.01116504854368932,0.04724919093851133,0.0359,Low
1st Quarter 2025,Lanao del Sur,Senior Citizen,1,0.007338551859099804,0.005816481843879104,0.5185366383996521,0.007229832572298325,0.08561643835616438,0.020765383779082408,0.1076,Low
1st Quarter 2025,Bulacan,Senior Citizen,1,0.04010280447901453,0.059673018353090364,0.039117783589778424,0.007209333922081451,0.07803460027399432,0.0023153651936641644,0.0377,Low
2nd Quarter 2025,City of Zamboanga,Senior Citizen,1,0.0036722515492311225,0.03201744319485885,0.015377553362405325,0.018820289189809502,0.010328207482212531,0.0020656414964425065,0.0137,Low
2nd Quarter 2025,Region 4A,Senior Citizen,1,0.04671147628966099,0.00752009404909465,0.0,0.02109715424818227,0.07153353693599294,0.06633911343394201,0.0355,Low
1st Quarter 2025,Batanes,Senior Citizen,1,0.03515625,0.04736328125,0.04296875,0.03759765625,0.0341796875,0.0439453125,0.0402,Low
3rd Quarter 2025,Aurora,Senior Citizen,1,0.0004995004995004995,0.06027306027306027,0.009324009324009324,0.05411255411255411,0.016317016317016316,0.01848151848151848,0.0265,Low
3rd Quarter 2025,Abra,Senior Citizen,1,0.026769025367156207,0.04018691588785047,0.0009345794392523365,0.0,0.03711615487316422,0.07149532710280374,0.0294,Low
3rd Quarter 2025,Sorsogon,Senior Citizen,1,0.01729559748427673,0.005283018867924529,0.01641509433962264,0.009119496855345912,0.059811320754716985,0.0032075471698113206,0.0185,Low
2nd Quarter 2025,Negros Oriental,Senior Citizen,1,0.04631206602908424,0.02089610900039303,0.056203327656229526,0.0,0.058692519323987946,0.028101663828114763,0.035,Low
1st Quarter 2025,Batangas,Senior Citizen,1,0.017025509010063188,0.007371869880645916,0.0,0.0016381933068102036,0.07529838520945471,0.010999297917154224,0.0187,Low
1st Quarter 2025,Northern Samar,Senior Citizen,1,0.028945199835187473,0.05892047795632468,0.0030902348578491965,0.0007210548001648125,0.033992583436341164,0.01946847960444994,0.0242,Low
1st Quarter 2025,Region 4B,Senior Citizen,1,0.05096249959694322,0.05907200206365073,0.021958533518202043,0.0153645245542192,0.03119659497630026,0.015412891368135943,0.0323,Low
3rd Quarter 2025,Siquijor,Senior Citizen,1,0.028249089455449943,0.023807408723460956,0.004441680731988985,0.006173936217464688,0.07692991027804921,0.007550857244381274,0.0245,Low
3rd Quarter 2025,Siquijor,Senior Citizen,1,0.043466223698781836,0.06699889258028793,0.0,0.004429678848283499,0.05786267995570321,0.009413067552602437,0.0304,Low
3rd Quarter 2025,Aurora,Senior Citizen,1,0.027313266443701228,0.07320698625046451,0.07432181345224824,0.10758082497212931,0.04552211073950204,0.011519881085098476,0.0566,Low
1st Quarter 2025,City of Pasig,Senior Citizen,1,0.03075684380032206,0.04766505636070854,0.0020397208803005903,0.005797101449275362,0.07552334943639291,0.0,0.027,Low
3rd Quarter 2025,City of Iligan,Senior Citizen,1,0.0,0.053972257250945774,0.00037831021437578815,0.025346784363177804,0.0023959646910466583,0.008701134930643128,0.0151,Low
2nd Quarter 2025,Leyte,Senior Citizen,1,0.03174750665923311,0.029501951310165395,0.010654772966610914,0.006628259926903302,0.040636808523818374,0.010918044973053336,0.0217,Low
3rd Quarter 2025,South Cotabato,Senior Citizen,1,0.042461100153407844,0.03566732412886259,0.0014245014245014246,0.0,0.012163050624589087,0.009314047775586237,0.0168,Low
2nd Quarter 2025,Apayao,Senior Citizen,1,0.004985369025685488,0.0,0.0061233336945919585,0.0033597052129619594,0.0006502655250894115,0.017665546764929013,0.0055,Low
1st Quarter 2025,City of Muntinlupa,Senior Citizen,1,0.007624113475177305,0.009574468085106383,0.0,0.007978723404255319,0.07446808510638298,0.0,0.0166,Low
1st Quarter 2025,Region 9,Senior Citizen,1,0.04315186565089251,0.04978312851025969,0.03285046988822777,0.004184507590502141,0.02626091308457988,0.006645164877940277,0.0271,Low
1st Quarter 2025,Maguindanao del Norte,Senior Citizen,1,0.023885538607071065,0.000709471443774388,0.00455244176421899,0.008040676362776398,0.513775570533286,0.013006976469197115,0.094,Low
3rd Quarter 2025,Zamboanga del Sur,Senior Citizen,1,0.06148833298297246,0.03163758671431575,0.0,0.033949968467521546,0.004467101114147572,0.008881648097540466,0.0234,Low
1st Quarter 2025,Mountain Province,Senior Citizen,1,0.024532603739170086,0.040036479708162334,0.010761513907888737,0.015275877792977656,0.05170998632010944,0.022115823073415412,0.0274,Low
1st Quarter 2025,Biliran,Senior Citizen,1,0.007462686567164179,0.060025957170668394,0.02855288773523686,0.05386112913692408,0.04023361453601557,0.009085009733939001,0.0332,Low
3rd Quarter 2025,City of Mandaluyong,Senior Citizen,1,0.02459829398928784,0.020134893870263838,0.021622693909938505,0.02519341400515771,0.08192818885141837,0.02152350724062686,0.0325,Low
2nd Quarter 2025,Sultan Kudarat,Senior Citizen,1,0.02213292117465224,0.006213292117465224,0.009119010819165378,0.00865533230293663,0.025224111282843895,0.024791344667697064,0.016,Low
1st Quarter 2025,Tawi-Tawi,Senior Citizen,1,0.5,0.0,0.5,0.0,0.0,0.5,0.25,Moderate
3rd Quarter 2025,City of Pasig,Senior Citizen,1,0.028551737717830067,0.025450428276065768,0.007261002264448164,0.006350300285517377,0.22174362508614748,0.001870631091857832,0.0485,Low
1st Quarter 2025,Mountain Province,Senior Citizen,1,0.015651201788708775,0.003842929010620458,0.000349357182783678,0.007057015092230296,0.032769703745109,0.057504192286193405,0.0195,Low
3rd Quarter 2025,CAR,Senior Citizen,1,0.0361285188500945,0.0,0.004058490002984184,0.008246294638416394,0.013747140157167015,0.0547796677608674,0.0195,Low
3rd Quarter 2025,Isabela,Senior Citizen,1,0.0031331250818353567,0.03976730700884757,0.03544640017957015,0.08919586240436954,0.04000112231346215,0.0,0.0346,Low
1st Quarter 2025,Pangasinan,Senior Citizen,1,0.024381656544318283,0.47443006777572394,0.0018484288354898336,0.0,0.07710588856614735,0.009990317753718862,0.098,Low
2nd Quarter 2025,Ilocos Norte,Senior Citizen,1,0.01171911476328322,0.016995050891773274,0.004482211224203941,0.011532355962274723,0.03137547856942759,0.0,0.0127,Low
2nd Quarter 2025,Zamboanga del Sur,Senior Citizen,1,0.06091756127202755,0.04066234555398015,0.028053473769495647,0.02220478023090946,0.035041523192222,0.002253392748632773,0.0315,Low
2nd Quarter 2025,City of Parañaque,Senior Citizen,1,0.0,0.009286412512218964,0.0008797653958944282,0.002150537634408602,0.004496578690127077,9.775171065493646e-05,0.0028,Low
2nd Quarter 2025,Bulacan,Senior Citizen,1,0.02579586784102362,0.06230555190394812,0.042167849787476445,0.01741816747732352,0.07872409184523027,0.03121302747469436,0.0429,Low
3rd Quarter 2025,City of Lapu-Lapu,Senior Citizen,1,0.04479019330504479,0.020902090209020903,0.03386767248153387,0.06726386924406727,0.020194876630520196,0.010765362250510765,0.033,Low
3rd Quarter 2025,Pangasinan,Senior Citizen,1,0.06844599650785732,0.007857321027687703,0.011087553005737091,0.003941132451983038,0.549064604639561,0.0,0.1067,Low
3rd Quarter 2025,Southern Leyte,Senior Citizen,1,0.0194456433127128,0.011485158010837769,0.0,0.0,0.00028772838440512156,0.005946386611039179,0.0062,Low
1st Quarter 2025,Benguet,Senior Citizen,1,0.030996245525189908,0.026586920457522048,0.0023138042434296693,0.00039291015454466076,0.1032480572775692,0.0,0.0273,Low
3rd Quarter 2025,Maguindanao del Sur,Senior Citizen,1,0.03005857568595211,0.43782756140170587,0.009094645976775255,0.00806700236358031,0.030521015311889835,0.000256910903298736,0.086,Low
1st Quarter 2025,City of Cagayan De Oro,Senior Citizen,1,0.001030502885408079,0.05131904369332234,0.008450123660346249,0.0,0.0053586150041220115,0.0,0.011,Low
2nd Quarter 2025,Benguet,Senior Citizen,1,0.005116650237055814,0.025278129840867483,0.010561892691170258,0.0,0.13606064873491996,0.0019011406844106464,0.0298,Low
1st Quarter 2025,Iloilo,Senior Citizen,1,0.022335899513776337,0.007951782820097245,0.0001012965964343598,0.01043354943273906,0.01494124797406807,0.0019246353322528362,0.0096,Low
1st Quarter 2025,Region 5,Senior Citizen,1,0.026161754975314297,0.03635839229059568,0.05360445190953666,0.04979555827013454,0.03668923160448584,0.01447209921786193,0.0362,Low
2nd Quarter 2025,Lanao del Norte,Senior Citizen,1,0.0057126535275635534,0.02456441016852328,0.049271636675235646,0.05841188231933733,0.0,0.012425021422450729,0.0251,Low
2nd Quarter 2025,Romblon,Senior Citizen,1,0.11441953830712613,0.05921712947474072,0.022164603546336568,0.03646704583472733,0.04340916694546671,0.005687520910003346,0.0469,Low
3rd Quarter 2025,Sarangani,Senior Citizen,1,0.030589419528017,0.017224024158371546,0.014763449278604183,0.04266860530142042,0.030086120120791857,0.007102113857510346,0.0237,Low
1st Quarter 2025,City of Santiago,Senior Citizen,1,0.06756756756756757,0.033169533169533166,0.06231851686397141,0.0513736877373241,0.030712530712530713,0.0,0.0409,Low
2nd Quarter 2025,NIR,Senior Citizen,1,0.008087725027554395,0.02088010776829816,0.02093623709025595,0.004475037759725681,0.025804180103686167,0.005628240192676655,0.0143,Low
1st Quarter 2025,Sulu,Senior Citizen,1,0.5400045982296816,0.0022991148407862975,0.0005173008391769169,0.0,0.05397172088745833,0.003621105874238418,0.1001,Low
2nd Quarter 2025,City of Bacolod,Senior Citizen,1,0.022783323546682326,0.03493834409864944,0.007046388725778039,0.0015854374633000588,0.0916030534351145,0.0009982384028185555,0.0265,Low
1st Quarter 2025,Rizal,Senior Citizen,1,0.059095833743721064,0.046193243376341966,0.01388752092977445,0.040431399586329166,0.041613316261203584,0.007731704914803506,0.0348,Low
1st Quarter 2025,Pangasinan,Senior Citizen,1,0.0038700387003870037,0.5220502205022051,0.003780037800378004,0.0,0.021015210152101522,0.0,0.0918,Low
1st Quarter 2025,City of Marikina,Senior Citizen,1,0.05753791257805531,0.04950936663693131,0.08697591436217662,0.0936663693131133,0.0383586083853702,0.08742194469223907,0.0689,Low
2nd Quarter 2025,Catanduanes,Senior Citizen,1,0.057232869519558936,0.12457337883959044,0.027303754266211604,0.0036755053819900237,0.2353636124967183,0.0,0.0747,Low
2nd Quarter 2025,City of Olongapo,Senior Citizen,1,0.005870841487279843,0.013861709067188518,0.0045662100456621,0.0053816046966731895,0.013209393346379647,0.009377038486627527,0.0087,Low
2nd Quarter 2025,Kalinga,Senior Citizen,1,0.004330708661417323,0.056377952755905514,0.005590551181102362,0.0013385826771653542,0.059133858267716534,0.004566929133858267,0.0219,Low
1st Quarter 2025,Negros Oriental,Senior Citizen,1,0.006638503319251659,0.09330114665057332,0.06771273385636693,0.0,0.02383826191913096,0.053470126735063364,0.0408,Low
2nd Quarter 2025,Region 3,Senior Citizen,1,0.022532945314902457,0.03588920473722502,0.023009217937852048,0.014106295049014828,0.03346658966300899,0.006950955170370593,0.0227,Low
2nd Quarter 2025,City of Iloilo,Senior Citizen,1,0.0042592592592592595,0.00551440329218107,0.002119341563786008,0.020205761316872427,0.010946502057613168,0.007016460905349795,0.0083,Low
2nd Quarter 2025,Davao del Norte,Senior Citizen,1,0.05557054828408222,0.036522286690954885,0.16018980794314758,0.20280663878019162,0.22740970629244817,0.0,0.1137,Low
2nd Quarter 2025,NCR,Senior Citizen,1,0.007056454809201453,0.003530605450481158,0.010472914057421881,0.0332197155857127,0.025583017581685876,0.004131458376270273,0.014,Low
3rd Quarter 2025,Ifugao,Senior Citizen,1,0.019915420928402833,0.019571203776553893,0.0,0.003983084185680567,0.09225019669551535,0.06372934697088907,0.0332,Low
3rd Quarter 2025,NIR,Senior Citizen,1,0.03189315277749107,0.07463410606279546,0.012922403649650104,0.00027867803397807733,0.07057779245711454,0.020746031418367977,0.0352,Low
1st Quarter 2025,BARMM,Senior Citizen,1,0.003379840831141154,0.5012154107422331,0.0014152042889014685,0.00457860211115181,0.48699677000432884,0.019596417035729747,0.1695,Low
2nd Quarter 2025,City of Makati,Senior Citizen,1,0.010675675675675676,0.006216216216216216,0.06635135135135135,0.003243243243243243,0.12108108108108108,0.22608108108108108,0.0723,Low
1st Quarter 2025,Biliran,Senior Citizen,1,0.0,0.0406871609403255,0.05635925256178421,0.003315250150693189,0.0,0.02471368294153104,0.0208,Low
1st Quarter 2025,Marinduque,Senior Citizen,1,0.02025527192008879,0.025527192008879023,0.007491675915649278,0.0011098779134295228,0.019422863485016647,0.011098779134295227,0.0142,Low
2nd Quarter 2025,City of Caloocan,Senior Citizen,1,0.012021589793915604,0.0014720314033366045,0.0,0.0006542361792607131,0.022039581288845273,0.0,0.006,Low
1st Quarter 2025,City of Manila,Senior Citizen,1,0.0006082725060827251,0.0077416500774165,0.011944260119442602,0.010893607608936077,0.009677062596770626,0.0057509400575094,0.0078,Low
2nd Quarter 2025,Agusan del Norte,Senior Citizen,1,0.05612299752714762,0.06988495860660145,0.09789269970970864,0.11789054940328997,0.08504461885818729,0.05397269110848296,0.0801,Low
2nd Quarter 2025,City of Cagayan De Oro,Senior Citizen,1,0.02111976147092927,0.028159681961239025,0.0,0.000828225940036442,0.019877422560874606,0.0,0.0117,Low
1st Quarter 2025,Laguna,Senior Citizen,1,0.0005304783950617284,0.057532793209876545,0.07566550925925926,0.026861496913580248,0.012490354938271605,0.05951003086419753,0.0388,Low
1st Quarter 2025,Davao del Norte,Senior Citizen,1,0.034865106643438955,0.07312020339940675,0.0,0.08559725034135317,0.009298931211450633,0.007721644145204576,0.0351,Low
3rd Quarter 2025,Tarlac,Senior Citizen,1,0.025993082486112568,0.002358243370715858,0.00010481081647626035,0.0013625406141913846,0.016402892778534746,0.006445865213290012,0.0088,Low
1st Quarter 2025,City of Pasig,Senior Citizen,1,0.03572349754965179,0.05472444329808271,0.00511563923996217,0.0,0.24279941535551544,0.018012208752471844,0.0594,Low
2nd Quarter 2025,City of Makati,Senior Citizen,1,0.03754676643506146,0.013629075360769643,0.0,0.023249599144842332,0.2403794762159273,0.18586317477284875,0.0834,Low
2nd Quarter 2025,Sorsogon,Senior Citizen,1,0.045069435596891326,0.02713721493183845,0.001481080392406676,0.0,0.10080902025735762,0.0025480952987641738,0.0295,Low
1st Quarter 2025,Region 6,Senior Citizen,1,0.021570240069601152,0.018212528207498437,0.01829749055218727,0.008530219406758924,0.019031565210298796,0.013644952557026725,0.0165,Low
2nd Quarter 2025,Apayao,Senior Citizen,1,0.010444316214656664,0.015753029428736295,0.006635891517599538,0.0023658395845354875,0.051586843623773804,0.05331794575879977,0.0234,Low
2nd Quarter 2025,City of Olongapo,Senior Citizen,1,0.01833816825528388,0.020513883133029424,0.014608371322005802,0.006164525486945711,0.0003108164111065064,0.004403232490675508,0.0107,Low
3rd Quarter 2025,Iloilo,Senior Citizen,1,0.04435585927613262,0.04530498607947355,0.0,0.007972665148063782,0.020311313591495826,0.003163756011136421,0.0202,Low
3rd Quarter 2025,Quirino,Senior Citizen,1,0.03054888649722659,0.0362198857521318,0.023553274277671992,0.039283053232883516,0.019041311366835,0.005298451858597566,0.0257,Low
3rd Quarter 2025,Pangasinan,Senior Citizen,1,0.868947690255156,0.4869503585524487,0.003182500416921452,0.0,0.09764300405803547,0.006073155817443994,0.2438,Moderate
3rd Quarter 2025,City of Parañaque,Senior Citizen,1,0.008609271523178808,0.0074503311258278145,0.0,0.010485651214128035,0.016501103752759382,0.02041942604856512,0.0106,Low
3rd Quarter 2025,Sorsogon,Senior Citizen,1,0.020728992765720645,0.04430996104618809,0.0009738452977184196,0.0,0.03467584863661658,0.0,0.0168,Low
2nd Quarter 2025,Region 7,Senior Citizen,1,0.148317219087584,0.022888372224900054,0.07197538915194647,0.0,0.07211715670985852,0.0822180952110919,0.0663,Low
2nd Quarter 2025,Iloilo,Senior Citizen,1,0.013128592884147288,0.04203998135584443,0.006784401056502149,0.007315241597182661,0.013439328810399295,0.0036252524729400797,0.0144,Low
3rd Quarter 2025,Region 5,Senior Citizen,1,0.05123279906792203,0.008092703970778097,0.04940643007840791,0.042604780048493246,0.09209780520830053,0.0009210567748842775,0.0407,Low
2nd Quarter 2025,Negros Occidental,Senior Citizen,1,0.05772855796418473,0.07257304429783223,0.005360508953817154,0.0032398680490103677,0.02002827521206409,0.012900565504241282,0.0286,Low
2nd Quarter 2025,Laguna,Senior Citizen,1,0.017123287671232876,0.0118998201189982,0.030579770305797702,0.04701120797011208,0.11481250864812509,0.016811955168119553,0.0397,Low
2nd Quarter 2025,Region 5,Senior Citizen,1,0.0,0.0,0.0,0.0,0.0,0.0,0.0,Low
3rd Quarter 2025,Aurora,Senior Citizen,1,0.02745901639344262,0.024385245901639343,0.017827868852459017,0.10040983606557377,0.05717213114754098,0.009221311475409836,0.0394,Low
3rd Quarter 2025,Marinduque,Senior Citizen,1,0.03362022592791824,0.03012372243141474,0.0018827326519634212,0.008068854222700376,0.007799892415277031,0.0,0.0136,Low
1st Quarter 2025,City of Caloocan,Senior Citizen,1,0.007772259013980869,0.01480868285504047,0.01995952906548933,0.0255242825607064,0.004966887417218543,0.004047093451066961,0.0128,Low
1st Quarter 2025,Region 5,Senior Citizen,1,0.007105166081252306,0.02433880254695344,0.018620988307751527,0.04453960769218432,0.08558276796740925,0.0,0.03,Low
2nd Quarter 2025,Region 1,Senior Citizen,1,0.0,0.0,0.0,0.0,0.0,0.0,0.0,Low
3rd Quarter 2025,Negros Occidental,Senior Citizen,1,0.05579598145285935,0.07800103039670273,0.0,0.005821741370427615,0.05620814013395157,0.011282843894899537,0.0345,Low
1st Quarter 2025,Cotabato,Senior Citizen,1,0.03464490977050762,0.03840279731522045,0.008781801374542824,0.012559784574574977,0.023592299344881638,0.0,0.0197,Low
2nd Quarter 2025,Batanes,Senior Citizen,1,0.024128686327077747,0.06970509383378017,0.052613941018766756,0.04457104557640751,0.009048257372654156,0.04792225201072386,0.0413,Low
2nd Quarter 2025,City of Lucena,Senior Citizen,1,0.03949044585987261,0.06390658174097665,0.014012738853503185,0.012314225053078557,0.0,0.0435244161358811,0.0289,Low
2nd Quarter 2025,Sultan Kudarat,Senior Citizen,1,0.04078890018887113,0.04267761150661049,0.005811419439198024,0.0006901060584047654,0.020812145866627923,0.022519250326892344,0.0222,Low
3rd Quarter 2025,Tawi-Tawi,Senior Citizen,1,0.5037359900373599,0.009962640099626401,0.1581569115815691,0.08094645080946451,0.015566625155666251,0.015566625155666251,0.1307,Low
1st Quarter 2025,Region 9,Senior Citizen,1,0.5,0.0,0.0,0.0,0.0,0.0,0.0833,Low
3rd Quarter 2025,City of Cebu,Senior Citizen,1,0.03053567305472177,0.3066843685061187,0.2137497113830524,0.2672592934657123,0.1530824290002309,0.12745324405449088,0.1831,Low
3rd Quarter 2025,Lanao del Sur,Senior Citizen,1,0.5,0.0,0.5,0.0,0.5,0.0,0.25,Moderate
3rd Quarter 2025,CAR,Senior Citizen,1,0.008405483405483406,0.019715007215007217,0.0042207792207792205,0.006475468975468975,0.07683080808080808,0.002435064935064935,0.0197,Low
3rd Quarter 2025,Negros Oriental,Senior Citizen,1,0.05131467345207803,0.0275657336726039,0.024173027989821884,0.0035138737428813765,0.04858839209984248,0.031261359505634315,0.0311,Low
2nd Quarter 2025,City of Dagupan,Senior Citizen,1,0.021289295662554716,0.016514126541981696,0.006764822920811779,0.016116195781933945,0.005372065260644648,0.001392757660167131,0.0112,Low
3rd Quarter 2025,City of Puerto Princesa,Senior Citizen,1,0.04449152542372881,0.0958686440677966,0.0,0.0,0.3257415254237288,0.046610169491525424,0.0855,Low
2nd Quarter 2025,City of Lapu-Lapu,Senior Citizen,1,0.19400510204081634,0.10552721088435374,0.03801020408163265,0.016113945578231294,0.1842687074829932,0.024107142857142858,0.0937,Low
3rd Quarter 2025,Northern Samar,Senior Citizen,1,0.012145748987854251,0.0008675534991324465,0.0029882398303450936,0.004241372662425294,0.003518411413148255,0.006313861577019472,0.005,Low
3rd Quarter 2025,Oriental Mindoro,Senior Citizen,1,0.0,0.012632321806633734,0.02455892731122089,0.01616090331686662,0.01616090331686662,0.046224417784050814,0.0193,Low
2nd Quarter 2025,Catanduanes,Senior Citizen,1,0.089128305582762,0.06296348118091506,0.030187491255072058,0.03197145655519799,0.14271722401007417,0.0059815307121869315,0.0605,Low
1st Quarter 2025,City of Valenzuela,Senior Citizen,1,0.013494904984852658,0.0,0.000550812448361333,0.008124483613329661,0.0,0.002340952905535665,0.0041,Low
2nd Quarter 2025,Cotabato,Senior Citizen,1,0.08621389629973321,0.006205776592042686,0.013600510381626262,0.0,0.020647256698758845,0.015050458183505394,0.0236,Low
1st Quarter 2025,Zamboanga Sibugay,Senior Citizen,1,0.04927816301011709,0.04217346822780493,0.006820506991019666,0.041548255086961465,0.01921109469137206,0.022791860861657385,0.0303,Low
2nd Quarter 2025,Davao de Oro,Senior Citizen,1,0.06526667800260727,0.016380434166524967,0.03981749135634529,0.0010202346539704133,0.09031910672788075,0.0037692002493906933,0.0361,Low
3rd Quarter 2025,Dinagat Islands,Senior Citizen,1,0.012830482115085537,0.03732503888024884,0.042768273716951785,0.013608087091757388,0.07076205287713841,0.014385692068429238,0.0319,Low
3rd Quarter 2025,City of Mandaue,Senior Citizen,1,0.02349552827042595,0.020312263149916628,0.0951947855085645,0.03350007579202668,0.0050022737608003635,0.008109746854630893,0.0309,Low
2nd Quarter 2025,City of Malabon,Senior Citizen,1,0.021183053557154278,0.0005329070077271516,0.01532107647215561,0.01025845989874767,0.007993605115907274,0.005462296829203304,0.0101,Low
1st Quarter 2025,NIR,Senior Citizen,1,0.06619320007712579,0.04924481007776849,0.005655890481393405,0.006761359984574844,0.0352978983225143,0.0038305803714891703,0.0278,Low
3rd Quarter 2025,Zamboanga del Norte,Senior Citizen,1,0.06153301051139719,0.03879768513050667,0.0066729656312743595,0.07121766859572458,0.031179874808078423,0.0024802173142789655,0.0353,Low
1st Quarter 2025,Benguet,Senior Citizen,1,0.0,0.020586400499064253,0.0005653462258265752,0.007349500935745477,0.1412585776668746,0.031464441671865254,0.0335,Low
1st Quarter 2025,City of Navotas,Senior Citizen,1,0.03160978618421053,0.041169819078947366,0.10927220394736842,0.08126027960526316,0.2167454769736842,0.08516652960526316,0.0942,Low
2nd Quarter 2025,Region 12,Senior Citizen,1,0.04917225834866188,0.02121816627373766,0.0,0.01351071271276458,0.011852638669395581,0.03844659188061867,0.0224,Low
2nd Quarter 2025,Region 8,Senior Citizen,1,0.013060032589581013,0.02719293999967733,0.017214397496087636,0.0,0.0275236758466031,0.00363406095219657,0.0148,Low
3rd Quarter 2025,Special Geographic Area (SGA),Senior Citizen,1,0.034122764620589656,0.9531174480425326,0.0056065732237796035,0.0,0.5156114064765587,0.025761237312711453,0.2557,Moderate
1st Quarter 2025,Region 4B,Senior Citizen,1,0.06428768255717829,0.05453292918159273,0.02262331220721962,0.027528244695508405,0.07707357398732433,0.027831358500964454,0.0456,Low
3rd Quarter 2025,Northern Samar,Senior Citizen,1,0.00947699168862761,0.08392458949929049,0.0,0.0,0.039479018852625176,0.005726738293127914,0.0231,Low
3rd Quarter 2025,City of Malabon,Senior Citizen,1,0.005982192543127434,0.05662214802448525,0.0,0.007373400111296605,0.0,0.0070951585976627716,0.0128,Low
1st Quarter 2025,Benguet,Senior Citizen,1,0.02031558185404339,0.016883629191321498,0.0,0.0005128205128205128,0.16662721893491125,0.04717948717948718,0.0419,Low
2nd Quarter 2025,Palawan,Senior Citizen,1,0.04838709677419355,0.007535695399259651,0.05314648334214701,0.024061343204653623,0.030407191961924908,0.050370174510840825,0.0357,Low
1st Quarter 2025,Apayao,Senior Citizen,1,0.02645580845403488,0.005468519065917825,0.0013301803133313626,0.00325155187703222,0.0,0.03724504877327815,0.0123,Low
3rd Quarter 2025,City of Valenzuela,Senior Citizen,1,0.008721382962155428,0.0,0.0,0.011524684628562529,0.025385453979130976,0.0018688677776047345,0.0079,Low
1st Quarter 2025,Sorsogon,Senior Citizen,1,0.04945874734135424,0.03557029935557601,0.0070632678327672135,0.0071267578807022,0.020396177899114312,0.003190374908733056,0.0205,Low
3rd Quarter 2025,Bataan,Senior Citizen,1,0.032324621733149934,0.009800550206327373,0.002005960568546538,0.013583218707015132,0.004642365887207703,0.004699679046309032,0.0112,Low
1st Quarter 2025,Zamboanga del Sur,Senior Citizen,1,0.04289690824137588,0.07058355701361964,0.020777413261755643,0.0511482254697286,0.036136792921761605,0.0018888557510686947,0.0372,Low
1st Quarter 2025,City of Lapu-Lapu,Senior Citizen,1,0.05439846533296794,0.018498218690052068,0.07180049328583174,0.06727870649493012,0.2052617155385037,0.012948753083036448,0.0717,Low
3rd Quarter 2025,Aurora,Senior Citizen,1,0.013513513513513514,0.007487216946676406,0.07377647918188458,0.10189919649379109,0.0,0.04200146092037984,0.0398,Low
1st Quarter 2025,Region 12,Senior Citizen,1,0.05136183391704536,0.019180487616621802,0.00470828871072004,0.005663453838509557,0.022045982999990353,0.00899688365316893,0.0187,Low
1st Quarter 2025,Aklan,Senior Citizen,1,0.03796165229700167,0.012675331360185305,0.02554368807103333,0.04741989447947497,0.0537253892677905,0.0033457727448204864,0.0301,Low
2nd Quarter 2025,Region 11,Senior Citizen,1,0.024139179505106245,0.10000249694124697,0.2428400209743065,0.15781917151489425,0.0244512971609778,0.006904042547878848,0.0927,Low
3rd Quarter 2025,NCR,Senior Citizen,1,0.00432086851628468,0.021705669481302776,0.022347406513872136,0.010265379975874548,0.04979493365500603,0.015604342581423401,0.0207,Low
3rd Quarter 2025,Iloilo,Senior Citizen,1,0.0034164241427306085,0.05618119701379223,0.0,0.006010375806655701,0.012716689864608376,0.013665696570922434,0.0153,Low
2nd Quarter 2025,City of Bacolod,Senior Citizen,1,0.055875694587363654,0.028400905536118543,0.010598888660218152,0.010187281333607738,0.11782259724223092,0.007717637373945256,0.0384,Low
1st Quarter 2025,Zamboanga del Norte,Senior Citizen,1,0.05576923076923077,0.0065742397137745975,0.06641323792486584,0.02356887298747764,0.027370304114490162,0.00026833631484794273,0.03,Low
2nd Quarter 2025,Bulacan,Senior Citizen,1,0.046203477315946755,0.06295164357511546,0.017753327900027167,0.024252920402064657,0.027444987775061123,0.0006180385764737843,0.0299,Low
1st Quarter 2025,City of Dagupan,Senior Citizen,1,0.024232992441084927,0.014228546020453535,0.005113383726100489,0.0006669630947087594,0.028012449977767896,0.0015562472209871053,0.0123,Low
3rd Quarter 2025,Region 6,Senior Citizen,1,0.0,0.036038191868673575,0.0,0.011444399243820144,0.03193424106822369,0.0,0.0132,Low
2nd Quarter 2025,Rizal,Senior Citizen,1,0.0568678459937565,0.04656607700312175,0.015452653485952133,0.051873048907388135,0.04287200832466181,0.10275754422476586,0.0527,Low
1st Quarter 2025,City of Angeles,Senior Citizen,1,0.04826897470039947,0.037283621837549935,0.030958721704394142,0.004743675099866844,0.023135818908122503,0.0022470039946737683,0.0244,Low
1st Quarter 2025,City of Cebu,Senior Citizen,1,0.08555271798613645,0.038854432688799706,0.04250273622765414,0.2690623859905144,0.24726377234585917,0.02106895293688435,0.1174,Low
3rd Quarter 2025,CAR,Senior Citizen,1,0.02316849085244068,0.029639690021570665,0.0,0.004404010545657905,0.06381321402892066,0.03436326595829672,0.0259,Low
2nd Quarter 2025,Kalinga,Senior Citizen,1,0.014289311343321164,0.007050232909480045,0.0,0.0,0.07390154853329976,0.029585798816568046,0.0208,Low
3rd Quarter 2025,Special Geographic Area (SGA),Senior Citizen,1,0.4085599476684422,0.9785066816185404,0.008784225773292216,0.009952340902719372,0.5317727315204187,0.05191103635174283,0.3316,Moderate
1st Quarter 2025,Romblon,Senior Citizen,1,0.06288916562889166,0.1432129514321295,0.0043586550435865505,0.0186799501867995,0.0,0.03300124533001245,0.0437,Low
2nd Quarter 2025,Marinduque,Senior Citizen,1,0.022132796780684104,0.018108651911468814,0.0,0.01187122736418511,0.005231388329979879,0.012474849094567404,0.0116,Low
3rd Quarter 2025,Benguet,Senior Citizen,1,0.023283870189407647,0.007841717939437809,0.0033176498974544577,0.002895403546869345,0.11479068645192424,0.13415369767161298,0.0477,Low
3rd Quarter 2025,Negros Oriental,Senior Citizen,1,0.0519519670401447,0.03961714314424961,0.06647239109681957,0.0024368185700648142,0.023262824699794002,0.04082299150881777,0.0374,Low
1st Quarter 2025,City of Malabon,Senior Citizen,1,0.011323314548111042,0.008088081820079316,0.0,0.0,0.03282195783761219,0.0068879148403256105,0.0099,Low
3rd Quarter 2025,Region 2,Senior Citizen,1,0.009349305510830595,0.02259504948369507,0.08186814366372555,0.06760267061677508,0.014866576501148537,0.012478263669736587,0.0348,Low
1st Quarter 2025,Region 4B,Senior Citizen,1,0.0,0.0,0.0,0.0,0.0,0.0,0.0,Low
3rd Quarter 2025,Cavite,Senior Citizen,1,0.05494186046511628,0.020591085271317828,0.007703488372093024,0.0,0.055281007751937984,0.08362403100775194,0.037,Low
2nd Quarter 2025,Surigao del Sur,Senior Citizen,1,0.06534752244762221,0.06240993238000222,0.01962088460259395,0.12060747145549273,0.0,0.034253408713002996,0.0504,Low
3rd Quarter 2025,Dinagat Islands,Senior Citizen,1,0.031534263189812006,0.012734990903577926,0.01288659793814433,0.05654942389326865,0.11658580958156459,0.005154639175257732,0.0392,Low
1st Quarter 2025,City of Puerto Princesa,Senior Citizen,1,0.04523267165636186,0.031239830784249918,0.0039049788480312398,0.005369345916042954,0.2569150667100553,0.07207940123657663,0.0691,Low
2nd Quarter 2025,Cebu,Senior Citizen,1,0.00024099482664438802,0.014877413964846887,0.05565373863307734,0.027296680697921016,0.03627775457086854,0.011069695703865557,0.0242,Low
3rd Quarter 2025,Oriental Mindoro,Senior Citizen,1,0.01183920704845815,0.053551762114537445,0.004370870044052864,0.023850495594713656,0.0371351872246696,0.05430892070484582,0.0308,Low
2nd Quarter 2025,Zamboanga del Norte,Senior Citizen,1,0.05673298010596821,0.0493851844446666,0.05973208037588723,0.0803259022293312,0.030040987703688894,0.015545336399080276,0.0486,Low
1st Quarter 2025,Bataan,Senior Citizen,1,0.019794110968132616,0.02144046627810158,0.005052607675421997,0.013889940201347362,0.02355991219438347,0.004352433578078874,0.0147,Low
1st Quarter 2025,Cavite,Senior Citizen,1,0.0682286995515695,0.027062780269058295,0.03304932735426009,0.007869955156950673,0.10943946188340807,0.0019282511210762332,0.0413,Low
3rd Quarter 2025,City of Tacloban,Senior Citizen,1,0.007476502420962689,0.034961549416120764,0.0,0.005055539732270009,0.01587866704642552,0.007191683281116491,0.0118,Low
3rd Quarter 2025,Sultan Kudarat,Senior Citizen,1,0.017587485306085542,0.03585315127950086,0.002848358802785062,0.007957319830002713,0.02798625553847545,0.016954516683244415,0.0182,Low
1st Quarter 2025,Region 12,Senior Citizen,1,0.05298533144061599,0.03444530477050802,0.014647051232417087,0.014754591990364349,0.02200283907600981,0.015873015873015872,0.0258,Low
2nd Quarter 2025,Pasay City,Senior Citizen,1,0.010449195291856834,0.0074465529666106174,0.011049723756906077,0.001080951237088638,0.010929618063896229,0.005284650492433342,0.0077,Low
1st Quarter 2025,Pateros,Senior Citizen,1,0.0021770682148040637,0.003265602322206096,0.006531204644412192,0.009796806966618287,0.006168359941944848,0.0,0.0047,Low
2nd Quarter 2025,Region 6,Senior Citizen,1,0.0,0.0,0.0,0.0,0.0,0.0,0.0,Low
3rd Quarter 2025,City of Isabela,Senior Citizen,1,0.0756385068762279,0.038637851997380485,0.0009823182711198428,0.040929927963326784,0.0756385068762279,0.0,0.0386,Low
3rd Quarter 2025,Dinagat Islands,Senior Citizen,1,0.027848911651728554,0.031049935979513443,0.0019206145966709346,0.0016005121638924455,0.026568501920614596,0.007042253521126761,0.016,Low
1st Quarter 2025,Agusan del Norte,Senior Citizen,1,0.015101312603542754,0.04415700267618198,0.09621511405632725,0.12393271313877915,0.058429973238180194,0.022938702688925703,0.0601,Low
3rd Quarter 2025,Bohol,Senior Citizen,1,0.033281733746130034,0.07711792851111736,0.0035885167464114833,0.3541021671826625,0.03637770897832817,0.08390796509991556,0.0981,Low
2nd Quarter 2025,Masbate,Senior Citizen,1,0.1297514619883041,0.17726608187134502,0.006761695906432748,0.007218567251461988,0.10343567251461988,0.007766812865497076,0.072,Low
1st Quarter 2025,City of Angeles,Senior Citizen,1,0.047884940778341795,0.04373942470389171,0.005245346869712352,0.0012690355329949238,0.02521150592216582,0.009475465313028765,0.0221,Low
1st Quarter 2025,City of Davao,Senior Citizen,1,0.05676616720785572,0.05952427526309612,0.15103086733695864,0.13055044794804585,0.08319314580806697,0.00757012636438324,0.0814,Low
2nd Quarter 2025,City of San Juan,Senior Citizen,1,0.026982378854625552,0.02643171806167401,0.0016519823788546256,0.017070484581497798,0.21668502202643172,0.037444933920704845,0.0544,Low
1st Quarter 2025,City of Davao,Senior Citizen,1,0.02524764942914708,0.1118619879113499,0.14835879785090664,0.10128441907320349,0.07815648085963733,0.000881464069845534,0.0776,Low
3rd Quarter 2025,Caraga,Senior Citizen,1,0.01971679092230506,0.051425423172504335,0.009752895390819149,0.062256763726731376,0.08049655366436911,0.02248323721104703,0.041,Low
1st Quarter 2025,Quezon City,Senior Citizen,1,0.008883854042451705,0.02068924397805867,0.011865013117099928,0.0,0.0035773908895778677,0.009122346768423563,0.009,Low
2nd Quarter 2025,Nueva Vizcaya,Senior Citizen,1,0.01331184754431444,0.022279829047852587,0.022840327891823723,0.026238352133398726,0.020843550760176556,0.0006305611994675261,0.0177,Low
1st Quarter 2025,Iloilo,Senior Citizen,1,0.05522764253581342,0.03670676068021568,0.0003190505056950515,0.007003158600006381,0.02587499601186868,0.0,0.0209,Low
2nd Quarter 2025,Region 3,Senior Citizen,1,0.04476762785557446,0.02677623638558071,0.0,0.028355799851677355,0.01952369526967093,0.0,0.0199,Low
2nd Quarter 2025,Pampanga,Senior Citizen,1,0.02615650345449084,0.0,0.04677080204265545,0.0335386001802343,0.02400120156203064,0.0,0.0217,Low
1st Quarter 2025,City of Mandaluyong,Senior Citizen,1,0.020201473136915078,0.01792677642980936,0.02458838821490468,0.020472270363951474,0.07533578856152513,0.013702339688041595,0.0287,Low
3rd Quarter 2025,City of Davao,Senior Citizen,1,0.03365183792815372,0.060881370091896404,0.15862573099415206,0.19854323308270677,0.14912280701754385,0.0026890142021720968,0.1006,Low
1st Quarter 2025,Region 7,Senior Citizen,1,0.12606404539927038,0.009451069912316258,0.0421031297335353,0.0,0.10736458088878459,0.03496682525121072,0.0533,Low
1st Quarter 2025,Masbate,Senior Citizen,1,0.1501072194424589,0.09363831308077197,0.06087681677388611,0.0009530617107457708,0.22289730760066714,0.009292351679771264,0.0896,Low
3rd Quarter 2025,Basilan,Senior Citizen,1,0.8816419976573315,0.009210946651048877,0.48147162176552016,0.026993930358854223,0.5,0.011553615163454371,0.3185,Moderate
2nd Quarter 2025,Occidental Mindoro,Senior Citizen,1,0.08004358394099405,0.07208113318246584,0.014877210627776381,0.035747213142234516,0.029670605984410358,0.007082390411532981,0.0399,Low
2nd Quarter 2025,Batangas,Senior Citizen,1,0.04686321686357597,0.015998132653427657,0.024042087118899703,0.008780119941106761,0.10922181922648759,0.0014723309512694365,0.0344,Low
3rd Quarter 2025,Occidental Mindoro,Senior Citizen,1,0.07056730579165843,0.02075508993872307,0.05445740264874481,0.059794425775845025,0.0392370033603479,0.03231864004744021,0.0462,Low
2nd Quarter 2025,Pangasinan,Senior Citizen,1,0.05208066745150228,0.06226646875159953,0.0,0.0,0.006526078722424118,0.0,0.0201,Low
1st Quarter 2025,Siquijor,Senior Citizen,1,0.03737034777303234,0.06808013016066708,0.006457189343095383,0.008389261744966443,0.04042098840756559,0.01235509456985967,0.0288,Low
2nd Quarter 2025,La Union,Senior Citizen,1,0.006280826140567201,0.01972872996300863,0.0,0.006704685573366215,0.05113286066584464,0.0016954377311960542,0.0143,Low
2nd Quarter 2025,Lanao del Sur,Senior Citizen,1,0.4418069306930693,0.9342574257425743,0.42517326732673266,0.017252475247524754,0.532970297029703,0.019851485148514852,0.3952,Moderate
3rd Quarter 2025,Ilocos Sur,Senior Citizen,1,0.006002286585365854,0.02545731707317073,0.00703125,0.004935213414634146,0.0040396341463414635,0.0,0.0079,Low
1st Quarter 2025,Northern Samar,Senior Citizen,1,0.03563817191569974,0.007932749230404925,0.002959981056121241,0.007163154155813403,0.035578972294577314,0.000651195832346673,0.015,Low
3rd Quarter 2025,Region 6,Senior Citizen,1,0.017829425134430955,0.008707984551989208,0.00393360681486409,0.019215311270026056,0.02189469113217658,0.0009031357983628065,0.0121,Low
3rd Quarter 2025,Laguna,Senior Citizen,1,0.05652085036794767,0.05025211229217771,0.07921095666394112,0.04575497410738621,0.1026165167620605,0.037203597710547834,0.0619,Low
1st Quarter 2025,City of Muntinlupa,Senior Citizen,1,0.01625072547881602,0.0,0.0,0.0,0.07646546720835752,0.004062681369704005,0.0161,Low
3rd Quarter 2025,Davao Oriental,Senior Citizen,1,0.06042395104895105,0.09894012237762238,0.07730550699300699,0.10582386363636363,0.017045454545454544,0.013603583916083916,0.0622,Low
1st Quarter 2025,Nueva Ecija,Senior Citizen,1,0.042120541885540506,0.06127085061284674,0.01578656345037324,0.02772094737812183,0.009349368721776795,0.008460049764998617,0.0275,Low
2nd Quarter 2025,Pasay City,Senior Citizen,1,0.0,0.0023279875840662182,0.00327642697016727,0.011812381445076738,0.006811519227453009,0.010863942058975685,0.0058,Low
1st Quarter 2025,City of Tacloban,Senior Citizen,1,0.0,0.00265352539802881,0.0,0.010462471569370736,0.0011372251705837756,0.008339651250947688,0.0038,Low
1st Quarter 2025,Misamis Oriental,Senior Citizen,1,0.0003273965426925092,0.2393268727082242,0.002815610267155579,0.03679937139863803,0.0034704033525405974,0.003535882661079099,0.0477,Low
2nd Quarter 2025,Pateros,Senior Citizen,1,0.012522361359570662,0.004378118821203277,0.0,0.001459372940401092,0.007579323980792769,0.014970341775727333,0.0068,Low
2nd Quarter 2025,Region 4B,Senior Citizen,1,0.011585029470689004,0.004442379721843152,0.013733631427658896,0.03768763973171511,0.008434714439185854,0.025478354287041607,0.0169,Low
2nd Quarter 2025,Masbate,Senior Citizen,1,0.12152149564917722,0.1511587834927199,0.00012923235978288964,0.0697854742827604,0.03377272335659516,0.011286292754372361,0.0646,Low
2nd Quarter 2025,Mountain Province,Senior Citizen,1,0.005477382189064123,0.039427707998866746,0.0056190386249881956,0.001652658419114175,0.07380300311644158,0.04726603078666541,0.0289,Low
2nd Quarter 2025,City of Angeles,Senior Citizen,1,0.026169639851901717,0.0043756311006395154,0.003113429821608886,0.004712218108381017,0.02717940087512622,0.005048805116122518,0.0118,Low
3rd Quarter 2025,South Cotabato,Senior Citizen,1,0.008817093577036942,0.02654781825202729,0.0039902175312137985,0.010715664821727379,0.03137469429785043,0.02728793924572017,0.0181,Low
1st Quarter 2025,Antique,Senior Citizen,1,0.03548663305108934,0.01788602416516031,0.0,0.0009038150508990582,0.013557225763485873,0.005803444011036057,0.0123,Low
2nd Quarter 2025,Catanduanes,Senior Citizen,1,0.09649854105877449,0.09264276781992496,0.00020842017507294707,0.011046269278866195,0.1499583159649854,0.0036473530637765737,0.059,Low
2nd Quarter 2025,City of Pasig,Senior Citizen,1,0.0068730173988272615,0.04441026626934538,0.0,0.0022589637604537153,0.0,0.009228107276747092,0.0105,Low
1st Quarter 2025,Negros Occidental,Senior Citizen,1,0.07186431014823261,0.06011972633979475,0.007326111744583808,0.0,0.06460946408209806,0.015935005701254275,0.0366,Low
1st Quarter 2025,Masbate,Senior Citizen,1,0.09964467005076143,0.15893401015228426,0.06385786802030456,0.0,0.015482233502538072,0.0,0.0563,Low
3rd Quarter 2025,Pateros,Senior Citizen,1,0.01097631426920855,0.00462160600808781,0.0,0.0008665511265164644,0.0028885037550548816,0.004043905257076834,0.0039,Low
2nd Quarter 2025,City of Dagupan,Senior Citizen,1,0.03841488071168621,0.04710877476748888,0.0034371209057824505,0.006672058228871815,0.025677315002021837,0.0020218358269308533,0.0206,Low
1st Quarter 2025,City of Cebu,Senior Citizen,1,0.12658361486486486,0.28040540540540543,0.25010557432432434,0.08931587837837837,0.09480574324324324,0.01932010135135135,0.1434,Low
3rd Quarter 2025,Lanao del Sur,Senior Citizen,1,1.0,0.0,0.0,0.0,0.0,0.5,0.25,Moderate
1st Quarter 2025,NIR,Senior Citizen,1,0.05123790117167601,0.01250127356087621,0.013948038716250636,0.002781456953642384,0.02814060112073357,0.0,0.0181,Low
2nd Quarter 2025,Aurora,Senior Citizen,1,0.03460338868751581,0.057026047374188656,0.013613757059765658,0.006532917474500548,0.03173733456967041,0.0,0.0239,Low
3rd Quarter 2025,City of Valenzuela,Senior Citizen,1,0.0,0.0026084436286349143,0.00014491353492416192,0.0,0.0076804173509805816,0.006859240653076998,0.0029,Low
3rd Quarter 2025,City of Malabon,Senior Citizen,1,0.021499596882558453,0.03278688524590164,0.015452835259338887,0.009674818597151304,0.0038968019349637194,0.0,0.0139,Low
1st Quarter 2025,Palawan,Senior Citizen,1,0.05208818506443099,0.038115199503182734,0.040366402732494956,0.03237074988355845,0.030041918956683743,0.0,0.0322,Low
1st Quarter 2025,Zamboanga del Sur,Senior Citizen,1,0.011313012895662368,0.009935521688159437,0.02623094958968347,0.034320046893317704,0.0432883939038687,0.0011430246189917937,0.021,Low
1st Quarter 2025,City of Makati,Senior Citizen,1,0.010545267489711935,0.018647119341563784,0.0033436213991769547,0.0,0.2274948559670782,0.15779320987654322,0.0696,Low
3rd Quarter 2025,Lanao del Sur,Senior Citizen,1,0.5,0.0,0.5,0.0,0.5,0.0,0.25,Moderate
3rd Quarter 2025,Region 6,Senior Citizen,1,0.026117480355532654,0.012153001416977973,0.005168749194898879,0.0015860492077804972,0.02092055262140925,0.015538451629524669,0.0136,Low
1st Quarter 2025,Quirino,Senior Citizen,1,0.00581787521079258,0.020741989881956156,0.04215851602023609,0.05480607082630692,0.006281618887015177,0.011045531197301854,0.0235,Low
3rd Quarter 2025,Zamboanga del Norte,Senior Citizen,1,0.06749572811847351,0.0007119802544142776,0.04025061704955383,0.0,0.03631099297512816,0.003607366622365673,0.0247,Low
2nd Quarter 2025,Region 7,Senior Citizen,1,0.0,0.0,0.0,0.0,0.0,0.0,0.0,Low
3rd Quarter 2025,Quirino,Senior Citizen,1,0.014664195377235064,0.010521151330135195,0.027311382468382033,0.05020715220235499,0.016735717400784996,0.0014718709114696904,0.0202,Low
3rd Quarter 2025,Davao de Oro,Senior Citizen,1,0.009271633812228534,0.08982069272747523,0.15772914578460853,0.03218621227308163,0.018933066042989197,0.08865129747187883,0.0661,Low
1st Quarter 2025,Marinduque,Senior Citizen,1,0.006612995974698103,0.03306497987349051,0.0002875215641173088,0.0,0.03392754456584244,0.023001725129384705,0.0161,Low
1st Quarter 2025,City of Naga,Senior Citizen,1,0.035633484162895926,0.02092760180995475,0.019230769230769232,0.05938914027149321,0.019796380090497737,0.0,0.0258,Low
3rd Quarter 2025,Camarines Sur,Senior Citizen,1,0.01877823795180723,0.05659356174698795,0.10285673945783133,0.06734751506024096,0.07581890060240964,0.013507153614457831,0.0558,Low
1st Quarter 2025,Bataan,Senior Citizen,1,0.023271151309591107,0.025296777840587904,0.006265309967966836,0.0023553796872055775,0.02247032221594121,0.0019314113435085736,0.0136,Low
2nd Quarter 2025,Davao de Oro,Senior Citizen,1,0.08401065956029313,0.08201199200532978,0.012225183211192538,0.0003664223850766156,0.013824117255163224,0.005029980013324451,0.0329,Low
3rd Quarter 2025,Quezon,Senior Citizen,1,0.08879668049792531,0.11127247579529737,0.04868603042876902,0.02793914246196404,0.059474412171507604,0.0698478561549101,0.0677,Low
2nd Quarter 2025,Iloilo,Senior Citizen,1,0.049388745818903,0.042299381345647216,0.0022496521919308527,0.0017908415475239026,0.01509635023532546,0.004380901636917976,0.0192,Low
1st Quarter 2025,Lanao del Sur,Senior Citizen,1,0.040913178139674294,1.0,0.00684384054351084,0.495454091317814,0.04945549005894695,0.022229993006294337,0.2691,Moderate
1st Quarter 2025,Cotabato,Senior Citizen,1,0.024079583488285608,0.037746374116772036,0.00585719598363704,0.007856080327259204,0.04955373744886575,0.023103384157679433,0.0247,Low
1st Quarter 2025,City of Cotabato,Senior Citizen,1,0.032898389783453635,0.4800111049416991,0.002220988339811216,0.024430871737923375,0.027207107162687396,0.023320377568017768,0.0983,Low
2nd Quarter 2025,Quezon,Senior Citizen,1,0.10722222222222222,0.025111111111111112,0.07955555555555556,0.06444444444444444,0.08166666666666667,0.049444444444444444,0.0679,Low
2nd Quarter 2025,City of Tacloban,Senior Citizen,1,0.023285294902588738,0.05097411262343208,0.0016680010675206832,0.0016012810248198558,0.0,0.0011342407259140647,0.0131,Low
1st Quarter 2025,Biliran,Senior Citizen,1,0.015609756097560976,0.036043360433604336,0.013766937669376695,0.033658536585365856,0.061138211382113825,0.002981029810298103,0.0272,Low
2nd Quarter 2025,Nueva Ecija,Senior Citizen,1,0.06796433824196975,0.011135220525484357,0.01638280100956912,0.017753708713888837,0.030632070161422113,0.011393968006100994,0.0259,Low
3rd Quarter 2025,Pateros,Senior Citizen,1,0.000493339911198816,0.0,0.0,0.0014800197335964479,0.008140108534780463,0.009620128268376911,0.0033,Low
1st Quarter 2025,Pateros,Senior Citizen,1,0.004452926208651399,0.004134860050890585,0.012086513994910942,0.0,0.01653944020356234,0.0028625954198473282,0.0067,Low
3rd Quarter 2025,CAR,Senior Citizen,1,0.014186277192502395,0.0033263784375427556,0.009166780681351757,0.0019154467095361882,0.13779244766725954,0.081406485155288,0.0413,Low
2nd Quarter 2025,Batangas,Senior Citizen,1,0.05747930345418213,0.016200399657436484,0.030288324293462746,0.023822437910362548,0.057208107336568656,0.10092777619183557,0.0477,Low
2nd Quarter 2025,City of Marikina,Senior Citizen,1,0.06240875912408759,0.03795620437956204,0.013503649635036497,0.004379562043795621,0.15328467153284672,0.02335766423357664,0.0491,Low
1st Quarter 2025,Maguindanao del Norte,Senior Citizen,1,0.515001339405304,0.5,0.0,0.0014733458344495043,0.003750334851326011,0.0,0.17,Low
3rd Quarter 2025,Quezon City,Senior Citizen,1,0.025356952426091595,0.0032881094851590735,0.002192072990106049,0.00634516262811778,0.00045618816280585344,0.0012619230997096985,0.0065,Low
1st Quarter 2025,Surigao del Sur,Senior Citizen,1,0.03450594930160372,0.027909984480082774,0.0026383859286083808,0.014795654423176409,0.036006207966890844,0.020951888256595965,0.0228,Low
2nd Quarter 2025,Region 12,Senior Citizen,1,0.016314443397496298,0.010055189123704402,0.0,0.011091667788396823,0.007699555794857989,0.020850720150760532,0.011,Low
2nd Quarter 2025,Quezon,Senior Citizen,1,0.009681227863046045,0.10700511609602519,0.07284533648170012,0.024872097599370327,0.1466745375836285,0.009405745769382133,0.0617,Low
2nd Quarter 2025,Masbate,Senior Citizen,1,0.04912563276576162,0.12137597791072251,0.028762080073630927,0.006212609295904279,0.19868844914864242,0.0,0.0674,Low
1st Quarter 2025,City of Manila,Senior Citizen,1,0.01255699993194038,0.002416116518069829,0.004559994555230382,0.01977131967603621,0.0030967127203430206,0.01960117062546791,0.0103,Low
2nd Quarter 2025,Bohol,Senior Citizen,1,0.022333214413128792,0.05636817695326436,0.34862647163753124,0.003139493399928648,0.053335711737424185,0.006742775597574028,0.0818,Low
3rd Quarter 2025,Zamboanga del Sur,Senior Citizen,1,0.06638965835641736,0.01749769159741459,0.02788550323176362,0.03439519852262234,0.021560480147737766,0.007940904893813482,0.0293,Low
3rd Quarter 2025,Apayao,Senior Citizen,1,0.016674458469689887,0.02501168770453483,0.0070126227208976155,0.00038959015116097863,0.021972884525479196,0.013246065139473275,0.0141,Low
1st Quarter 2025,Eastern Samar,Senior Citizen,1,0.005587727318906837,0.03642182261505639,0.0,0.0052321446713400385,0.018845880321040332,0.011480239764299502,0.0129,Low
3rd Quarter 2025,City of Taguig,Senior Citizen,1,0.00033823258102207734,0.02865752413750692,0.004643010884939426,0.007625607281225017,0.0038128036406125084,0.00900928602176988,0.009,Low
1st Quarter 2025,Sulu,Senior Citizen,1,0.09482001755926252,0.47673397717295873,0.007901668129938543,0.010535557506584723,0.5021949078138718,0.005706760316066725,0.183,Low
1st Quarter 2025,Region 6,Senior Citizen,1,0.035527631819910685,0.015925451138940932,0.012667812416357924,0.005825010213137616,0.010287094820178342,0.0,0.0134,Low
1st Quarter 2025,Quezon City,Senior Citizen,1,0.002960090887297666,0.018761139426534505,0.03215971983365123,0.02183588172143877,0.0013393368979498243,0.0040909706805082185,0.0135,Low
3rd Quarter 2025,Camarines Norte,Senior Citizen,1,0.32230307798210245,0.17990952896056642,0.019126757793293342,0.001573409381453437,0.556790244861835,0.001081718949749238,0.1801,Low
2nd Quarter 2025,NCR,Senior Citizen,1,0.014327413551435632,0.010245220582922706,0.04110611775019388,0.02243159015264271,0.026925614978156053,0.0063508807421643575,0.0202,Low
2nd Quarter 2025,Region 8,Senior Citizen,1,0.017299379077261652,0.03288532578794309,0.0112473473237444,0.009793287746600645,0.008716497681364458,0.017000707380334826,0.0162,Low
2nd Quarter 2025,Region 1,Senior Citizen,1,0.03516579327381547,0.012446983388885356,0.0032059723723287348,0.008873186990836187,0.011234526415214292,0.009894920395615174,0.0135,Low
3rd Quarter 2025,City of Lucena,Senior Citizen,1,0.03523758675920982,0.07180993059263215,0.010945008008542445,0.0392418579818473,0.023224773091297383,0.021089161772557395,0.0336,Low
1st Quarter 2025,Region 12,Senior Citizen,1,0.006763955054372953,0.015588253030211663,0.005698607007176023,0.0085629861906772,0.020844640093268207,0.014613359062493718,0.012,Low
1st Quarter 2025,City of Bacolod,Senior Citizen,1,0.05665672689001929,0.07016312927556569,0.0009647430275390282,0.008682687247851255,0.06112962638133661,0.0,0.0329,Low
3rd Quarter 2025,City of Makati,Senior Citizen,1,0.02374269005847953,0.014035087719298246,0.0007017543859649122,0.019064327485380117,0.09029239766081872,0.012046783625730995,0.0266,Low
1st Quarter 2025,City of Pasig,Senior Citizen,1,0.027116199798977406,0.02040816326530612,0.0,0.0018135733950967968,0.2279639907354805,0.007778700345234453,0.0475,Low
1st Quarter 2025,City of Malabon,Senior Citizen,1,0.0002775464890369137,0.0008326394671107411,0.005550929780738274,0.0020815986677768525,0.05995004163197336,0.0008326394671107411,0.0116,Low
1st Quarter 2025,City of Malabon,Senior Citizen,1,0.025761772853185594,0.05443213296398892,0.0006925207756232687,0.014542936288088643,0.030193905817174516,0.004986149584487534,0.0218,Low
1st Quarter 2025,City of Valenzuela,Senior Citizen,1,0.008515547742006373,0.009339633007361828,0.0024173167783760026,0.0013185364245687286,0.017140973519393473,0.0018679266014723656,0.0068,Low
1st Quarter 2025,Region 3,Senior Citizen,1,0.0,0.0,0.0,0.0,0.0,0.0,0.0,Low
2nd Quarter 2025,Quezon City,Senior Citizen,1,0.011155516654831305,0.014346935742242333,0.02086188958433108,0.00976830214853104,0.016931448483146996,0.0,0.0122,Low
1st Quarter 2025,Davao del Norte,Senior Citizen,1,0.01640639524075107,0.08189254508272913,0.1879066741029931,0.1128927309908905,0.21379438557352667,0.006553262688232014,0.1032,Low
3rd Quarter 2025,Abra,Senior Citizen,1,0.044690704598081374,0.03972874627853126,0.006351306649024148,0.0036387694343367515,0.06695335759179623,0.004730400264637777,0.0277,Low
1st Quarter 2025,Special Geographic Area (SGA),Senior Citizen,1,0.5,0.0,0.0,1.0,0.0,0.0,0.25,Moderate
3rd Quarter 2025,City of Lucena,Senior Citizen,1,0.03460743801652893,0.06930879038317055,0.009297520661157025,0.015308039068369647,0.05531555221637866,0.008170548459804658,0.032,Low
3rd Quarter 2025,Region 8,Senior Citizen,1,0.0034736187794800542,0.0308603605250649,0.010452850195619584,0.005301839189732714,0.03309535997659878,0.0007175765110241691,0.014,Low
2nd Quarter 2025,City of Puerto Princesa,Senior Citizen,1,0.024776119402985075,0.07582089552238806,0.0,0.0,0.2244776119402985,0.042388059701492536,0.0612,Low
1st Quarter 2025,City of Muntinlupa,Senior Citizen,1,0.025478348439073515,0.016012084592145016,0.0,0.0036253776435045317,0.1283987915407855,0.004833836858006042,0.0297,Low
1st Quarter 2025,Negros Occidental,Senior Citizen,1,0.021142905663581558,0.030143500042455633,0.0,0.006410800713254649,0.030822790184257452,0.002844527468795109,0.0152,Low
1st Quarter 2025,Dinagat Islands,Senior Citizen,1,0.023042695200762794,0.008475474096832292,0.0058268884415722,0.0086873609492531,0.08406610869795529,0.008952219514779107,0.0232,Low
2nd Quarter 2025,Region 9,Senior Citizen,1,0.05250330966421952,0.02423576844385606,0.009282103742929353,0.06029606450836442,0.018774822481646407,0.008620170899025153,0.029,Low
1st Quarter 2025,Misamis Occidental,Senior Citizen,1,0.009169278996865204,0.00799373040752351,0.014106583072100314,0.0024294670846394984,0.017398119122257052,0.0,0.0085,Low
1st Quarter 2025,Cotabato,Senior Citizen,1,0.025961041199793138,0.0010515428374418205,0.0007240131011894501,0.0,0.01956559213928633,0.019375969660403378,0.0111,Low
3rd Quarter 2025,Ifugao,Senior Citizen,1,0.009108882926140375,0.028527044202796215,0.008826436943934472,0.0,0.08077955091088829,0.05013416184154781,0.0296,Low
2nd Quarter 2025,Davao del Sur,Senior Citizen,1,0.07019351370722093,0.06074180254434689,0.11906468374843218,0.11749686436122558,0.09774234008242251,0.0,0.0775,Low
1st Quarter 2025,La Union,Senior Citizen,1,0.031982999070261656,0.05024571656262452,0.0,0.0,0.060804887767299774,6.640988179041042e-05,0.0239,Low
2nd Quarter 2025,Ilocos Sur,Senior Citizen,1,0.012441679626749611,0.0,0.00041871037205407346,0.0037085775810503647,0.07351357817920803,0.005503050604139251,0.0159,Low
1st Quarter 2025,City of Davao,Senior Citizen,1,0.042493280430052474,0.09729510644652076,0.15717394086778447,0.029267460215879518,0.13953240325952473,0.003114467340756858,0.0781,Low
1st Quarter 2025,Lanao del Sur,Senior Citizen,1,0.8570493397673288,0.5017394231848278,0.017730894400179553,0.03151535555306176,0.0625257172782703,0.4644821007743239,0.3225,Moderate
3rd Quarter 2025,Apayao,Senior Citizen,1,0.017372262773722627,0.021313868613138685,0.0020437956204379564,0.011240875912408759,0.06175182481751825,0.042335766423357665,0.026,Low
2nd Quarter 2025,Negros Oriental,Senior Citizen,1,0.08090859597120562,0.06998971629060553,0.07425443106890085,0.005383824330046579,0.04670013913253886,0.013883007682535841,0.0485,Low
2nd Quarter 2025,Iloilo,Senior Citizen,1,0.05587348939149493,0.02910109281300417,0.0,0.0011110772883626068,0.025037289580225868,0.007549237466134973,0.0198,Low
2nd Quarter 2025,Palawan,Senior Citizen,1,0.037598311912526376,0.0459428352196432,0.012756570113178592,0.015538077882217532,0.02541722616535584,0.010934202954153078,0.0247,Low
3rd Quarter 2025,City of Lucena,Senior Citizen,1,0.04244928625093914,0.07881292261457551,0.01081893313298272,0.06543951915852743,0.02839969947407964,0.04222389181066867,0.0447,Low
3rd Quarter 2025,Masbate,Senior Citizen,1,0.0513408609738885,0.06033874382498236,0.007057163020465773,0.0029992942836979536,0.08892025405786874,0.0,0.0351,Low
2nd Quarter 2025,City of Lapu-Lapu,Senior Citizen,1,0.034151668047292714,0.17644400933805257,0.07692597334136607,0.05907824384366293,0.016642819489419383,0.03238195647262595,0.0659,Low
3rd Quarter 2025,CAR,Senior Citizen,1,0.014452162222720144,0.038992320697451774,0.0020980587863850242,0.0006467317132788789,0.1287097956938871,0.06386857596806061,0.0415,Low
3rd Quarter 2025,Palawan,Senior Citizen,1,0.023917350693461646,0.03495612793659779,0.020874610812340787,0.02080384941975658,0.016770450042456836,0.005802434191904897,0.0205,Low
2nd Quarter 2025,City of Santiago,Senior Citizen,1,0.06755937342091965,0.04583122789287519,0.05800909550277918,0.034916624557857504,0.06326427488630622,0.009247094492167762,0.0465,Low
2nd Quarter 2025,Region 2,Senior Citizen,1,0.038864449527831545,0.01888087277846208,0.08487301307994603,0.06472520382427122,0.03696404481201244,0.008504897647955891,0.0421,Low
2nd Quarter 2025,Region 2,Senior Citizen,1,0.0,0.0,0.0,0.0,0.0,0.0,0.0,Low
1st Quarter 2025,Guimaras,Senior Citizen,1,0.009204896009553189,0.004913424221315554,0.0073265996616578765,0.022601751418051548,0.001505124888048562,0.002350980197034531,0.008,Low
1st Quarter 2025,City of Cagayan De Oro,Senior Citizen,1,0.036547198384654214,0.12523977788995458,0.005653710247349823,0.009439676930843008,0.006057546693589096,0.0034326097930338214,0.0311,Low
1st Quarter 2025,City of Naga,Senior Citizen,1,0.007029876977152899,0.015817223198594025,0.007908611599297012,0.030755711775043937,0.06942003514938488,0.011423550087873463,0.0237,Low
1st Quarter 2025,Agusan del Sur,Senior Citizen,1,0.0583804143126177,0.07757899142079933,0.05545093115714585,0.020192508893073866,0.047185603682778826,0.007585268884703913,0.0444,Low
2nd Quarter 2025,City of Butuan,Senior Citizen,1,0.018334402394697455,0.0327132777421424,0.005933290570878769,0.019617276031644218,0.09813983322642719,0.012508017960230917,0.0312,Low
3rd Quarter 2025,La Union,Senior Citizen,1,0.02424942263279446,0.037551963048498845,0.006374133949191686,0.012055427251732101,0.002632794457274827,0.0,0.0138,Low
3rd Quarter 2025,Isabela,Senior Citizen,1,0.038853901565802526,0.03430315317258336,0.11359616960703964,0.03951171116766596,0.019335288789198983,0.007052581633093215,0.0421,Low
2nd Quarter 2025,City of Navotas,Senior Citizen,1,0.030335113238814215,0.025317621064260727,0.0019793776468422022,0.13409132756398454,0.13455164794697108,0.09247836494199964,0.0698,Low
1st Quarter 2025,City of Taguig,Senior Citizen,1,0.007611983995315702,0.006806870303503464,0.026349175368400507,0.012125500146384308,0.0,0.005952961842490485,0.0098,Low
1st Quarter 2025,Aurora,Senior Citizen,1,0.042429284525790346,0.049584026622296176,0.01713810316139767,0.10748752079866888,0.031281198003327786,0.02329450915141431,0.0452,Low
1st Quarter 2025,Quirino,Senior Citizen,1,0.028087447517011727,0.0292456927754452,0.04915303315477052,0.030910670334443318,0.012595917185464022,0.0007962936151730129,0.0251,Low
3rd Quarter 2025,City of Makati,Senior Citizen,1,0.018279852709100472,0.0071015255128879535,0.0461599158337717,0.02564439768542872,0.0558916359810626,0.09034718569174119,0.0406,Low
3rd Quarter 2025,Pasay City,Senior Citizen,1,0.0,0.004542013626040878,0.0,0.004289679535705274,0.004289679535705274,0.003658844309866263,0.0028,Low
1st Quarter 2025,Region 5,Senior Citizen,1,0.0,0.0,0.0,0.0,0.0,0.0,0.0,Low
3rd Quarter 2025,Nueva Ecija,Senior Citizen,1,0.054609793420045905,0.03949885233358837,0.0318955623565417,0.007459831675592961,0.012815608263198164,0.0027735271614384087,0.0248,Low
1st Quarter 2025,Agusan del Norte,Senior Citizen,1,0.03867053070095997,0.0473193262090201,0.08734830646621988,0.11569462053975729,0.07969570729940229,0.0588661474370585,0.0713,Low
1st Quarter 2025,Cebu,Senior Citizen,1,0.01870164060744213,0.09148553632773622,0.05061482646803866,0.03788486852666388,0.042363630526214405,0.026134138119241018,0.0445,Low
2nd Quarter 2025,Pasay City,Senior Citizen,1,0.0,0.0,0.024382261495663558,0.0,0.005318278514154803,0.015382097856324661,0.0075,Low
1st Quarter 2025,Bukidnon,Senior Citizen,1,0.002343888200955245,0.07040509464001415,0.029851406332920574,0.03767910843799752,0.04882363346895454,0.00260923403502565,0.032,Low
3rd Quarter 2025,NIR,Senior Citizen,1,0.025885853927712744,0.05523038114382563,0.008060383902881243,0.0,0.03344369555792046,0.020732332190296007,0.0239,Low
3rd Quarter 2025,Pasay City,Senior Citizen,1,0.00400200100050025,0.008054027013506753,0.0,0.0,0.005052526263131566,0.0029014507253626812,0.0033,Low
1st Quarter 2025,City of Puerto Princesa,Senior Citizen,1,0.023571498578849357,0.10202881505439576,0.003430363618543566,0.003087327256689209,0.33950798784671177,0.07487993727335097,0.0911,Low
1st Quarter 2025,Sulu,Senior Citizen,1,1.0,0.0,0.0,0.0,0.0,0.0,0.1667,Low
1st Quarter 2025,Ilocos Sur,Senior Citizen,1,0.01596687131731839,0.01946928179982694,0.009023857596110263,0.002163253533314104,0.046437842515142776,0.01106349664180642,0.0174,Low
1st Quarter 2025,Region 10,Senior Citizen,1,0.0,0.0,0.0,0.0,0.0,0.0,0.0,Low
3rd Quarter 2025,Region 12,Senior Citizen,1,0.022781530959516433,0.045601158124650785,0.005663635901864175,0.008546248793620155,0.014806725250165083,0.013066998526946717,0.0184,Low
2nd Quarter 2025,Apayao,Senior Citizen,1,0.009868816945480804,0.011553736911782405,0.008123721266097002,0.0014442171139728006,0.010831628354796004,0.061920808761583825,0.0173,Low
2nd Quarter 2025,Agusan del Sur,Senior Citizen,1,0.07865029152710581,0.028656494231484926,0.022887979158913285,0.022887979158913285,0.018360004962163504,0.0006822974817020221,0.0287,Low
3rd Quarter 2025,Basilan,Senior Citizen,1,0.0,0.0,0.5,0.0,1.0,0.0,0.25,Moderate
2nd Quarter 2025,Tarlac,Senior Citizen,1,0.02908255046971817,0.007995202878273036,0.007445532680391765,0.009294423345992404,0.017989206476114333,0.00879472316610034,0.0134,Low
2nd Quarter 2025,Region 10,Senior Citizen,1,0.004994788047255038,0.022910875608061154,0.0,0.0,0.0,0.005309676858929812,0.0055,Low
1st Quarter 2025,Region 9,Senior Citizen,1,0.005746547030950701,0.05254225896427731,0.019659239842726082,0.013526229122559397,0.023607890580367646,0.019860873071882248,0.0225,Low
2nd Quarter 2025,Davao de Oro,Senior Citizen,1,0.041475467702082595,0.009559948229203436,0.014442875632427344,0.1390457700905989,0.13019178726909048,0.044975879515237085,0.0633,Low
2nd Quarter 2025,Basilan,Senior Citizen,1,0.048120728929384966,0.018080865603644646,0.7954157175398633,0.003274487471526196,0.014521640091116172,0.00042710706150341686,0.1466,Low
2nd Quarter 2025,Masbate,Senior Citizen,1,0.16117551352450682,0.00254220052877771,0.0,0.0074232255440309135,0.09914582062233068,0.003864144803742119,0.0457,Low
3rd Quarter 2025,Oriental Mindoro,Senior Citizen,1,0.05397612594429387,0.0592814716567672,0.03330257770601465,0.031053572458335735,0.018770543797935527,0.0042673432904676775,0.0334,Low
3rd Quarter 2025,Surigao del Norte,Senior Citizen,1,0.03119026058959654,0.03712647147600362,0.08929469765569976,0.042710534258979777,0.03048596438273468,0.012828252339269545,0.0406,Low
2nd Quarter 2025,BARMM,Senior Citizen,1,0.5,0.0,0.0,0.0,0.0,0.5,0.1667,Low
2nd Quarter 2025,Ilocos Norte,Senior Citizen,1,0.008593059239610963,0.008399646330680813,0.0027354111405835544,0.0057194960212201594,0.02619363395225464,0.0033156498673740055,0.0092,Low
2nd Quarter 2025,City of Parañaque,Senior Citizen,1,0.0019631273472174803,0.016473199044042337,0.0020484807101399795,0.0,0.0012803004438374872,0.008193922840559918,0.005,Low
2nd Quarter 2025,City of Santiago,Senior Citizen,1,0.06883806883806884,0.01131901131901132,0.06722106722106722,0.03823053823053823,0.02125202125202125,0.006006006006006006,0.0355,Low
1st Quarter 2025,Nueva Ecija,Senior Citizen,1,0.049735737916565805,0.034878560477689016,0.019920519648188494,0.015179940288872752,0.018145323973210684,0.0,0.023,Low
3rd Quarter 2025,Quezon City,Senior Citizen,1,0.0,0.017382429652189408,0.015187351163958593,0.007006431336972898,0.0049328516580537515,0.0013607866642906898,0.0076,Low
2nd Quarter 2025,Region 7,Senior Citizen,1,0.0385755126463856,0.03281506738723679,0.02761974412795502,0.08002412453579265,0.05941854170030488,0.03372686086601385,0.0454,Low
3rd Quarter 2025,Region 11,Senior Citizen,1,0.058686087990487516,0.03153983353151011,0.11323424494649227,0.1825743162901308,0.13258026159334127,0.003846611177170036,0.0871,Low
1st Quarter 2025,Davao del Norte,Senior Citizen,1,0.06914393226716839,0.09438695515835685,0.12083202675864953,0.09741820842479357,0.11795756245426989,0.0003658409114664994,0.0834,Low
3rd Quarter 2025,Ilocos Norte,Senior Citizen,1,0.009745293466223699,0.0,0.0,0.009689922480620155,0.021871539313399777,0.0018272425249169434,0.0072,Low
2nd Quarter 2025,City of Isabela,Senior Citizen,1,0.06912280701754386,0.016842105263157894,0.0,0.08596491228070176,0.10982456140350877,0.009473684210526316,0.0485,Low
3rd Quarter 2025,Kalinga,Senior Citizen,1,0.06068479168599796,0.05725155423587269,0.016655841143175282,0.0006495314094831586,0.023151155238006867,0.02908972812471003,0.0312,Low
2nd Quarter 2025,CAR,Senior Citizen,1,0.0222233451237999,0.04103082364830723,0.011561394643759474,0.003708943911066195,0.009732187973724103,0.03158160687215766,0.02,Low
3rd Quarter 2025,City of Muntinlupa,Senior Citizen,1,0.012117452440033085,0.01716294458229942,0.003763440860215054,0.0011993382961124897,0.06712158808933003,0.0022332506203473945,0.0173,Low
2nd Quarter 2025,Region 7,Senior Citizen,1,0.09176734479478697,0.1231420093982027,0.10536776501653913,0.05361376510171922,0.02999048822385326,0.03948806768977413,0.0739,Low
3rd Quarter 2025,City of Angeles,Senior Citizen,1,0.04789297658862876,0.02996655518394649,0.004414715719063545,0.017792642140468228,0.03839464882943144,0.004347826086956522,0.0238,Low
1st Quarter 2025,Region 6,Senior Citizen,1,0.03180407762565082,0.031279911645600685,0.006116438476237224,0.01532352786494399,0.012811387900355872,0.012294234174219449,0.0183,Low
2nd Quarter 2025,City of Navotas,Senior Citizen,1,0.013154250900027694,0.032816394350595406,0.1060648019939075,0.08423336102649312,0.1824517677466999,0.038308871042185916,0.0762,Low
2nd Quarter 2025,Davao Occidental,Senior Citizen,1,0.0896880842270983,0.09687100265669586,0.09810095444258585,0.2122896782446128,0.03827609957689659,0.0018203286431171899,0.0895,Low
1st Quarter 2025,Region 9,Senior Citizen,1,0.0,0.0,0.0,0.5,0.0,0.0,0.0833,Low
3rd Quarter 2025,CAR,Senior Citizen,1,0.023419656671332792,0.018391291534664407,0.001915567671111766,0.0,0.05189530685920578,0.04177411036616813,0.0229,Low
1st Quarter 2025,Albay,Senior Citizen,1,0.012105490704712495,0.012862083873757025,0.0,0.033073929961089495,0.024607292117019744,0.010268050151318634,0.0155,Low
3rd Quarter 2025,Bataan,Senior Citizen,1,0.027926700650377924,0.003911056424679205,0.006108279135173141,0.008371418526981894,0.051085428018984004,0.0033397785199507824,0.0168,Low
3rd Quarter 2025,Capiz,Senior Citizen,1,0.038801306063580454,0.02202479918270868,0.031579896236052965,0.02509965745878488,0.014382724705033954,0.012569860379399451,0.0241,Low
3rd Quarter 2025,Region 4A,Senior Citizen,1,0.06868456430521042,0.06704824757947339,0.032026995831126684,0.027885281297103517,0.04140356594831683,0.029229641096671692,0.0444,Low
3rd Quarter 2025,Lanao del Sur,Senior Citizen,1,0.5,0.5,0.0,0.0,0.0,0.0,0.1667,Low
3rd Quarter 2025,Antique,Senior Citizen,1,0.04530306186211206,0.010310352009997917,0.012323821426091787,0.015413455530097896,0.02294660834548358,0.009824342150940777,0.0194,Low
2nd Quarter 2025,City of General Santos,Senior Citizen,1,0.009086778736937756,0.0222626079054975,0.04975011358473421,0.028850522489777375,0.0222626079054975,0.11812812358019083,0.0417,Low
1st Quarter 2025,Ilocos Norte,Senior Citizen,1,0.014099410856260368,0.00408968712463536,0.00028599210661785733,0.0,0.03883772807870503,0.0014585597437510726,0.0098,Low
3rd Quarter 2025,City of Mandaue,Senior Citizen,1,0.02001779359430605,0.00771055753262159,0.002372479240806643,0.04329774614472123,0.008896797153024912,0.010231316725978648,0.0154,Low
1st Quarter 2025,City of Malabon,Senior Citizen,1,0.024279875437913587,0.04101790579992215,0.00014597119501751654,0.0033086804203970414,0.0,0.0008758271701050993,0.0116,Low
3rd Quarter 2025,Region 11,Senior Citizen,1,0.02265786917909028,0.028840473782752785,0.2503929833695445,0.07302482052925098,0.18965827968401133,0.007679445718233427,0.0954,Low
3rd Quarter 2025,CAR,Senior Citizen,1,0.011529990931467806,0.007405967957852917,0.004674612428207454,0.0024074793798851317,0.09564062702422593,0.07972751219933498,0.0336,Low
3rd Quarter 2025,City of Zamboanga,Senior Citizen,1,0.06336462450592885,0.01383399209486166,0.006546442687747036,0.022974308300395256,0.016180830039525692,0.0023468379446640315,0.0209,Low
1st Quarter 2025,Aklan,Senior Citizen,1,0.022232607824809722,0.0016023501134997996,0.06462812124449192,0.011183068500467352,0.013453064494592068,0.0,0.0188,Low
3rd Quarter 2025,City of Mandaue,Senior Citizen,1,0.016724026672402668,0.010486126048612605,0.015648526564852657,0.026403527640352763,0.01484190148419015,0.02597332759733276,0.0183,Low
3rd Quarter 2025,Cavite,Senior Citizen,1,0.07711163313246859,0.017465018894903483,0.014094576652027372,0.023184557246450823,0.009804922888366867,0.0,0.0236,Low
2nd Quarter 2025,La Union,Senior Citizen,1,0.005839702135998433,0.046404076033705666,0.012404467960023516,0.005584950029394474,0.06680384087791495,0.0003331373701744072,0.0229,Low
3rd Quarter 2025,Kalinga,Senior Citizen,1,0.006382978723404255,0.0010638297872340426,0.006382978723404255,0.001376720901126408,0.0555694618272841,0.04305381727158949,0.019,Low
3rd Quarter 2025,City of Parañaque,Senior Citizen,1,0.018768379173153434,0.015914201695208442,0.025774087528109325,0.0,0.0,0.006140806088911953,0.0111,Low
3rd Quarter 2025,City of Iligan,Senior Citizen,1,0.051335456995834354,0.021685861308502818,0.003308012741975006,0.0013477088948787063,0.020705709384954668,0.0,0.0164,Low
2nd Quarter 2025,Region 5,Senior Citizen,1,0.03978784341405147,0.05670064610706917,0.03978784341405147,0.048322293408622,0.01359403844065588,0.017347160386578346,0.0359,Low
3rd Quarter 2025,City of San Juan,Senior Citizen,1,0.00022241992882562276,0.0064501779359430605,0.003781138790035587,0.0066725978647686835,0.0,0.014902135231316727,0.0053,Low
1st Quarter 2025,CAR,Senior Citizen,1,0.03461695727094834,0.036544583661906015,0.000949209965244312,0.01753847951166798,0.09292765559741815,0.10313531353135313,0.0476,Low
3rd Quarter 2025,Davao Oriental,Senior Citizen,1,0.02045028142589118,0.1303939962476548,0.06538461538461539,0.1423545966228893,0.003283302063789869,0.008583489681050657,0.0617,Low
1st Quarter 2025,Isabela,Senior Citizen,1,0.006290411508195078,0.04759159941857551,0.07294120595458874,0.03504836850283194,0.04509799007568543,0.009335371660568392,0.0361,Low
2nd Quarter 2025,City of Iligan,Senior Citizen,1,0.007047477744807121,0.059099901088031655,0.0,0.03560830860534125,0.026335311572700297,0.007542037586547972,0.0226,Low
3rd Quarter 2025,Mountain Province,Senior Citizen,1,0.011858559724018974,0.03550380911312347,7.187005893344832e-05,0.0033778927698720714,0.08286617795026592,0.004096593359206554,0.023,Low
2nd Quarter 2025,Kalinga,Senior Citizen,1,0.040323433040904764,0.04402283056759328,0.0026424268047775075,0.0,0.07900856146284747,0.03905506817461157,0.0342,Low
1st Quarter 2025,Rizal,Senior Citizen,1,0.054430845679580384,0.019186528020612863,0.02894083003588847,0.004463053280574216,0.020336799484678383,0.09225177141805466,0.0366,Low
1st Quarter 2025,Cotabato,Senior Citizen,1,0.02046813253622454,0.023710608977606646,0.005015705745262945,0.00871415543621441,0.018948221704326678,0.015148444624582024,0.0153,Low
1st Quarter 2025,Quezon,Senior Citizen,1,0.08847594637223975,0.0,0.02779968454258675,0.05619085173501577,0.0808852523659306,0.006013406940063091,0.0432,Low
3rd Quarter 2025,Zambales,Senior Citizen,1,0.018117947626144347,0.016819246327443048,0.0034915903768362785,0.0067064083457526085,0.01315733446880988,0.011986374281456248,0.0117,Low
3rd Quarter 2025,Lanao del Sur,Senior Citizen,1,0.020720765379467605,0.00017349923164625985,0.012863728746344123,0.020671194170425816,0.5025529172656521,0.0037178406781341396,0.0934,Low
2nd Quarter 2025,Apayao,Senior Citizen,1,0.025582107843137254,0.019761029411764705,0.0014297385620915032,0.012765522875816993,0.025377859477124183,0.022365196078431373,0.0179,Low
1st Quarter 2025,Cavite,Senior Citizen,1,0.08069320335770376,0.012771910822276378,0.03411860276198213,0.024235039263471432,0.04158768841953245,0.007717303005686434,0.0335,Low
1st Quarter 2025,Camarines Sur,Senior Citizen,1,0.003898891663381084,0.03879178166206685,0.057870066149734965,0.10807377228720375,0.03581285320015771,0.0,0.0407,Low
2nd Quarter 2025,City of Iloilo,Senior Citizen,1,0.008283381318733185,0.001463161372539765,0.013097654221928542,0.004719875395289564,0.004554679756454429,0.011988483504035493,0.0074,Low
2nd Quarter 2025,Lanao del Norte,Senior Citizen,1,0.005510131532172059,0.005421258442943477,0.0,0.04803590472804835,0.012531105581230004,0.0,0.0119,Low
2nd Quarter 2025,BARMM,Senior Citizen,1,0.5,0.5,0.0,0.5,0.0,1.0,0.4167,High
1st Quarter 2025,Oriental Mindoro,Senior Citizen,1,0.04814148681055156,0.056235011990407674,0.024940047961630695,0.012949640287769784,0.024280575539568347,0.011270983213429257,0.0296,Low
1st Quarter 2025,Eastern Samar,Senior Citizen,1,0.0015281865519583427,0.020941815712021736,5.659950192438306e-05,0.006169345709757754,0.030054335521847407,0.0037355671270092824,0.0104,Low
1st Quarter 2025,Cavite,Senior Citizen,1,0.07686774226698181,0.0,0.03329565306751619,0.013410749152194019,0.07589148083444662,0.046089816051793235,0.0409,Low
2nd Quarter 2025,Albay,Senior Citizen,1,0.007422021796317174,0.01728673431040962,0.04594137542277339,0.03325817361894025,0.021326568959037957,0.0024426907177752723,0.0213,Low
1st Quarter 2025,Caraga,Senior Citizen,1,0.014573894679975935,0.020712856213242967,0.07121195378589758,0.07922943754834433,0.03696882635333407,0.01531057006396798,0.0397,Low
2nd Quarter 2025,Quirino,Senior Citizen,1,0.0313836285888821,0.010079413561392792,0.02909285277947465,0.040012217470983505,0.023213194868662187,0.005268784361637141,0.0232,Low
2nd Quarter 2025,Agusan del Sur,Senior Citizen,1,0.08117362696387807,0.030280649926144758,0.0,0.027460722438565864,0.027393581307909226,0.005774137236471062,0.0287,Low
1st Quarter 2025,City of Cebu,Senior Citizen,1,0.02113735519783361,0.05513765608545208,0.333533925078983,0.12374003309763804,0.31126824131187003,0.024672784714908982,0.1449,Low
1st Quarter 2025,Camarines Sur,Senior Citizen,1,0.05142747078714206,0.03212344305097804,0.060844069682831826,0.07860719941788298,0.05626417840174635,0.024975388434704447,0.0507,Low
2nd Quarter 2025,Bohol,Senior Citizen,1,0.04476190476190476,0.06017316017316017,0.019740259740259742,0.040346320346320345,0.028181818181818183,0.08571428571428572,0.0465,Low
2nd Quarter 2025,Region 10,Senior Citizen,1,0.0,0.0,0.0,0.0,0.0,0.0,0.0,Low
2nd Quarter 2025,Region 4B,Senior Citizen,1,0.0,0.08463803609434678,0.016079185982098603,0.029097058223271816,0.04657570191550774,0.05188197906644509,0.038,Low
1st Quarter 2025,City of Santiago,Senior Citizen,1,0.0005971040453799074,0.059710404537990744,0.058740110464248395,0.0017166741304672339,0.06187490670249291,0.006568144499178982,0.0315,Low
2nd Quarter 2025,City of Bacolod,Senior Citizen,1,0.03719452590420332,0.01911045943304008,0.006695992179863147,0.0,0.0710654936461388,0.005034213098729228,0.0232,Low
1st Quarter 2025,Misamis Oriental,Senior Citizen,1,0.0,0.34193278482777856,0.0,0.004113791660856227,0.03597824571189513,0.017012968902524055,0.0665,Low
1st Quarter 2025,Maguindanao del Norte,Senior Citizen,1,0.05399787723332743,0.40222006014505574,0.007208561825579338,0.004068636122412878,0.4580311339111976,0.006368300017689722,0.1553,Low
2nd Quarter 2025,BARMM,Senior Citizen,1,0.0,0.0,0.0,0.0,0.0,0.5,0.0833,Low
1st Quarter 2025,Zamboanga Sibugay,Senior Citizen,1,0.059430512016718916,0.01841692789968652,0.001959247648902821,0.028539707419017762,0.010645245559038662,0.017829153605015673,0.0228,Low
3rd Quarter 2025,Isabela,Senior Citizen,1,0.01366905087817386,0.0006940561799919026,0.046039059939462876,0.11239854248202202,0.0481405078177717,0.008887774971562975,0.0383,Low
3rd Quarter 2025,Ormoc City,Senior Citizen,1,0.004341031429067547,0.024657058517103665,8.682062858135092e-05,0.007640215315158882,0.06685188400764022,0.007032470915089425,0.0184,Low
2nd Quarter 2025,Davao del Sur,Senior Citizen,1,0.026129152668906308,0.08771929824561403,0.11521712081622495,0.23198954833893243,0.10843598357596118,0.001617518974741819,0.0952,Low
2nd Quarter 2025,Negros Oriental,Senior Citizen,1,0.038473751058425064,0.002804826418289585,0.011960203217612193,0.001693480101608806,0.026460626587637596,0.06038314987298899,0.0236,Low
3rd Quarter 2025,Batanes,Senior Citizen,1,0.006,0.045,0.0485,0.06,0.0435,0.0,0.0338,Low
1st Quarter 2025,Region 4A,Senior Citizen,1,0.022644226530432313,0.03166175217233711,0.05046581569176814,0.017569725408752044,0.035707638201784894,0.04105153851428795,0.0332,Low
3rd Quarter 2025,Pasay City,Senior Citizen,1,0.010869565217391304,0.0006654835847382431,0.0080301685891748,0.0,0.0,0.0035048802129547473,0.0038,Low
3rd Quarter 2025,Marinduque,Senior Citizen,1,0.014319111630625365,0.024254821741671536,0.015195791934541203,0.005552308591466978,0.024547048509643482,0.01081239041496201,0.0158,Low
2nd Quarter 2025,City of General Santos,Senior Citizen,1,0.004611404791362052,0.027837138679563604,0.0020245191766955347,0.001799572601507142,0.03447306264762119,0.09295917219660331,0.0273,Low
1st Quarter 2025,Dinagat Islands,Senior Citizen,1,0.02864651773981603,0.03153745072273324,0.02930354796320631,0.011957950065703023,0.10341655716162944,0.008147174770039421,0.0355,Low
3rd Quarter 2025,Davao Oriental,Senior Citizen,1,0.045392892666606385,0.060222443258884165,0.32864635138800974,0.0,0.006510534406365856,0.012523736323356542,0.0755,Low
2nd Quarter 2025,Catanduanes,Senior Citizen,1,0.10726227096429049,0.11408318844456333,0.026079978601043198,0.009763274040390532,0.1271900494850876,0.00026748696001069946,0.0641,Low
1st Quarter 2025,Negros Occidental,Senior Citizen,1,0.062353304508956146,0.030589870290302655,0.00965101914762199,0.015179122915379864,0.04549104385423101,0.006114885731933292,0.0282,Low
2nd Quarter 2025,Oriental Mindoro,Senior Citizen,1,0.07967756936909007,0.04100139513253759,0.016199038908696325,0.02798015811502093,0.056619128817237636,0.035188342892574796,0.0428,Low
2nd Quarter 2025,Davao del Norte,Senior Citizen,1,0.01155039650614872,0.019940236754396046,0.07861165383289277,0.007240547063555913,0.10131019423054821,0.0029881622801976784,0.0369,Low
2nd Quarter 2025,Region 12,Senior Citizen,1,0.03346171666859724,0.04110679949032781,0.0,0.0049229699988416545,0.027901656434611375,0.0,0.0179,Low
2nd Quarter 2025,Region 4A,Senior Citizen,1,0.019056143628061437,0.08441651100041511,0.021345734744707346,0.03096461187214612,0.06794183271066832,0.029810087173100873,0.0423,Low
3rd Quarter 2025,Ifugao,Senior Citizen,1,0.025839793281653745,0.030303030303030304,0.00011745360582569885,0.006577401926239136,0.12544045102184637,0.00011745360582569885,0.0314,Low
1st Quarter 2025,City of Pasig,Senior Citizen,1,0.028066443007937158,0.05952868014074135,0.0030275754848212095,0.0018001800180018,0.10821536699124458,0.0006136977334097046,0.0335,Low
3rd Quarter 2025,Masbate,Senior Citizen,1,0.06650592726542094,0.13441832429174203,0.0,0.05736387381957002,0.029435402853124373,0.01295961422543701,0.0501,Low
3rd Quarter 2025,City of Pasig,Senior Citizen,1,0.03421402392363768,0.0,0.0,0.0010874380764428692,0.13572838213379515,0.007954408151758024,0.0298,Low
2nd Quarter 2025,City of Navotas,Senior Citizen,1,0.04721549636803874,0.03403282216841539,0.177697067527576,0.06941081517352704,0.08501479687920366,0.06564433683077751,0.0798,Low
1st Quarter 2025,Region 5,Senior Citizen,1,0.0,0.0,0.5,0.0,0.0,0.0,0.0833,Low
1st Quarter 2025,Siquijor,Senior Citizen,1,0.03821083389525736,0.053495167453360304,0.004270622611822881,0.005506855473140031,0.0823780624859519,0.0016857720836142953,0.0309,Low
2nd Quarter 2025,Basilan,Senior Citizen,1,0.5088103970658587,0.9985249561473449,0.5073752192632754,0.02985967150374741,0.009647584117365651,0.006418434061553182,0.3434,Moderate
3rd Quarter 2025,City of Manila,Senior Citizen,1,0.0,0.009352306902369252,0.0008802171202229883,0.004987897014596934,0.0,0.008875522628915132,0.004,Low
3rd Quarter 2025,Camiguin,Senior Citizen,1,0.016404199475065617,0.03280839895013123,0.0,0.0,0.0006561679790026247,0.00984251968503937,0.01,Low
3rd Quarter 2025,Leyte,Senior Citizen,1,0.0062925851703406815,0.001002004008016032,0.003927855711422846,0.0005210420841683367,0.011462925851703406,0.009739478957915831,0.0055,Low
2nd Quarter 2025,Sulu,Senior Citizen,1,0.10845927018061187,0.5,0.002580169553999263,0.004192775525248802,0.45070033173608554,0.007740508661997788,0.1789,Low
1st Quarter 2025,Guimaras,Senior Citizen,1,0.010783450704225352,0.015129841549295775,0.010893485915492957,0.0,0.034275968309859156,0.0,0.0118,Low
2nd Quarter 2025,Oriental Mindoro,Senior Citizen,1,0.06697449026241199,0.01782938648623937,0.0259211849684557,0.026058334095272927,0.05563682911218799,0.05225381731736308,0.0408,Low
1st Quarter 2025,Oriental Mindoro,Senior Citizen,1,0.041954817888427844,0.0648532349777163,0.02174581220224374,0.037190717688643,0.04548947287536499,0.04725680036883356,0.0431,Low
3rd Quarter 2025,Davao de Oro,Senior Citizen,1,0.0700888888888889,0.01928888888888889,0.011244444444444444,0.00035555555555555557,0.08644444444444445,0.03591111111111111,0.0372,Low
1st Quarter 2025,City of Taguig,Senior Citizen,1,0.013776213072095514,0.023164447165671717,0.024491045461503137,0.006888106536047757,0.0032654727282004185,0.00482167457523343,0.0127,Low
2nd Quarter 2025,Region 2,Senior Citizen,1,0.015729442730898994,0.03712112304060349,0.051050589288783164,0.04685818175239922,0.01894950116229637,0.013269173367584142,0.0305,Low
3rd Quarter 2025,City of Navotas,Senior Citizen,1,0.02332109695530123,0.024184841286979054,0.0016195206218959188,0.0006478082487583676,0.10958756208162385,0.0955517166918592,0.0425,Low
2nd Quarter 2025,City of Iligan,Senior Citizen,1,0.030534351145038167,0.05979643765903308,0.049842837898518184,0.02305044155066607,0.02761562640323305,0.0163897620116749,0.0345,Low
2nd Quarter 2025,City of Olongapo,Senior Citizen,1,0.031049935979513443,0.006455399061032864,0.015418267178830559,0.016325224071702945,0.01957959880495092,0.002774221084080239,0.0153,Low
3rd Quarter 2025,Cavite,Senior Citizen,1,0.08505517727166001,0.015613993895280582,0.04155905142052125,0.0740197229396572,0.04910190185489552,0.04845621037802301,0.0523,Low
2nd Quarter 2025,Aurora,Senior Citizen,1,0.04422710749523975,0.005625757313484508,0.007746235070105591,0.11558767526397784,0.03024926432404362,0.03674052276267959,0.04,Low
2nd Quarter 2025,City of Parañaque,Senior Citizen,1,0.0,0.013829787234042552,0.005141843971631205,0.004432624113475178,0.0,0.013031914893617021,0.0061,Low
1st Quarter 2025,Guimaras,Senior Citizen,1,0.03036735619441155,0.014752198342109904,0.005914737080803245,0.004768323716898889,0.008749275617929401,0.00843432689158205,0.0122,Low
1st Quarter 2025,Quezon City,Senior Citizen,1,0.006149182465013272,0.012761713289459218,0.009149166758289223,0.00269370317432893,0.008811472191245073,0.0,0.0066,Low
2nd Quarter 2025,City of Butuan,Senior Citizen,1,0.0002976781107362572,0.04514784679499901,0.027088708076999403,0.011510220281801944,0.11440762055963485,0.013593967056955746,0.0353,Low
3rd Quarter 2025,Tarlac,Senior Citizen,1,0.04300338177497486,0.01561100447856686,0.007156567041403893,0.0015537885019650856,0.02986929896718764,0.003582853486884197,0.0168,Low
3rd Quarter 2025,City of Angeles,Senior Citizen,1,0.03479966161655003,0.034530492963162344,0.0031915711758824885,0.026916865338767977,0.007844343613012382,0.006844574329001,0.019,Low
1st Quarter 2025,Zamboanga del Norte,Senior Citizen,1,0.06084793199958536,0.06945164299782315,0.09593656058878408,0.06971079091945682,0.03586607235409972,0.01803669534570333,0.0583,Low
3rd Quarter 2025,Romblon,Senior Citizen,1,0.0393154486586494,0.06382978723404255,0.027752081406105456,0.020814061054579093,0.1868640148011101,0.04024051803885292,0.0631,Low
2nd Quarter 2025,City of Makati,Senior Citizen,1,0.0,0.00891758917589176,0.0017571604287471446,0.04239149534352486,0.18748901774732032,0.2724037954665261,0.0855,Low
2nd Quarter 2025,La Union,Senior Citizen,1,0.014989837398373984,0.012957317073170731,0.0014735772357723578,0.00274390243902439,0.006707317073170732,0.006199186991869918,0.0075,Low
3rd Quarter 2025,La Union,Senior Citizen,1,0.016583520640315774,0.02401184145606052,0.0007675017817005647,0.0,0.11002686256235952,0.0,0.0252,Low
1st Quarter 2025,Camarines Sur,Senior Citizen,1,0.013026154474867184,0.019207192480588477,0.05486309767061708,0.03202901512055578,0.047558234572946466,0.008326522272170005,0.0292,Low
3rd Quarter 2025,Region 10,Senior Citizen,1,0.0,0.0,0.0,0.0,0.0,0.0,0.0,Low
2nd Quarter 2025,City of Cotabato,Senior Citizen,1,0.036190227332113925,0.01620067938332898,0.02926574340214267,0.027305983799320616,0.00169845832244578,0.02678338123856807,0.0229,Low
1st Quarter 2025,Surigao del Norte,Senior Citizen,1,0.013938948142699522,0.015299742552408974,0.10581095991173226,0.07870540639941155,0.03045237219566017,0.015924972416329532,0.0434,Low
3rd Quarter 2025,City of Dagupan,Senior Citizen,1,0.0011198208286674132,0.016097424412094066,0.0,0.0,0.01969018290406868,0.0019130272489734975,0.0065,Low
3rd Quarter 2025,Siquijor,Senior Citizen,1,0.0384995064165844,0.0562685093780849,0.0009871668311944718,0.010365251727541954,0.035538005923000986,0.008637709772951628,0.025,Low
3rd Quarter 2025,Abra,Senior Citizen,1,0.025706677591151167,0.024580090126997134,0.0095759934453093,0.008603031544448997,0.05238631708316264,0.0,0.0201,Low
1st Quarter 2025,Davao del Norte,Senior Citizen,1,0.0361411224782484,0.0011473372215316951,0.13653312936227172,0.1290754374223157,0.1591930394875227,0.0030117602065207,0.0775,Low
1st Quarter 2025,Bukidnon,Senior Citizen,1,0.014342283175584315,0.0,0.03776318331079776,0.02559397334363531,0.022937994977786362,0.004346146416843732,0.0175,Low
2nd Quarter 2025,Davao Occidental,Senior Citizen,1,0.03866538183570224,0.02348831606841725,0.03806311732112744,0.11430980486629727,0.07745121657431944,0.0,0.0487,Low
2nd Quarter 2025,Sorsogon,Senior Citizen,1,0.052563418907595034,0.04707854041288947,0.0,0.014969147558467281,0.11731545669231355,0.0012569513217033596,0.0389,Low
1st Quarter 2025,Region 9,Senior Citizen,1,0.016004043126684638,0.0545044578063446,0.04665146174580137,0.02791312461123782,0.038617043334024465,0.0068162969106365335,0.0318,Low
3rd Quarter 2025,Bohol,Senior Citizen,1,0.019872178949470742,0.019922109047333734,0.07459556620730977,0.2590373477132015,0.061713600958657876,0.05632115038945476,0.0819,Low
3rd Quarter 2025,Mountain Province,Senior Citizen,1,0.0014565126924677486,0.031991260923845195,0.0,0.0006242197253433209,0.0021327507282563464,0.006034124011652101,0.007,Low
1st Quarter 2025,City of Iligan,Senior Citizen,1,0.028585685771314515,0.04626461362988309,0.0308668377530653,0.0,0.034003421727972626,0.02666096378671229,0.0277,Low
3rd Quarter 2025,Region 10,Senior Citizen,1,0.0,0.0,0.0,0.0,0.0,0.0,0.0,Low
2nd Quarter 2025,Bulacan,Senior Citizen,1,0.024343977236800506,0.011750447887027084,0.011697755295605438,0.017283169986299925,0.03335441036990199,0.02265781431130783,0.0202,Low
2nd Quarter 2025,Misamis Oriental,Senior Citizen,1,0.0,0.005777187914747443,0.02463111874463268,0.02213287532203919,0.02630962604418768,0.011554375829494886,0.0151,Low
3rd Quarter 2025,Misamis Oriental,Senior Citizen,1,0.052242653376868876,0.13103626052586356,0.0450249183708541,0.0025777625021481355,0.0021481354184567794,0.003780718336483932,0.0395,Low
2nd Quarter 2025,City of Pasig,Senior Citizen,1,0.031289292968372184,0.005513105716220137,0.010252442209111133,0.007157365315794564,0.00802785569203985,0.0,0.0104,Low
3rd Quarter 2025,Basilan,Senior Citizen,1,0.038701246481704865,0.007689987937273824,0.008644953759549658,0.5092480900683555,0.0,0.5043224768797748,0.1781,Low
1st Quarter 2025,City of Valenzuela,Senior Citizen,1,0.0059154220506796446,0.000629300218157409,0.0023493874811209934,0.0010068803490518544,0.03884880013425071,0.006251048833696929,0.0092,Low
1st Quarter 2025,City of Parañaque,Senior Citizen,1,0.0,0.0,0.006262833675564682,0.0,0.003080082135523614,0.0007186858316221766,0.0017,Low
1st Quarter 2025,Cebu,Senior Citizen,1,0.06605450236966824,0.0533298775671406,0.03475513428120063,0.004665284360189573,0.011737263033175356,0.019376974723538706,0.0317,Low
3rd Quarter 2025,City of Angeles,Senior Citizen,1,0.0006749915626054674,0.03864326695916301,0.004809314883563956,0.00042186972662841717,0.01940600742490719,0.0,0.0107,Low
2nd Quarter 2025,City of General Santos,Senior Citizen,1,0.004404617253948967,0.0,0.0062272174969623326,0.018833535844471446,0.012910085054678007,0.025820170109356014,0.0114,Low
1st Quarter 2025,Antique,Senior Citizen,1,0.008373394278508944,0.0028962093151548587,0.001930806210103239,0.005615099692647175,0.02090393253999527,0.0,0.0066,Low
1st Quarter 2025,Sorsogon,Senior Citizen,1,0.06373637998518988,0.025970591346662436,0.019200253887654714,0.0,0.05738918861737015,0.0,0.0277,Low
3rd Quarter 2025,Ifugao,Senior Citizen,1,0.025661680092059838,0.043498273878020716,0.01093210586881473,0.0,0.06950517836593786,0.07721518987341772,0.0378,Low
2nd Quarter 2025,Camarines Sur,Senior Citizen,1,0.018252001524971407,0.007982272207396111,0.0726982462828822,0.04710731986275257,0.028116660312619137,0.003240564239420511,0.0296,Low
2nd Quarter 2025,City of Lapu-Lapu,Senior Citizen,1,0.043315907393577296,0.07804331590739358,0.07498132935026139,0.038386855862584016,0.018371919342793128,0.03539955190440627,0.0481,Low
2nd Quarter 2025,Surigao del Sur,Senior Citizen,1,0.047884854915348066,0.06795220740877428,0.06799833925358675,0.09390137011579093,0.06077870554043456,0.017876089864833695,0.0594,Low
3rd Quarter 2025,Pampanga,Senior Citizen,1,0.022221761572106716,0.02736261686117618,0.03573723596111192,0.004083663273978566,0.018500860264090712,0.013981882630957069,0.0203,Low
3rd Quarter 2025,Northern Samar,Senior Citizen,1,0.09459949256977165,0.025643349039507067,0.0014498006524102935,0.003352664008698804,0.027183762232693004,0.004711852120333454,0.0262,Low
1st Quarter 2025,Caraga,Senior Citizen,1,0.04255930805189611,0.03608479364047697,0.029135314851386145,0.06629502787290953,0.01803614728895333,0.006374521910856685,0.0331,Low
2nd Quarter 2025,City of Makati,Senior Citizen,1,0.024417098445595854,0.010297927461139897,0.07700777202072538,0.05660621761658031,0.009715025906735751,0.03406735751295337,0.0354,Low
3rd Quarter 2025,City of Cebu,Senior Citizen,1,0.057442226455727656,0.32783897954112484,0.09152654684005633,0.10490350368591071,0.05209972666280129,0.13248571191915845,0.1277,Low
2nd Quarter 2025,Kalinga,Senior Citizen,1,0.0736196319018405,0.0006390593047034765,0.006007157464212679,0.00325920245398773,0.06256390593047034,0.0,0.0243,Low
2nd Quarter 2025,City of Marikina,Senior Citizen,1,0.06028938906752412,0.03376205787781351,0.1402733118971061,0.08561093247588425,0.05988745980707395,0.03135048231511254,0.0685,Low
1st Quarter 2025,Region 1,Senior Citizen,1,0.0,0.0,0.0,0.0,0.0,0.0,0.0,Low
2nd Quarter 2025,Dinagat Islands,Senior Citizen,1,0.013832658569500675,0.010121457489878543,0.038798920377867745,0.03576248313090418,0.06174089068825911,0.0,0.0267,Low
1st Quarter 2025,City of Muntinlupa,Senior Citizen,1,0.0046497210167389955,0.01725563132878694,0.0020665426741062203,0.0,0.08555486670799752,0.0,0.0183,Low
2nd Quarter 2025,City of Lapu-Lapu,Senior Citizen,1,0.040580724156025885,0.008046178065418927,0.10879832079762113,0.10420675179289837,0.20885079587196081,0.048583172992828404,0.0865,Low
3rd Quarter 2025,Misamis Occidental,Senior Citizen,1,0.0164393282346448,0.04001419222581408,0.009027832531735393,0.0014192225814081841,0.02231333280769534,0.007135535756524481,0.0161,Low
3rd Quarter 2025,NIR,Senior Citizen,1,0.003923820461288162,0.011209206622643315,0.007883529524356397,0.006830797205474208,0.07342807924203273,0.0017106900181835581,0.0175,Low
3rd Quarter 2025,City of General Santos,Senior Citizen,1,0.016943042537851477,0.009218251107220105,0.02137192295808013,0.024925327016170562,0.03373158924709033,0.15933669790915644,0.0443,Low
1st Quarter 2025,Agusan del Sur,Senior Citizen,1,0.035202086049543675,0.039706056655209196,0.0340760933981273,0.052743866303188336,0.02666824700723006,0.015349057721939077,0.034,Low
1st Quarter 2025,Dinagat Islands,Senior Citizen,1,0.02561307901907357,0.03651226158038147,0.002452316076294278,0.004359673024523161,0.06839237057220708,0.006539509536784741,0.024,Low
1st Quarter 2025,City of Cotabato,Senior Citizen,1,0.04096513323611295,0.019156834150868354,0.00185602545406337,0.006562375712581201,0.05342701842768129,0.0006628662335940607,0.0204,Low
3rd Quarter 2025,Samar,Senior Citizen,1,0.02033441972509565,0.039074677625053136,0.0,0.0074039960323083465,0.0208303811818053,0.0033300269236219357,0.0152,Low
3rd Quarter 2025,City of Butuan,Senior Citizen,1,0.0511871330099566,0.03203982639775338,0.04480469747255553,0.003701812611692622,0.10760786316058207,0.0,0.0399,Low
2nd Quarter 2025,Cagayan,Senior Citizen,1,0.02991883490674649,0.10034826157034309,0.04913078517154041,0.1055721851254893,0.027285286668201705,0.014074372553534423,0.0544,Low
3rd Quarter 2025,City of Manila,Senior Citizen,1,0.0029683562027443293,0.009941192943153179,0.005096611593391207,0.02346681601792215,0.00798095771492579,0.0024782973956874823,0.0087,Low
3rd Quarter 2025,City of Dagupan,Senior Citizen,1,0.03092922744462453,0.03552133981631551,0.006618044300378174,0.001350621285791464,0.0017558076715289033,0.008373851971907077,0.0141,Low
2nd Quarter 2025,Masbate,Senior Citizen,1,0.11824979230130157,0.030047078371642204,0.06175574633065633,0.0,0.004015508169482138,0.0,0.0357,Low
1st Quarter 2025,Camarines Norte,Senior Citizen,1,0.1830850552618933,0.019461797212878423,0.02715040845747237,0.0031234983181162904,0.3399807784718885,0.00913022585295531,0.097,Low
3rd Quarter 2025,Masbate,Senior Citizen,1,0.10143646408839779,0.12044198895027625,0.008839779005524863,0.0017679558011049724,0.2498342541436464,0.005303867403314917,0.0813,Low
3rd Quarter 2025,Region 1,Senior Citizen,1,0.03176413401136704,0.020593404128028715,0.0001121746933891714,0.003729808555189949,0.03511067903081065,0.005113296440323063,0.0161,Low
2nd Quarter 2025,Ilocos Norte,Senior Citizen,1,0.009661513859275054,0.024853411513859273,0.004464285714285714,0.0,0.043243603411513856,0.0,0.0137,Low
1st Quarter 2025,Camarines Norte,Senior Citizen,1,0.01859005311443747,0.1122646064703042,0.013037180106228875,0.0028971511347175277,0.44036697247706424,0.0014485755673587638,0.0981,Low
1st Quarter 2025,Negros Oriental,Senior Citizen,1,0.0861474435196195,0.023781212841854936,0.03353151010701546,0.010582639714625445,0.05386444708680143,0.058858501783590964,0.0445,Low
1st Quarter 2025,Ilocos Norte,Senior Citizen,1,0.02353418543315074,0.020135930208967336,0.007963075674579023,0.008876039764658146,0.005782105903834449,0.013339419760600527,0.0133,Low
2nd Quarter 2025,Cagayan,Senior Citizen,1,0.06468281710690295,0.06995653363324113,0.059910635581628624,0.07618772607070123,0.0454725067631235,0.010881789720052281,0.0545,Low
1st Quarter 2025,Samar,Senior Citizen,1,0.03789539617914187,0.08555172773775968,0.0,0.0,0.029282806138427812,0.0015659254619480112,0.0257,Low
1st Quarter 2025,Benguet,Senior Citizen,1,0.018562168532704773,0.018267530936947555,0.0,0.0,0.02058254061789713,0.05206667227881135,0.0182,Low
1st Quarter 2025,Region 1,Senior Citizen,1,0.026535747497401674,0.05842678190470981,0.0,0.0,0.013330780591871342,0.005475630435971774,0.0173,Low
1st Quarter 2025,Zamboanga Sibugay,Senior Citizen,1,0.06471744471744471,0.019066339066339068,0.0,0.00796068796068796,0.02697788697788698,0.01926289926289926,0.023,Low
2nd Quarter 2025,Misamis Oriental,Senior Citizen,1,0.0,0.0938267274640477,0.007453525078919677,0.025429673798667136,0.000876885303402315,0.015345492809540512,0.0238,Low
3rd Quarter 2025,City of Marikina,Senior Citizen,1,0.02162629757785467,0.056228373702422146,0.06228373702422145,0.12759515570934257,0.08737024221453288,0.04195501730103806,0.0662,Low
2nd Quarter 2025,City of San Juan,Senior Citizen,1,0.0,0.0,0.0,0.019776640297812936,0.005583992554676594,0.03024662633783155,0.0093,Low
2nd Quarter 2025,Bulacan,Senior Citizen,1,0.0700772138053519,0.03919169166459103,0.04076737310620418,0.029937947390649873,0.03214715023662295,0.018345047162148992,0.0384,Low
2nd Quarter 2025,City of Marikina,Senior Citizen,1,0.0029239766081871343,0.019138755980861243,0.1291866028708134,0.1291866028708134,0.06671982987772461,0.07575757575757576,0.0705,Low
2nd Quarter 2025,City of Olongapo,Senior Citizen,1,0.018598438142211262,0.02209206740649404,0.005445951500205507,0.004521167283189478,0.01952322235922729,0.01829017673653925,0.0147,Low
2nd Quarter 2025,Masbate,Senior Citizen,1,0.05755395683453238,0.125256937307297,0.013103802672147996,0.050488180883864336,0.0,0.0044964028776978415,0.0418,Low
3rd Quarter 2025,Maguindanao del Sur,Senior Citizen,1,0.09106958318980365,0.026050637271787806,0.0,0.0,0.5129607302790217,0.0003444712366517396,0.1051,Low
3rd Quarter 2025,NCR,Senior Citizen,1,0.0,0.0,0.0,0.0,0.0,0.0,0.0,Low
2nd Quarter 2025,Lanao del Sur,Senior Citizen,1,0.0037518759379689846,0.002351175587793897,0.011255627813906953,0.032016008004002,0.08689344672336168,0.02046023011505753,0.0261,Low
3rd Quarter 2025,Misamis Oriental,Senior Citizen,1,0.001986754966887417,0.21043046357615894,0.0,0.004718543046357616,0.010016556291390729,0.005960264900662252,0.0389,Low
1st Quarter 2025,Capiz,Senior Citizen,1,0.045494160711173084,0.0038870489803032944,0.054470977862994596,0.03123583754575562,0.015774795189123236,0.013630817500435767,0.0274,Low
1st Quarter 2025,Quirino,Senior Citizen,1,0.03917096390321301,0.00996628322094407,0.05959936533121777,0.025436334787782625,0.025436334787782625,0.018544228480761604,0.0297,Low
2nd Quarter 2025,Region 4A,Senior Citizen,1,0.0,0.0,0.0,0.0,0.0,0.5,0.0833,Low
1st Quarter 2025,Southern Leyte,Senior Citizen,1,0.01461587649584361,0.0,0.00822143052891203,0.0,0.01797296062848269,0.002854663378094455,0.0073,Low
1st Quarter 2025,Davao de Oro,Senior Citizen,1,0.06427027641906495,0.06893413718575817,0.0017062905243999545,0.005374815151859857,0.18612785803662837,0.0186838812421795,0.0575,Low
1st Quarter 2025,Ilocos Sur,Senior Citizen,1,0.01076054384704921,0.02266029371703113,0.0005696030114663563,0.0035042967879343224,0.05600683523613759,0.0,0.0156,Low
2nd Quarter 2025,Region 9,Senior Citizen,1,0.08739250660913428,0.03318241210611079,0.04231365280014586,0.02591996110486493,0.013765231395666839,0.0038895135069433894,0.0344,Low
3rd Quarter 2025,City of Pasig,Senior Citizen,1,0.004652348480020394,0.036135364221528264,0.0,0.0026766936460391306,0.06863807278057485,3.186540054808489e-05,0.0187,Low
3rd Quarter 2025,Misamis Oriental,Senior Citizen,1,0.018607536052101102,0.1308730035664444,0.005814855016281594,0.0022484106062955495,0.03768026050550473,0.014730966041246706,0.035,Low
3rd Quarter 2025,Misamis Oriental,Senior Citizen,1,0.052875296144734005,0.23781319549142077,0.0018307129011415034,0.025629980615981048,0.0030870844999641035,0.006533132313877522,0.0546,Low
1st Quarter 2025,City of Valenzuela,Senior Citizen,1,0.004108083087426951,0.006769658045478215,0.0011861366660880634,0.004657756176589712,0.02629751779204999,0.0038766417867268413,0.0078,Low
2nd Quarter 2025,Region 1,Senior Citizen,1,0.03600687771821584,0.05201780115302923,0.0025892586224334985,0.0010114291493880853,0.050085971477697985,0.002417315667037524,0.024,Low
1st Quarter 2025,Leyte,Senior Citizen,1,0.0327836515701436,0.0221713744674136,0.006351585923938773,0.0,0.022605333754142337,0.0009073694177055389,0.0141,Low
3rd Quarter 2025,Eastern Samar,Senior Citizen,1,0.01214384645825089,0.008409180846853976,0.0039325286901464186,0.017609814008705975,0.0049960427384250095,0.0006677878907795805,0.008,Low
2nd Quarter 2025,City of Olongapo,Senior Citizen,1,0.018055555555555554,0.01966374269005848,0.0,0.0,0.008260233918128655,0.008625730994152047,0.0091,Low
1st Quarter 2025,Region 11,Senior Citizen,1,0.06065975270110645,0.08579602717903703,0.16280871723181292,0.00949315647452778,0.14231065162499865,0.012630449624500146,0.0789,Low
3rd Quarter 2025,Northern Samar,Senior Citizen,1,0.04194857916102842,0.027951623815967525,0.0016914749661705007,0.005581867388362652,0.0798799052774019,0.0034675236806495265,0.0268,Low
1st Quarter 2025,Zamboanga del Norte,Senior Citizen,1,0.05212945393211048,0.038214210415348934,0.10858106683533629,0.04833438751844824,0.0,0.005112797807294961,0.0421,Low
2nd Quarter 2025,City of San Juan,Senior Citizen,1,0.01565973900434993,0.015611406476558724,0.024359594006766554,0.010633156114064766,0.07177380376993717,0.007249879168680522,0.0242,Low
3rd Quarter 2025,BARMM,Senior Citizen,1,0.0,0.5,0.0,0.0,0.0,0.0,0.0833,Low
3rd Quarter 2025,Sultan Kudarat,Senior Citizen,1,0.045439302481556004,0.016968477531857814,0.006287726358148894,0.0,0.03373574782025486,0.012692823608316566,0.0192,Low
2nd Quarter 2025,Region 5,Senior Citizen,1,0.04467314283684669,0.053632634214779165,0.04043758546591131,0.022527482285247473,0.04564989610897015,0.011738798415883784,0.0364,Low
3rd Quarter 2025,Batangas,Senior Citizen,1,0.04394310300063054,0.023283631912762878,0.014511702088201477,0.05144467935165609,0.08642112681280367,0.04923778791587849,0.0448,Low
3rd Quarter 2025,Marinduque,Senior Citizen,1,0.021037181996086105,0.02299412915851272,0.0029354207436399216,0.002201565557729941,0.021771037181996085,0.009295499021526418,0.0134,Low
1st Quarter 2025,Pangasinan,Senior Citizen,1,0.04959487369591696,0.0012974633268018853,0.005428162897844622,0.0,0.9384102102420167,0.014219138908012498,0.1682,Low
2nd Quarter 2025,Bukidnon,Senior Citizen,1,0.036361602148131576,0.014544640859252628,0.0,0.0,0.010516894159767285,0.005538151711792347,0.0112,Low
1st Quarter 2025,City of Cebu,Senior Citizen,1,0.05365023905847738,0.04859323280617874,0.24586244942993749,0.2676535490989334,0.34226737771239424,0.26218278778962856,0.2034,Moderate
2nd Quarter 2025,City of Tacloban,Senior Citizen,1,0.011646150132754043,0.03427468018344195,0.0,0.0013275404296403572,0.0,0.000724112961622013,0.008,Low
3rd Quarter 2025,Oriental Mindoro,Senior Citizen,1,0.07196919836777675,0.08361853363169672,0.016322232460181652,0.008259839410293537,0.05673292088982493,0.04067395024351718,0.0463,Low
2nd Quarter 2025,City of Baguio,Senior Citizen,1,0.028186150258542025,0.04836256717023218,0.00674237047551455,0.0,0.2885531785460813,0.18838081719557945,0.0934,Low
2nd Quarter 2025,Leyte,Senior Citizen,1,0.04756958869962609,0.000571250519318654,0.0,0.029393435812214375,0.015112172829248026,0.014177399252181139,0.0178,Low
2nd Quarter 2025,City of Las Piñas,Senior Citizen,1,0.0,0.017711642038392487,0.07723380748515399,0.06487363623808866,0.10257561110343875,0.03179809418588593,0.049,Low
1st Quarter 2025,City of Pasig,Senior Citizen,1,0.031377934393947246,0.05995750634813701,0.0,0.004404829766284915,0.20943670000518216,0.0026688086231020365,0.0513,Low
3rd Quarter 2025,NCR,Senior Citizen,1,0.0021505014633021132,0.01761729243455988,0.0036810818343897623,0.010336823793436525,0.023367180704595585,0.00527413487368507,0.0104,Low
2nd Quarter 2025,Pasay City,Senior Citizen,1,0.00795362631437045,0.0012132650310056618,0.01752493933674845,0.01213265031005662,0.0,0.010919385279050958,0.0083,Low
3rd Quarter 2025,Romblon,Senior Citizen,1,0.2021103896103896,0.1799918831168831,0.023944805194805196,0.03185876623376623,0.30174512987012986,0.018871753246753248,0.1264,Low
3rd Quarter 2025,City of Makati,Senior Citizen,1,0.025649421523684785,0.01309757694826457,0.10434402968784108,0.0404933420650513,0.06221349050425671,0.04780615586116568,0.0489,Low
2nd Quarter 2025,Biliran,Senior Citizen,1,0.03449879114748001,0.07234517388878557,0.0,0.0016737957969127767,0.05932676213501953,0.014413241584526688,0.0304,Low
3rd Quarter 2025,Basilan,Senior Citizen,1,0.5331840390879479,0.49002442996742673,0.5030537459283387,0.039495114006514655,0.5187296416938111,0.9912459283387622,0.5126,High
2nd Quarter 2025,Zambales,Senior Citizen,1,0.03413326863268412,0.007411165273397005,0.009043386196704679,0.009969781855879304,0.016377351831837132,0.007885391622736396,0.0141,Low
3rd Quarter 2025,Quezon,Senior Citizen,1,0.03177586059622448,0.018236952250790125,0.057700521055778595,0.028871615272913643,0.12056889040744853,0.009652344751003673,0.0445,Low
3rd Quarter 2025,BARMM,Senior Citizen,1,0.004028188912809472,0.009780341765339075,0.0,0.45602630516684606,0.5032292787944026,0.44020788482238965,0.2355,Moderate
3rd Quarter 2025,City of Isabela,Senior Citizen,1,0.05531403200443992,0.03686060493941356,0.0,0.10905559152714828,0.09550457866987327,0.011839792803625937,0.0514,Low
2nd Quarter 2025,City of Malabon,Senior Citizen,1,0.01872871736662883,0.03916004540295119,0.0005675368898978433,0.015891032917139614,0.07165153234960273,0.0032633371169125992,0.0249,Low
3rd Quarter 2025,City of Las Piñas,Senior Citizen,1,0.01685049019607843,0.054490546218487396,0.043242296918767506,0.10346638655462184,0.07081582633053221,0.05330882352941176,0.057,Low
1st Quarter 2025,Zambales,Senior Citizen,1,0.016999027237354084,0.010846303501945525,0.014761673151750972,0.0017752918287937743,0.013180933852140078,0.00620136186770428,0.0106,Low
2nd Quarter 2025,Camarines Sur,Senior Citizen,1,0.05512411263042546,0.002120158178093287,0.1079613130687503,0.04478536376197056,0.07360998618323884,0.011887178998523035,0.0492,Low
3rd Quarter 2025,City of Baguio,Senior Citizen,1,0.006381137789314298,0.00973393900064893,0.0036772658446895955,0.00400173047804456,0.18407960199004975,0.10599178022928835,0.0523,Low
1st Quarter 2025,Occidental Mindoro,Senior Citizen,1,0.10966666666666666,0.022833333333333334,0.034166666666666665,0.051833333333333335,0.018,0.0028333333333333335,0.0399,Low
1st Quarter 2025,Nueva Ecija,Senior Citizen,1,0.048027324689809005,0.04189321065105256,0.018820577164366373,0.01875087132301687,0.0315070402899763,0.015962637669036665,0.0292,Low
2nd Quarter 2025,City of Mandaue,Senior Citizen,1,0.012203313927451859,0.0428795342588446,0.0002239140170174653,0.0005597850425436632,0.014666368114643977,0.008956560680698611,0.0132,Low
2nd Quarter 2025,Dinagat Islands,Senior Citizen,1,0.006216696269982238,0.02664298401420959,0.07460035523978685,0.041148608644168146,0.023978685612788632,0.012433392539964476,0.0308,Low
3rd Quarter 2025,Camiguin,Senior Citizen,1,0.004761904761904762,0.027210884353741496,0.0163265306122449,0.00816326530612245,0.0,0.003401360544217687,0.01,Low
3rd Quarter 2025,City of Iloilo,Senior Citizen,1,0.0002658160552897395,0.011119971646287436,0.0014619883040935672,0.003499911394648237,0.004696083643452064,0.0034556087187666137,0.0041,Low
3rd Quarter 2025,City of Pasig,Senior Citizen,1,0.04145187188371503,0.05471985126341587,0.007479083917856841,0.003507141046226654,0.07424152793036423,0.0,0.0302,Low
2nd Quarter 2025,Aurora,Senior Citizen,1,0.03161850460023325,0.07995334974731114,0.01762342879357263,0.12764027471815473,0.018012180899313203,0.028249319683814954,0.0505,Low
2nd Quarter 2025,Region 5,Senior Citizen,1,0.0,0.0,0.0,0.0,0.0,0.0,0.0,Low
2nd Quarter 2025,Sulu,Senior Citizen,1,0.01374976374976375,0.0031185031185031187,0.0015592515592515593,0.0044887544887544885,0.00378000378000378,0.004866754866754867,0.0053,Low
1st Quarter 2025,City of Malabon,Senior Citizen,1,0.023663638284386224,0.0893724910204944,0.0,0.0018487217409676737,0.007923093175575744,0.012201563490386647,0.0225,Low
1st Quarter 2025,City of Naga,Senior Citizen,1,0.0,0.033073929961089495,0.038910505836575876,0.012062256809338522,0.03463035019455253,0.019455252918287938,0.023,Low
2nd Quarter 2025,Pangasinan,Senior Citizen,1,0.02062244238638811,0.08585505061382727,0.013972646995477062,0.0,0.5299106181348266,0.0030422140857204395,0.1089,Low
1st Quarter 2025,City of Olongapo,Senior Citizen,1,0.010830926460786492,0.01616307487225061,0.00933125972006221,0.00033325927571650743,0.016051988447011774,0.0,0.0088,Low
1st Quarter 2025,Special Geographic Area (SGA),Senior Citizen,1,0.46933886937080804,0.5,0.45289045033535613,0.007984669434685404,0.5234749281379751,0.4937719578409454,0.4079,High
1st Quarter 2025,Region 4A,Senior Citizen,1,0.0,0.0,0.0,0.0,0.5,0.0,0.0833,Low
2nd Quarter 2025,Masbate,Senior Citizen,1,0.09642147117296222,0.13795007731389441,0.008173183123481335,0.05478241661144246,0.05224210293792799,0.002982107355864811,0.0588,Low
3rd Quarter 2025,Caraga,Senior Citizen,1,0.04864918381743252,0.063698130019925,0.06805440392064652,0.06939717584743141,0.053970768412063906,0.021626672277019417,0.0542,Low
1st Quarter 2025,City of Puerto Princesa,Senior Citizen,1,0.03763440860215054,0.03470185728250244,0.0004887585532746823,0.0,0.1544477028347996,0.056207233626588464,0.0472,Low
3rd Quarter 2025,City of Las Piñas,Senior Citizen,1,0.04055690072639225,0.0037328490718321226,0.13710653753026633,0.0826271186440678,0.07233656174334141,0.04418886198547216,0.0634,Low
2nd Quarter 2025,City of Davao,Senior Citizen,1,0.05530147470599216,0.03955105469479186,0.09664924397983947,0.09396583908904238,0.0031734179578122084,0.008680231472839276,0.0496,Low
1st Quarter 2025,City of Malabon,Senior Citizen,1,0.01778590425531915,0.007147606382978723,0.012466755319148936,0.008477393617021276,0.006316489361702127,0.0026595744680851063,0.0091,Low
1st Quarter 2025,Negros Oriental,Senior Citizen,1,0.010517799352750809,0.014630528586839267,0.09290722761596548,0.0,0.05299352750809062,0.04443096008629989,0.0359,Low
3rd Quarter 2025,Davao del Norte,Senior Citizen,1,0.017619872905834777,0.03943918588632627,0.09516508909923121,0.12656090299071235,0.005643691952184153,0.008043371994845132,0.0487,Low
3rd Quarter 2025,City of General Santos,Senior Citizen,1,0.0,0.0251816972054458,0.02323676937250486,0.021291841539563927,0.03715835807145051,0.08235233903163067,0.0315,Low
2nd Quarter 2025,Albay,Senior Citizen,1,0.016391481215601817,0.008056153784797002,0.006740049453617293,0.007138868947914174,0.04107840791257877,0.008454973279093883,0.0146,Low
2nd Quarter 2025,La Union,Senior Citizen,1,0.025520545421042932,0.042956513727658005,0.000552791597567717,0.0,0.007301455684540261,0.0006218905472636816,0.0128,Low
1st Quarter 2025,Batangas,Senior Citizen,1,0.00628394930237512,0.0036745127276600277,0.03525402066247737,0.0033017360741293003,0.04345510704015337,0.004686335072957716,0.0161,Low
1st Quarter 2025,Misamis Occidental,Senior Citizen,1,0.027219556088782244,0.04971505698860228,0.005323935212957409,0.0,0.0,0.00044991001799640074,0.0138,Low
2nd Quarter 2025,City of San Juan,Senior Citizen,1,0.0,0.002972320267508824,0.012121493590934423,0.0,0.12037897083410737,0.01899498420954858,0.0257,Low
1st Quarter 2025,City of Puerto Princesa,Senior Citizen,1,0.0458970792767733,0.056096430227167364,0.006258692628650904,0.010199350950394067,0.10106629578117757,0.0602688919796013,0.0466,Low
1st Quarter 2025,City of Lapu-Lapu,Senior Citizen,1,0.04913710450623202,0.11193672099712368,0.006232023010546501,0.004554170661553212,0.13207094918504314,0.05800575263662512,0.0603,Low
2nd Quarter 2025,Nueva Vizcaya,Senior Citizen,1,0.029657951844579932,0.028934587165443837,0.014880644827942545,0.0228376562984396,0.029657951844579932,0.007750335847886741,0.0223,Low
2nd Quarter 2025,Catanduanes,Senior Citizen,1,0.06566488266776452,0.123095924248662,0.0031906134211609717,0.002161383285302594,0.15011321531494443,0.003396459448332647,0.0579,Low
2nd Quarter 2025,Catanduanes,Senior Citizen,1,0.08924573790253143,0.10879111417255037,0.03504391251937317,0.00632856896848631,0.1472791458584467,0.043525055966936455,0.0717,Low
2nd Quarter 2025,Region 2,Senior Citizen,1,0.0506748674189561,0.05514075521352526,0.05006678894692771,0.09813489373579488,0.037227361537541366,0.013851230112843414,0.0508,Low
3rd Quarter 2025,Bataan,Senior Citizen,1,0.021950585175552664,0.013654096228868661,0.022418725617685306,0.0,0.05355006501950585,0.0014044213263979194,0.0188,Low
2nd Quarter 2025,NIR,Senior Citizen,1,0.5,0.0,0.0,0.0,0.0,0.0,0.0833,Low
1st Quarter 2025,Pasay City,Senior Citizen,1,0.0019203072491598655,0.002640422467594815,0.012481997119539127,0.016002560409665547,0.006240998559769563,0.0052008321331413025,0.0074,Low
2nd Quarter 2025,Camiguin,Senior Citizen,1,0.009428403064230996,0.019740718915733646,0.0,0.0035356511490866236,0.003241013553329405,0.0005892751915144372,0.0061,Low
2nd Quarter 2025,Agusan del Sur,Senior Citizen,1,0.03295395757889291,0.01091567511639938,0.008173823072943611,0.02628039317123642,0.03714433523021211,0.00429384376616658,0.02,Low
1st Quarter 2025,Bukidnon,Senior Citizen,1,0.00024723916268336906,0.061521344981045,0.001813087193011373,0.0,0.0,0.006922696555134333,0.0118,Low
3rd Quarter 2025,Dinagat Islands,Senior Citizen,1,0.024189261031366295,0.02126528442317916,0.030568846358320044,0.0,0.005847953216374269,0.018872939925571503,0.0168,Low
1st Quarter 2025,Benguet,Senior Citizen,1,0.02878534226190476,0.025995163690476192,0.006742931547619048,0.0,0.03469122023809524,0.07789248511904762,0.029,Low
3rd Quarter 2025,Siquijor,Senior Citizen,1,0.030354771390627963,0.06445645987478657,0.011051033959400493,0.004221210396509201,0.07754695503699488,0.0010908745968506925,0.0315,Low
3rd Quarter 2025,Quezon,Senior Citizen,1,0.04065717746820109,0.01976075105996366,0.02059357964869776,0.010523924894003634,0.051181102362204724,0.0706390066626287,0.0356,Low
2nd Quarter 2025,Misamis Occidental,Senior Citizen,1,0.0008267879288962381,0.03188300950806118,0.0014468788755684168,0.00656262918561389,0.00211864406779661,0.012091773460107482,0.0092,Low
3rd Quarter 2025,Masbate,Senior Citizen,1,0.13503588716407947,0.006760140210315473,0.00442330161909531,0.08504423301619095,0.13962610582540477,0.011684192956100818,0.0638,Low
2nd Quarter 2025,Cebu,Senior Citizen,1,0.04766264899780249,0.02199174269161617,0.023906239595125525,0.07679629752946661,0.045598321901844575,0.012602383964839849,0.0381,Low
3rd Quarter 2025,Ifugao,Senior Citizen,1,0.006904038211029092,0.02253582283977421,0.0018671298306556666,0.008944854537559705,0.021927920104211896,0.03512809379070777,0.0162,Low
1st Quarter 2025,Occidental Mindoro,Senior Citizen,1,0.08989379174422424,0.06131610642724187,0.08283149020037228,0.03728238256870689,0.005638891930362422,0.02392423081134348,0.0501,Low
3rd Quarter 2025,City of Bacolod,Senior Citizen,1,0.00260134402774767,0.041296336440494255,0.0016258400173422935,0.0,0.0976587903750271,0.0006503360069369175,0.024,Low
1st Quarter 2025,Marinduque,Senior Citizen,1,0.01617826617826618,0.014194139194139194,0.0,0.00030525030525030525,0.006715506715506716,0.031135531135531136,0.0114,Low
1st Quarter 2025,City of Cebu,Senior Citizen,1,0.02264186396091695,0.0,0.0563228109733183,0.04523675310033822,0.062335588124765126,0.02790304396843292,0.0357,Low
2nd Quarter 2025,City of Bacolod,Senior Citizen,1,0.01094759511844939,0.04055994256999282,0.001974156496769562,0.007537688442211055,0.001974156496769562,0.0010768126346015793,0.0107,Low
2nd Quarter 2025,Caraga,Senior Citizen,1,0.0425100312082033,0.04373606776638431,0.0871043245653143,0.06852429781542577,0.06892554614355774,0.016897012929112797,0.0546,Low
2nd Quarter 2025,Region 7,Senior Citizen,1,0.5,0.0,0.0,0.0,0.0,0.0,0.0833,Low
2nd Quarter 2025,Cotabato,Senior Citizen,1,0.014555946028027246,0.04080437329168294,0.0,0.0008894095188511432,0.006247559547051933,0.020629962254327738,0.0139,Low
2nd Quarter 2025,Region 8,Senior Citizen,1,0.020474147704083945,0.05534595187781718,0.005632091129229737,0.00353252736688403,0.014805779015245645,0.0008026410063395036,0.0168,Low
2nd Quarter 2025,Region 9,Senior Citizen,1,0.011986414297962145,0.04952845742926861,0.0017971377695706655,0.05853063377959507,0.023313328496999273,0.008524038778605816,0.0256,Low
3rd Quarter 2025,Region 9,Senior Citizen,1,0.0669272030651341,0.04960919540229885,0.04636015325670498,0.03192337164750958,0.010666666666666666,0.015969348659003832,0.0369,Low
3rd Quarter 2025,Northern Samar,Senior Citizen,1,0.02524752475247525,0.0401980198019802,0.005247524752475248,0.000297029702970297,0.03346534653465347,0.0019801980198019802,0.0177,Low
2nd Quarter 2025,Camarines Norte,Senior Citizen,1,0.2367009387572642,0.2022798390701833,0.04336164506034868,0.018775145283862316,0.04447921323200715,0.01005811354492624,0.0926,Low
1st Quarter 2025,City of Lapu-Lapu,Senior Citizen,1,0.04203269209385077,0.0447014344490159,0.061047481374402315,0.11169798732347382,0.017291226509507394,0.010285777827198932,0.0478,Low
2nd Quarter 2025,Southern Leyte,Senior Citizen,1,0.017042064439140813,0.009099045346062052,0.0036545346062052506,0.0,0.021255966587112173,0.0030205847255369927,0.009,Low
1st Quarter 2025,Zambales,Senior Citizen,1,0.02666006463045971,0.03380068800166788,0.009277598248723028,0.0035963723548420724,0.020640050036484937,0.009486083602626915,0.0172,Low
3rd Quarter 2025,Region 9,Senior Citizen,1,0.026708455406418204,0.02650405396198133,0.01483613817537644,0.029927778156298972,0.028735436397083872,0.0,0.0211,Low
3rd Quarter 2025,City of Cagayan De Oro,Senior Citizen,1,0.016112047177759055,0.07750631844987363,0.0013689974726200506,0.0010530749789385003,0.04791491154170177,0.009267059814658803,0.0255,Low
1st Quarter 2025,Marinduque,Senior Citizen,1,0.015583019881783988,0.019613111230521226,0.0,0.0008060182697474476,0.0037614185921547557,0.0,0.0066,Low
1st Quarter 2025,Rizal,Senior Citizen,1,0.014629351220076327,0.042037700936741064,0.02070082109402105,0.010812998727882503,0.009829998843529548,0.1043136347866312,0.0337,Low
3rd Quarter 2025,Misamis Occidental,Senior Citizen,1,0.01124567474048443,0.04611392068139473,0.010114453021027415,0.0018631887143997872,0.006720787862656375,0.0,0.0127,Low
1st Quarter 2025,City of Marikina,Senior Citizen,1,0.05365296803652968,0.007229832572298325,0.1582952815829528,0.0547945205479452,0.03767123287671233,0.06202435312024353,0.0623,Low
3rd Quarter 2025,City of Davao,Senior Citizen,1,0.05996037463976945,0.031880403458213254,0.09751440922190202,0.08960734870317003,0.07136167146974064,0.004214697406340058,0.0591,Low
1st Quarter 2025,Sultan Kudarat,Senior Citizen,1,0.02092695559448549,0.039702186000457,0.008207022621677202,0.0,0.038902429735699594,0.0344847284637063,0.0237,Low
1st Quarter 2025,City of Cotabato,Senior Citizen,1,0.5,0.0,0.0,0.0,0.5,0.0,0.1667,Low
3rd Quarter 2025,Ormoc City,Senior Citizen,1,0.026808709904003747,0.007843596347459611,0.009950831187075626,0.005853430110044486,0.02856473893701709,0.0026925778506204636,0.0136,Low
2nd Quarter 2025,Capiz,Senior Citizen,1,0.032685975153420144,0.009598114054782218,0.027409818889387816,0.014350396647208502,0.012198772638826523,0.004116150276904655,0.0167,Low
1st Quarter 2025,City of Naga,Senior Citizen,1,0.006802721088435374,0.04500261643118786,0.018838304552590265,0.026687598116169546,0.017530088958660386,0.006017791732077446,0.0201,Low
2nd Quarter 2025,Pampanga,Senior Citizen,1,0.018633778027191798,0.0,0.04405275106496952,0.01240338749585491,0.016727036196209473,0.005477897099711757,0.0162,Low
2nd Quarter 2025,Basilan,Senior Citizen,1,0.5,0.0,0.0,0.0,0.0,1.0,0.25,Moderate
2nd Quarter 2025,Zamboanga Sibugay,Senior Citizen,1,0.05962102177554439,0.054334170854271356,0.009997906197654942,0.020100502512562814,0.02821398659966499,0.0070665829145728646,0.0299,Low
3rd Quarter 2025,Agusan del Sur,Senior Citizen,1,0.060844155844155846,0.004675324675324675,0.010064935064935065,0.014415584415584416,0.023766233766233765,0.01746753246753247,0.0219,Low
2nd Quarter 2025,Biliran,Senior Citizen,1,0.05521680216802168,0.05453929539295393,0.016260162601626018,0.07859078590785908,0.029471544715447155,0.01964769647696477,0.0423,Low
2nd Quarter 2025,Occidental Mindoro,Senior Citizen,1,0.08077948034643571,0.07278481012658228,0.06429047301798801,0.06345769487008661,0.023650899400399734,0.013824117255163224,0.0531,Low
3rd Quarter 2025,Region 4A,Senior Citizen,1,0.016955047937062054,0.02462624269560598,0.027706104070223368,0.020515544762338418,0.08657129847461487,0.04891730540588399,0.0375,Low
1st Quarter 2025,City of Naga,Senior Citizen,1,0.010434292160180485,0.027838208041253726,0.03448553702360809,0.010474579002497784,0.014704697445814197,0.011884618483603256,0.0183,Low
3rd Quarter 2025,City of Olongapo,Senior Citizen,1,0.018385819347539127,0.010842919102394872,0.002828587591929097,0.00556288893079389,0.0068828964736941355,0.004902885159343767,0.0082,Low
1st Quarter 2025,Region 8,Senior Citizen,1,0.005630018716416108,0.0,0.0007245064299945662,0.0,0.016007063937692446,0.0,0.0037,Low
1st Quarter 2025,City of Iligan,Senior Citizen,1,0.07448753729188722,0.005726109132903474,0.010778558367818304,0.03657010874795496,0.005389279183909152,0.007314021749590992,0.0234,Low
1st Quarter 2025,Sarangani,Senior Citizen,1,0.005470863044012786,0.009896729776247849,0.016105237275633146,0.015306122448979591,0.03245635603639046,0.0189328743545611,0.0164,Low
3rd Quarter 2025,Bataan,Senior Citizen,1,0.006844091201027617,0.003733140655105973,0.018926621708413617,0.007606775850995504,0.026252408477842003,0.009372992935131663,0.0121,Low
3rd Quarter 2025,Zamboanga del Norte,Senior Citizen,1,0.00746041412911084,0.02522330491270808,0.06917377182298011,0.06785424279334146,0.0389768574908648,0.0016240357287860333,0.0351,Low
2nd Quarter 2025,Marinduque,Senior Citizen,1,0.0314913844325609,0.015151515151515152,0.0032679738562091504,0.0005941770647653001,0.0112893642305407,0.0029708853238265003,0.0108,Low
1st Quarter 2025,Sorsogon,Senior Citizen,1,0.05558742908140499,0.042328042328042326,0.021036527060623447,0.008542104927647096,0.04685408299866131,0.003378593740039523,0.0296,Low
3rd Quarter 2025,Zamboanga del Norte,Senior Citizen,1,0.05350894245723173,0.03056959564541213,0.0693040435458787,0.07280326594090201,0.01098367029548989,0.007484447900466563,0.0408,Low
1st Quarter 2025,South Cotabato,Senior Citizen,1,0.03248469671675014,0.0026780745687256537,0.002817195325542571,0.004625765164162493,0.04208402893711742,0.029771841958820256,0.0191,Low
2nd Quarter 2025,City of Bacolod,Senior Citizen,1,0.03425630102946397,0.04703585374511892,0.0040823571175008875,0.006034788782392616,0.052360667376641815,0.0,0.024,Low
1st Quarter 2025,Quezon City,Senior Citizen,1,0.0007998652858465943,0.006988296707922876,0.0,0.0,0.006862002189104993,0.00025258903763576663,0.0025,Low
3rd Quarter 2025,BARMM,Senior Citizen,1,0.039061946275427036,0.016399106953008717,0.4605925295910412,0.4740856899851159,0.5,0.008593805372457297,0.2498,Moderate
3rd Quarter 2025,City of Marikina,Senior Citizen,1,0.024890829694323144,0.032314410480349345,0.0008733624454148472,0.12882096069868995,0.059388646288209605,0.034934497816593885,0.0469,Low
1st Quarter 2025,NIR,Senior Citizen,1,0.03916979122756417,0.059825172497947776,0.004082266545381936,0.0,0.06066824928449404,0.007354735651054955,0.0285,Low
2nd Quarter 2025,Zamboanga Sibugay,Senior Citizen,1,0.015533567400787318,0.03808915842110863,0.0,0.0,0.012767315671879987,0.0035110118097669966,0.0117,Low
2nd Quarter 2025,Agusan del Sur,Senior Citizen,1,0.06197743861977439,0.026011944260119442,0.0036496350364963502,0.040145985401459854,0.04266755142667551,0.020371599203715993,0.0325,Low
2nd Quarter 2025,Ifugao,Senior Citizen,1,0.0,0.03341164186896372,0.0016966849386583138,0.008744453145392848,0.034586269903419474,0.05612111720177499,0.0224,Low
1st Quarter 2025,Antique,Senior Citizen,1,0.04763146458061712,0.013428943937418513,0.0,0.003476749239461104,0.0,0.0,0.0108,Low
3rd Quarter 2025,Nueva Vizcaya,Senior Citizen,1,0.0,0.011297549814090953,0.014110020020974353,0.011583563733435028,0.017256173133759177,0.004623891696062542,0.0098,Low
1st Quarter 2025,Camarines Norte,Senior Citizen,1,0.28536133415688697,0.08925262507720816,0.004632489190858555,0.020074119827053736,0.0,0.0030883261272390363,0.0671,Low
3rd Quarter 2025,Davao del Norte,Senior Citizen,1,0.0033628534039380382,0.029930916948172494,0.17339237347454275,0.11420006695273745,0.14180285462126055,0.009297300587358106,0.0787,Low
2nd Quarter 2025,City of Marikina,Senior Citizen,1,0.027808676307007785,0.03114571746384872,0.1774193548387097,0.0,0.04560622914349277,0.10011123470522804,0.0637,Low
3rd Quarter 2025,City of Davao,Senior Citizen,1,0.05750438486594838,0.0823101979453771,0.17120813497034995,0.212770400066817,0.1546709262507308,0.0,0.1131,Low
3rd Quarter 2025,Region 1,Senior Citizen,1,0.06496352075489384,0.028980299645362372,0.0014412035807464575,0.0016989798309612711,0.03275320658032464,0.0,0.0216,Low
2nd Quarter 2025,Benguet,Senior Citizen,1,0.03590891397430907,0.01012066952121448,0.003941222265472947,0.011385753211366291,0.07152588555858311,0.0056928766056831455,0.0231,Low
3rd Quarter 2025,Occidental Mindoro,Senior Citizen,1,0.0023788284269997025,0.016057091882247992,0.004014272970561998,0.05768658935474279,0.014124293785310734,0.019476657746060066,0.019,Low
3rd Quarter 2025,Kalinga,Senior Citizen,1,0.04890519730510106,0.01660250240615977,0.002586621751684312,0.0,0.014858036573628488,0.040964870067372476,0.0207,Low
2nd Quarter 2025,Region 5,Senior Citizen,1,0.05604208719424003,0.04651366085477693,0.04683153996535118,0.0,0.10558354657723668,0.004442360570275124,0.0432,Low
3rd Quarter 2025,Maguindanao del Norte,Senior Citizen,1,0.5,0.0,0.0,0.0,0.5,0.0,0.1667,Low
1st Quarter 2025,Pangasinan,Senior Citizen,1,0.0010103051121438675,0.009143261264902001,0.0,0.0033592644978783595,0.04922711658920994,0.0,0.0105,Low
3rd Quarter 2025,Nueva Vizcaya,Senior Citizen,1,0.010344610740787323,0.019274305118852975,0.03263740410011319,0.0,0.016853226009307005,0.0038674380581058985,0.0138,Low
2nd Quarter 2025,City of General Santos,Senior Citizen,1,0.00975292587776333,0.020676202860858257,0.0,0.01846553966189857,0.04096228868660598,0.15149544863459039,0.0402,Low
2nd Quarter 2025,Special Geographic Area (SGA),Senior Citizen,1,0.039568345323741004,0.00539568345323741,0.018123962368566685,0.02559490868843387,0.9528223574986165,0.5096845600442723,0.2585,Moderate
1st Quarter 2025,Quirino,Senior Citizen,1,0.00857843137254902,0.02565359477124183,0.047549019607843135,0.014950980392156863,0.009150326797385621,0.0004084967320261438,0.0177,Low
1st Quarter 2025,Davao de Oro,Senior Citizen,1,0.028864843851237526,0.0663794220552028,0.031262148503304395,0.03732020215109499,0.046553064662433585,0.05053777374627446,0.0435,Low
3rd Quarter 2025,Dinagat Islands,Senior Citizen,1,0.007828236586705731,0.03570774583409632,0.0012360373557956418,0.0019227247756821095,0.07219373741073064,0.007141549166819264,0.021,Low
3rd Quarter 2025,City of Makati,Senior Citizen,1,0.014680694886224614,0.018717885979936382,0.15977489601174455,0.03070712013701982,0.19525324198678737,0.08918522143381453,0.0847,Low
2nd Quarter 2025,Ilocos Sur,Senior Citizen,1,0.021257394966409306,0.01243357064072997,0.005865837761957285,0.0012533841371703599,0.014539255991176175,0.007470169457535345,0.0105,Low
3rd Quarter 2025,Antique,Senior Citizen,1,0.033086008479709265,0.02403846153846154,0.009312537855844943,0.012227437916414294,0.029943973349485162,0.0027256208358570565,0.0186,Low
1st Quarter 2025,Pateros,Senior Citizen,1,0.018200549450549452,0.0,0.006868131868131868,0.011332417582417582,0.0,0.001717032967032967,0.0064,Low
3rd Quarter 2025,Bataan,Senior Citizen,1,0.0070011337868480725,0.015759637188208615,0.00045351473922902497,0.00286281179138322,0.04679705215419501,0.009693877551020408,0.0138,Low
2nd Quarter 2025,Davao del Norte,Senior Citizen,1,0.06639968743895291,0.07788630591912483,0.17890212932213323,0.0845086931041219,0.05469818323891385,0.0009962883375659308,0.0772,Low
1st Quarter 2025,Region 2,Senior Citizen,1,0.014551309677728295,0.057175693147536275,0.021596513910836567,0.09698678350811665,0.017843461188526553,0.009475410621079346,0.0363,Low
3rd Quarter 2025,Siquijor,Senior Citizen,1,0.039347129116875545,0.059700767511901294,0.008306616146895948,0.0,0.09802778587389488,0.0006800738365879724,0.0343,Low
2nd Quarter 2025,Region 1,Senior Citizen,1,0.0,0.0,0.0,0.0,0.0,0.0,0.0,Low
3rd Quarter 2025,City of Mandaue,Senior Citizen,1,0.008655737704918032,0.009639344262295083,0.011672131147540983,0.02222950819672131,0.014950819672131148,0.0,0.0112,Low
3rd Quarter 2025,Kalinga,Senior Citizen,1,0.07178269673905453,0.008309475595279659,0.0,0.0,0.05631589972767265,0.06417149640388241,0.0334,Low
3rd Quarter 2025,City of Las Piñas,Senior Citizen,1,0.03702237180756286,0.03385468224114037,0.1572955850326668,0.06939219956444269,0.02652940011878836,0.043951692734112056,0.0613,Low
2nd Quarter 2025,Davao Oriental,Senior Citizen,1,0.009950792782941498,0.0019136139967195188,0.23182066703116458,0.23236741388737014,0.01060688901038819,0.014652815746309458,0.0836,Low
1st Quarter 2025,CAR,Senior Citizen,1,0.026951791265351882,0.04082581664373439,0.0007134485043061714,0.00851679152015492,0.11955995515466544,0.011275034398410029,0.0346,Low
3rd Quarter 2025,Region 11,Senior Citizen,1,0.006151610882286294,0.0761720051718852,0.1396475653483691,0.27147065488329936,0.12049292864664561,0.003345729862305221,0.1029,Low
1st Quarter 2025,Southern Leyte,Senior Citizen,1,0.009133611691022964,0.018903314196242173,0.0006687108559498956,0.001582072025052192,0.01144963465553236,0.004844076200417537,0.0078,Low
2nd Quarter 2025,Ilocos Norte,Senior Citizen,1,0.037336361207587494,0.0,0.004408228693561314,0.002003740315255143,0.028319529788939354,0.012356398610740048,0.0141,Low
1st Quarter 2025,City of Muntinlupa,Senior Citizen,1,0.012261856505877584,0.0,0.0018240778273206323,0.0027361167409809487,0.120186461289015,0.003445480340494528,0.0234,Low
3rd Quarter 2025,Pangasinan,Senior Citizen,1,0.9962565204050322,0.8895673519484505,0.0010432648051549554,0.006474378643755753,0.4155262350414238,0.012457809143909175,0.3869,Moderate
3rd Quarter 2025,Zamboanga del Norte,Senior Citizen,1,0.06098881270299531,0.039110429447852764,0.08737820281486827,0.06369541681703356,0.02765247203175749,0.007082280765066763,0.0477,Low
2nd Quarter 2025,Pampanga,Senior Citizen,1,0.007969812302787808,0.01196285091571517,0.028374158290231287,0.025430207215119873,0.01347548876093816,0.017753163527536513,0.0175,Low
2nd Quarter 2025,Region 2,Senior Citizen,1,0.0,0.0,0.0,0.0,0.0,0.0,0.0,Low
2nd Quarter 2025,Antique,Senior Citizen,1,0.03877139979859013,0.03202976390287569,0.0,0.0,0.02548394315765917,0.006266084815933759,0.0171,Low
1st Quarter 2025,NCR,Senior Citizen,1,0.0010829518812102267,0.003712180417550519,0.0,0.019922965278553088,0.02544099586915262,0.005015630233337055,0.0092,Low
2nd Quarter 2025,Cagayan,Senior Citizen,1,0.0776930409914204,0.07539493395070135,0.06448318126106496,0.03859117526896364,0.048277270870216535,0.022010758545553587,0.0544,Low
1st Quarter 2025,Maguindanao del Norte,Senior Citizen,1,0.0,0.5,0.0,0.0,0.5218077474892396,0.0,0.1703,Low
3rd Quarter 2025,Marinduque,Senior Citizen,1,0.0020840569642236887,0.00538381382424453,0.006773185133726989,0.0,0.0,0.029871483153872874,0.0074,Low
2nd Quarter 2025,Region 4B,Senior Citizen,1,0.04100898410504492,0.09595024187975121,0.03402902557014513,0.007007601935038009,0.019930891499654456,0.029163787145818937,0.0378,Low
3rd Quarter 2025,City of Tacloban,Senior Citizen,1,0.0,0.0,0.0017291387773315484,0.009426595269968764,0.0,0.0004462293618920125,0.0019,Low
2nd Quarter 2025,Ilocos Norte,Senior Citizen,1,0.036897590361445784,0.006118222891566265,0.007859563253012049,0.00018825301204819278,0.03068524096385542,0.003623870481927711,0.0142,Low
1st Quarter 2025,Special Geographic Area (SGA),Senior Citizen,1,0.8865906762295082,0.4774590163934426,0.9413422131147541,0.004738729508196721,0.029136782786885244,0.5178662909836066,0.4762,High
1st Quarter 2025,City of Caloocan,Senior Citizen,1,0.01451085084395453,0.03440406476059249,0.0,0.017438856355494317,0.007578367206338271,0.0062435411643127795,0.0134,Low
3rd Quarter 2025,Caraga,Senior Citizen,1,0.0,0.5,0.5,0.0,0.0,0.0,0.1667,Low
1st Quarter 2025,La Union,Senior Citizen,1,0.027026250789821356,0.06513872135102533,0.0012062726176115801,0.004595324257567925,0.013642368889654775,0.0,0.0186,Low
3rd Quarter 2025,Surigao del Sur,Senior Citizen,1,0.061639084332573583,0.015607967495788326,0.07595877514616986,0.0,0.08988207313447627,0.04028342087008225,0.0472,Low
2nd Quarter 2025,City of Puerto Princesa,Senior Citizen,1,0.046458984585534116,0.0662929826452517,0.009539721892853292,0.0026948366928964103,0.23105529804893823,0.03276921418562035,0.0648,Low
1st Quarter 2025,Ifugao,Senior Citizen,1,0.017105559306774702,0.03893765473778978,0.0,0.0,0.11152374521719559,0.03072248480756246,0.033,Low
2nd Quarter 2025,Basilan,Senior Citizen,1,0.0,0.0,0.0,0.5,0.5,0.0,0.1667,Low
2nd Quarter 2025,Tarlac,Senior Citizen,1,0.031513489082493025,0.011533126568271433,0.013730654738712341,0.010075900441064165,0.0,0.0,0.0111,Low
3rd Quarter 2025,Region 4B,Senior Citizen,1,0.0,0.0,0.0,0.0,0.0,0.0,0.0,Low
2nd Quarter 2025,Laguna,Senior Citizen,1,0.019660082682590722,0.04074414331649058,0.0,0.0,0.03031694993109784,0.0029398254478640333,0.0156,Low
1st Quarter 2025,Surigao del Sur,Senior Citizen,1,0.07186520376175548,0.06289184952978057,0.09043887147335423,0.00877742946708464,0.02621473354231975,0.00591692789968652,0.0444,Low
2nd Quarter 2025,Dinagat Islands,Senior Citizen,1,0.02097902097902098,0.03583916083916084,0.013111888111888112,0.01486013986013986,0.07022144522144522,0.0008741258741258741,0.026,Low
1st Quarter 2025,City of Angeles,Senior Citizen,1,0.043550778354336545,0.01565974796145293,0.011953298739807265,0.005003706449221645,0.01881022979985174,0.013250555967383247,0.018,Low
1st Quarter 2025,Palawan,Senior Citizen,1,0.06492146596858639,0.038324607329842934,0.055654450261780106,0.03057591623036649,0.02329842931937173,0.0009424083769633508,0.0356,Low
2nd Quarter 2025,Basilan,Senior Citizen,1,0.07717287488061127,0.0032951289398280804,0.014183381088825215,0.018672397325692456,0.5129417382999045,0.0019579751671442215,0.1047,Low
3rd Quarter 2025,Zamboanga Sibugay,Senior Citizen,1,0.06369142176330421,0.04244440031771247,0.012907069102462271,0.0038721207307386815,0.01806989674344718,0.008339952343129467,0.0249,Low
1st Quarter 2025,Eastern Samar,Senior Citizen,1,0.00450112528132033,0.001000250062515629,0.003292489789113945,0.0,0.03909310660998583,0.006293239976660832,0.009,Low
3rd Quarter 2025,Camiguin,Senior Citizen,1,0.011450381679389313,0.044529262086514,0.006361323155216285,0.002544529262086514,0.0,0.0,0.0108,Low
3rd Quarter 2025,City of Malabon,Senior Citizen,1,0.021243723445345693,0.04737994077507403,0.004184369769537788,0.002317497103128621,0.004956868803913995,0.0009656237929702588,0.0135,Low
2nd Quarter 2025,Region 1,Senior Citizen,1,0.0,0.0,0.0,0.0,0.0,0.0,0.0,Low
3rd Quarter 2025,Quezon,Senior Citizen,1,0.03981394318622294,0.007946176421728778,0.029375934437122764,0.041170607453347365,0.10681654576665374,0.038235782712221056,0.0439,Low
2nd Quarter 2025,Albay,Senior Citizen,1,0.01287998420844848,0.016334386103434663,0.008093170153967627,0.036024476904855905,0.0047868140544808525,0.011843663639952625,0.015,Low
3rd Quarter 2025,Camarines Sur,Senior Citizen,1,0.05223790322580645,0.014435483870967741,0.04328629032258065,0.10860887096774194,0.060423387096774195,0.01679435483870968,0.0493,Low
3rd Quarter 2025,Quirino,Senior Citizen,1,0.00861933866165178,0.014809590973201692,0.010656636890769473,0.061432377370318134,0.03510421564018179,0.018257326437862403,0.0248,Low
1st Quarter 2025,Misamis Occidental,Senior Citizen,1,0.004955815619775495,0.04340816813947934,0.012956770957726295,0.018032003821351804,0.005612610460950561,0.0,0.0142,Low
3rd Quarter 2025,City of Angeles,Senior Citizen,1,0.04077429983525535,0.033360790774299834,0.031219110378912684,0.018451400329489293,0.03640856672158155,0.007990115321252059,0.028,Low
1st Quarter 2025,City of Cotabato,Senior Citizen,1,0.5,0.0,0.0,0.0,1.0,0.0,0.25,Moderate
1st Quarter 2025,Batanes,Senior Citizen,1,0.014479638009049774,0.003167420814479638,0.0,0.07013574660633484,0.07873303167420814,0.0167420814479638,0.0305,Low
3rd Quarter 2025,Bukidnon,Senior Citizen,1,0.009557344064386318,0.06504024144869215,0.001006036217303823,0.028118712273641853,0.0193158953722334,0.0,0.0205,Low
1st Quarter 2025,City of Valenzuela,Senior Citizen,1,0.0,9.120758847136082e-05,0.0,0.007479022254651587,0.010215249908792412,0.01108172199927034,0.0048,Low
3rd Quarter 2025,Davao del Sur,Senior Citizen,1,0.004394426580921758,0.035262593783494105,0.16232583065380493,0.045712754555198284,0.03837084673097535,0.004340836012861737,0.0484,Low
2nd Quarter 2025,Biliran,Senior Citizen,1,0.0048543689320388345,0.04520631067961165,0.0051577669902912624,0.058859223300970875,0.04308252427184466,0.00030339805825242716,0.0262,Low
2nd Quarter 2025,Quirino,Senior Citizen,1,0.03136391251518834,0.0,0.05824726609963548,0.06341130012150668,0.0173906439854192,0.011391251518833537,0.0303,Low
2nd Quarter 2025,Batangas,Senior Citizen,1,0.00014752163650668765,0.116345397324941,0.033028455284552845,0.0065565171780750066,0.08998819826907946,0.002343954891161815,0.0414,Low
1st Quarter 2025,City of Bacolod,Senior Citizen,1,0.010058568882098294,0.06200662083015024,0.0,0.005474917239623122,0.03297682709447415,0.009421950598421186,0.02,Low
1st Quarter 2025,Guimaras,Senior Citizen,1,0.015886054800623748,0.0048451770995767435,0.0,0.0227918244597906,0.0029655825350857652,0.0253954110046781,0.012,Low
3rd Quarter 2025,City of Makati,Senior Citizen,1,0.023880728296244172,0.014645087518691178,0.03905356671650981,0.0309174069839036,0.034391767085935436,0.0029905884422552556,0.0243,Low
1st Quarter 2025,Aurora,Senior Citizen,1,0.04523922311700616,0.06868782567503552,0.03671245855045002,0.04784462340123164,0.05163429654192326,0.009237328280435813,0.0432,Low
1st Quarter 2025,CAR,Senior Citizen,1,0.04197991094542819,0.01954022988505747,0.0,0.0,0.05060577819198509,0.0053329191260225745,0.0196,Low
1st Quarter 2025,Mountain Province,Senior Citizen,1,0.02357284862255041,0.032874183470604945,0.0,0.0052541891508094294,0.030318091451292245,0.0599261573416643,0.0253,Low
2nd Quarter 2025,Misamis Oriental,Senior Citizen,1,0.0037947997189037245,0.22726633872101196,0.0032326071679550246,0.0,0.03499648629655657,0.013281799016163037,0.0471,Low
2nd Quarter 2025,Palawan,Senior Citizen,1,0.05087851676188423,0.033038697854909996,0.04608170744852862,0.0072760590708203085,0.03217635011318314,0.0044734289102080415,0.029,Low
3rd Quarter 2025,City of Iloilo,Senior Citizen,1,0.005711911932703292,0.008152456122131063,0.01926472115484474,0.0017655000519264722,0.009554470869249144,0.007685117873091702,0.0087,Low
1st Quarter 2025,Agusan del Sur,Senior Citizen,1,0.06254279844784295,0.020714448755991783,0.028018717187856652,0.004451038575667656,0.025393745720155216,0.015065053640721297,0.026,Low
2nd Quarter 2025,Southern Leyte,Senior Citizen,1,0.0,0.009246392303580972,0.008257616247995724,0.00045430251202565475,0.04321218599679316,0.0,0.0102,Low
2nd Quarter 2025,Kalinga,Senior Citizen,1,0.006060333991739989,0.07317292152989764,0.005476746274016879,0.006374573532052433,0.07667444783623631,0.08749326629556474,0.0425,Low
2nd Quarter 2025,Negros Oriental,Senior Citizen,1,0.03842599722778377,0.1034960726936701,0.05244109040505159,0.005852456491606346,0.0013091021099645773,0.022947789927614353,0.0374,Low
1st Quarter 2025,Masbate,Senior Citizen,1,0.049159271368519386,0.12867818776272769,0.00046707146193367583,0.0011676786548341896,0.016464269033162074,0.017865483418963102,0.0356,Low
2nd Quarter 2025,Nueva Ecija,Senior Citizen,1,0.04472114719464543,0.02038813169555219,0.015816927477704863,0.015246695458709592,0.010638098977321592,0.013853833641819507,0.0201,Low
1st Quarter 2025,Laguna,Senior Citizen,1,0.050845948352626895,0.04259424161472247,0.053457999406352034,0.04146631047788661,0.12430988423864649,0.05443751855149896,0.0612,Low
1st Quarter 2025,City of Navotas,Senior Citizen,1,0.04797817715019256,0.041399229781771504,0.05824775353016688,0.09130295250320924,0.19768934531450577,0.08889602053915276,0.0876,Low
1st Quarter 2025,Lanao del Sur,Senior Citizen,1,0.516418554476807,0.0077454153182308525,0.5045954692556635,0.4480906148867314,0.016159654800431498,0.5123408845738943,0.3342,Moderate
3rd Quarter 2025,Bukidnon,Senior Citizen,1,0.019315188762071993,0.05815214584516862,0.0668026648763105,0.00622320921344833,0.02905025047771523,0.014873728244590198,0.0324,Low
3rd Quarter 2025,City of Naga,Senior Citizen,1,0.03289141414141414,0.009027777777777777,0.039141414141414144,0.04261363636363636,0.006060606060606061,0.016224747474747475,0.0243,Low
2nd Quarter 2025,Surigao del Sur,Senior Citizen,1,0.05677176931873877,0.007555954909328541,0.0347165495834014,0.0546479333442248,0.02038065675543212,0.020013069759843162,0.0323,Low
2nd Quarter 2025,Maguindanao del Norte,Senior Citizen,1,0.5047550432276657,0.005619596541786743,0.006340057636887608,0.0038904899135446687,0.018587896253602305,0.00547550432276657,0.0908,Low
1st Quarter 2025,Lanao del Norte,Senior Citizen,1,0.009262308578956035,0.002140622427136506,0.027375267577803394,0.04536472912893134,0.012185081508315494,0.00522805862012185,0.0169,Low
1st Quarter 2025,Sarangani,Senior Citizen,1,0.058517451168748,0.02297470381043868,0.012327889849503683,0.002641690682036503,0.01601024655779699,0.016890810118475826,0.0216,Low
3rd Quarter 2025,Misamis Oriental,Senior Citizen,1,0.010795779831520406,0.035536108612088,0.0,0.00028625173795698047,0.0033941277500613397,0.0,0.0083,Low
2nd Quarter 2025,Batangas,Senior Citizen,1,0.019417218074378118,0.16440501043841335,0.017577226566646616,0.007722656664661548,0.04530979087788826,0.05075899649693925,0.0509,Low
2nd Quarter 2025,Ilocos Sur,Senior Citizen,1,0.011601689009141967,0.014102406428073628,0.003935555282253106,0.007502152256794982,0.08834501701307752,0.005001434837863321,0.0217,Low
3rd Quarter 2025,Misamis Occidental,Senior Citizen,1,0.0,0.04991589263512031,0.0065091786732977405,0.007679368097710817,0.01001974694653697,0.0,0.0124,Low
1st Quarter 2025,City of Dagupan,Senior Citizen,1,0.03293838862559242,0.008530805687203791,0.006398104265402844,0.004739336492890996,0.00924170616113744,0.0014218009478672985,0.0105,Low
2nd Quarter 2025,Davao Oriental,Senior Citizen,1,0.08224505816027974,0.1067936915721116,0.12606151430814244,0.2754585028188111,0.010561621351602084,0.011739099407692856,0.1021,Low
3rd Quarter 2025,City of Dagupan,Senior Citizen,1,0.041251473266902386,0.006428801028608165,0.0035358405657344907,0.010553948355298404,0.014143362262937963,0.010232508303867995,0.0144,Low
2nd Quarter 2025,City of Dagupan,Senior Citizen,1,0.015416666666666667,0.035694444444444445,0.004166666666666667,0.0,0.02375,0.002638888888888889,0.0136,Low
2nd Quarter 2025,Zamboanga Sibugay,Senior Citizen,1,0.061894108873974646,0.04763236390753169,0.02167225950782998,0.030714019388516034,0.037751677852348994,0.008808724832214765,0.0347,Low
1st Quarter 2025,Camiguin,Senior Citizen,1,0.002357872674875557,0.046305999476028294,0.0,0.01106890227927692,0.009365994236311239,0.0005894681687188892,0.0116,Low
1st Quarter 2025,Lanao del Sur,Senior Citizen,1,0.037903034613560926,0.0,0.8360301090564248,0.021663110478899954,0.8967816500711238,0.00820886676149834,0.3001,Moderate
1st Quarter 2025,Aklan,Senior Citizen,1,0.005462909718228867,0.07887674908951504,0.0544374161395438,0.11836304389495879,0.0033544182480352695,0.02434349242859881,0.0475,Low
1st Quarter 2025,City of General Santos,Senior Citizen,1,0.002818035426731079,0.010735373054213635,0.0,0.030595813204508857,0.046430488459473965,0.0,0.0151,Low
2nd Quarter 2025,Nueva Ecija,Senior Citizen,1,0.01781164989852757,0.06794334815838335,0.012295435899650244,0.021622263482879225,0.0424672913338227,0.0186104754091282,0.0301,Low
1st Quarter 2025,City of Olongapo,Senior Citizen,1,0.002319109461966605,0.021645021645021644,0.001004947433518862,0.003401360544217687,0.022340754483611627,0.007962275819418677,0.0098,Low
3rd Quarter 2025,City of Makati,Senior Citizen,1,0.023450186264208615,0.0,0.0,0.038876683541885566,0.10951380265545897,0.1069825198204222,0.0465,Low
2nd Quarter 2025,City of Iloilo,Senior Citizen,1,0.009393528109150654,0.015215372526609044,0.0192513750982213,0.0,0.008179155653975284,0.013715265376098292,0.011,Low
1st Quarter 2025,City of Puerto Princesa,Senior Citizen,1,0.02824074074074074,0.04953703703703704,0.001851851851851852,0.0,0.10787037037037037,0.08055555555555556,0.0447,Low
2nd Quarter 2025,Abra,Senior Citizen,1,0.0,0.05905556181674743,0.0023667305308238476,0.0018032232615800743,0.084976896201961,0.0,0.0247,Low
2nd Quarter 2025,City of Dagupan,Senior Citizen,1,0.031001174781360136,0.021146064482443546,0.0,0.001696906409084976,0.013966845059391724,0.0032632815559326457,0.0118,Low
3rd Quarter 2025,City of Isabela,Senior Citizen,1,0.07017543859649122,0.01783625730994152,0.0011695906432748538,0.0935672514619883,0.056140350877192984,0.006725146198830409,0.0409,Low
2nd Quarter 2025,Pangasinan,Senior Citizen,1,0.06787464326099833,0.012573367077701793,0.0038770125464433793,0.0042270206235528514,0.040735555435894674,0.0026654461256798235,0.022,Low
3rd Quarter 2025,Davao Occidental,Senior Citizen,1,0.023122710622710624,0.09638278388278389,0.1891025641025641,0.1530448717948718,0.05162545787545787,0.0020604395604395605,0.0859,Low
2nd Quarter 2025,City of General Santos,Senior Citizen,1,0.015797345298186577,0.0,0.06407739764441951,0.0,0.05977752851000187,0.06819031594690596,0.0346,Low
3rd Quarter 2025,Oriental Mindoro,Senior Citizen,1,0.09119004091581788,0.039348829111169145,0.021763732915469663,0.019979106816401148,0.029990423957517193,0.08026464699225211,0.0471,Low
3rd Quarter 2025,City of Bacolod,Senior Citizen,1,0.01743435213086526,0.061988807576409816,0.0023676280671545416,0.0,0.11601377529057254,0.0008609556607834697,0.0331,Low
1st Quarter 2025,City of Parañaque,Senior Citizen,1,0.0025525230708816024,0.013842528961319458,0.023070881602199098,0.0,0.018653053210288633,0.007166699391321422,0.0109,Low
3rd Quarter 2025,NIR,Senior Citizen,1,0.0,0.0020592748122425907,0.0,0.003926754421384156,0.03467455382379068,0.003714770249535654,0.0074,Low
1st Quarter 2025,Catanduanes,Senior Citizen,1,0.012074493485230917,0.0812811242240262,0.018828023739682107,0.002421720444777952,0.15952657070741524,0.016474520772221845,0.0484,Low
1st Quarter 2025,Antique,Senior Citizen,1,0.03400954653937947,0.017601431980906922,0.02658860381861575,0.0020510143198090693,0.019391408114558473,0.0,0.0166,Low
3rd Quarter 2025,Camiguin,Senior Citizen,1,0.009229098805646038,0.05971769815418024,0.0005428881650380022,0.01031487513572204,0.005971769815418024,0.0,0.0143,Low
3rd Quarter 2025,Davao Occidental,Senior Citizen,1,0.013230590287874383,0.09028787438208781,0.17883105553940098,0.19453329456237278,0.12532712997964524,0.003634777551613841,0.101,Low
3rd Quarter 2025,Pangasinan,Senior Citizen,1,0.5307145129766829,0.08629153220308168,0.002579428207808736,0.003102131721285396,0.4500363619835462,0.0002727148765965183,0.1788,Low
3rd Quarter 2025,City of Mandaue,Senior Citizen,1,0.009597304920087747,0.03364932623002194,0.004544030084612974,0.0,0.008265434033218427,0.013749608273268567,0.0116,Low
2nd Quarter 2025,City of Manila,Senior Citizen,1,0.002164155177941648,0.0069894196857967295,0.003013786470022443,0.02547290798332799,0.011718499519076627,0.0070214812439884575,0.0094,Low
3rd Quarter 2025,Occidental Mindoro,Senior Citizen,1,0.10057294863924698,0.047984448536934725,0.06670759156947002,0.040208717004297116,0.008184980560671169,0.009821976672805401,0.0456,Low
1st Quarter 2025,Quezon,Senior Citizen,1,0.10102739726027397,0.009080531340805314,0.010118306351183064,0.035336239103362393,0.11597135740971358,0.006434205064342051,0.0463,Low
2nd Quarter 2025,Cebu,Senior Citizen,1,0.019179397278570834,0.07172969363052008,0.026170798898071626,0.0337674263294098,0.03401786459637699,0.03151348192670507,0.0361,Low
3rd Quarter 2025,Biliran,Senior Citizen,1,0.00931520644511581,0.06596173212487412,0.04909365558912387,0.04506545820745216,0.0,0.0075528700906344415,0.0295,Low
1st Quarter 2025,La Union,Senior Citizen,1,0.005561518196897259,0.0521758220314177,0.0,0.00400039028197873,0.04598009561908479,0.00922041174748756,0.0195,Low
2nd Quarter 2025,Bulacan,Senior Citizen,1,0.028966346820104325,0.04476466055798536,0.02765536394325911,0.030773452180998785,0.052342307884190045,0.014030011252833995,0.0331,Low
2nd Quarter 2025,Region 12,Senior Citizen,1,0.5,0.0,0.0,0.0,0.0,0.0,0.0833,Low
3rd Quarter 2025,City of Baguio,Senior Citizen,1,0.014757663628831814,0.0216963545981773,0.0012427506213753107,0.0,0.06912800331400165,0.11878624689312345,0.0376,Low
1st Quarter 2025,Eastern Samar,Senior Citizen,1,0.0,0.005819267564438487,0.013131436231795747,0.0036256169642313084,0.007830113947961733,0.008012918164645664,0.0064,Low
3rd Quarter 2025,Region 9,Senior Citizen,1,0.0524093575864693,0.03120013746716744,0.0358028328055576,0.0032402975182266734,0.015072293001448314,0.0,0.023,Low
3rd Quarter 2025,Pasay City,Senior Citizen,1,0.015151515151515152,0.0012626262626262627,0.018813131313131313,0.024116161616161615,0.0015151515151515152,0.014393939393939395,0.0125,Low
1st Quarter 2025,Tawi-Tawi,Senior Citizen,1,0.46184510250569477,0.0,0.12129840546697039,1.0,0.5313211845102506,0.0,0.3524,Moderate
1st Quarter 2025,City of Butuan,Senior Citizen,1,0.035481346204017744,0.05165666579702583,0.016566657970258282,0.001174015131750587,0.04122097573702061,0.0,0.0243,Low
2nd Quarter 2025,Davao Occidental,Senior Citizen,1,0.09102011494252873,0.010847701149425288,0.07291666666666667,0.1930316091954023,0.12830459770114944,0.001293103448275862,0.0829,Low
3rd Quarter 2025,Pasay City,Senior Citizen,1,0.0,0.005764629105938656,0.0022840983249945617,0.008375027191646726,0.011583641505329563,0.0,0.0047,Low
1st Quarter 2025,Quezon,Senior Citizen,1,0.07003686150605581,0.02913814288221871,0.051430577496928205,0.017377567140600316,0.08837984904335615,0.07161664033701948,0.0547,Low
1st Quarter 2025,Benguet,Senior Citizen,1,0.010711523588553751,0.03402938901778809,0.0035962877030162412,0.0,0.02494199535962877,0.09474091260634183,0.028,Low
2nd Quarter 2025,Ormoc City,Senior Citizen,1,0.018811286772063236,0.015009005403241946,0.004402641584950971,0.0011006603962377428,0.04192515509305583,0.0,0.0135,Low
1st Quarter 2025,Davao Oriental,Senior Citizen,1,0.05622541474260304,0.08072515820078673,0.12048913972977596,0.20236873610398495,0.0,0.011159569009748588,0.0785,Low
1st Quarter 2025,Cagayan,Senior Citizen,1,0.054588420638046475,0.0877510831035841,0.021071287908625443,0.09617959826703426,0.032315872390705,0.013627412367073651,0.0509,Low
3rd Quarter 2025,Aurora,Senior Citizen,1,0.018221574344023325,0.021574344023323616,0.011588921282798833,0.12478134110787172,0.03440233236151603,0.026020408163265306,0.0394,Low
1st Quarter 2025,Region 2,Senior Citizen,1,0.06475587763212505,0.050622380730255157,0.07109354626626656,0.0343989774517834,0.023543585015848762,0.013005902424511774,0.0429,Low
2nd Quarter 2025,Tarlac,Senior Citizen,1,0.04634479617399226,0.027954907765884763,0.0,0.010931450694602596,0.008710999772261445,0.0,0.0157,Low
3rd Quarter 2025,Sorsogon,Senior Citizen,1,0.05388987962550156,0.04478748699658196,0.016588646158418784,0.009752563530985288,0.05736364987368108,0.00027864467231386537,0.0304,Low
2nd Quarter 2025,Zamboanga Sibugay,Senior Citizen,1,0.01205622819618305,0.04078596347219372,0.0,0.0251898214652165,0.01503180792119844,0.0053868253642520006,0.0164,Low
1st Quarter 2025,Batangas,Senior Citizen,1,0.037608041177041855,0.008222459616069405,0.02898093295781943,0.003010585607458483,0.07530510504677738,0.10553235570230811,0.0431,Low
3rd Quarter 2025,Capiz,Senior Citizen,1,0.04239905440957792,0.0027071338696762876,0.02998818011972395,0.0006863156289320167,0.005700232584740916,0.010332863080032027,0.0153,Low
3rd Quarter 2025,Southern Leyte,Senior Citizen,1,0.006445740610023405,0.014414682171118624,0.0,0.0007430248541813723,0.021584872013968866,0.0007430248541813723,0.0073,Low
2nd Quarter 2025,Pampanga,Senior Citizen,1,0.029791365263077744,0.0032170867280895453,0.03669192111474911,0.03569253026726567,0.01949288052996269,0.0012468590573364805,0.021,Low
2nd Quarter 2025,NCR,Senior Citizen,1,0.01075858577335246,0.009475497227833838,0.007599259432065798,0.0,0.023184938476276513,0.013826085661671638,0.0108,Low
3rd Quarter 2025,City of Lapu-Lapu,Senior Citizen,1,0.0023656196609278487,0.07044289656985149,0.0024970429754238403,0.1281377316335918,0.38191615192535155,0.01609935602575897,0.1002,Low
3rd Quarter 2025,Capiz,Senior Citizen,1,0.00040028464685998934,0.009606831524639745,0.0361145703611457,0.04865682262942537,0.01178615904643302,0.02214908379291941,0.0215,Low
3rd Quarter 2025,Misamis Occidental,Senior Citizen,1,0.0005030181086519115,0.019240442655935615,0.0008802816901408451,0.0029552313883299797,6.287726358148894e-05,0.0022635814889336017,0.0043,Low
1st Quarter 2025,Surigao del Norte,Senior Citizen,1,0.0,0.04080039444490098,0.13431670638507684,0.0006574081682964911,0.030158599720601528,0.011586818966225656,0.0363,Low
2nd Quarter 2025,Biliran,Senior Citizen,1,0.028093245666467422,0.021518230723251645,0.08039450089659295,0.006276150627615063,0.02839210998206814,0.006873879258816497,0.0286,Low
2nd Quarter 2025,Quezon,Senior Citizen,1,0.1052465979705813,0.09977975300873122,0.00888853929049005,0.05797215448753245,0.10689845040509714,0.0369700306772595,0.0693,Low
3rd Quarter 2025,Pasay City,Senior Citizen,1,0.005541262616267564,0.00039580447259054025,0.01345735206807837,0.023253512764694242,0.0069265782703344545,0.012467840886602018,0.0103,Low
2nd Quarter 2025,City of Baguio,Senior Citizen,1,0.01368421052631579,0.007543859649122807,0.0,0.005321637426900585,0.13169590643274853,0.015964912280701755,0.029,Low
2nd Quarter 2025,City of Valenzuela,Senior Citizen,1,0.006321683373972727,0.0048315722929648695,0.0,0.000948252506095909,0.013004605797886752,0.001490111081007857,0.0044,Low
2nd Quarter 2025,City of Manila,Senior Citizen,1,0.0062700036728054985,0.013654966157720761,0.003882680098641062,0.013313919932840129,0.008932787659373524,0.007529251272364762,0.0089,Low
2nd Quarter 2025,City of Davao,Senior Citizen,1,0.03094356068860318,0.05772499455219002,0.06759642623665287,0.10374809326650686,0.06631074308128132,0.004532577903682719,0.0551,Low
2nd Quarter 2025,Siquijor,Senior Citizen,1,0.05,0.06256038647342996,0.002898550724637681,0.006521739130434782,0.035265700483091786,0.006521739130434782,0.0273,Low
1st Quarter 2025,Romblon,Senior Citizen,1,0.1011173184357542,0.016201117318435754,0.0067039106145251395,0.0446927374301676,0.10726256983240223,0.055865921787709494,0.0553,Low
2nd Quarter 2025,Caraga,Senior Citizen,1,0.0,0.0,0.0,0.0,0.0,0.0,0.0,Low
2nd Quarter 2025,Tarlac,Senior Citizen,1,0.04213690749655434,0.010396899906118291,0.005353254898827478,0.011954936779657631,0.021952340051535065,0.00926832191438787,0.0168,Low
2nd Quarter 2025,Lanao del Norte,Senior Citizen,1,0.01756417679984559,0.044199961397413626,0.0,0.0,0.006755452615325227,0.002509168114263656,0.0118,Low
3rd Quarter 2025,Ilocos Norte,Senior Citizen,1,0.01920571072460484,0.009942779445923743,0.0,0.00220950654353861,0.03393575434819557,0.0,0.0109,Low
3rd Quarter 2025,City of Isabela,Senior Citizen,1,0.06977513227513228,0.04298941798941799,0.016865079365079364,0.09556878306878307,0.12003968253968254,0.013227513227513227,0.0597,Low
1st Quarter 2025,Region 7,Senior Citizen,1,0.09522184300341296,0.06331870632211929,0.05467251747115228,0.15150333170810987,0.05761417194864294,0.03846091337558914,0.0768,Low
1st Quarter 2025,City of Santiago,Senior Citizen,1,0.06544098740035999,0.006814091025970687,0.07688351761378247,0.05682694780149138,0.030341990228850604,0.0,0.0394,Low
3rd Quarter 2025,Quezon,Senior Citizen,1,0.10824163485290815,0.08855453252488958,0.03162661875888914,0.04259300845871697,0.08365147091848192,0.0,0.0591,Low
1st Quarter 2025,City of Iligan,Senior Citizen,1,0.06149984311264512,0.05946030749921556,0.00674615625980546,0.004079071226859115,0.01396297458424851,0.015688735487919672,0.0269,Low
2nd Quarter 2025,Nueva Ecija,Senior Citizen,1,0.049455459121833835,0.05844414364200971,0.016681264431881518,0.011802071997947465,0.029084941299289575,0.0145048703453035,0.03,Low
2nd Quarter 2025,Davao del Norte,Senior Citizen,1,0.050589547482472914,0.025732950924155513,0.17893562778840025,0.06568674314850223,0.11217335882727852,0.005576800509878904,0.0731,Low
2nd Quarter 2025,Region 5,Senior Citizen,1,0.0,0.0,0.0,0.0,0.0,0.0,0.0,Low
1st Quarter 2025,City of Mandaluyong,Senior Citizen,1,0.012254307206988595,0.006551807813637467,0.021718029604464936,0.012254307206988595,0.02438728463965057,0.016136859985440427,0.0156,Low
2nd Quarter 2025,Antique,Senior Citizen,1,0.04109452736318408,0.0007960199004975124,0.005008291873963516,0.005306799336650083,0.02033167495854063,0.0012271973466003317,0.0123,Low
2nd Quarter 2025,Tarlac,Senior Citizen,1,0.024762072611913995,0.015553401480437082,0.004934790271413465,0.009649277405710257,0.028727529080014098,0.004450123369756785,0.0147,Low
1st Quarter 2025,Davao de Oro,Senior Citizen,1,0.008613405933158092,0.04327825760420578,0.05860401802478408,0.15555764175741646,0.009880773563650018,0.08021967705595194,0.0594,Low
2nd Quarter 2025,Quezon City,Senior Citizen,1,0.00949844651575677,0.013271193963604084,0.006702174877940524,0.002086107412339103,0.006746560142032845,0.0018641810918774966,0.0067,Low
3rd Quarter 2025,Davao Oriental,Senior Citizen,1,0.04656046343229544,0.11238233164373643,0.004272266473569877,0.1058653149891383,0.008979000724112961,0.015351194786386677,0.0489,Low
1st Quarter 2025,Northern Samar,Senior Citizen,1,0.011748701459312392,0.026960178085580013,0.007172891417264408,0.0,0.023250061835270838,0.0,0.0115,Low
3rd Quarter 2025,City of Lucena,Senior Citizen,1,0.03058252427184466,0.05048543689320388,0.06699029126213592,0.06383495145631068,0.06699029126213592,0.055825242718446605,0.0558,Low
1st Quarter 2025,City of Parañaque,Senior Citizen,1,0.0014973508408200875,0.005413499193734163,0.002073255010366275,0.0,0.0065653075328265375,0.007947477539737388,0.0039,Low
1st Quarter 2025,Misamis Oriental,Senior Citizen,1,4.536793394428818e-05,0.10448235187369567,0.03933399872969785,0.021005353416205425,0.0460484529534525,0.002313764631158697,0.0355,Low
3rd Quarter 2025,La Union,Senior Citizen,1,0.026840287005049163,0.04550890247143237,0.011825671007175126,0.0037204358224820623,0.051288865267074144,0.0,0.0232,Low
2nd Quarter 2025,City of Mandaue,Senior Citizen,1,0.0,0.0058997050147492625,0.036217633562766305,0.02736807604064241,0.0,0.0,0.0116,Low
1st Quarter 2025,Misamis Oriental,Senior Citizen,1,0.03538521858459125,0.08861007645559695,0.005048029798078808,0.011468339541266418,0.011762399529504019,0.021172319153107234,0.0289,Low
3rd Quarter 2025,Ifugao,Senior Citizen,1,0.031001137656427757,0.04342055365946151,0.002844141069397042,0.0,0.13519150549867273,0.04446340538490709,0.0428,Low
3rd Quarter 2025,Biliran,Senior Citizen,1,0.0,0.04,0.024,0.06628571428571428,0.045142857142857144,0.00028571428571428574,0.0293,Low
1st Quarter 2025,Region 8,Senior Citizen,1,0.017184228890439638,0.04204466154919749,0.00047579775423460004,0.008342320624246653,0.007343145340353994,0.0014273932627038,0.0128,Low
2nd Quarter 2025,Kalinga,Senior Citizen,1,0.0034120734908136482,0.015179352580927384,0.004199475065616798,0.00034995625546806647,0.06697287839020122,0.09606299212598425,0.031,Low
2nd Quarter 2025,Eastern Samar,Senior Citizen,1,0.023446214250658102,0.03370811582563691,0.002364699058582073,0.007138714139115692,0.025342435193860705,0.0028777941373310132,0.0158,Low
2nd Quarter 2025,Dinagat Islands,Senior Citizen,1,0.014285714285714285,0.03893557422969188,0.0056022408963585435,0.026050420168067228,0.10644257703081232,0.015126050420168067,0.0344,Low
3rd Quarter 2025,Surigao del Sur,Senior Citizen,1,0.03814548283574832,0.045633569969853155,0.06350286881260332,0.07709326072157931,0.030949139356219003,0.026913352134591072,0.047,Low
2nd Quarter 2025,Ifugao,Senior Citizen,1,0.016318234610917536,0.043612078977932636,0.0013356562137049942,0.005110336817653891,0.019337979094076654,0.062311265969802555,0.0247,Low
1st Quarter 2025,Misamis Oriental,Senior Citizen,1,0.05631169608136404,0.03223152856715525,0.03208196230930302,0.0068052647322763985,0.024304516900987137,0.004113072090936285,0.026,Low
2nd Quarter 2025,City of General Santos,Senior Citizen,1,0.0,0.0004820051413881748,0.042577120822622105,0.005141388174807198,0.007551413881748072,0.11359254498714653,0.0282,Low
3rd Quarter 2025,Bohol,Senior Citizen,1,0.10342298288508557,0.01765281173594132,0.05237163814180929,0.07789731051344743,0.18621026894865525,0.08982885085574573,0.0879,Low
3rd Quarter 2025,Davao Occidental,Senior Citizen,1,0.021871453626328276,0.05184153512844321,0.0943464355720623,0.18224491901372125,0.05086144640462189,0.004694109150933663,0.0676,Low
1st Quarter 2025,Region 3,Senior Citizen,1,0.010802718353168391,0.010934549253672314,0.031458148632748775,0.006537164778738312,0.017270671909142145,0.0036187582188327034,0.0134,Low
1st Quarter 2025,Siquijor,Senior Citizen,1,0.04925747751516419,0.052865509307676216,0.0,0.0,0.06583350763438611,0.0,0.028,Low
1st Quarter 2025,City of Davao,Senior Citizen,1,0.05995979134970659,0.08578298196044339,0.25991632253857855,0.03154205607476635,0.06547489676157357,0.0006248641599652249,0.0839,Low
3rd Quarter 2025,Agusan del Norte,Senior Citizen,1,0.004324823647967753,0.047573060127645284,0.05160396372186765,0.10854047699025865,0.051100100772589856,0.0395952300974135,0.0505,Low
2nd Quarter 2025,Cotabato,Senior Citizen,1,0.024141294502891382,0.025639239183445968,0.004633177732878144,0.0,0.021563436215425346,0.020797045913746256,0.0161,Low
1st Quarter 2025,La Union,Senior Citizen,1,0.01580150618612157,0.04278734086426394,0.01555495786265017,0.004146494531109915,0.041823561054330285,0.002510310202617895,0.0204,Low
3rd Quarter 2025,La Union,Senior Citizen,1,0.03041787174628503,0.02899670888600778,0.010010471726338885,0.008664106911339384,0.1004787074897776,0.0032911139922210033,0.0303,Low
1st Quarter 2025,Guimaras,Senior Citizen,1,0.0016133035492678085,0.009183420203524448,0.0,0.035120377264829986,0.014085380987838174,0.0011169024571854058,0.0102,Low
1st Quarter 2025,Cebu,Senior Citizen,1,0.024417170877182922,0.06735870157428384,0.04107762452327015,0.11097410604192355,0.06000344105755169,0.024589223754767298,0.0547,Low
3rd Quarter 2025,Albay,Senior Citizen,1,0.007039661360080979,0.0067175853501426335,0.006395509340204288,0.009202171712524156,0.0,0.0074077482285819455,0.0061,Low
1st Quarter 2025,Region 4B,Senior Citizen,1,0.10324602043240674,0.021560940841054883,0.0018115942028985507,0.03063376098835828,0.07007305773342837,0.02785697315276788,0.0425,Low
3rd Quarter 2025,City of Santiago,Senior Citizen,1,0.037229529062367414,0.026304624522698345,0.07424692405600339,0.0659736953754773,0.034789987271955876,0.016546457361052185,0.0425,Low
1st Quarter 2025,Marinduque,Senior Citizen,1,0.009192383453709783,0.010177281680892974,0.0006565988181221273,0.003939592908732764,0.007222586999343401,0.009192383453709783,0.0067,Low
3rd Quarter 2025,Nueva Vizcaya,Senior Citizen,1,0.004482071713147411,0.007683551508252703,0.037350597609561755,0.027461582242458735,0.012307911212293682,0.012663631189527604,0.017,Low
3rd Quarter 2025,Masbate,Senior Citizen,1,0.012800181241504305,0.15212958767557772,0.0,0.04984141368373358,0.167535115541459,0.01359311282283643,0.066,Low
3rd Quarter 2025,Bulacan,Senior Citizen,1,0.04145376627657821,0.03519037415526619,0.011214514840689227,0.03107606090958654,0.02635315895576321,0.019658683166182755,0.0275,Low
1st Quarter 2025,City of Cotabato,Senior Citizen,1,0.501482402448355,0.5,0.041842004590665643,0.02725707727620505,0.005738332058148432,0.03629495026778883,0.1854,Low
1st Quarter 2025,City of Butuan,Senior Citizen,1,0.04109756097560976,0.03536585365853658,0.021463414634146343,0.003048780487804878,0.08536585365853659,0.0,0.0311,Low
1st Quarter 2025,Albay,Senior Citizen,1,0.01486820571746927,0.013736550715554163,0.029788641665796162,0.013492809638218601,0.011351370173056164,0.0,0.0139,Low
2nd Quarter 2025,Davao del Sur,Senior Citizen,1,0.0621131741821397,0.045004420866489835,0.2072502210433245,0.009106984969053935,0.10053050397877984,0.0,0.0707,Low
2nd Quarter 2025,City of Manila,Senior Citizen,1,0.0016682921821261742,0.0006416508392792978,0.01006108515989939,0.012063035778450798,0.004286227606385709,0.011524049073456189,0.0067,Low
1st Quarter 2025,Negros Occidental,Senior Citizen,1,0.025638492318332262,0.057097926855373876,0.013379110474402675,0.004981145745854534,0.028108481944375832,0.0063890398326993695,0.0226,Low
1st Quarter 2025,South Cotabato,Senior Citizen,1,0.03666571183042108,0.03287023775422515,0.0,0.0,0.03716700085935262,0.004225150386708679,0.0185,Low
2nd Quarter 2025,Surigao del Norte,Senior Citizen,1,0.03035172290662382,0.03853478545497828,0.06897577813485688,0.0,0.05475212759626257,0.0012200202344819378,0.0323,Low
1st Quarter 2025,City of Cebu,Senior Citizen,1,0.021867667761614265,0.19197559831065228,0.2025340215861098,0.28512435476302206,0.0022524636320976066,0.13754106053496012,0.1402,Low
3rd Quarter 2025,Marinduque,Senior Citizen,1,0.03584070796460177,0.015320796460176991,0.003263274336283186,0.0,0.0103429203539823,0.010674778761061947,0.0126,Low
3rd Quarter 2025,Southern Leyte,Senior Citizen,1,0.01639669540748223,0.0,0.004166816984739709,0.006241206392727011,0.019409069591255095,0.0,0.0077,Low
1st Quarter 2025,City of Santiago,Senior Citizen,1,0.041666666666666664,0.06851570415400203,0.03546099290780142,0.06509625126646404,0.006585612968591692,0.0,0.0362,Low
1st Quarter 2025,Ilocos Norte,Senior Citizen,1,0.012607542881878686,0.016909258157026135,0.0010821925220496726,0.006114387749580651,0.022022617823710837,0.001920891726638169,0.0101,Low
1st Quarter 2025,City of Mandaluyong,Senior Citizen,1,0.013326564284807716,0.01554765833227567,0.0630156111181622,0.014849600203071456,0.08490925244320345,0.019101408808224394,0.0351,Low
2nd Quarter 2025,NIR,Senior Citizen,1,0.035707909301910375,0.005632922692376361,0.0014729512587038029,0.010507052312087128,0.03609176932690591,0.01683627923585074,0.0177,Low
2nd Quarter 2025,Palawan,Senior Citizen,1,0.057458735596387416,0.04406726876362504,0.025848645281843663,0.03355652444721271,0.008875739644970414,0.004048582995951417,0.029,Low
2nd Quarter 2025,Ormoc City,Senior Citizen,1,0.014332435552135437,0.005098114659484417,0.006444786456329357,0.0,0.04607541362062332,0.011735282801077338,0.0139,Low
3rd Quarter 2025,Davao del Sur,Senior Citizen,1,0.05091088419586911,0.028805987468090044,0.0036261313529821304,0.19671037363657462,0.1171675562775586,0.012618937108377814,0.0683,Low
3rd Quarter 2025,City of Iloilo,Senior Citizen,1,0.023693379790940768,0.017228029423151374,0.0,0.02121564072783585,0.013124274099883856,0.015524583817266744,0.0151,Low
2nd Quarter 2025,City of Lucena,Senior Citizen,1,0.025092445853143158,0.008716323296354992,0.021394611727416798,0.05388272583201268,0.02641310089804543,0.0832012678288431,0.0365,Low
2nd Quarter 2025,Guimaras,Senior Citizen,1,0.02415241524152415,0.050208867040550206,0.0002654111565002654,0.025190980636525192,0.023067691384523067,0.006762214683006762,0.0216,Low
2nd Quarter 2025,Cavite,Senior Citizen,1,0.040126496967183366,0.0024884649281974184,0.0010368603867489242,0.006635906475193115,0.11400279952304422,0.01150915029291306,0.0293,Low
3rd Quarter 2025,Region 7,Senior Citizen,1,0.0,0.0,0.0,0.0,0.0,0.0,0.0,Low
2nd Quarter 2025,Region 11,Senior Citizen,1,0.06334183790741507,0.006131338206224429,0.15019767388406197,0.2371856755390061,0.10948489863467108,0.010458327586999494,0.0961,Low
2nd Quarter 2025,Aklan,Senior Citizen,1,0.013481363996827915,0.0,0.0,0.011816019032513878,0.029817605075337036,0.0,0.0092,Low
1st Quarter 2025,Lanao del Norte,Senior Citizen,1,0.011075527088337337,0.010274886575927409,0.0009340805978115826,0.009207365892714172,0.0,0.011075527088337337,0.0071,Low
3rd Quarter 2025,Special Geographic Area (SGA),Senior Citizen,1,0.5283468986808869,0.0,0.0021049677238282345,0.008981195621667135,0.01950603424080831,0.009823182711198428,0.0948,Low
1st Quarter 2025,Region 9,Senior Citizen,1,0.05179528470422464,0.0009184007246559143,0.005409757693178673,0.0,0.014669249930805425,0.012505346853533956,0.0142,Low
3rd Quarter 2025,Surigao del Norte,Senior Citizen,1,0.011085473515248797,0.040830658105939006,0.029042937399678972,0.108196227929374,0.06470706260032102,0.02257223113964687,0.0461,Low
1st Quarter 2025,City of San Juan,Senior Citizen,1,0.0076968620485494375,0.004440497335701598,0.0041444641799881585,0.003108348134991119,0.046181172291296625,0.02605091770278271,0.0153,Low
3rd Quarter 2025,Benguet,Senior Citizen,1,0.016675218060543867,0.014674191893278605,0.0,0.008927655207798871,0.12760389943560801,0.01431503335043612,0.0304,Low
2nd Quarter 2025,Caraga,Senior Citizen,1,0.0,0.0,0.0,0.0,0.0,0.0,0.0,Low
3rd Quarter 2025,Cotabato,Senior Citizen,1,0.021796456530696333,0.04857849196538937,0.007416563658838072,0.007416563658838072,0.0434693036670787,0.013020189534404614,0.0236,Low
3rd Quarter 2025,City of Bacolod,Senior Citizen,1,0.02003105590062112,0.014026915113871635,0.0035714285714285713,0.0036231884057971015,0.059782608695652176,0.0008281573498964803,0.017,Low
1st Quarter 2025,Zambales,Senior Citizen,1,0.007748404740200547,0.022846399270738376,0.005013673655423883,0.0,0.016579307201458525,0.011679580674567001,0.0106,Low
2nd Quarter 2025,City of San Juan,Senior Citizen,1,0.0,0.007978060334081277,0.008850660683121417,0.0,0.0,0.005983545250560957,0.0038,Low
2nd Quarter 2025,Bohol,Senior Citizen,1,0.21892576904381642,0.07608846607874453,0.2470835358655649,0.09139990278452885,0.0012846330115964168,0.05681897090479828,0.1153,Low
3rd Quarter 2025,Davao del Sur,Senior Citizen,1,0.005548829701372074,0.06078490718321227,0.26987489911218726,0.3000403551251009,0.07733050847457627,0.009079903147699757,0.1204,Low
2nd Quarter 2025,Agusan del Norte,Senior Citizen,1,0.027814029363784666,0.0022838499184339315,0.07544861337683524,0.08164763458401306,0.07765089722675367,0.06035889070146819,0.0542,Low
2nd Quarter 2025,Nueva Vizcaya,Senior Citizen,1,0.030394345238095238,0.009672619047619048,0.03203125,0.023586309523809523,0.01603422619047619,0.008035714285714285,0.02,Low
1st Quarter 2025,Basilan,Senior Citizen,1,0.0,0.0020602218700475437,0.0044374009508716325,0.015372424722662441,0.007765451664025357,0.018066561014263075,0.008,Low
1st Quarter 2025,Iloilo,Senior Citizen,1,0.011575798491479654,0.05633089673153925,0.00023861625849706678,0.0019031101592327032,0.028651410745879506,0.006844212682745134,0.0176,Low
3rd Quarter 2025,Region 7,Senior Citizen,1,0.0,0.0,0.0,0.0,0.0,0.0,0.0,Low
3rd Quarter 2025,Tarlac,Senior Citizen,1,0.0009858069082314877,0.01831957837796848,0.007349316886366796,0.004025378208611908,0.020556601746647623,0.0053018717692706295,0.0094,Low
3rd Quarter 2025,Davao de Oro,Senior Citizen,1,0.07216612254194822,0.08032799331865462,0.032153974641257306,0.12793257915116543,0.02877533976159745,0.005011009035001139,0.0577,Low
3rd Quarter 2025,Isabela,Senior Citizen,1,0.029214076527917805,0.0434250324067406,0.10089778673964185,0.10012482596380047,0.025646934562388975,0.01283787027701762,0.052,Low
1st Quarter 2025,Davao Oriental,Senior Citizen,1,0.08252300746657405,0.09294148289633616,0.25790067720090293,0.24817676679979164,0.011851015801354402,0.00603403368640389,0.1166,Low
1st Quarter 2025,Batangas,Senior Citizen,1,0.04036374794275991,0.0003068425897514575,0.036597952523082934,0.00023710563753521715,0.043195068202739266,0.05221902981952077,0.0288,Low
1st Quarter 2025,Masbate,Senior Citizen,1,0.11824204946996467,0.09072438162544169,0.012720848056537103,0.07725265017667844,0.18696996466431096,0.0038869257950530037,0.0816,Low
1st Quarter 2025,Ormoc City,Senior Citizen,1,0.006778964667214462,0.017460969597370583,0.0006676253081347577,0.009346754313886606,0.04483360723089565,0.006727608874281019,0.0143,Low
2nd Quarter 2025,Maguindanao del Norte,Senior Citizen,1,0.5132049091191548,0.013204909119154886,0.015690539070995806,0.0,0.02578841075034954,0.00023302780798508622,0.0947,Low
3rd Quarter 2025,Dinagat Islands,Senior Citizen,1,0.007453416149068323,0.015527950310559006,0.00031055900621118014,0.017080745341614908,0.11832298136645963,0.014596273291925466,0.0289,Low
1st Quarter 2025,Pangasinan,Senior Citizen,1,0.5,0.019003404518724853,0.0,0.0,0.5243268337975859,0.0,0.1739,Low
3rd Quarter 2025,La Union,Senior Citizen,1,0.0508758228271784,0.05020640410576816,0.0066941872141024214,0.017349101863215442,0.05215887537654803,0.0,0.0295,Low
2nd Quarter 2025,Marinduque,Senior Citizen,1,0.01293103448275862,0.02724753694581281,0.011545566502463054,0.0024630541871921183,0.02693965517241379,0.015086206896551725,0.016,Low
3rd Quarter 2025,Region 6,Senior Citizen,1,0.0,0.0,0.0,0.0,0.0,0.0,0.0,Low
2nd Quarter 2025,City of Mandaluyong,Senior Citizen,1,0.02035072526520892,0.034098289673089414,0.016886772028577614,0.016129032258064516,0.07523273435808617,0.01201558778956484,0.0291,Low
2nd Quarter 2025,NIR,Senior Citizen,1,0.015159165751920965,0.030153677277716794,0.008957189901207464,0.0020636663007683863,0.019187705817782657,0.0,0.0126,Low
1st Quarter 2025,City of Navotas,Senior Citizen,1,0.013665869490946362,0.040826785104202255,0.17065254526819268,0.04270584215920738,0.22429108302015716,0.04697642637512812,0.0899,Low
3rd Quarter 2025,Davao del Sur,Senior Citizen,1,0.061003668926061815,0.0,0.34450593868540513,0.3216528822834401,0.16062433928238293,0.0,0.148,Low
2nd Quarter 2025,Zambales,Senior Citizen,1,0.005038583749432592,0.003722197004085338,0.002678166137085792,0.0,0.010667271901951884,0.0057194734453018614,0.0046,Low
2nd Quarter 2025,City of Mandaluyong,Senior Citizen,1,0.033826408527300414,0.01446595605829889,0.026974113552316728,0.011420491624972808,0.17206874048292364,0.04252773547966065,0.0502,Low
3rd Quarter 2025,Region 4A,Senior Citizen,1,0.05864208558124025,0.030107065871116032,0.0624292876963569,0.000125049126442531,0.05091285862303048,0.06649040694558576,0.0448,Low
1st Quarter 2025,Davao Occidental,Senior Citizen,1,0.03199474573090636,0.02993056858697692,0.09720397823231375,0.10818164758866579,0.11174704447363483,0.0,0.0632,Low
2nd Quarter 2025,City of Baguio,Senior Citizen,1,0.002222633821077977,0.01972587516206705,0.0016669753658084831,0.0016669753658084831,0.146138173735877,0.12270790887201334,0.049,Low
2nd Quarter 2025,City of Tacloban,Senior Citizen,1,0.024088093599449415,0.008209615573689903,0.00044243437223478516,0.002654606233408711,0.0065873562088290235,0.0,0.007,Low
2nd Quarter 2025,City of Puerto Princesa,Senior Citizen,1,0.02407343262902667,0.03227110033483432,0.0023669322249162913,0.017896316822537815,0.3066043182080591,0.08503636993418774,0.078,Low
2nd Quarter 2025,Sarangani,Senior Citizen,1,0.037462706807702736,0.022342012476267967,0.011899918633034988,0.014713859506373746,0.0010170870626525631,0.019189042582045023,0.0178,Low
2nd Quarter 2025,City of Manila,Senior Citizen,1,0.003257592074090028,0.00982662071936248,0.021053198363127287,0.004657548998492354,0.0019384018953262977,0.002934525091535645,0.0073,Low
2nd Quarter 2025,Region 5,Senior Citizen,1,0.0,0.0,0.0,0.0,0.0,0.0,0.0,Low
2nd Quarter 2025,Samar,Senior Citizen,1,0.022903538536112458,0.0635603490063015,0.00469583131362094,0.0,0.015117547261269995,0.008119243819680077,0.0191,Low
1st Quarter 2025,Albay,Senior Citizen,1,0.011049454828660436,0.027501947040498444,0.015965732087227413,0.025408878504672897,0.0240946261682243,0.004867601246105919,0.0181,Low
1st Quarter 2025,Basilan,Senior Citizen,1,0.0,0.0,0.0,0.0,0.5,0.0,0.0833,Low
2nd Quarter 2025,Laguna,Senior Citizen,1,0.0537315044821255,0.03391294956258775,0.06307376606544983,0.0,0.0984447564531807,0.06787990063721784,0.0528,Low
3rd Quarter 2025,Region 3,Senior Citizen,1,0.03051063068554505,0.02881283500407471,0.02967912489813226,0.025425525571287542,0.01459441731652212,0.0012671353134876202,0.0217,Low
3rd Quarter 2025,City of Zamboanga,Senior Citizen,1,0.0,0.03449534586603395,0.0,0.027377258623836467,0.026738455922613615,0.0,0.0148,Low
3rd Quarter 2025,Aurora,Senior Citizen,1,0.0017700606877950101,0.05310182063385031,0.07687120701281187,0.09794335805799056,0.03447403910991234,0.030175320296695885,0.0491,Low
3rd Quarter 2025,Mountain Province,Senior Citizen,1,0.021882151029748283,0.004242944317315027,0.0,0.0,0.10645499618611746,0.11465484363081617,0.0412,Low
3rd Quarter 2025,Abra,Senior Citizen,1,0.020919447524952114,0.04748462546627684,0.009325536848472628,0.00367980643210001,0.012047585442080854,0.0,0.0156,Low
2nd Quarter 2025,Leyte,Senior Citizen,1,0.007155025553662692,0.0014480408858603066,0.0025979557069846677,0.044889267461669505,0.010988074957410563,0.0,0.0112,Low
1st Quarter 2025,Bukidnon,Senior Citizen,1,0.029827826896230807,0.07445323406235459,0.0388552815262913,0.005677059097254537,0.015495579339227548,0.006607724523033969,0.0285,Low
2nd Quarter 2025,City of Parañaque,Senior Citizen,1,0.00042584903651655487,0.0,0.015224103055466837,0.00415202810603641,0.012615777706802939,0.009634834451187055,0.007,Low
1st Quarter 2025,City of Davao,Senior Citizen,1,0.02610876981737909,0.09879590608067429,0.10325105358217941,0.20565924142083084,0.11755970299016656,0.0,0.0919,Low
3rd Quarter 2025,Oriental Mindoro,Senior Citizen,1,0.08389775842606031,0.07966457023060797,0.005805515239477504,0.021931946460248347,0.0883325270117723,0.02173036606998871,0.0502,Low
1st Quarter 2025,City of Manila,Senior Citizen,1,0.0,0.006105197244834064,0.001628052598622417,0.016812773951158422,0.0007827175954915466,0.0,0.0042,Low
2nd Quarter 2025,Cebu,Senior Citizen,1,0.02823560027758501,0.03810721721027065,0.08060374739764052,0.056514573213046496,0.05643650242886884,0.005143997224149896,0.0442,Low
1st Quarter 2025,City of Navotas,Senior Citizen,1,0.03533003780168654,0.03256760686246002,0.008868857225937773,0.047542890375109045,0.061500436173306194,0.07545798197150334,0.0435,Low
2nd Quarter 2025,Negros Occidental,Senior Citizen,1,0.025122588040501815,0.0374132331401643,0.002276635037890849,0.010029930586512132,0.013850856524231039,0.02013946379672674,0.0181,Low
2nd Quarter 2025,Benguet,Senior Citizen,1,0.007995610253194325,0.002743591753547072,0.01038645449557106,0.003605863447519009,0.08642314023673277,0.0,0.0185,Low
1st Quarter 2025,NIR,Senior Citizen,1,0.0,0.0,0.0,0.0,0.0,0.5,0.0833,Low
1st Quarter 2025,Guimaras,Senior Citizen,1,0.0,0.04111371324486079,0.010408534998698933,0.024655217278168096,0.015677855841790267,0.01788966952901379,0.0183,Low
2nd Quarter 2025,Zamboanga Sibugay,Senior Citizen,1,0.01204950065132436,0.038482414242292665,0.0,0.00499348675640469,0.021765089014329136,0.0066217976552323055,0.014,Low
1st Quarter 2025,Zambales,Senior Citizen,1,0.013870474247832738,0.01295257521672616,0.006119326874043855,0.008210096889342173,0.018357980622131564,0.009026007139214686,0.0114,Low
1st Quarter 2025,Bataan,Senior Citizen,1,0.01247835387592951,0.019099521238667618,0.0032087195680961596,0.0022410104920036673,0.010950392176836101,0.00809819700519507,0.0093,Low
1st Quarter 2025,City of San Juan,Senior Citizen,1,0.0,0.008563018464008563,0.026224244046026225,0.008964409954508964,0.13125501739363127,0.0,0.0292,Low
2nd Quarter 2025,City of Muntinlupa,Senior Citizen,1,0.01174645390070922,0.00576241134751773,0.0,0.00022163120567375886,0.0990691489361702,0.0,0.0195,Low
2nd Quarter 2025,Samar,Senior Citizen,1,0.03426017874875869,0.0029460443561734524,0.0,0.0,0.02333664349553128,0.0009599470374048329,0.0103,Low
1st Quarter 2025,Pateros,Senior Citizen,1,0.0,0.0038968824940047962,0.004796163069544364,0.0,0.0035971223021582736,0.0,0.002,Low
3rd Quarter 2025,BARMM,Senior Citizen,1,0.02803109730766948,0.011523016359715931,0.023382326759114558,0.018644537200055388,0.055992957607169,0.0,0.0229,Low
1st Quarter 2025,Region 11,Senior Citizen,1,0.026871144848413256,0.05570421196978023,0.08718484697519863,0.1279563652051544,0.0759114977889855,0.0025345775960802642,0.0627,Low
2nd Quarter 2025,Nueva Ecija,Senior Citizen,1,0.040981189928651456,0.031015979715785128,0.0012284529355111346,0.004088291369381056,0.007125027025964581,0.0067319220866010184,0.0152,Low
2nd Quarter 2025,Tarlac,Senior Citizen,1,0.020833333333333332,0.02294839255499154,0.0,0.0,0.015016920473773265,0.005499153976311337,0.0107,Low
2nd Quarter 2025,Tarlac,Senior Citizen,1,0.045484241591385255,0.02611007231521323,0.0053166324990425555,0.007423010205231026,0.019599450314267047,0.0,0.0173,Low
