Year (coverage),Source Folder,Source File,Area,Risk-assessed Population,With history of smoking (Female),With history of smoking (Male),Binge Drinkers (Female),Binge Drinkers (Male),With Insufficient Physical Activity (Female),With Insufficient Physical Activity (Male),Consumed Unhealthy Diet (Female),Consumed Unhealthy Diet (Male),Overweight (Female),Overweight (Male),Obese (Female),Obese (Male)
1st Quarter 2025,NCD2024-Q1,C:\DATABASES\NCD2024-Q1\NCD\1c. Risk Factors AD.xlsx,NCR,377435,2173,4282,8195,8556,4345,2535,4134,2526,13379,8219,2333,1416
1st Quarter 2025,NCD2024-Q1,C:\DATABASES\NCD2024-Q1\NCD\1c. Risk Factors AD.xlsx,City of Malabon,10674,0,0,0,0,0,0,0,0,0,0,0,0
1st Quarter 2025,NCD2024-Q1,C:\DATABASES\NCD2024-Q1\NCD\1c. Risk Factors AD.xlsx,City of Navotas,6904,327,436,498,402,1447,888,1244,839,1833,805,767,449
1st Quarter 2025,NCD2024-Q1,C:\DATABASES\NCD2024-Q1\NCD\1c. Risk Factors AD.xlsx,City of Valenzuela,29323,0,0,0,0,0,0,0,0,0,0,0,0
1st Quarter 2025,NCD2024-Q1,C:\DATABASES\NCD2024-Q1\NCD\1c. Risk Factors AD.xlsx,City of Caloocan,45883,0,0,0,0,0,0,0,0,0,0,0,0
1st Quarter 2025,NCD2024-Q1,C:\DATABASES\NCD2024-Q1\NCD\1c. Risk Factors AD.xlsx,City of Marikina,2160,124,214,133,166,442,170,409,172,170,69,229,91
1st Quarter 2025,NCD2024-Q1,C:\DATABASES\NCD2024-Q1\NCD\1c. Risk Factors AD.xlsx,City of Pasig,23948,875,1636,2299,2716,0,0,0,0,5086,3855,0,0
1st Quarter 2025,NCD2024-Q1,C:\DATABASES\NCD2024-Q1\NCD\1c. Risk Factors AD.xlsx,Pateros,2292,0,0,0,0,0,0,0,0,0,0,0,0
1st Quarter 2025,NCD2024-Q1,C:\DATABASES\NCD2024-Q1\NCD\1c. Risk Factors AD.xlsx,City of Taguig,53826,0,0,0,0,0,0,0,0,0,0,0,0
1st Quarter 2025,NCD2024-Q1,C:\DATABASES\NCD2024-Q1\NCD\1c. Risk Factors AD.xlsx,Quezon City,87366,0,0,3671,3324,0,0,0,0,0,0,0,0
1st Quarter 2025,NCD2024-Q1,C:\DATABASES\NCD2024-Q1\NCD\1c. Risk Factors AD.xlsx,City of Makati,7107,0,339,0,0,0,0,0,0,0,0,0,0
1st Quarter 2025,NCD2024-Q1,C:\DATABASES\NCD2024-Q1\NCD\1c. Risk Factors AD.xlsx,City of Mandaluyong,14234,397,763,662,824,467,215,434,262,4173,2261,225,100
1st Quarter 2025,NCD2024-Q1,C:\DATABASES\NCD2024-Q1\NCD\1c. Risk Factors AD.xlsx,City of San Juan,3575,0,0,0,0,0,0,0,0,0,0,0,0
1st Quarter 2025,NCD2024-Q1,C:\DATABASES\NCD2024-Q1\NCD\1c. Risk Factors AD.xlsx,City of Manila,45081,0,0,0,0,0,0,0,0,0,0,0,0
1st Quarter 2025,NCD2024-Q1,C:\DATABASES\NCD2024-Q1\NCD\1c. Risk Factors AD.xlsx,City of Las Piñas,11326,450,894,932,1124,1989,1262,2047,1253,2117,1229,1112,776
1st Quarter 2025,NCD2024-Q1,C:\DATABASES\NCD2024-Q1\NCD\1c. Risk Factors AD.xlsx,City of Muntinlupa,11062,0,0,0,0,0,0,0,0,0,0,0,0
1st Quarter 2025,NCD2024-Q1,C:\DATABASES\NCD2024-Q1\NCD\1c. Risk Factors AD.xlsx,City of Parañaque,9890,0,0,0,0,0,0,0,0,0,0,0,0
1st Quarter 2025,NCD2024-Q1,C:\DATABASES\NCD2024-Q1\NCD\1c. Risk Factors AD.xlsx,Pasay City,12784,0,0,0,0,0,0,0,0,0,0,0,0
1st Quarter 2025,NCD2024-Q1,C:\DATABASES\NCD2024-Q1\NCD\1c. Risk Factors AD.xlsx,CAR,100405,1707,6037,3033,9948,0,0,0,0,17765,9601,17765,9601
1st Quarter 2025,NCD2024-Q1,C:\DATABASES\NCD2024-Q1\NCD\1c. Risk Factors AD.xlsx,Abra,13937,430,1251,630,1548,0,0,0,0,1191,702,1191,702
1st Quarter 2025,NCD2024-Q1,C:\DATABASES\NCD2024-Q1\NCD\1c. Risk Factors AD.xlsx,Apayao,7670,125,443,190,682,0,0,0,0,1139,418,1139,418
1st Quarter 2025,NCD2024-Q1,C:\DATABASES\NCD2024-Q1\NCD\1c. Risk Factors AD.xlsx,Benguet,18665,260,796,632,1401,0,0,0,0,4004,2182,4004,2182
1st Quarter 2025,NCD2024-Q1,C:\DATABASES\NCD2024-Q1\NCD\1c. Risk Factors AD.xlsx,Ifugao,11678,180,280,485,1084,0,0,0,0,2212,1188,2212,1188
1st Quarter 2025,NCD2024-Q1,C:\DATABASES\NCD2024-Q1\NCD\1c. Risk Factors AD.xlsx,Kalinga,19176,409,2056,430,3018,0,0,0,0,2635,2490,2635,2490
1st Quarter 2025,NCD2024-Q1,C:\DATABASES\NCD2024-Q1\NCD\1c. Risk Factors AD.xlsx,Mountain Province,19819,46,736,87,1508,0,0,0,0,2415,1149,2415,1149
1st Quarter 2025,NCD2024-Q1,C:\DATABASES\NCD2024-Q1\NCD\1c. Risk Factors AD.xlsx,City of Baguio,9460,257,475,579,707,0,0,0,0,4169,1472,4169,1472
1st Quarter 2025,NCD2024-Q1,C:\DATABASES\NCD2024-Q1\NCD\1c. Risk Factors AD.xlsx,Region 1,109357,4770,18725,6585,19349,0,0,0,0,18409,13672,0,0
1st Quarter 2025,NCD2024-Q1,C:\DATABASES\NCD2024-Q1\NCD\1c. Risk Factors AD.xlsx,Ilocos Norte,18535,260,975,168,630,0,0,0,0,992,795,0,0
1st Quarter 2025,NCD2024-Q1,C:\DATABASES\NCD2024-Q1\NCD\1c. Risk Factors AD.xlsx,Ilocos Sur,48864,821,3420,738,1746,0,0,0,0,6357,3982,0,0
1st Quarter 2025,NCD2024-Q1,C:\DATABASES\NCD2024-Q1\NCD\1c. Risk Factors AD.xlsx,La Union,36594,794,3113,1671,4609,0,0,0,0,5259,4599,0,0
1st Quarter 2025,NCD2024-Q1,C:\DATABASES\NCD2024-Q1\NCD\1c. Risk Factors AD.xlsx,Pangasinan,1,1,1,1,1,0,0,0,0,1,1,0,0
1st Quarter 2025,NCD2024-Q1,C:\DATABASES\NCD2024-Q1\NCD\1c. Risk Factors AD.xlsx,City of Dagupan,5364,127,409,421,641,0,0,0,0,183,200,0,0
1st Quarter 2025,NCD2024-Q1,C:\DATABASES\NCD2024-Q1\NCD\1c. Risk Factors AD.xlsx,Region 2,287179,6379,23817,7965,27675,17152,16607,24477,20548,16605,12640,4854,3503
1st Quarter 2025,NCD2024-Q1,C:\DATABASES\NCD2024-Q1\NCD\1c. Risk Factors AD.xlsx,Batanes,2046,48,206,248,216,210,129,339,207,103,70,241,156
1st Quarter 2025,NCD2024-Q1,C:\DATABASES\NCD2024-Q1\NCD\1c. Risk Factors AD.xlsx,Cagayan,70623,2586,9124,2541,10291,4418,3486,6513,5102,5995,4649,1778,1062
1st Quarter 2025,NCD2024-Q1,C:\DATABASES\NCD2024-Q1\NCD\1c. Risk Factors AD.xlsx,Isabela,148126,2360,9552,3327,11082,10349,10912,14194,12098,7422,5483,2357,1934
1st Quarter 2025,NCD2024-Q1,C:\DATABASES\NCD2024-Q1\NCD\1c. Risk Factors AD.xlsx,Nueva Vizcaya,25583,477,926,422,865,449,401,504,414,901,624,134,67
1st Quarter 2025,NCD2024-Q1,C:\DATABASES\NCD2024-Q1\NCD\1c. Risk Factors AD.xlsx,Quirino,16546,342,1189,371,1404,958,694,1367,940,954,686,203,108
1st Quarter 2025,NCD2024-Q1,C:\DATABASES\NCD2024-Q1\NCD\1c. Risk Factors AD.xlsx,City of Santiago,24255,566,2820,1056,3817,768,985,1560,1787,1230,1128,141,176
1st Quarter 2025,NCD2024-Q1,C:\DATABASES\NCD2024-Q1\NCD\1c. Risk Factors AD.xlsx,Region 3,832478,26032,75743,38839,85378,17887,15477,19696,17829,47212,37013,9228,7832
1st Quarter 2025,NCD2024-Q1,C:\DATABASES\NCD2024-Q1\NCD\1c. Risk Factors AD.xlsx,Aurora,13483,334,1338,1187,2082,770,615,1141,887,586,549,550,391
1st Quarter 2025,NCD2024-Q1,C:\DATABASES\NCD2024-Q1\NCD\1c. Risk Factors AD.xlsx,Bataan,68689,905,4198,1044,2915,165,180,159,177,4534,2566,22,24
1st Quarter 2025,NCD2024-Q1,C:\DATABASES\NCD2024-Q1\NCD\1c. Risk Factors AD.xlsx,Bulacan,316070,10861,31297,20002,40220,9169,7912,11666,10516,25605,20910,6802,5959
1st Quarter 2025,NCD2024-Q1,C:\DATABASES\NCD2024-Q1\NCD\1c. Risk Factors AD.xlsx,Nueva Ecija,139373,5288,17980,6948,19940,3226,3141,3499,3848,7673,6534,1408,1120
1st Quarter 2025,NCD2024-Q1,C:\DATABASES\NCD2024-Q1\NCD\1c. Risk Factors AD.xlsx,Pampanga,104648,2692,8771,3230,8420,4196,3214,2903,2074,1895,1523,26,56
1st Quarter 2025,NCD2024-Q1,C:\DATABASES\NCD2024-Q1\NCD\1c. Risk Factors AD.xlsx,Tarlac,107773,3605,7047,2908,6187,361,415,328,327,4628,3435,87,71
1st Quarter 2025,NCD2024-Q1,C:\DATABASES\NCD2024-Q1\NCD\1c. Risk Factors AD.xlsx,Zambales,54706,1097,2913,1624,3165,0,0,0,0,1217,838,103,89
1st Quarter 2025,NCD2024-Q1,C:\DATABASES\NCD2024-Q1\NCD\1c. Risk Factors AD.xlsx,City of Angeles,16251,1007,1603,1263,1608,0,0,0,0,824,494,230,122
1st Quarter 2025,NCD2024-Q1,C:\DATABASES\NCD2024-Q1\NCD\1c. Risk Factors AD.xlsx,City of Olongapo,11485,243,596,633,841,0,0,0,0,250,164,0,0
1st Quarter 2025,NCD2024-Q1,C:\DATABASES\NCD2024-Q1\NCD\1c. Risk Factors AD.xlsx,Region 4A,557262,16514,63723,37436,75834,0,0,0,0,85270,48081,0,0
1st Quarter 2025,NCD2024-Q1,C:\DATABASES\NCD2024-Q1\NCD\1c. Risk Factors AD.xlsx,Batangas,201302,5879,33927,10695,37175,0,0,0,0,30710,22556,0,0
1st Quarter 2025,NCD2024-Q1,C:\DATABASES\NCD2024-Q1\NCD\1c. Risk Factors AD.xlsx,Cavite,138180,3831,10677,8375,15225,0,0,0,0,23472,9820,0,0
1st Quarter 2025,NCD2024-Q1,C:\DATABASES\NCD2024-Q1\NCD\1c. Risk Factors AD.xlsx,Laguna,80792,1872,6314,3080,6959,0,0,0,0,8995,5608,0,0
1st Quarter 2025,NCD2024-Q1,C:\DATABASES\NCD2024-Q1\NCD\1c. Risk Factors AD.xlsx,Quezon,50062,1455,5225,6972,6797,0,0,0,0,8114,3392,0,0
1st Quarter 2025,NCD2024-Q1,C:\DATABASES\NCD2024-Q1\NCD\1c. Risk Factors AD.xlsx,Rizal,70245,2776,6303,7239,8027,0,0,0,0,11492,4866,0,0
1st Quarter 2025,NCD2024-Q1,C:\DATABASES\NCD2024-Q1\NCD\1c. Risk Factors AD.xlsx,City of Lucena,16681,701,1277,1075,1651,0,0,0,0,2487,1839,0,0
1st Quarter 2025,NCD2024-Q1,C:\DATABASES\NCD2024-Q1\NCD\1c. Risk Factors AD.xlsx,Region 4B,64371,3634,11964,6102,14114,2335,2399,2944,2385,8118,4982,4431,2516
1st Quarter 2025,NCD2024-Q1,C:\DATABASES\NCD2024-Q1\NCD\1c. Risk Factors AD.xlsx,Marinduque,2757,9,80,30,107,0,0,2,0,0,0,13,2
1st Quarter 2025,NCD2024-Q1,C:\DATABASES\NCD2024-Q1\NCD\1c. Risk Factors AD.xlsx,Occidental Mindoro,10588,528,3422,1028,4017,939,702,1158,688,852,475,282,189
1st Quarter 2025,NCD2024-Q1,C:\DATABASES\NCD2024-Q1\NCD\1c. Risk Factors AD.xlsx,Oriental Mindoro,27169,1913,5036,2787,6194,1067,1362,1352,1322,3455,2703,2381,1563
1st Quarter 2025,NCD2024-Q1,C:\DATABASES\NCD2024-Q1\NCD\1c. Risk Factors AD.xlsx,Palawan,15792,756,2174,926,2237,311,306,350,331,945,528,830,474
1st Quarter 2025,NCD2024-Q1,C:\DATABASES\NCD2024-Q1\NCD\1c. Risk Factors AD.xlsx,Romblon,4140,153,358,450,630,18,29,82,44,1046,449,250,97
1st Quarter 2025,NCD2024-Q1,C:\DATABASES\NCD2024-Q1\NCD\1c. Risk Factors AD.xlsx,City of Puerto Princesa,3925,275,894,881,929,0,0,0,0,1820,827,675,191
1st Quarter 2025,NCD2024-Q1,C:\DATABASES\NCD2024-Q1\NCD\1c. Risk Factors AD.xlsx,Region 5,187803,4740,25593,12329,25186,15101,10053,7436,4538,27568,22077,2244,981
1st Quarter 2025,NCD2024-Q1,C:\DATABASES\NCD2024-Q1\NCD\1c. Risk Factors AD.xlsx,Albay,25141,404,1192,200,703,492,352,493,385,702,478,301,185
1st Quarter 2025,NCD2024-Q1,C:\DATABASES\NCD2024-Q1\NCD\1c. Risk Factors AD.xlsx,Camarines Norte,14643,329,1909,841,1400,134,54,173,63,1629,1132,784,153
1st Quarter 2025,NCD2024-Q1,C:\DATABASES\NCD2024-Q1\NCD\1c. Risk Factors AD.xlsx,Camarines Sur,72298,1577,8483,4068,7346,7797,4771,6651,3992,8355,4877,1093,617
1st Quarter 2025,NCD2024-Q1,C:\DATABASES\NCD2024-Q1\NCD\1c. Risk Factors AD.xlsx,Catanduanes,16109,497,3966,3074,5751,6595,4826,0,0,6595,4826,0,0
1st Quarter 2025,NCD2024-Q1,C:\DATABASES\NCD2024-Q1\NCD\1c. Risk Factors AD.xlsx,Masbate,18092,1202,5289,2174,5322,0,0,0,0,3363,7039,0,0
1st Quarter 2025,NCD2024-Q1,C:\DATABASES\NCD2024-Q1\NCD\1c. Risk Factors AD.xlsx,Sorsogon,39336,688,4514,1855,4424,0,0,0,0,6605,3588,0,0
1st Quarter 2025,NCD2024-Q1,C:\DATABASES\NCD2024-Q1\NCD\1c. Risk Factors AD.xlsx,City of Naga,2184,43,240,117,240,83,50,119,98,319,137,66,26
1st Quarter 2025,NCD2024-Q1,C:\DATABASES\NCD2024-Q1\NCD\1c. Risk Factors AD.xlsx,Region 6,317987,7167,25791,8469,28032,110,77,712,547,10586,8217,197,153
1st Quarter 2025,NCD2024-Q1,C:\DATABASES\NCD2024-Q1\NCD\1c. Risk Factors AD.xlsx,Aklan,8307,106,390,301,414,76,45,178,148,766,386,9,1
1st Quarter 2025,NCD2024-Q1,C:\DATABASES\NCD2024-Q1\NCD\1c. Risk Factors AD.xlsx,Antique,32856,598,3314,638,3668,0,0,0,0,1516,923,0,0
1st Quarter 2025,NCD2024-Q1,C:\DATABASES\NCD2024-Q1\NCD\1c. Risk Factors AD.xlsx,Capiz,54278,546,4558,1150,4856,0,0,0,0,935,654,0,0
1st Quarter 2025,NCD2024-Q1,C:\DATABASES\NCD2024-Q1\NCD\1c. Risk Factors AD.xlsx,Guimaras,96392,182,2058,83,1061,34,32,534,399,2406,1560,188,152
1st Quarter 2025,NCD2024-Q1,C:\DATABASES\NCD2024-Q1\NCD\1c. Risk Factors AD.xlsx,Iloilo,96392,5330,14437,5789,16941,0,0,0,0,4058,4105,0,0
1st Quarter 2025,NCD2024-Q1,C:\DATABASES\NCD2024-Q1\NCD\1c. Risk Factors AD.xlsx,City of Iloilo,29762,405,1034,508,1092,0,0,0,0,905,589,0,0
1st Quarter 2025,NCD2024-Q1,C:\DATABASES\NCD2024-Q1\NCD\1c. Risk Factors AD.xlsx,Region 7,196858,9387,37426,30846,58872,29915,24824,35231,27276,41731,26885,21101,15526
1st Quarter 2025,NCD2024-Q1,C:\DATABASES\NCD2024-Q1\NCD\1c. Risk Factors AD.xlsx,Bohol,31058,4717,18753,15444,29484,14988,12442,17634,13665,20880,13459,10569,7776
1st Quarter 2025,NCD2024-Q1,C:\DATABASES\NCD2024-Q1\NCD\1c. Risk Factors AD.xlsx,Cebu,116620,702,2263,2130,3666,1765,1143,2117,1447,3224,2005,893,541
1st Quarter 2025,NCD2024-Q1,C:\DATABASES\NCD2024-Q1\NCD\1c. Risk Factors AD.xlsx,City of Cebu,23574,3250,14258,11350,22773,11101,9963,12769,10754,14060,9451,9183,6908
1st Quarter 2025,NCD2024-Q1,C:\DATABASES\NCD2024-Q1\NCD\1c. Risk Factors AD.xlsx,City of Lapu-Lapu,16821,624,1740,1677,2420,737,454,1362,618,3195,1790,366,223
1st Quarter 2025,NCD2024-Q1,C:\DATABASES\NCD2024-Q1\NCD\1c. Risk Factors AD.xlsx,City of Mandaue,8785,94,412,245,529,1324,822,1349,792,372,180,90,78
1st Quarter 2025,NCD2024-Q1,C:\DATABASES\NCD2024-Q1\NCD\1c. Risk Factors AD.xlsx,Region 8,148921,6281,16128,14085,20779,331,220,337,221,12931,8890,56,58
1st Quarter 2025,NCD2024-Q1,C:\DATABASES\NCD2024-Q1\NCD\1c. Risk Factors AD.xlsx,Biliran,5099,157,383,614,657,331,220,337,221,563,298,56,58
1st Quarter 2025,NCD2024-Q1,C:\DATABASES\NCD2024-Q1\NCD\1c. Risk Factors AD.xlsx,Eastern Samar,16319,107,698,1701,1904,0,0,0,0,854,592,0,0
1st Quarter 2025,NCD2024-Q1,C:\DATABASES\NCD2024-Q1\NCD\1c. Risk Factors AD.xlsx,Leyte,31568,1182,4309,2882,3845,0,0,0,0,2087,1140,0,0
1st Quarter 2025,NCD2024-Q1,C:\DATABASES\NCD2024-Q1\NCD\1c. Risk Factors AD.xlsx,Northern Samar,16914,465,1701,1380,2245,0,0,0,0,2362,1256,0,0
1st Quarter 2025,NCD2024-Q1,C:\DATABASES\NCD2024-Q1\NCD\1c. Risk Factors AD.xlsx,Southern Leyte,33621,1143,4033,2712,6017,0,0,0,0,4827,3952,0,0
1st Quarter 2025,NCD2024-Q1,C:\DATABASES\NCD2024-Q1\NCD\1c. Risk Factors AD.xlsx,Samar,20700,2636,3666,2733,3770,0,0,0,0,1202,695,0,0
1st Quarter 2025,NCD2024-Q1,C:\DATABASES\NCD2024-Q1\NCD\1c. Risk Factors AD.xlsx,Ormoc City,7112,76,217,355,600,0,0,0,0,662,730,0,0
1st Quarter 2025,NCD2024-Q1,C:\DATABASES\NCD2024-Q1\NCD\1c. Risk Factors AD.xlsx,City of Tacloban,17588,515,1121,1708,1741,0,0,0,0,374,227,0,0
1st Quarter 2025,NCD2024-Q1,C:\DATABASES\NCD2024-Q1\NCD\1c. Risk Factors AD.xlsx,Region 9,110102,2843,14201,3388,11450,2220,1587,6108,4063,5483,3356,972,770
1st Quarter 2025,NCD2024-Q1,C:\DATABASES\NCD2024-Q1\NCD\1c. Risk Factors AD.xlsx,Zamboanga del Norte,23556,740,3045,811,2509,1088,766,1681,1335,610,349,278,203
1st Quarter 2025,NCD2024-Q1,C:\DATABASES\NCD2024-Q1\NCD\1c. Risk Factors AD.xlsx,Zamboanga del Sur,35007,872,5085,1288,4386,789,572,1834,1064,1805,1207,215,97
1st Quarter 2025,NCD2024-Q1,C:\DATABASES\NCD2024-Q1\NCD\1c. Risk Factors AD.xlsx,Zamboanga Sibugay,33079,698,3880,912,3154,343,249,716,657,1191,793,479,470
1st Quarter 2025,NCD2024-Q1,C:\DATABASES\NCD2024-Q1\NCD\1c. Risk Factors AD.xlsx,City of Isabela,6855,164,833,134,467,0,0,740,477,740,477,0,0
1st Quarter 2025,NCD2024-Q1,C:\DATABASES\NCD2024-Q1\NCD\1c. Risk Factors AD.xlsx,City of Zamboanga,11605,369,1358,243,934,0,0,1137,530,1137,530,0,0
1st Quarter 2025,NCD2024-Q1,C:\DATABASES\NCD2024-Q1\NCD\1c. Risk Factors AD.xlsx,Region 10,130229,0,0,6493,16293,0,0,0,0,0,0,0,0
1st Quarter 2025,NCD2024-Q1,C:\DATABASES\NCD2024-Q1\NCD\1c. Risk Factors AD.xlsx,Bukidnon,41506,0,0,2856,7978,0,0,0,0,0,0,0,0
1st Quarter 2025,NCD2024-Q1,C:\DATABASES\NCD2024-Q1\NCD\1c. Risk Factors AD.xlsx,Camiguin,3928,0,0,168,365,0,0,0,0,0,0,0,0
1st Quarter 2025,NCD2024-Q1,C:\DATABASES\NCD2024-Q1\NCD\1c. Risk Factors AD.xlsx,Lanao del Norte,20862,0,0,785,1806,0,0,0,0,0,0,0,0
1st Quarter 2025,NCD2024-Q1,C:\DATABASES\NCD2024-Q1\NCD\1c. Risk Factors AD.xlsx,Misamis Occidental,15966,0,0,633,1469,0,0,0,0,0,0,0,0
1st Quarter 2025,NCD2024-Q1,C:\DATABASES\NCD2024-Q1\NCD\1c. Risk Factors AD.xlsx,Misamis Oriental,21669,0,0,0,0,0,0,0,0,0,0,0,0
1st Quarter 2025,NCD2024-Q1,C:\DATABASES\NCD2024-Q1\NCD\1c. Risk Factors AD.xlsx,City of Cagayan De Oro,19669,0,0,1718,4132,0,0,0,0,0,0,0,0
1st Quarter 2025,NCD2024-Q1,C:\DATABASES\NCD2024-Q1\NCD\1c. Risk Factors AD.xlsx,City of Iligan,6629,0,0,333,543,0,0,0,0,0,0,0,0
1st Quarter 2025,NCD2024-Q1,C:\DATABASES\NCD2024-Q1\NCD\1c. Risk Factors AD.xlsx,Region 11,278894,10727,33858,22070,41444,60360,36820,53981,34782,56292,32562,483,374
1st Quarter 2025,NCD2024-Q1,C:\DATABASES\NCD2024-Q1\NCD\1c. Risk Factors AD.xlsx,Davao de Oro,51353,1548,7263,3706,8821,0,0,0,0,14231,8933,0,0
1st Quarter 2025,NCD2024-Q1,C:\DATABASES\NCD2024-Q1\NCD\1c. Risk Factors AD.xlsx,Davao del Norte,71198,1910,9470,5333,12213,15708,9711,16168,9562,18754,12194,0,0
1st Quarter 2025,NCD2024-Q1,C:\DATABASES\NCD2024-Q1\NCD\1c. Risk Factors AD.xlsx,Davao Oriental,31958,1033,5056,3303,6194,8046,5597,7811,7900,354,221,483,374
1st Quarter 2025,NCD2024-Q1,C:\DATABASES\NCD2024-Q1\NCD\1c. Risk Factors AD.xlsx,Davao del Sur,29696,1776,3668,2942,4341,10388,5636,9751,5015,6989,2915,0,0
1st Quarter 2025,NCD2024-Q1,C:\DATABASES\NCD2024-Q1\NCD\1c. Risk Factors AD.xlsx,Davao Occidental,12627,757,2167,751,1685,1774,1140,1588,1676,1953,1047,0,0
1st Quarter 2025,NCD2024-Q1,C:\DATABASES\NCD2024-Q1\NCD\1c. Risk Factors AD.xlsx,City of Davao,82062,3703,6234,6035,8190,24444,14736,18663,10629,14011,7252,0,0
1st Quarter 2025,NCD2024-Q1,C:\DATABASES\NCD2024-Q1\NCD\1c. Risk Factors AD.xlsx,Region 12,161837,2638,20207,3849,19612,0,0,0,0,10000,7001,10087,6692
1st Quarter 2025,NCD2024-Q1,C:\DATABASES\NCD2024-Q1\NCD\1c. Risk Factors AD.xlsx,Cotabato,50629,1222,7300,1523,7262,0,0,0,0,3344,2215,3344,2214
1st Quarter 2025,NCD2024-Q1,C:\DATABASES\NCD2024-Q1\NCD\1c. Risk Factors AD.xlsx,Sarangani,15532,202,1600,240,1157,0,0,0,0,923,560,590,311
1st Quarter 2025,NCD2024-Q1,C:\DATABASES\NCD2024-Q1\NCD\1c. Risk Factors AD.xlsx,South Cotabato,26822,319,2807,499,2611,0,0,0,0,2388,1279,2388,1279
1st Quarter 2025,NCD2024-Q1,C:\DATABASES\NCD2024-Q1\NCD\1c. Risk Factors AD.xlsx,Sultan Kudarat,60648,848,8284,1328,8102,0,0,0,0,2894,2426,2894,2425
1st Quarter 2025,NCD2024-Q1,C:\DATABASES\NCD2024-Q1\NCD\1c. Risk Factors AD.xlsx,City of General Santos,8206,47,216,259,480,0,0,0,0,451,521,871,463
1st Quarter 2025,NCD2024-Q1,C:\DATABASES\NCD2024-Q1\NCD\1c. Risk Factors AD.xlsx,Caraga,111328,3920,15928,9070,17543,9866,5992,12484,8063,14521,8902,4288,2059
1st Quarter 2025,NCD2024-Q1,C:\DATABASES\NCD2024-Q1\NCD\1c. Risk Factors AD.xlsx,Agusan del Norte,19973,505,2180,1446,2570,2382,1267,2921,1666,2399,1429,1276,552
1st Quarter 2025,NCD2024-Q1,C:\DATABASES\NCD2024-Q1\NCD\1c. Risk Factors AD.xlsx,Agusan del Sur,29616,1312,5458,1898,5096,1787,1386,2298,1958,2079,1517,735,431
1st Quarter 2025,NCD2024-Q1,C:\DATABASES\NCD2024-Q1\NCD\1c. Risk Factors AD.xlsx,Surigao del Norte,26038,645,2969,2414,3629,3289,1518,4068,2010,3714,2176,1002,426
1st Quarter 2025,NCD2024-Q1,C:\DATABASES\NCD2024-Q1\NCD\1c. Risk Factors AD.xlsx,Surigao del Sur,17028,850,3514,2195,4121,2408,1821,3197,2429,3218,1874,1275,650
1st Quarter 2025,NCD2024-Q1,C:\DATABASES\NCD2024-Q1\NCD\1c. Risk Factors AD.xlsx,Dinagat Islands,3569,71,417,294,580,0,0,0,0,677,348,0,0
1st Quarter 2025,NCD2024-Q1,C:\DATABASES\NCD2024-Q1\NCD\1c. Risk Factors AD.xlsx,City of Butuan,15104,537,1390,823,1547,0,0,0,0,2434,1558,0,0
1st Quarter 2025,NCD2024-Q1,C:\DATABASES\NCD2024-Q1\NCD\1c. Risk Factors AD.xlsx,BARMM,1,1,1,1,1,1,1,1,1,1,1,1,1
1st Quarter 2025,NCD2024-Q1,C:\DATABASES\NCD2024-Q1\NCD\1c. Risk Factors AD.xlsx,Basilan,1,1,1,1,1,1,1,1,1,1,1,1,1
1st Quarter 2025,NCD2024-Q1,C:\DATABASES\NCD2024-Q1\NCD\1c. Risk Factors AD.xlsx,Lanao del Sur,1,1,1,1,1,0,1,1,1,1,1,1,1
1st Quarter 2025,NCD2024-Q1,C:\DATABASES\NCD2024-Q1\NCD\1c. Risk Factors AD.xlsx,Maguindanao del Norte,1,1,1,1,1,0,0,0,0,1,1,0,0
1st Quarter 2025,NCD2024-Q1,C:\DATABASES\NCD2024-Q1\NCD\1c. Risk Factors AD.xlsx,Maguindanao del Sur,1,1,1,1,1,0,0,0,0,1,1,0,0
1st Quarter 2025,NCD2024-Q1,C:\DATABASES\NCD2024-Q1\NCD\1c. Risk Factors AD.xlsx,Sulu,1,1,1,1,1,0,0,0,0,1,1,0,0
1st Quarter 2025,NCD2024-Q1,C:\DATABASES\NCD2024-Q1\NCD\1c. Risk Factors AD.xlsx,Tawi-Tawi,1,0,1,0,1,1,1,1,1,1,1,1,1
1st Quarter 2025,NCD2024-Q1,C:\DATABASES\NCD2024-Q1\NCD\1c. Risk Factors AD.xlsx,Special Geographic Area (SGA),1,1,1,1,1,1,1,1,1,1,1,1,1
1st Quarter 2025,NCD2024-Q1,C:\DATABASES\NCD2024-Q1\NCD\1c. Risk Factors AD.xlsx,City of Cotabato,1,1,1,1,1,0,0,0,0,1,1,0,0
1st Quarter 2025,NCD2024-Q1,C:\DATABASES\NCD2024-Q1\NCD\1c. Risk Factors AD.xlsx,NIR,130733,4612,20148,7249,21491,2066,1117,0,0,12104,7902,2182,1008
1st Quarter 2025,NCD2024-Q1,C:\DATABASES\NCD2024-Q1\NCD\1c. Risk Factors AD.xlsx,Negros Occidental,90696,3653,16130,4995,16300,0,0,0,0,6680,4915,0,0
1st Quarter 2025,NCD2024-Q1,C:\DATABASES\NCD2024-Q1\NCD\1c. Risk Factors AD.xlsx,Negros Oriental,27911,688,2969,1445,3602,2066,1117,0,0,2800,1693,2182,1008
1st Quarter 2025,NCD2024-Q1,C:\DATABASES\NCD2024-Q1\NCD\1c. Risk Factors AD.xlsx,Siquijor,4655,39,402,366,639,0,0,0,0,679,451,0,0
1st Quarter 2025,NCD2024-Q1,C:\DATABASES\NCD2024-Q1\NCD\1c. Risk Factors AD.xlsx,City of Bacolod,7471,232,647,443,950,0,0,0,0,1945,843,0,0
2nd Quarter 2025,NCD2024-Q2,C:\DATABASES\NCD2024-Q2\NCD\1c. Risk Factors AD.xlsx,NCR,715074,4837,8683,15844,17584,37398,18038,28363,14744,33066,18858,21232,9992
2nd Quarter 2025,NCD2024-Q2,C:\DATABASES\NCD2024-Q2\NCD\1c. Risk Factors AD.xlsx,City of Malabon,18134,354,351,817,700,887,396,508,304,3024,1322,0,0
2nd Quarter 2025,NCD2024-Q2,C:\DATABASES\NCD2024-Q2\NCD\1c. Risk Factors AD.xlsx,City of Navotas,11883,255,407,453,584,1705,869,1521,789,707,416,1001,579
2nd Quarter 2025,NCD2024-Q2,C:\DATABASES\NCD2024-Q2\NCD\1c. Risk Factors AD.xlsx,City of Valenzuela,67987,93,530,91,178,0,0,0,0,2427,1577,0,0
2nd Quarter 2025,NCD2024-Q2,C:\DATABASES\NCD2024-Q2\NCD\1c. Risk Factors AD.xlsx,City of Caloocan,87665,304,344,1697,1103,4886,1794,4465,1662,2114,782,2918,1033
2nd Quarter 2025,NCD2024-Q2,C:\DATABASES\NCD2024-Q2\NCD\1c. Risk Factors AD.xlsx,City of Marikina,4764,128,302,205,307,868,523,845,521,275,205,712,353
2nd Quarter 2025,NCD2024-Q2,C:\DATABASES\NCD2024-Q2\NCD\1c. Risk Factors AD.xlsx,City of Pasig,46949,802,1602,2018,2552,0,0,0,0,4639,4135,0,0
2nd Quarter 2025,NCD2024-Q2,C:\DATABASES\NCD2024-Q2\NCD\1c. Risk Factors AD.xlsx,Pateros,2963,2,13,19,11,56,20,51,17,18,9,56,27
2nd Quarter 2025,NCD2024-Q2,C:\DATABASES\NCD2024-Q2\NCD\1c. Risk Factors AD.xlsx,City of Taguig,110565,205,363,4447,5496,4514,2488,4161,2169,3628,1961,3536,1944
2nd Quarter 2025,NCD2024-Q2,C:\DATABASES\NCD2024-Q2\NCD\1c. Risk Factors AD.xlsx,Quezon City,123450,871,1305,2198,2139,8551,3697,4187,2314,3214,1417,4400,1923
2nd Quarter 2025,NCD2024-Q2,C:\DATABASES\NCD2024-Q2\NCD\1c. Risk Factors AD.xlsx,City of Makati,13191,157,313,197,218,2225,1031,742,383,613,260,2087,1101
2nd Quarter 2025,NCD2024-Q2,C:\DATABASES\NCD2024-Q2\NCD\1c. Risk Factors AD.xlsx,City of Mandaluyong,28775,357,663,747,840,2735,1175,2497,1151,2688,1693,1554,619
2nd Quarter 2025,NCD2024-Q2,C:\DATABASES\NCD2024-Q2\NCD\1c. Risk Factors AD.xlsx,City of San Juan,7447,53,132,186,279,727,434,251,161,1249,723,394,236
2nd Quarter 2025,NCD2024-Q2,C:\DATABASES\NCD2024-Q2\NCD\1c. Risk Factors AD.xlsx,City of Manila,104273,283,337,891,804,4872,2717,4084,2291,2409,1073,2385,1066
2nd Quarter 2025,NCD2024-Q2,C:\DATABASES\NCD2024-Q2\NCD\1c. Risk Factors AD.xlsx,City of Las Piñas,25022,602,1257,982,1213,3403,2113,3149,2099,1661,987,1382,713
2nd Quarter 2025,NCD2024-Q2,C:\DATABASES\NCD2024-Q2\NCD\1c. Risk Factors AD.xlsx,City of Muntinlupa,20229,164,431,498,754,0,0,0,0,3483,1867,0,0
2nd Quarter 2025,NCD2024-Q2,C:\DATABASES\NCD2024-Q2\NCD\1c. Risk Factors AD.xlsx,City of Parañaque,19347,41,97,124,152,972,313,1009,430,436,179,334,145
2nd Quarter 2025,NCD2024-Q2,C:\DATABASES\NCD2024-Q2\NCD\1c. Risk Factors AD.xlsx,Pasay City,22430,166,236,274,254,997,468,893,453,481,252,473,253
2nd Quarter 2025,NCD2024-Q2,C:\DATABASES\NCD2024-Q2\NCD\1c. Risk Factors AD.xlsx,CAR,194361,1712,5858,2575,8916,0,0,0,0,2575,8916,8847,6053
2nd Quarter 2025,NCD2024-Q2,C:\DATABASES\NCD2024-Q2\NCD\1c. Risk Factors AD.xlsx,Abra,29426,411,1295,614,1431,0,0,0,0,614,1431,985,721
2nd Quarter 2025,NCD2024-Q2,C:\DATABASES\NCD2024-Q2\NCD\1c. Risk Factors AD.xlsx,Apayao,14968,103,568,266,1021,0,0,0,0,266,1021,775,567
2nd Quarter 2025,NCD2024-Q2,C:\DATABASES\NCD2024-Q2\NCD\1c. Risk Factors AD.xlsx,Benguet,45669,495,828,543,1488,0,0,0,0,543,1488,1380,773
2nd Quarter 2025,NCD2024-Q2,C:\DATABASES\NCD2024-Q2\NCD\1c. Risk Factors AD.xlsx,Ifugao,21893,57,223,250,780,0,0,0,0,250,780,1546,1056
2nd Quarter 2025,NCD2024-Q2,C:\DATABASES\NCD2024-Q2\NCD\1c. Risk Factors AD.xlsx,Kalinga,38238,348,1871,378,2639,0,0,0,0,378,2639,1056,1010
2nd Quarter 2025,NCD2024-Q2,C:\DATABASES\NCD2024-Q2\NCD\1c. Risk Factors AD.xlsx,Mountain Province,27230,72,532,71,795,0,0,0,0,71,795,1249,967
2nd Quarter 2025,NCD2024-Q2,C:\DATABASES\NCD2024-Q2\NCD\1c. Risk Factors AD.xlsx,City of Baguio,16937,226,541,453,762,0,0,0,0,453,762,1856,959
2nd Quarter 2025,NCD2024-Q2,C:\DATABASES\NCD2024-Q2\NCD\1c. Risk Factors AD.xlsx,Region 1,342961,3372,14740,4820,13967,582,519,975,1153,12320,9879,601,610
2nd Quarter 2025,NCD2024-Q2,C:\DATABASES\NCD2024-Q2\NCD\1c. Risk Factors AD.xlsx,Ilocos Norte,39805,443,1154,215,878,0,0,0,0,1538,1157,0,0
2nd Quarter 2025,NCD2024-Q2,C:\DATABASES\NCD2024-Q2\NCD\1c. Risk Factors AD.xlsx,Ilocos Sur,92199,282,3209,345,1579,0,0,0,0,4934,3912,0,0
2nd Quarter 2025,NCD2024-Q2,C:\DATABASES\NCD2024-Q2\NCD\1c. Risk Factors AD.xlsx,La Union,77045,563,2140,1134,2868,582,519,975,1153,1515,1240,601,610
2nd Quarter 2025,NCD2024-Q2,C:\DATABASES\NCD2024-Q2\NCD\1c. Risk Factors AD.xlsx,Pangasinan,125098,1987,7875,2834,8053,0,0,0,0,4214,3328,0,0
2nd Quarter 2025,NCD2024-Q2,C:\DATABASES\NCD2024-Q2\NCD\1c. Risk Factors AD.xlsx,City of Dagupan,8814,97,362,292,589,0,0,0,0,119,242,0,0
2nd Quarter 2025,NCD2024-Q2,C:\DATABASES\NCD2024-Q2\NCD\1c. Risk Factors AD.xlsx,Region 2,558034,7755,29903,9864,36829,23113,20330,30280,27800,18387,15956,6845,5649
2nd Quarter 2025,NCD2024-Q2,C:\DATABASES\NCD2024-Q2\NCD\1c. Risk Factors AD.xlsx,Batanes,3588,17,136,314,466,121,145,401,409,273,262,124,111
2nd Quarter 2025,NCD2024-Q2,C:\DATABASES\NCD2024-Q2\NCD\1c. Risk Factors AD.xlsx,Cagayan,157652,3148,11859,4215,14909,6729,6404,10025,9172,7187,6589,2474,1872
2nd Quarter 2025,NCD2024-Q2,C:\DATABASES\NCD2024-Q2\NCD\1c. Risk Factors AD.xlsx,Isabela,272022,3255,13434,3611,15752,12459,10612,14381,13159,8251,7080,3051,2680
2nd Quarter 2025,NCD2024-Q2,C:\DATABASES\NCD2024-Q2\NCD\1c. Risk Factors AD.xlsx,Nueva Vizcaya,44467,369,903,384,1041,1387,738,1484,787,882,507,368,203
2nd Quarter 2025,NCD2024-Q2,C:\DATABASES\NCD2024-Q2\NCD\1c. Risk Factors AD.xlsx,Quirino,32367,398,1314,290,1432,726,759,959,926,767,656,331,308
2nd Quarter 2025,NCD2024-Q2,C:\DATABASES\NCD2024-Q2\NCD\1c. Risk Factors AD.xlsx,City of Santiago,47938,568,2257,1050,3229,1691,1672,3030,3347,1027,862,497,475
2nd Quarter 2025,NCD2024-Q2,C:\DATABASES\NCD2024-Q2\NCD\1c. Risk Factors AD.xlsx,Region 3,1716158,37917,95731,41657,101056,50334,42004,54660,49113,49646,41089,24047,19041
2nd Quarter 2025,NCD2024-Q2,C:\DATABASES\NCD2024-Q2\NCD\1c. Risk Factors AD.xlsx,Aurora,38525,660,1958,1682,2733,3005,2574,5161,4877,2070,1921,1701,1251
2nd Quarter 2025,NCD2024-Q2,C:\DATABASES\NCD2024-Q2\NCD\1c. Risk Factors AD.xlsx,Bataan,112785,2892,4343,985,2654,2079,1433,2152,1599,2816,1738,469,309
2nd Quarter 2025,NCD2024-Q2,C:\DATABASES\NCD2024-Q2\NCD\1c. Risk Factors AD.xlsx,Bulacan,616345,12754,33025,17563,40118,21663,19530,19830,18850,22358,19488,11091,9576
2nd Quarter 2025,NCD2024-Q2,C:\DATABASES\NCD2024-Q2\NCD\1c. Risk Factors AD.xlsx,Nueva Ecija,358729,7394,28522,9063,29227,8548,7483,10474,10280,8567,7437,4701,3719
2nd Quarter 2025,NCD2024-Q2,C:\DATABASES\NCD2024-Q2\NCD\1c. Risk Factors AD.xlsx,Pampanga,187836,3200,8815,3306,9132,7811,6396,7490,6491,5058,3783,2551,1718
2nd Quarter 2025,NCD2024-Q2,C:\DATABASES\NCD2024-Q2\NCD\1c. Risk Factors AD.xlsx,Tarlac,230775,5202,8295,3966,7747,1497,603,2282,1581,3591,2912,1374,919
2nd Quarter 2025,NCD2024-Q2,C:\DATABASES\NCD2024-Q2\NCD\1c. Risk Factors AD.xlsx,Zambales,112861,3241,7576,2999,6354,2969,2229,4367,3607,3522,2763,1606,1084
2nd Quarter 2025,NCD2024-Q2,C:\DATABASES\NCD2024-Q2\NCD\1c. Risk Factors AD.xlsx,City of Angeles,38689,2303,2673,1613,2282,2379,1477,2389,1403,1373,865,478,418
2nd Quarter 2025,NCD2024-Q2,C:\DATABASES\NCD2024-Q2\NCD\1c. Risk Factors AD.xlsx,City of Olongapo,19613,271,524,480,809,383,279,515,425,291,182,76,47
2nd Quarter 2025,NCD2024-Q2,C:\DATABASES\NCD2024-Q2\NCD\1c. Risk Factors AD.xlsx,Region 4A,1100096,20701,72582,44111,92108,4918,28822,77137,141111,93447,63639,77137,84662
2nd Quarter 2025,NCD2024-Q2,C:\DATABASES\NCD2024-Q2\NCD\1c. Risk Factors AD.xlsx,Batangas,386617,6347,33669,13921,44032,1394,10780,24964,53254,35668,28539,24964,31889
2nd Quarter 2025,NCD2024-Q2,C:\DATABASES\NCD2024-Q2\NCD\1c. Risk Factors AD.xlsx,Cavite,295393,5882,16785,10147,20340,1133,7689,21087,37970,26027,17775,21087,22720
2nd Quarter 2025,NCD2024-Q2,C:\DATABASES\NCD2024-Q2\NCD\1c. Risk Factors AD.xlsx,Laguna,140726,2582,8217,4876,9180,763,3483,9755,16786,9932,5366,9755,10103
2nd Quarter 2025,NCD2024-Q2,C:\DATABASES\NCD2024-Q2\NCD\1c. Risk Factors AD.xlsx,Quezon,99713,1688,5203,6399,7165,952,2527,7905,11529,8923,4854,7905,7031
2nd Quarter 2025,NCD2024-Q2,C:\DATABASES\NCD2024-Q2\NCD\1c. Risk Factors AD.xlsx,Rizal,137582,3291,6715,7208,9128,516,3202,10257,15871,9620,4786,10257,9502
2nd Quarter 2025,NCD2024-Q2,C:\DATABASES\NCD2024-Q2\NCD\1c. Risk Factors AD.xlsx,City of Lucena,40065,911,1993,1560,2263,160,1141,3169,5701,3277,2319,3169,3417
2nd Quarter 2025,NCD2024-Q2,C:\DATABASES\NCD2024-Q2\NCD\1c. Risk Factors AD.xlsx,Region 4B,125734,3188,12381,5978,14124,3377,2398,5269,4069,7870,5596,4380,2746
2nd Quarter 2025,NCD2024-Q2,C:\DATABASES\NCD2024-Q2\NCD\1c. Risk Factors AD.xlsx,Marinduque,4557,12,193,130,255,1,1,2,5,183,110,85,67
2nd Quarter 2025,NCD2024-Q2,C:\DATABASES\NCD2024-Q2\NCD\1c. Risk Factors AD.xlsx,Occidental Mindoro,20454,518,2496,897,2605,1039,528,1065,760,568,364,440,305
2nd Quarter 2025,NCD2024-Q2,C:\DATABASES\NCD2024-Q2\NCD\1c. Risk Factors AD.xlsx,Oriental Mindoro,43643,1176,3858,2292,5044,905,827,1934,1669,2590,2255,1555,1155
2nd Quarter 2025,NCD2024-Q2,C:\DATABASES\NCD2024-Q2\NCD\1c. Risk Factors AD.xlsx,Palawan,35446,784,4002,1345,4009,1287,965,1714,1279,1666,1237,1770,954
2nd Quarter 2025,NCD2024-Q2,C:\DATABASES\NCD2024-Q2\NCD\1c. Risk Factors AD.xlsx,Romblon,10895,526,984,533,1280,145,77,554,356,1495,907,180,89
2nd Quarter 2025,NCD2024-Q2,C:\DATABASES\NCD2024-Q2\NCD\1c. Risk Factors AD.xlsx,City of Puerto Princesa,10739,172,848,781,931,0,0,0,0,1368,723,350,176
2nd Quarter 2025,NCD2024-Q2,C:\DATABASES\NCD2024-Q2\NCD\1c. Risk Factors AD.xlsx,Region 5,488141,9614,36626,16982,35486,30943,21596,35870,25923,28718,20122,8737,5612
2nd Quarter 2025,NCD2024-Q2,C:\DATABASES\NCD2024-Q2\NCD\1c. Risk Factors AD.xlsx,Albay,64261,1075,5043,1273,4162,6991,4538,6983,4867,4818,3440,1752,1294
2nd Quarter 2025,NCD2024-Q2,C:\DATABASES\NCD2024-Q2\NCD\1c. Risk Factors AD.xlsx,Camarines Norte,55330,592,1856,1005,1427,2015,1618,2468,1915,1892,1140,620,360
2nd Quarter 2025,NCD2024-Q2,C:\DATABASES\NCD2024-Q2\NCD\1c. Risk Factors AD.xlsx,Camarines Sur,186417,2658,12087,5058,10410,14747,10708,15703,11501,9106,6499,3293,2088
2nd Quarter 2025,NCD2024-Q2,C:\DATABASES\NCD2024-Q2\NCD\1c. Risk Factors AD.xlsx,Catanduanes,53018,400,3813,2122,5035,2033,1489,1968,1676,3584,3100,1281,1037
2nd Quarter 2025,NCD2024-Q2,C:\DATABASES\NCD2024-Q2\NCD\1c. Risk Factors AD.xlsx,Masbate,42888,4106,7780,5681,8769,2354,1564,5518,3755,3755,2206,1190,472
2nd Quarter 2025,NCD2024-Q2,C:\DATABASES\NCD2024-Q2\NCD\1c. Risk Factors AD.xlsx,Sorsogon,79199,685,5833,1694,5462,2231,1385,2462,1743,5271,3574,486,302
2nd Quarter 2025,NCD2024-Q2,C:\DATABASES\NCD2024-Q2\NCD\1c. Risk Factors AD.xlsx,City of Naga,7028,98,214,149,221,572,294,768,466,292,163,115,59
2nd Quarter 2025,NCD2024-Q2,C:\DATABASES\NCD2024-Q2\NCD\1c. Risk Factors AD.xlsx,Region 6,604617,3482,20714,5374,26433,9154,7711,10251,8695,8513,7415,3246,2575
2nd Quarter 2025,NCD2024-Q2,C:\DATABASES\NCD2024-Q2\NCD\1c. Risk Factors AD.xlsx,Aklan,19992,179,591,344,742,797,545,688,490,369,225,187,121
2nd Quarter 2025,NCD2024-Q2,C:\DATABASES\NCD2024-Q2\NCD\1c. Risk Factors AD.xlsx,Antique,66855,728,4150,861,4759,1551,1360,2268,1940,1084,939,477,371
2nd Quarter 2025,NCD2024-Q2,C:\DATABASES\NCD2024-Q2\NCD\1c. Risk Factors AD.xlsx,Capiz,117485,431,4210,1135,6164,4770,4132,4063,3396,1597,1332,1345,903
2nd Quarter 2025,NCD2024-Q2,C:\DATABASES\NCD2024-Q2\NCD\1c. Risk Factors AD.xlsx,Guimaras,177722,154,2484,333,3281,571,488,1391,1110,1976,1675,939,880
2nd Quarter 2025,NCD2024-Q2,C:\DATABASES\NCD2024-Q2\NCD\1c. Risk Factors AD.xlsx,Iloilo,177722,1595,8093,2133,10059,3,8,224,356,2540,2437,1,1
2nd Quarter 2025,NCD2024-Q2,C:\DATABASES\NCD2024-Q2\NCD\1c. Risk Factors AD.xlsx,City of Iloilo,44841,395,1186,568,1428,1462,1178,1617,1403,947,807,297,299
2nd Quarter 2025,NCD2024-Q2,C:\DATABASES\NCD2024-Q2\NCD\1c. Risk Factors AD.xlsx,Region 7,388410,5350,22141,17378,34126,23383,17215,31046,23213,18870,14554,15445,10471
2nd Quarter 2025,NCD2024-Q2,C:\DATABASES\NCD2024-Q2\NCD\1c. Risk Factors AD.xlsx,Bohol,70915,934,3848,3404,6268,4914,3241,8198,5843,4403,3027,2372,1336
2nd Quarter 2025,NCD2024-Q2,C:\DATABASES\NCD2024-Q2\NCD\1c. Risk Factors AD.xlsx,Cebu,215911,2918,13759,10789,22475,11743,9295,13870,11131,10735,9143,9949,7187
2nd Quarter 2025,NCD2024-Q2,C:\DATABASES\NCD2024-Q2\NCD\1c. Risk Factors AD.xlsx,City of Cebu,44423,821,2790,2319,3679,4414,3026,6120,4169,2857,1760,2252,1372
2nd Quarter 2025,NCD2024-Q2,C:\DATABASES\NCD2024-Q2\NCD\1c. Risk Factors AD.xlsx,City of Lapu-Lapu,39732,549,1549,818,1573,2033,1547,2709,1954,818,575,764,495
2nd Quarter 2025,NCD2024-Q2,C:\DATABASES\NCD2024-Q2\NCD\1c. Risk Factors AD.xlsx,City of Mandaue,17429,128,195,48,131,279,106,149,116,57,49,108,81
2nd Quarter 2025,NCD2024-Q2,C:\DATABASES\NCD2024-Q2\NCD\1c. Risk Factors AD.xlsx,Region 8,299022,3844,13524,12841,16494,2945,2115,7750,4795,11053,6693,1399,1239
2nd Quarter 2025,NCD2024-Q2,C:\DATABASES\NCD2024-Q2\NCD\1c. Risk Factors AD.xlsx,Biliran,13988,305,904,1192,1266,1102,594,1306,685,949,497,243,116
2nd Quarter 2025,NCD2024-Q2,C:\DATABASES\NCD2024-Q2\NCD\1c. Risk Factors AD.xlsx,Eastern Samar,34043,219,1099,1710,1742,0,0,0,0,1180,660,0,0
2nd Quarter 2025,NCD2024-Q2,C:\DATABASES\NCD2024-Q2\NCD\1c. Risk Factors AD.xlsx,Leyte,77033,891,3437,3271,3725,1843,1521,6444,4110,3448,1813,1156,1123
2nd Quarter 2025,NCD2024-Q2,C:\DATABASES\NCD2024-Q2\NCD\1c. Risk Factors AD.xlsx,Northern Samar,34152,376,1566,1533,1889,0,0,0,0,1950,1136,0,0
2nd Quarter 2025,NCD2024-Q2,C:\DATABASES\NCD2024-Q2\NCD\1c. Risk Factors AD.xlsx,Southern Leyte,55641,404,2313,1163,2349,0,0,0,0,2012,1162,0,0
2nd Quarter 2025,NCD2024-Q2,C:\DATABASES\NCD2024-Q2\NCD\1c. Risk Factors AD.xlsx,Samar,38330,1175,2673,2178,3097,0,0,0,0,656,483,0,0
2nd Quarter 2025,NCD2024-Q2,C:\DATABASES\NCD2024-Q2\NCD\1c. Risk Factors AD.xlsx,Ormoc City,12280,160,462,380,811,0,0,0,0,619,727,0,0
2nd Quarter 2025,NCD2024-Q2,C:\DATABASES\NCD2024-Q2\NCD\1c. Risk Factors AD.xlsx,City of Tacloban,33555,314,1070,1414,1615,0,0,0,0,239,215,0,0
2nd Quarter 2025,NCD2024-Q2,C:\DATABASES\NCD2024-Q2\NCD\1c. Risk Factors AD.xlsx,Region 9,234412,2865,15684,3500,12327,9175,7084,12792,9513,6498,4308,2615,1814
2nd Quarter 2025,NCD2024-Q2,C:\DATABASES\NCD2024-Q2\NCD\1c. Risk Factors AD.xlsx,Zamboanga del Norte,54943,887,3625,992,2869,3640,2831,4178,3688,1920,1161,598,391
2nd Quarter 2025,NCD2024-Q2,C:\DATABASES\NCD2024-Q2\NCD\1c. Risk Factors AD.xlsx,Zamboanga del Sur,71176,940,4578,1304,3670,2308,1830,3507,2409,1621,1156,672,404
2nd Quarter 2025,NCD2024-Q2,C:\DATABASES\NCD2024-Q2\NCD\1c. Risk Factors AD.xlsx,Zamboanga Sibugay,71038,731,5563,953,4569,2529,1944,3850,2647,1778,1383,1010,851
2nd Quarter 2025,NCD2024-Q2,C:\DATABASES\NCD2024-Q2\NCD\1c. Risk Factors AD.xlsx,City of Isabela,13311,108,893,109,461,453,318,596,430,361,237,262,153
2nd Quarter 2025,NCD2024-Q2,C:\DATABASES\NCD2024-Q2\NCD\1c. Risk Factors AD.xlsx,City of Zamboanga,23944,199,1025,142,758,245,161,661,339,818,371,73,15
2nd Quarter 2025,NCD2024-Q2,C:\DATABASES\NCD2024-Q2\NCD\1c. Risk Factors AD.xlsx,Region 10,289897,5736,17342,7844,19528,11049,8843,13825,11321,13726,8857,3598,2542
2nd Quarter 2025,NCD2024-Q2,C:\DATABASES\NCD2024-Q2\NCD\1c. Risk Factors AD.xlsx,Bukidnon,99266,1684,5300,2593,8134,5251,4395,6875,5587,4593,3083,1325,1321
2nd Quarter 2025,NCD2024-Q2,C:\DATABASES\NCD2024-Q2\NCD\1c. Risk Factors AD.xlsx,Camiguin,6278,0,0,112,220,0,0,0,0,0,0,0,0
2nd Quarter 2025,NCD2024-Q2,C:\DATABASES\NCD2024-Q2\NCD\1c. Risk Factors AD.xlsx,Lanao del Norte,43737,573,1891,461,1367,2322,1882,2738,2186,1755,1111,606,325
2nd Quarter 2025,NCD2024-Q2,C:\DATABASES\NCD2024-Q2\NCD\1c. Risk Factors AD.xlsx,Misamis Occidental,35953,227,881,460,1010,505,327,615,479,1208,732,183,110
2nd Quarter 2025,NCD2024-Q2,C:\DATABASES\NCD2024-Q2\NCD\1c. Risk Factors AD.xlsx,Misamis Oriental,42816,1069,3707,1600,3210,2027,1464,2423,2066,2098,1315,653,379
2nd Quarter 2025,NCD2024-Q2,C:\DATABASES\NCD2024-Q2\NCD\1c. Risk Factors AD.xlsx,City of Cagayan De Oro,46893,1522,3725,1814,4041,0,0,0,0,2926,1967,0,0
2nd Quarter 2025,NCD2024-Q2,C:\DATABASES\NCD2024-Q2\NCD\1c. Risk Factors AD.xlsx,City of Iligan,14954,661,1838,804,1546,944,775,1174,1003,1146,649,831,407
2nd Quarter 2025,NCD2024-Q2,C:\DATABASES\NCD2024-Q2\NCD\1c. Risk Factors AD.xlsx,Region 11,514108,6993,29428,16516,37091,51950,36543,48791,37798,37745,26070,4443,3357
2nd Quarter 2025,NCD2024-Q2,C:\DATABASES\NCD2024-Q2\NCD\1c. Risk Factors AD.xlsx,Davao de Oro,98210,651,4503,1647,5356,6354,4989,8119,6532,3951,3378,3839,2931
2nd Quarter 2025,NCD2024-Q2,C:\DATABASES\NCD2024-Q2\NCD\1c. Risk Factors AD.xlsx,Davao del Norte,126615,1339,8163,4070,10471,11287,8457,11646,9185,12411,10033,0,0
2nd Quarter 2025,NCD2024-Q2,C:\DATABASES\NCD2024-Q2\NCD\1c. Risk Factors AD.xlsx,Davao Oriental,61179,1016,4755,2896,6206,7991,6361,7463,7660,460,370,604,426
2nd Quarter 2025,NCD2024-Q2,C:\DATABASES\NCD2024-Q2\NCD\1c. Risk Factors AD.xlsx,Davao del Sur,49393,684,3426,1547,3749,6407,3608,5399,3000,4618,2231,0,0
2nd Quarter 2025,NCD2024-Q2,C:\DATABASES\NCD2024-Q2\NCD\1c. Risk Factors AD.xlsx,Davao Occidental,23350,327,1716,490,1469,1359,1088,1406,1747,1647,883,0,0
2nd Quarter 2025,NCD2024-Q2,C:\DATABASES\NCD2024-Q2\NCD\1c. Risk Factors AD.xlsx,City of Davao,155361,2976,6865,5866,9840,18552,12040,14758,9674,14658,9175,0,0
2nd Quarter 2025,NCD2024-Q2,C:\DATABASES\NCD2024-Q2\NCD\1c. Risk Factors AD.xlsx,Region 12,351203,2489,18403,3161,17936,904,774,1697,1322,8515,6054,7968,6038
2nd Quarter 2025,NCD2024-Q2,C:\DATABASES\NCD2024-Q2\NCD\1c. Risk Factors AD.xlsx,Cotabato,95347,989,4853,768,4497,0,0,0,0,2081,1482,2081,1482
2nd Quarter 2025,NCD2024-Q2,C:\DATABASES\NCD2024-Q2\NCD\1c. Risk Factors AD.xlsx,Sarangani,40237,235,2665,384,2723,904,774,1697,1322,1739,1065,692,700
2nd Quarter 2025,NCD2024-Q2,C:\DATABASES\NCD2024-Q2\NCD\1c. Risk Factors AD.xlsx,South Cotabato,52508,394,2378,550,2262,0,0,0,0,1156,598,1157,597
2nd Quarter 2025,NCD2024-Q2,C:\DATABASES\NCD2024-Q2\NCD\1c. Risk Factors AD.xlsx,Sultan Kudarat,147169,850,8266,1317,8073,0,0,0,0,2894,2425,2894,2426
2nd Quarter 2025,NCD2024-Q2,C:\DATABASES\NCD2024-Q2\NCD\1c. Risk Factors AD.xlsx,City of General Santos,15942,21,241,142,381,0,0,0,0,645,484,1144,833
2nd Quarter 2025,NCD2024-Q2,C:\DATABASES\NCD2024-Q2\NCD\1c. Risk Factors AD.xlsx,Caraga,222724,3447,13317,8016,15299,12387,8339,16206,11585,11169,7564,5210,3650
2nd Quarter 2025,NCD2024-Q2,C:\DATABASES\NCD2024-Q2\NCD\1c. Risk Factors AD.xlsx,Agusan del Norte,43201,841,3250,1792,3748,3258,2407,4100,3179,2741,2055,1601,1054
2nd Quarter 2025,NCD2024-Q2,C:\DATABASES\NCD2024-Q2\NCD\1c. Risk Factors AD.xlsx,Agusan del Sur,55036,961,4099,1698,4096,2104,1630,2859,2465,2065,1453,853,581
2nd Quarter 2025,NCD2024-Q2,C:\DATABASES\NCD2024-Q2\NCD\1c. Risk Factors AD.xlsx,Surigao del Norte,43225,408,1848,1812,2598,2582,1636,3385,2150,2065,1453,988,483
2nd Quarter 2025,NCD2024-Q2,C:\DATABASES\NCD2024-Q2\NCD\1c. Risk Factors AD.xlsx,Surigao del Sur,44077,735,2669,1567,2911,2686,1660,3679,2437,2458,1398,1121,1116
2nd Quarter 2025,NCD2024-Q2,C:\DATABASES\NCD2024-Q2\NCD\1c. Risk Factors AD.xlsx,Dinagat Islands,7572,130,477,483,681,687,493,797,636,548,424,254,171
2nd Quarter 2025,NCD2024-Q2,C:\DATABASES\NCD2024-Q2\NCD\1c. Risk Factors AD.xlsx,City of Butuan,29613,372,974,664,1265,1070,513,1386,718,1292,781,393,245
2nd Quarter 2025,NCD2024-Q2,C:\DATABASES\NCD2024-Q2\NCD\1c. Risk Factors AD.xlsx,BARMM,279892,3373,19063,643,3863,6648,5248,7873,5992,11315,7755,6548,4491
2nd Quarter 2025,NCD2024-Q2,C:\DATABASES\NCD2024-Q2\NCD\1c. Risk Factors AD.xlsx,Basilan,9287,122,681,1,8,191,132,348,315,245,122,209,64
2nd Quarter 2025,NCD2024-Q2,C:\DATABASES\NCD2024-Q2\NCD\1c. Risk Factors AD.xlsx,Lanao del Sur,105137,1608,5660,332,910,4070,3286,4629,3323,4109,3150,4275,3163
2nd Quarter 2025,NCD2024-Q2,C:\DATABASES\NCD2024-Q2\NCD\1c. Risk Factors AD.xlsx,Maguindanao del Norte,36404,323,2458,51,770,0,0,0,0,1761,1189,0,0
2nd Quarter 2025,NCD2024-Q2,C:\DATABASES\NCD2024-Q2\NCD\1c. Risk Factors AD.xlsx,Maguindanao del Sur,54497,474,3084,142,993,0,0,0,0,1516,1032,0,0
2nd Quarter 2025,NCD2024-Q2,C:\DATABASES\NCD2024-Q2\NCD\1c. Risk Factors AD.xlsx,Sulu,16900,97,940,2,10,0,0,0,0,699,340,0,0
2nd Quarter 2025,NCD2024-Q2,C:\DATABASES\NCD2024-Q2\NCD\1c. Risk Factors AD.xlsx,Tawi-Tawi,14249,208,3714,17,576,962,600,1033,787,613,220,328,135
2nd Quarter 2025,NCD2024-Q2,C:\DATABASES\NCD2024-Q2\NCD\1c. Risk Factors AD.xlsx,Special Geographic Area (SGA),14743,126,1140,8,41,361,335,682,590,590,484,441,292
2nd Quarter 2025,NCD2024-Q2,C:\DATABASES\NCD2024-Q2\NCD\1c. Risk Factors AD.xlsx,City of Cotabato,28675,415,1386,90,555,1064,895,1181,977,1782,1218,1295,837
2nd Quarter 2025,NCD2024-Q2,C:\DATABASES\NCD2024-Q2\NCD\1c. Risk Factors AD.xlsx,NIR,273407,4191,22260,6187,23641,2168,1283,0,0,10939,7792,2527,1409
2nd Quarter 2025,NCD2024-Q2,C:\DATABASES\NCD2024-Q2\NCD\1c. Risk Factors AD.xlsx,Negros Occidental,191950,3060,17200,3767,17406,0,0,0,0,6335,4911,0,0
2nd Quarter 2025,NCD2024-Q2,C:\DATABASES\NCD2024-Q2\NCD\1c. Risk Factors AD.xlsx,Negros Oriental,58649,799,3763,1654,4560,2168,1283,0,0,2953,1767,2527,1409
2nd Quarter 2025,NCD2024-Q2,C:\DATABASES\NCD2024-Q2\NCD\1c. Risk Factors AD.xlsx,Siquijor,10547,187,776,408,931,0,0,0,0,598,579,0,0
2nd Quarter 2025,NCD2024-Q2,C:\DATABASES\NCD2024-Q2\NCD\1c. Risk Factors AD.xlsx,City of Bacolod,12261,145,521,358,744,0,0,0,0,1053,535,0,0
3rd Quarter 2025,NCD2024-Q3,C:\DATABASES\NCD2024-Q3\NCD\1c. Risk Factors AD.xlsx,NCR,1,0,0,0,0,0,0,0,0,0,0,0,0
3rd Quarter 2025,NCD2024-Q3,C:\DATABASES\NCD2024-Q3\NCD\1c. Risk Factors AD.xlsx,City of Malabon,29616,0,0,0,0,0,0,0,0,0,0,0,0
3rd Quarter 2025,NCD2024-Q3,C:\DATABASES\NCD2024-Q3\NCD\1c. Risk Factors AD.xlsx,City of Navotas,29616,0,0,0,0,0,0,0,0,0,0,0,0
3rd Quarter 2025,NCD2024-Q3,C:\DATABASES\NCD2024-Q3\NCD\1c. Risk Factors AD.xlsx,City of Valenzuela,29616,0,0,0,0,0,0,0,0,0,0,0,0
3rd Quarter 2025,NCD2024-Q3,C:\DATABASES\NCD2024-Q3\NCD\1c. Risk Factors AD.xlsx,City of Caloocan,29616,0,0,0,0,0,0,0,0,0,0,0,0
3rd Quarter 2025,NCD2024-Q3,C:\DATABASES\NCD2024-Q3\NCD\1c. Risk Factors AD.xlsx,City of Marikina,29616,0,0,0,0,0,0,0,0,0,0,0,0
3rd Quarter 2025,NCD2024-Q3,C:\DATABASES\NCD2024-Q3\NCD\1c. Risk Factors AD.xlsx,City of Pasig,29616,0,0,0,0,0,0,0,0,0,0,0,0
3rd Quarter 2025,NCD2024-Q3,C:\DATABASES\NCD2024-Q3\NCD\1c. Risk Factors AD.xlsx,Pateros,29616,0,0,0,0,0,0,0,0,0,0,0,0
3rd Quarter 2025,NCD2024-Q3,C:\DATABASES\NCD2024-Q3\NCD\1c. Risk Factors AD.xlsx,City of Taguig,29616,0,0,0,0,0,0,0,0,0,0,0,0
3rd Quarter 2025,NCD2024-Q3,C:\DATABASES\NCD2024-Q3\NCD\1c. Risk Factors AD.xlsx,Quezon City,29616,0,0,0,0,0,0,0,0,0,0,0,0
3rd Quarter 2025,NCD2024-Q3,C:\DATABASES\NCD2024-Q3\NCD\1c. Risk Factors AD.xlsx,City of Makati,29616,0,0,0,0,0,0,0,0,0,0,0,0
3rd Quarter 2025,NCD2024-Q3,C:\DATABASES\NCD2024-Q3\NCD\1c. Risk Factors AD.xlsx,City of Mandaluyong,29616,0,0,0,0,0,0,0,0,0,0,0,0
3rd Quarter 2025,NCD2024-Q3,C:\DATABASES\NCD2024-Q3\NCD\1c. Risk Factors AD.xlsx,City of San Juan,29616,0,0,0,0,0,0,0,0,0,0,0,0
3rd Quarter 2025,NCD2024-Q3,C:\DATABASES\NCD2024-Q3\NCD\1c. Risk Factors AD.xlsx,City of Manila,29616,0,0,0,0,0,0,0,0,0,0,0,0
3rd Quarter 2025,NCD2024-Q3,C:\DATABASES\NCD2024-Q3\NCD\1c. Risk Factors AD.xlsx,City of Las Piñas,29616,0,0,0,0,0,0,0,0,0,0,0,0
3rd Quarter 2025,NCD2024-Q3,C:\DATABASES\NCD2024-Q3\NCD\1c. Risk Factors AD.xlsx,City of Muntinlupa,29616,0,0,0,0,0,0,0,0,0,0,0,0
3rd Quarter 2025,NCD2024-Q3,C:\DATABASES\NCD2024-Q3\NCD\1c. Risk Factors AD.xlsx,City of Parañaque,29616,0,0,0,0,0,0,0,0,0,0,0,0
3rd Quarter 2025,NCD2024-Q3,C:\DATABASES\NCD2024-Q3\NCD\1c. Risk Factors AD.xlsx,Pasay City,29616,0,0,0,0,0,0,0,0,0,0,0,0
3rd Quarter 2025,NCD2024-Q3,C:\DATABASES\NCD2024-Q3\NCD\1c. Risk Factors AD.xlsx,CAR,1,0,0,0,0,0,0,0,0,0,0,0,0
3rd Quarter 2025,NCD2024-Q3,C:\DATABASES\NCD2024-Q3\NCD\1c. Risk Factors AD.xlsx,Abra,29616,0,0,0,0,0,0,0,0,0,0,0,0
3rd Quarter 2025,NCD2024-Q3,C:\DATABASES\NCD2024-Q3\NCD\1c. Risk Factors AD.xlsx,Apayao,29616,0,0,0,0,0,0,0,0,0,0,0,0
3rd Quarter 2025,NCD2024-Q3,C:\DATABASES\NCD2024-Q3\NCD\1c. Risk Factors AD.xlsx,Benguet,29616,0,0,0,0,0,0,0,0,0,0,0,0
3rd Quarter 2025,NCD2024-Q3,C:\DATABASES\NCD2024-Q3\NCD\1c. Risk Factors AD.xlsx,Ifugao,29616,0,0,0,0,0,0,0,0,0,0,0,0
3rd Quarter 2025,NCD2024-Q3,C:\DATABASES\NCD2024-Q3\NCD\1c. Risk Factors AD.xlsx,Kalinga,29616,0,0,0,0,0,0,0,0,0,0,0,0
3rd Quarter 2025,NCD2024-Q3,C:\DATABASES\NCD2024-Q3\NCD\1c. Risk Factors AD.xlsx,Mountain Province,29616,0,0,0,0,0,0,0,0,0,0,0,0
3rd Quarter 2025,NCD2024-Q3,C:\DATABASES\NCD2024-Q3\NCD\1c. Risk Factors AD.xlsx,City of Baguio,29616,0,0,0,0,0,0,0,0,0,0,0,0
3rd Quarter 2025,NCD2024-Q3,C:\DATABASES\NCD2024-Q3\NCD\1c. Risk Factors AD.xlsx,Region 1,1,0,0,0,0,0,0,0,0,0,0,0,0
3rd Quarter 2025,NCD2024-Q3,C:\DATABASES\NCD2024-Q3\NCD\1c. Risk Factors AD.xlsx,Ilocos Norte,29616,0,0,0,0,0,0,0,0,0,0,0,0
3rd Quarter 2025,NCD2024-Q3,C:\DATABASES\NCD2024-Q3\NCD\1c. Risk Factors AD.xlsx,Ilocos Sur,29616,0,0,0,0,0,0,0,0,0,0,0,0
3rd Quarter 2025,NCD2024-Q3,C:\DATABASES\NCD2024-Q3\NCD\1c. Risk Factors AD.xlsx,La Union,29616,0,0,0,0,0,0,0,0,0,0,0,0
3rd Quarter 2025,NCD2024-Q3,C:\DATABASES\NCD2024-Q3\NCD\1c. Risk Factors AD.xlsx,Pangasinan,29616,0,0,0,0,0,0,0,0,0,0,0,0
3rd Quarter 2025,NCD2024-Q3,C:\DATABASES\NCD2024-Q3\NCD\1c. Risk Factors AD.xlsx,City of Dagupan,29616,0,0,0,0,0,0,0,0,0,0,0,0
3rd Quarter 2025,NCD2024-Q3,C:\DATABASES\NCD2024-Q3\NCD\1c. Risk Factors AD.xlsx,Region 2,1,0,0,0,0,0,0,0,0,0,0,0,0
3rd Quarter 2025,NCD2024-Q3,C:\DATABASES\NCD2024-Q3\NCD\1c. Risk Factors AD.xlsx,Batanes,29616,0,0,0,0,0,0,0,0,0,0,0,0
3rd Quarter 2025,NCD2024-Q3,C:\DATABASES\NCD2024-Q3\NCD\1c. Risk Factors AD.xlsx,Cagayan,29616,0,0,0,0,0,0,0,0,0,0,0,0
3rd Quarter 2025,NCD2024-Q3,C:\DATABASES\NCD2024-Q3\NCD\1c. Risk Factors AD.xlsx,Isabela,29616,0,0,0,0,0,0,0,0,0,0,0,0
3rd Quarter 2025,NCD2024-Q3,C:\DATABASES\NCD2024-Q3\NCD\1c. Risk Factors AD.xlsx,Nueva Vizcaya,29616,0,0,0,0,0,0,0,0,0,0,0,0
3rd Quarter 2025,NCD2024-Q3,C:\DATABASES\NCD2024-Q3\NCD\1c. Risk Factors AD.xlsx,Quirino,29616,0,0,0,0,0,0,0,0,0,0,0,0
3rd Quarter 2025,NCD2024-Q3,C:\DATABASES\NCD2024-Q3\NCD\1c. Risk Factors AD.xlsx,City of Santiago,29616,0,0,0,0,0,0,0,0,0,0,0,0
3rd Quarter 2025,NCD2024-Q3,C:\DATABASES\NCD2024-Q3\NCD\1c. Risk Factors AD.xlsx,Region 3,1,0,0,0,0,0,0,0,0,0,0,0,0
3rd Quarter 2025,NCD2024-Q3,C:\DATABASES\NCD2024-Q3\NCD\1c. Risk Factors AD.xlsx,Aurora,29616,0,0,0,0,0,0,0,0,0,0,0,0
3rd Quarter 2025,NCD2024-Q3,C:\DATABASES\NCD2024-Q3\NCD\1c. Risk Factors AD.xlsx,Bataan,29616,0,0,0,0,0,0,0,0,0,0,0,0
3rd Quarter 2025,NCD2024-Q3,C:\DATABASES\NCD2024-Q3\NCD\1c. Risk Factors AD.xlsx,Bulacan,29616,0,0,0,0,0,0,0,0,0,0,0,0
3rd Quarter 2025,NCD2024-Q3,C:\DATABASES\NCD2024-Q3\NCD\1c. Risk Factors AD.xlsx,Nueva Ecija,29616,0,0,0,0,0,0,0,0,0,0,0,0
3rd Quarter 2025,NCD2024-Q3,C:\DATABASES\NCD2024-Q3\NCD\1c. Risk Factors AD.xlsx,Pampanga,29616,0,0,0,0,0,0,0,0,0,0,0,0
3rd Quarter 2025,NCD2024-Q3,C:\DATABASES\NCD2024-Q3\NCD\1c. Risk Factors AD.xlsx,Tarlac,29616,0,0,0,0,0,0,0,0,0,0,0,0
3rd Quarter 2025,NCD2024-Q3,C:\DATABASES\NCD2024-Q3\NCD\1c. Risk Factors AD.xlsx,Zambales,29616,0,0,0,0,0,0,0,0,0,0,0,0
3rd Quarter 2025,NCD2024-Q3,C:\DATABASES\NCD2024-Q3\NCD\1c. Risk Factors AD.xlsx,City of Angeles,29616,0,0,0,0,0,0,0,0,0,0,0,0
3rd Quarter 2025,NCD2024-Q3,C:\DATABASES\NCD2024-Q3\NCD\1c. Risk Factors AD.xlsx,City of Olongapo,29616,0,0,0,0,0,0,0,0,0,0,0,0
3rd Quarter 2025,NCD2024-Q3,C:\DATABASES\NCD2024-Q3\NCD\1c. Risk Factors AD.xlsx,Region 4A,1,0,0,0,0,0,0,0,0,0,0,0,0
3rd Quarter 2025,NCD2024-Q3,C:\DATABASES\NCD2024-Q3\NCD\1c. Risk Factors AD.xlsx,Batangas,29616,0,0,0,0,0,0,0,0,0,0,0,0
3rd Quarter 2025,NCD2024-Q3,C:\DATABASES\NCD2024-Q3\NCD\1c. Risk Factors AD.xlsx,Cavite,29616,0,0,0,0,0,0,0,0,0,0,0,0
3rd Quarter 2025,NCD2024-Q3,C:\DATABASES\NCD2024-Q3\NCD\1c. Risk Factors AD.xlsx,Laguna,29616,0,0,0,0,0,0,0,0,0,0,0,0
3rd Quarter 2025,NCD2024-Q3,C:\DATABASES\NCD2024-Q3\NCD\1c. Risk Factors AD.xlsx,Quezon,29616,0,0,0,0,0,0,0,0,0,0,0,0
3rd Quarter 2025,NCD2024-Q3,C:\DATABASES\NCD2024-Q3\NCD\1c. Risk Factors AD.xlsx,Rizal,29616,0,0,0,0,0,0,0,0,0,0,0,0
3rd Quarter 2025,NCD2024-Q3,C:\DATABASES\NCD2024-Q3\NCD\1c. Risk Factors AD.xlsx,City of Lucena,29616,0,0,0,0,0,0,0,0,0,0,0,0
3rd Quarter 2025,NCD2024-Q3,C:\DATABASES\NCD2024-Q3\NCD\1c. Risk Factors AD.xlsx,Region 4B,1,0,0,0,0,0,0,0,0,0,0,0,0
3rd Quarter 2025,NCD2024-Q3,C:\DATABASES\NCD2024-Q3\NCD\1c. Risk Factors AD.xlsx,Marinduque,29616,0,0,0,0,0,0,0,0,0,0,0,0
3rd Quarter 2025,NCD2024-Q3,C:\DATABASES\NCD2024-Q3\NCD\1c. Risk Factors AD.xlsx,Occidental Mindoro,29616,0,0,0,0,0,0,0,0,0,0,0,0
3rd Quarter 2025,NCD2024-Q3,C:\DATABASES\NCD2024-Q3\NCD\1c. Risk Factors AD.xlsx,Oriental Mindoro,29616,0,0,0,0,0,0,0,0,0,0,0,0
3rd Quarter 2025,NCD2024-Q3,C:\DATABASES\NCD2024-Q3\NCD\1c. Risk Factors AD.xlsx,Palawan,29616,0,0,0,0,0,0,0,0,0,0,0,0
3rd Quarter 2025,NCD2024-Q3,C:\DATABASES\NCD2024-Q3\NCD\1c. Risk Factors AD.xlsx,Romblon,29616,0,0,0,0,0,0,0,0,0,0,0,0
3rd Quarter 2025,NCD2024-Q3,C:\DATABASES\NCD2024-Q3\NCD\1c. Risk Factors AD.xlsx,City of Puerto Princesa,29616,0,0,0,0,0,0,0,0,0,0,0,0
3rd Quarter 2025,NCD2024-Q3,C:\DATABASES\NCD2024-Q3\NCD\1c. Risk Factors AD.xlsx,Region 5,1,0,0,0,0,0,0,0,0,0,0,0,0
3rd Quarter 2025,NCD2024-Q3,C:\DATABASES\NCD2024-Q3\NCD\1c. Risk Factors AD.xlsx,Albay,29616,0,0,0,0,0,0,0,0,0,0,0,0
3rd Quarter 2025,NCD2024-Q3,C:\DATABASES\NCD2024-Q3\NCD\1c. Risk Factors AD.xlsx,Camarines Norte,29616,0,0,0,0,0,0,0,0,0,0,0,0
3rd Quarter 2025,NCD2024-Q3,C:\DATABASES\NCD2024-Q3\NCD\1c. Risk Factors AD.xlsx,Camarines Sur,29616,0,0,0,0,0,0,0,0,0,0,0,0
3rd Quarter 2025,NCD2024-Q3,C:\DATABASES\NCD2024-Q3\NCD\1c. Risk Factors AD.xlsx,Catanduanes,29616,0,0,0,0,0,0,0,0,0,0,0,0
3rd Quarter 2025,NCD2024-Q3,C:\DATABASES\NCD2024-Q3\NCD\1c. Risk Factors AD.xlsx,Masbate,29616,0,0,0,0,0,0,0,0,0,0,0,0
3rd Quarter 2025,NCD2024-Q3,C:\DATABASES\NCD2024-Q3\NCD\1c. Risk Factors AD.xlsx,Sorsogon,29616,0,0,0,0,0,0,0,0,0,0,0,0
3rd Quarter 2025,NCD2024-Q3,C:\DATABASES\NCD2024-Q3\NCD\1c. Risk Factors AD.xlsx,City of Naga,29616,0,0,0,0,0,0,0,0,0,0,0,0
3rd Quarter 2025,NCD2024-Q3,C:\DATABASES\NCD2024-Q3\NCD\1c. Risk Factors AD.xlsx,Region 6,1,0,0,0,0,0,0,0,0,0,0,0,0
3rd Quarter 2025,NCD2024-Q3,C:\DATABASES\NCD2024-Q3\NCD\1c. Risk Factors AD.xlsx,Aklan,29616,0,0,0,0,0,0,0,0,0,0,0,0
3rd Quarter 2025,NCD2024-Q3,C:\DATABASES\NCD2024-Q3\NCD\1c. Risk Factors AD.xlsx,Antique,29616,0,0,0,0,0,0,0,0,0,0,0,0
3rd Quarter 2025,NCD2024-Q3,C:\DATABASES\NCD2024-Q3\NCD\1c. Risk Factors AD.xlsx,Capiz,29616,0,0,0,0,0,0,0,0,0,0,0,0
3rd Quarter 2025,NCD2024-Q3,C:\DATABASES\NCD2024-Q3\NCD\1c. Risk Factors AD.xlsx,Guimaras,29616,0,0,0,0,0,0,0,0,0,0,0,0
3rd Quarter 2025,NCD2024-Q3,C:\DATABASES\NCD2024-Q3\NCD\1c. Risk Factors AD.xlsx,Iloilo,29616,0,0,0,0,0,0,0,0,0,0,0,0
3rd Quarter 2025,NCD2024-Q3,C:\DATABASES\NCD2024-Q3\NCD\1c. Risk Factors AD.xlsx,City of Iloilo,29616,0,0,0,0,0,0,0,0,0,0,0,0
3rd Quarter 2025,NCD2024-Q3,C:\DATABASES\NCD2024-Q3\NCD\1c. Risk Factors AD.xlsx,Region 7,1,0,0,0,0,0,0,0,0,0,0,0,0
3rd Quarter 2025,NCD2024-Q3,C:\DATABASES\NCD2024-Q3\NCD\1c. Risk Factors AD.xlsx,Bohol,29616,0,0,0,0,0,0,0,0,0,0,0,0
3rd Quarter 2025,NCD2024-Q3,C:\DATABASES\NCD2024-Q3\NCD\1c. Risk Factors AD.xlsx,Cebu,29616,0,0,0,0,0,0,0,0,0,0,0,0
3rd Quarter 2025,NCD2024-Q3,C:\DATABASES\NCD2024-Q3\NCD\1c. Risk Factors AD.xlsx,City of Cebu,29616,0,0,0,0,0,0,0,0,0,0,0,0
3rd Quarter 2025,NCD2024-Q3,C:\DATABASES\NCD2024-Q3\NCD\1c. Risk Factors AD.xlsx,City of Lapu-Lapu,29616,0,0,0,0,0,0,0,0,0,0,0,0
3rd Quarter 2025,NCD2024-Q3,C:\DATABASES\NCD2024-Q3\NCD\1c. Risk Factors AD.xlsx,City of Mandaue,29616,0,0,0,0,0,0,0,0,0,0,0,0
3rd Quarter 2025,NCD2024-Q3,C:\DATABASES\NCD2024-Q3\NCD\1c. Risk Factors AD.xlsx,Region 8,1,0,0,0,0,0,0,0,0,0,0,0,0
3rd Quarter 2025,NCD2024-Q3,C:\DATABASES\NCD2024-Q3\NCD\1c. Risk Factors AD.xlsx,Biliran,29616,0,0,0,0,0,0,0,0,0,0,0,0
3rd Quarter 2025,NCD2024-Q3,C:\DATABASES\NCD2024-Q3\NCD\1c. Risk Factors AD.xlsx,Eastern Samar,29616,0,0,0,0,0,0,0,0,0,0,0,0
3rd Quarter 2025,NCD2024-Q3,C:\DATABASES\NCD2024-Q3\NCD\1c. Risk Factors AD.xlsx,Leyte,29616,0,0,0,0,0,0,0,0,0,0,0,0
3rd Quarter 2025,NCD2024-Q3,C:\DATABASES\NCD2024-Q3\NCD\1c. Risk Factors AD.xlsx,Northern Samar,29616,0,0,0,0,0,0,0,0,0,0,0,0
3rd Quarter 2025,NCD2024-Q3,C:\DATABASES\NCD2024-Q3\NCD\1c. Risk Factors AD.xlsx,Southern Leyte,29616,0,0,0,0,0,0,0,0,0,0,0,0
3rd Quarter 2025,NCD2024-Q3,C:\DATABASES\NCD2024-Q3\NCD\1c. Risk Factors AD.xlsx,Samar,29616,0,0,0,0,0,0,0,0,0,0,0,0
3rd Quarter 2025,NCD2024-Q3,C:\DATABASES\NCD2024-Q3\NCD\1c. Risk Factors AD.xlsx,Ormoc City,29616,0,0,0,0,0,0,0,0,0,0,0,0
3rd Quarter 2025,NCD2024-Q3,C:\DATABASES\NCD2024-Q3\NCD\1c. Risk Factors AD.xlsx,City of Tacloban,29616,0,0,0,0,0,0,0,0,0,0,0,0
3rd Quarter 2025,NCD2024-Q3,C:\DATABASES\NCD2024-Q3\NCD\1c. Risk Factors AD.xlsx,Region 9,1,0,0,0,0,0,0,0,0,0,0,0,0
3rd Quarter 2025,NCD2024-Q3,C:\DATABASES\NCD2024-Q3\NCD\1c. Risk Factors AD.xlsx,Zamboanga del Norte,29616,0,0,0,0,0,0,0,0,0,0,0,0
3rd Quarter 2025,NCD2024-Q3,C:\DATABASES\NCD2024-Q3\NCD\1c. Risk Factors AD.xlsx,Zamboanga del Sur,29616,0,0,0,0,0,0,0,0,0,0,0,0
3rd Quarter 2025,NCD2024-Q3,C:\DATABASES\NCD2024-Q3\NCD\1c. Risk Factors AD.xlsx,Zamboanga Sibugay,29616,0,0,0,0,0,0,0,0,0,0,0,0
3rd Quarter 2025,NCD2024-Q3,C:\DATABASES\NCD2024-Q3\NCD\1c. Risk Factors AD.xlsx,City of Isabela,29616,0,0,0,0,0,0,0,0,0,0,0,0
3rd Quarter 2025,NCD2024-Q3,C:\DATABASES\NCD2024-Q3\NCD\1c. Risk Factors AD.xlsx,City of Zamboanga,29616,0,0,0,0,0,0,0,0,0,0,0,0
3rd Quarter 2025,NCD2024-Q3,C:\DATABASES\NCD2024-Q3\NCD\1c. Risk Factors AD.xlsx,Region 10,1,0,0,0,0,0,0,0,0,0,0,0,0
3rd Quarter 2025,NCD2024-Q3,C:\DATABASES\NCD2024-Q3\NCD\1c. Risk Factors AD.xlsx,Bukidnon,29616,0,0,0,0,0,0,0,0,0,0,0,0
3rd Quarter 2025,NCD2024-Q3,C:\DATABASES\NCD2024-Q3\NCD\1c. Risk Factors AD.xlsx,Camiguin,29616,0,0,0,0,0,0,0,0,0,0,0,0
3rd Quarter 2025,NCD2024-Q3,C:\DATABASES\NCD2024-Q3\NCD\1c. Risk Factors AD.xlsx,Lanao del Norte,29616,0,0,0,0,0,0,0,0,0,0,0,0
3rd Quarter 2025,NCD2024-Q3,C:\DATABASES\NCD2024-Q3\NCD\1c. Risk Factors AD.xlsx,Misamis Occidental,29616,0,0,0,0,0,0,0,0,0,0,0,0
3rd Quarter 2025,NCD2024-Q3,C:\DATABASES\NCD2024-Q3\NCD\1c. Risk Factors AD.xlsx,Misamis Oriental,29616,0,0,0,0,0,0,0,0,0,0,0,0
3rd Quarter 2025,NCD2024-Q3,C:\DATABASES\NCD2024-Q3\NCD\1c. Risk Factors AD.xlsx,City of Cagayan De Oro,29616,0,0,0,0,0,0,0,0,0,0,0,0
3rd Quarter 2025,NCD2024-Q3,C:\DATABASES\NCD2024-Q3\NCD\1c. Risk Factors AD.xlsx,City of Iligan,29616,0,0,0,0,0,0,0,0,0,0,0,0
3rd Quarter 2025,NCD2024-Q3,C:\DATABASES\NCD2024-Q3\NCD\1c. Risk Factors AD.xlsx,Region 11,1,0,0,0,0,0,0,0,0,0,0,0,0
3rd Quarter 2025,NCD2024-Q3,C:\DATABASES\NCD2024-Q3\NCD\1c. Risk Factors AD.xlsx,Davao de Oro,29616,0,0,0,0,0,0,0,0,0,0,0,0
3rd Quarter 2025,NCD2024-Q3,C:\DATABASES\NCD2024-Q3\NCD\1c. Risk Factors AD.xlsx,Davao del Norte,29616,0,0,0,0,0,0,0,0,0,0,0,0
3rd Quarter 2025,NCD2024-Q3,C:\DATABASES\NCD2024-Q3\NCD\1c. Risk Factors AD.xlsx,Davao Oriental,29616,0,0,0,0,0,0,0,0,0,0,0,0
3rd Quarter 2025,NCD2024-Q3,C:\DATABASES\NCD2024-Q3\NCD\1c. Risk Factors AD.xlsx,Davao del Sur,29616,0,0,0,0,0,0,0,0,0,0,0,0
3rd Quarter 2025,NCD2024-Q3,C:\DATABASES\NCD2024-Q3\NCD\1c. Risk Factors AD.xlsx,Davao Occidental,29616,0,0,0,0,0,0,0,0,0,0,0,0
3rd Quarter 2025,NCD2024-Q3,C:\DATABASES\NCD2024-Q3\NCD\1c. Risk Factors AD.xlsx,City of Davao,29616,0,0,0,0,0,0,0,0,0,0,0,0
3rd Quarter 2025,NCD2024-Q3,C:\DATABASES\NCD2024-Q3\NCD\1c. Risk Factors AD.xlsx,Region 12,1,0,0,0,0,0,0,0,0,0,0,0,0
3rd Quarter 2025,NCD2024-Q3,C:\DATABASES\NCD2024-Q3\NCD\1c. Risk Factors AD.xlsx,Cotabato,29616,0,0,0,0,0,0,0,0,0,0,0,0
3rd Quarter 2025,NCD2024-Q3,C:\DATABASES\NCD2024-Q3\NCD\1c. Risk Factors AD.xlsx,Sarangani,29616,0,0,0,0,0,0,0,0,0,0,0,0
3rd Quarter 2025,NCD2024-Q3,C:\DATABASES\NCD2024-Q3\NCD\1c. Risk Factors AD.xlsx,South Cotabato,29616,0,0,0,0,0,0,0,0,0,0,0,0
3rd Quarter 2025,NCD2024-Q3,C:\DATABASES\NCD2024-Q3\NCD\1c. Risk Factors AD.xlsx,Sultan Kudarat,29616,0,0,0,0,0,0,0,0,0,0,0,0
3rd Quarter 2025,NCD2024-Q3,C:\DATABASES\NCD2024-Q3\NCD\1c. Risk Factors AD.xlsx,City of General Santos,29616,0,0,0,0,0,0,0,0,0,0,0,0
3rd Quarter 2025,NCD2024-Q3,C:\DATABASES\NCD2024-Q3\NCD\1c. Risk Factors AD.xlsx,Caraga,1,0,0,0,0,0,0,0,0,0,0,0,0
3rd Quarter 2025,NCD2024-Q3,C:\DATABASES\NCD2024-Q3\NCD\1c. Risk Factors AD.xlsx,Agusan del Norte,29616,0,0,0,0,0,0,0,0,0,0,0,0
3rd Quarter 2025,NCD2024-Q3,C:\DATABASES\NCD2024-Q3\NCD\1c. Risk Factors AD.xlsx,Agusan del Sur,29616,0,0,0,0,0,0,0,0,0,0,0,0
3rd Quarter 2025,NCD2024-Q3,C:\DATABASES\NCD2024-Q3\NCD\1c. Risk Factors AD.xlsx,Surigao del Norte,29616,0,0,0,0,0,0,0,0,0,0,0,0
3rd Quarter 2025,NCD2024-Q3,C:\DATABASES\NCD2024-Q3\NCD\1c. Risk Factors AD.xlsx,Surigao del Sur,29616,0,0,0,0,0,0,0,0,0,0,0,0
3rd Quarter 2025,NCD2024-Q3,C:\DATABASES\NCD2024-Q3\NCD\1c. Risk Factors AD.xlsx,Dinagat Islands,29616,0,0,0,0,0,0,0,0,0,0,0,0
3rd Quarter 2025,NCD2024-Q3,C:\DATABASES\NCD2024-Q3\NCD\1c. Risk Factors AD.xlsx,City of Butuan,29616,0,0,0,0,0,0,0,0,0,0,0,0
3rd Quarter 2025,NCD2024-Q3,C:\DATABASES\NCD2024-Q3\NCD\1c. Risk Factors AD.xlsx,BARMM,1,0,0,0,0,0,0,0,0,0,0,0,0
3rd Quarter 2025,NCD2024-Q3,C:\DATABASES\NCD2024-Q3\NCD\1c. Risk Factors AD.xlsx,Basilan,29616,0,0,0,0,0,0,0,0,0,0,0,0
3rd Quarter 2025,NCD2024-Q3,C:\DATABASES\NCD2024-Q3\NCD\1c. Risk Factors AD.xlsx,Lanao del Sur,29616,0,0,0,0,0,0,0,0,0,0,0,0
3rd Quarter 2025,NCD2024-Q3,C:\DATABASES\NCD2024-Q3\NCD\1c. Risk Factors AD.xlsx,Maguindanao del Norte,29616,0,0,0,0,0,0,0,0,0,0,0,0
3rd Quarter 2025,NCD2024-Q3,C:\DATABASES\NCD2024-Q3\NCD\1c. Risk Factors AD.xlsx,Maguindanao del Sur,29616,0,0,0,0,0,0,0,0,0,0,0,0
3rd Quarter 2025,NCD2024-Q3,C:\DATABASES\NCD2024-Q3\NCD\1c. Risk Factors AD.xlsx,Sulu,29616,0,0,0,0,0,0,0,0,0,0,0,0
3rd Quarter 2025,NCD2024-Q3,C:\DATABASES\NCD2024-Q3\NCD\1c. Risk Factors AD.xlsx,Tawi-Tawi,29616,0,0,0,0,0,0,0,0,0,0,0,0
3rd Quarter 2025,NCD2024-Q3,C:\DATABASES\NCD2024-Q3\NCD\1c. Risk Factors AD.xlsx,Special Geographic Area (SGA),29616,0,0,0,0,0,0,0,0,0,0,0,0
3rd Quarter 2025,NCD2024-Q3,C:\DATABASES\NCD2024-Q3\NCD\1c. Risk Factors AD.xlsx,City of Cotabato,29616,0,0,0,0,0,0,0,0,0,0,0,0
3rd Quarter 2025,NCD2024-Q3,C:\DATABASES\NCD2024-Q3\NCD\1c. Risk Factors AD.xlsx,NIR,1,0,0,0,0,0,0,0,0,0,0,0,0
3rd Quarter 2025,NCD2024-Q3,C:\DATABASES\NCD2024-Q3\NCD\1c. Risk Factors AD.xlsx,Negros Occidental,29616,0,0,0,0,0,0,0,0,0,0,0,0
3rd Quarter 2025,NCD2024-Q3,C:\DATABASES\NCD2024-Q3\NCD\1c. Risk Factors AD.xlsx,Negros Oriental,29616,0,0,0,0,0,0,0,0,0,0,0,0
3rd Quarter 2025,NCD2024-Q3,C:\DATABASES\NCD2024-Q3\NCD\1c. Risk Factors AD.xlsx,Siquijor,29616,0,0,0,0,0,0,0,0,0,0,0,0
3rd Quarter 2025,NCD2024-Q3,C:\DATABASES\NCD2024-Q3\NCD\1c. Risk Factors AD.xlsx,City of Bacolod,29616,0,0,0,0,0,0,0,0,0,0,0,0
1st Quarter 2025,2025Q1,C:\DATABASES\2025Q1Risk Factors AD Risk Assessed.xlsx,NCR,378043,3257,5590,22165,21197,6751,3262,5125,2766,33553,16561,4915,2553
1st Quarter 2025,2025Q1,C:\DATABASES\2025Q1Risk Factors AD Risk Assessed.xlsx,City of Malabon,10674,485,628,1636,956,0,0,0,0,0,0,0,0
1st Quarter 2025,2025Q1,C:\DATABASES\2025Q1Risk Factors AD Risk Assessed.xlsx,City of Navotas,7088,327,481,498,457,1447,598,1244,532,1833,807,767,331
1st Quarter 2025,2025Q1,C:\DATABASES\2025Q1Risk Factors AD Risk Assessed.xlsx,City of Valenzuela,29445,0,0,0,0,0,0,0,0,0,0,0,0
1st Quarter 2025,2025Q1,C:\DATABASES\2025Q1Risk Factors AD Risk Assessed.xlsx,City of Caloocan,45883,0,0,4760,3163,0,0,0,0,13669,4644,0,0
1st Quarter 2025,2025Q1,C:\DATABASES\2025Q1Risk Factors AD Risk Assessed.xlsx,City of Marikina,2160,124,211,133,166,598,232,596,278,437,174,269,113
1st Quarter 2025,2025Q1,C:\DATABASES\2025Q1Risk Factors AD Risk Assessed.xlsx,City of Pasig,23948,875,1636,2299,2716,0,0,0,0,5086,3855,0,0
1st Quarter 2025,2025Q1,C:\DATABASES\2025Q1Risk Factors AD Risk Assessed.xlsx,Pateros,2292,0,0,0,0,0,0,0,0,0,0,0,0
1st Quarter 2025,2025Q1,C:\DATABASES\2025Q1Risk Factors AD Risk Assessed.xlsx,City of Taguig,53826,0,0,3977,4978,0,0,0,0,0,0,0,0
1st Quarter 2025,2025Q1,C:\DATABASES\2025Q1Risk Factors AD Risk Assessed.xlsx,Quezon City,87366,0,0,3671,3324,0,0,0,0,0,0,0,0
1st Quarter 2025,2025Q1,C:\DATABASES\2025Q1Risk Factors AD Risk Assessed.xlsx,City of Makati,7107,201,339,195,165,2250,955,804,441,875,456,2542,1233
1st Quarter 2025,2025Q1,C:\DATABASES\2025Q1Risk Factors AD Risk Assessed.xlsx,City of Mandaluyong,14234,397,763,662,824,467,215,434,262,4173,2261,225,100
1st Quarter 2025,2025Q1,C:\DATABASES\2025Q1Risk Factors AD Risk Assessed.xlsx,City of San Juan,3575,0,0,203,249,0,0,0,0,1464,912,0,0
1st Quarter 2025,2025Q1,C:\DATABASES\2025Q1Risk Factors AD Risk Assessed.xlsx,City of Manila,45081,0,0,2092,1740,0,0,0,0,0,0,0,0
1st Quarter 2025,2025Q1,C:\DATABASES\2025Q1Risk Factors AD Risk Assessed.xlsx,City of Las Piñas,11326,450,894,932,1124,1989,1262,2047,1253,2117,1229,1112,776
1st Quarter 2025,2025Q1,C:\DATABASES\2025Q1Risk Factors AD Risk Assessed.xlsx,City of Muntinlupa,11062,398,638,806,878,0,0,0,0,3899,2223,0,0
1st Quarter 2025,2025Q1,C:\DATABASES\2025Q1Risk Factors AD Risk Assessed.xlsx,City of Parañaque,10192,0,0,301,457,0,0,0,0,0,0,0,0
1st Quarter 2025,2025Q1,C:\DATABASES\2025Q1Risk Factors AD Risk Assessed.xlsx,Pasay City,12784,0,0,0,0,0,0,0,0,0,0,0,0
1st Quarter 2025,2025Q1,C:\DATABASES\2025Q1Risk Factors AD Risk Assessed.xlsx,CAR,101237,1706,6037,3033,9948,0,0,0,0,16626,9183,1139,418
1st Quarter 2025,2025Q1,C:\DATABASES\2025Q1Risk Factors AD Risk Assessed.xlsx,Abra,14156,430,1251,630,1548,0,0,0,0,1191,702,0,0
1st Quarter 2025,2025Q1,C:\DATABASES\2025Q1Risk Factors AD Risk Assessed.xlsx,Apayao,7670,125,443,190,682,0,0,0,0,0,0,1139,418
1st Quarter 2025,2025Q1,C:\DATABASES\2025Q1Risk Factors AD Risk Assessed.xlsx,Benguet,18665,260,796,632,1401,0,0,0,0,4004,2182,0,0
1st Quarter 2025,2025Q1,C:\DATABASES\2025Q1Risk Factors AD Risk Assessed.xlsx,Ifugao,11678,179,280,485,1084,0,0,0,0,2212,1188,0,0
1st Quarter 2025,2025Q1,C:\DATABASES\2025Q1Risk Factors AD Risk Assessed.xlsx,Kalinga,19789,409,2056,430,3018,0,0,0,0,2635,2490,0,0
1st Quarter 2025,2025Q1,C:\DATABASES\2025Q1Risk Factors AD Risk Assessed.xlsx,Mountain Province,19819,46,736,87,1508,0,0,0,0,2415,1149,0,0
1st Quarter 2025,2025Q1,C:\DATABASES\2025Q1Risk Factors AD Risk Assessed.xlsx,City of Baguio,9460,257,475,579,707,0,0,0,0,4169,1472,0,0
1st Quarter 2025,2025Q1,C:\DATABASES\2025Q1Risk Factors AD Risk Assessed.xlsx,Region 1,347363,4770,18726,6584,19351,0,0,0,0,18409,13672,0,0
1st Quarter 2025,2025Q1,C:\DATABASES\2025Q1Risk Factors AD Risk Assessed.xlsx,Ilocos Norte,20687,260,976,167,632,0,0,0,0,992,795,0,0
1st Quarter 2025,2025Q1,C:\DATABASES\2025Q1Risk Factors AD Risk Assessed.xlsx,Ilocos Sur,93370,821,3420,738,1746,0,0,0,0,6357,3982,0,0
1st Quarter 2025,2025Q1,C:\DATABASES\2025Q1Risk Factors AD Risk Assessed.xlsx,La Union,78342,794,3113,1671,4609,0,0,0,0,5259,4599,0,0
1st Quarter 2025,2025Q1,C:\DATABASES\2025Q1Risk Factors AD Risk Assessed.xlsx,Pangasinan,148249,2768,10808,3587,11723,0,0,0,0,5618,4096,0,0
1st Quarter 2025,2025Q1,C:\DATABASES\2025Q1Risk Factors AD Risk Assessed.xlsx,City of Dagupan,6715,127,409,421,641,0,0,0,0,183,200,0,0
1st Quarter 2025,2025Q1,C:\DATABASES\2025Q1Risk Factors AD Risk Assessed.xlsx,Region 2,283445,6375,24419,8486,28743,17898,17226,25292,21326,16795,12853,4910,3583
1st Quarter 2025,2025Q1,C:\DATABASES\2025Q1Risk Factors AD Risk Assessed.xlsx,Batanes,2046,48,206,435,508,237,149,445,299,316,262,293,198
1st Quarter 2025,2025Q1,C:\DATABASES\2025Q1Risk Factors AD Risk Assessed.xlsx,Cagayan,70623,2482,9539,2472,10396,4279,3385,6355,4991,5903,4620,1756,1082
1st Quarter 2025,2025Q1,C:\DATABASES\2025Q1Risk Factors AD Risk Assessed.xlsx,Isabela,144392,2360,9552,3327,11082,10349,10912,14194,12098,7422,5483,2357,1934
1st Quarter 2025,2025Q1,C:\DATABASES\2025Q1Risk Factors AD Risk Assessed.xlsx,Nueva Vizcaya,25583,477,926,422,865,449,401,504,414,901,624,134,67
1st Quarter 2025,2025Q1,C:\DATABASES\2025Q1Risk Factors AD Risk Assessed.xlsx,Quirino,16546,442,1376,774,2075,1816,1394,2234,1737,1023,736,229,126
1st Quarter 2025,2025Q1,C:\DATABASES\2025Q1Risk Factors AD Risk Assessed.xlsx,City of Santiago,24255,566,2820,1056,3817,768,985,1560,1787,1230,1128,141,176
1st Quarter 2025,2025Q1,C:\DATABASES\2025Q1Risk Factors AD Risk Assessed.xlsx,Region 3,837612,26633,76883,39632,86866,19814,16967,21374,19068,48803,38059,10160,8660
1st Quarter 2025,2025Q1,C:\DATABASES\2025Q1Risk Factors AD Risk Assessed.xlsx,Aurora,13319,334,1338,1187,2082,770,615,1141,887,586,549,550,391
1st Quarter 2025,2025Q1,C:\DATABASES\2025Q1Risk Factors AD Risk Assessed.xlsx,Bataan,68805,943,4268,1056,2930,165,180,159,177,4551,2579,22,24
1st Quarter 2025,2025Q1,C:\DATABASES\2025Q1Risk Factors AD Risk Assessed.xlsx,Bulacan,316070,11448,32643,20601,41452,9148,8030,11443,10398,26680,21883,7297,6598
1st Quarter 2025,2025Q1,C:\DATABASES\2025Q1Risk Factors AD Risk Assessed.xlsx,Nueva Ecija,139757,5359,18087,6966,20034,3235,3152,3509,3867,7689,6556,1408,1120
1st Quarter 2025,2025Q1,C:\DATABASES\2025Q1Risk Factors AD Risk Assessed.xlsx,Pampanga,108447,2743,8954,3367,8902,6009,4522,4715,3375,2168,1655,473,210
1st Quarter 2025,2025Q1,C:\DATABASES\2025Q1Risk Factors AD Risk Assessed.xlsx,Tarlac,108772,3363,6286,2561,5422,487,468,407,364,4349,3130,102,111
1st Quarter 2025,2025Q1,C:\DATABASES\2025Q1Risk Factors AD Risk Assessed.xlsx,Zambales,54706,1193,3108,1998,3595,0,0,0,0,1691,1054,103,89
1st Quarter 2025,2025Q1,C:\DATABASES\2025Q1Risk Factors AD Risk Assessed.xlsx,City of Angeles,16251,1007,1603,1263,1608,0,0,0,0,839,489,205,117
1st Quarter 2025,2025Q1,C:\DATABASES\2025Q1Risk Factors AD Risk Assessed.xlsx,City of Olongapo,11485,243,596,633,841,0,0,0,0,250,164,0,0
1st Quarter 2025,2025Q1,C:\DATABASES\2025Q1Risk Factors AD Risk Assessed.xlsx,Region 4A,557262,22244,76461,43022,89575,4686,28121,77028,138021,91333,55008,77028,82845
1st Quarter 2025,2025Q1,C:\DATABASES\2025Q1Risk Factors AD Risk Assessed.xlsx,Batangas,201302,7740,38293,13090,46294,1294,11202,24210,55577,33694,25041,24210,33257
1st Quarter 2025,2025Q1,C:\DATABASES\2025Q1Risk Factors AD Risk Assessed.xlsx,Cavite,138180,5465,14007,9849,16486,1088,6234,20042,30731,23631,12327,20042,18396
1st Quarter 2025,2025Q1,C:\DATABASES\2025Q1Risk Factors AD Risk Assessed.xlsx,Laguna,80792,2342,7386,3960,7420,764,4218,12295,20581,10759,5843,12295,12382
1st Quarter 2025,2025Q1,C:\DATABASES\2025Q1Risk Factors AD Risk Assessed.xlsx,Quezon,50062,2090,7930,7525,9139,888,2475,7695,11277,8879,4149,7695,6920
1st Quarter 2025,2025Q1,C:\DATABASES\2025Q1Risk Factors AD Risk Assessed.xlsx,Rizal,70245,3545,6671,7503,8657,548,3192,10604,15867,11812,5782,10604,9505
1st Quarter 2025,2025Q1,C:\DATABASES\2025Q1Risk Factors AD Risk Assessed.xlsx,City of Lucena,16681,1062,2174,1095,1579,104,800,2182,3988,2558,1866,2182,2385
1st Quarter 2025,2025Q1,C:\DATABASES\2025Q1Risk Factors AD Risk Assessed.xlsx,Region 4B,121451,3973,14851,8021,17920,3249,2874,4020,3018,11315,6581,5285,3341
1st Quarter 2025,2025Q1,C:\DATABASES\2025Q1Risk Factors AD Risk Assessed.xlsx,Marinduque,4805,13,122,40,174,0,0,2,0,201,100,52,16
1st Quarter 2025,2025Q1,C:\DATABASES\2025Q1Risk Factors AD Risk Assessed.xlsx,Occidental Mindoro,16388,638,3599,1138,4215,1013,643,1241,660,801,413,380,245
1st Quarter 2025,2025Q1,C:\DATABASES\2025Q1Risk Factors AD Risk Assessed.xlsx,Oriental Mindoro,50184,2129,6087,3616,7833,1139,1451,1955,1718,4188,3219,2643,1734
1st Quarter 2025,2025Q1,C:\DATABASES\2025Q1Risk Factors AD Risk Assessed.xlsx,Palawan,33401,744,3658,1804,3956,444,361,442,376,3106,1510,1238,678
1st Quarter 2025,2025Q1,C:\DATABASES\2025Q1Risk Factors AD Risk Assessed.xlsx,Romblon,8776,174,491,542,813,653,419,380,264,1199,512,297,477
1st Quarter 2025,2025Q1,C:\DATABASES\2025Q1Risk Factors AD Risk Assessed.xlsx,City of Puerto Princesa,7897,275,894,881,929,0,0,0,0,1820,827,675,191
1st Quarter 2025,2025Q1,C:\DATABASES\2025Q1Risk Factors AD Risk Assessed.xlsx,Region 5,187803,4740,25593,12329,25186,15101,10053,7436,4538,27568,22077,2244,981
1st Quarter 2025,2025Q1,C:\DATABASES\2025Q1Risk Factors AD Risk Assessed.xlsx,Albay,25141,404,1192,200,703,492,352,493,385,702,478,301,185
1st Quarter 2025,2025Q1,C:\DATABASES\2025Q1Risk Factors AD Risk Assessed.xlsx,Camarines Norte,14643,329,1909,841,1400,134,54,173,63,1629,1132,784,153
1st Quarter 2025,2025Q1,C:\DATABASES\2025Q1Risk Factors AD Risk Assessed.xlsx,Camarines Sur,72298,1577,8483,4068,7346,7797,4771,6651,3992,8355,4877,1093,617
1st Quarter 2025,2025Q1,C:\DATABASES\2025Q1Risk Factors AD Risk Assessed.xlsx,Catanduanes,16109,497,3966,3074,5751,6595,4826,0,0,6595,4826,0,0
1st Quarter 2025,2025Q1,C:\DATABASES\2025Q1Risk Factors AD Risk Assessed.xlsx,Masbate,18092,1202,5289,2174,5322,0,0,0,0,3363,7039,0,0
1st Quarter 2025,2025Q1,C:\DATABASES\2025Q1Risk Factors AD Risk Assessed.xlsx,Sorsogon,39336,688,4514,1855,4424,0,0,0,0,6605,3588,0,0
1st Quarter 2025,2025Q1,C:\DATABASES\2025Q1Risk Factors AD Risk Assessed.xlsx,City of Naga,2184,43,240,117,240,83,50,119,98,319,137,66,26
1st Quarter 2025,2025Q1,C:\DATABASES\2025Q1Risk Factors AD Risk Assessed.xlsx,Region 6,228907,5064,21672,6535,25485,4941,3586,6760,5585,10948,8366,2898,1764
1st Quarter 2025,2025Q1,C:\DATABASES\2025Q1Risk Factors AD Risk Assessed.xlsx,Aklan,9949,343,1112,677,1256,1436,908,1397,932,1328,824,591,248
1st Quarter 2025,2025Q1,C:\DATABASES\2025Q1Risk Factors AD Risk Assessed.xlsx,Antique,33691,615,3176,661,3598,16,36,4,4,1612,958,20,9
1st Quarter 2025,2025Q1,C:\DATABASES\2025Q1Risk Factors AD Risk Assessed.xlsx,Capiz,61076,542,4585,1387,5488,3455,2610,4825,4250,1348,930,1578,907
1st Quarter 2025,2025Q1,C:\DATABASES\2025Q1Risk Factors AD Risk Assessed.xlsx,Guimaras,14645,134,1350,369,2388,34,32,534,399,1844,1123,562,437
1st Quarter 2025,2025Q1,C:\DATABASES\2025Q1Risk Factors AD Risk Assessed.xlsx,Iloilo,79774,3025,10415,2933,11663,0,0,0,0,3911,3942,147,163
1st Quarter 2025,2025Q1,C:\DATABASES\2025Q1Risk Factors AD Risk Assessed.xlsx,City of Iloilo,29772,405,1034,508,1092,0,0,0,0,905,589,0,0
1st Quarter 2025,2025Q1,C:\DATABASES\2025Q1Risk Factors AD Risk Assessed.xlsx,Region 7,205400,5580,20822,17493,32287,24205,18588,28253,20209,21833,14321,13912,9537
1st Quarter 2025,2025Q1,C:\DATABASES\2025Q1Risk Factors AD Risk Assessed.xlsx,Bohol,30612,705,2394,2194,3874,1901,1226,2493,1641,3345,2106,999,596
1st Quarter 2025,2025Q1,C:\DATABASES\2025Q1Risk Factors AD Risk Assessed.xlsx,Cebu,124898,3681,15309,12615,24475,16286,13884,19040,15002,15127,10104,11686,8140
1st Quarter 2025,2025Q1,C:\DATABASES\2025Q1Risk Factors AD Risk Assessed.xlsx,City of Cebu,18239,509,1472,1372,1948,2056,1056,2576,1224,2190,1359,428,260
1st Quarter 2025,2025Q1,C:\DATABASES\2025Q1Risk Factors AD Risk Assessed.xlsx,City of Lapu-Lapu,22858,638,1567,1270,1894,3901,2362,4107,2288,1142,719,762,516
1st Quarter 2025,2025Q1,C:\DATABASES\2025Q1Risk Factors AD Risk Assessed.xlsx,City of Mandaue,8793,47,80,42,96,61,60,37,54,29,33,37,25
1st Quarter 2025,2025Q1,C:\DATABASES\2025Q1Risk Factors AD Risk Assessed.xlsx,Region 8,148921,6281,16128,14085,20779,331,220,337,221,12931,8890,56,58
1st Quarter 2025,2025Q1,C:\DATABASES\2025Q1Risk Factors AD Risk Assessed.xlsx,Biliran,5099,157,383,614,657,331,220,337,221,563,298,56,58
1st Quarter 2025,2025Q1,C:\DATABASES\2025Q1Risk Factors AD Risk Assessed.xlsx,Eastern Samar,16319,107,698,1701,1904,0,0,0,0,854,592,0,0
1st Quarter 2025,2025Q1,C:\DATABASES\2025Q1Risk Factors AD Risk Assessed.xlsx,Leyte,31568,1182,4309,2882,3845,0,0,0,0,2087,1140,0,0
1st Quarter 2025,2025Q1,C:\DATABASES\2025Q1Risk Factors AD Risk Assessed.xlsx,Northern Samar,16914,465,1701,1380,2245,0,0,0,0,2362,1256,0,0
1st Quarter 2025,2025Q1,C:\DATABASES\2025Q1Risk Factors AD Risk Assessed.xlsx,Southern Leyte,33621,1143,4033,2712,6017,0,0,0,0,4827,3952,0,0
1st Quarter 2025,2025Q1,C:\DATABASES\2025Q1Risk Factors AD Risk Assessed.xlsx,Samar,20700,2636,3666,2733,3770,0,0,0,0,1202,695,0,0
1st Quarter 2025,2025Q1,C:\DATABASES\2025Q1Risk Factors AD Risk Assessed.xlsx,Ormoc City,7112,76,217,355,600,0,0,0,0,662,730,0,0
1st Quarter 2025,2025Q1,C:\DATABASES\2025Q1Risk Factors AD Risk Assessed.xlsx,City of Tacloban,17588,515,1121,1708,1741,0,0,0,0,374,227,0,0
1st Quarter 2025,2025Q1,C:\DATABASES\2025Q1Risk Factors AD Risk Assessed.xlsx,Region 9,113317,2975,14754,3353,11489,2755,1934,5246,3653,5895,3627,1070,817
1st Quarter 2025,2025Q1,C:\DATABASES\2025Q1Risk Factors AD Risk Assessed.xlsx,Zamboanga del Norte,23640,746,3055,826,2528,1088,766,1292,1066,1071,612,278,203
1st Quarter 2025,2025Q1,C:\DATABASES\2025Q1Risk Factors AD Risk Assessed.xlsx,Zamboanga del Sur,35128,872,5085,1288,4385,789,572,1832,1064,1805,1207,215,97
1st Quarter 2025,2025Q1,C:\DATABASES\2025Q1Risk Factors AD Risk Assessed.xlsx,Zamboanga Sibugay,33200,645,3897,858,3152,455,318,644,587,1206,815,509,493
1st Quarter 2025,2025Q1,C:\DATABASES\2025Q1Risk Factors AD Risk Assessed.xlsx,City of Isabela,6855,164,833,134,467,0,0,740,477,740,477,0,0
1st Quarter 2025,2025Q1,C:\DATABASES\2025Q1Risk Factors AD Risk Assessed.xlsx,City of Zamboanga,14494,548,1884,247,957,423,278,738,459,1073,516,68,24
1st Quarter 2025,2025Q1,C:\DATABASES\2025Q1Risk Factors AD Risk Assessed.xlsx,Region 10,130229,0,0,6493,16293,0,0,0,0,0,0,0,0
1st Quarter 2025,2025Q1,C:\DATABASES\2025Q1Risk Factors AD Risk Assessed.xlsx,Bukidnon,41506,0,0,2856,7978,0,0,0,0,0,0,0,0
1st Quarter 2025,2025Q1,C:\DATABASES\2025Q1Risk Factors AD Risk Assessed.xlsx,Camiguin,3928,0,0,168,365,0,0,0,0,0,0,0,0
1st Quarter 2025,2025Q1,C:\DATABASES\2025Q1Risk Factors AD Risk Assessed.xlsx,Lanao del Norte,20862,0,0,785,1806,0,0,0,0,0,0,0,0
1st Quarter 2025,2025Q1,C:\DATABASES\2025Q1Risk Factors AD Risk Assessed.xlsx,Misamis Occidental,15966,0,0,633,1469,0,0,0,0,0,0,0,0
1st Quarter 2025,2025Q1,C:\DATABASES\2025Q1Risk Factors AD Risk Assessed.xlsx,Misamis Oriental,21669,0,0,0,0,0,0,0,0,0,0,0,0
1st Quarter 2025,2025Q1,C:\DATABASES\2025Q1Risk Factors AD Risk Assessed.xlsx,City of Cagayan De Oro,19669,0,0,1718,4132,0,0,0,0,0,0,0,0
1st Quarter 2025,2025Q1,C:\DATABASES\2025Q1Risk Factors AD Risk Assessed.xlsx,City of Iligan,6629,0,0,333,543,0,0,0,0,0,0,0,0
1st Quarter 2025,2025Q1,C:\DATABASES\2025Q1Risk Factors AD Risk Assessed.xlsx,Region 11,280893,10673,33700,22203,41577,79258,48508,74315,47458,50931,28970,7255,4667
1st Quarter 2025,2025Q1,C:\DATABASES\2025Q1Risk Factors AD Risk Assessed.xlsx,Davao de Oro,52084,1414,7080,3776,8981,14020,8936,15704,10338,8897,5383,6772,4293
1st Quarter 2025,2025Q1,C:\DATABASES\2025Q1Risk Factors AD Risk Assessed.xlsx,Davao del Norte,71198,1910,9470,5333,12213,15708,9711,16168,9562,18754,12194,0,0
1st Quarter 2025,2025Q1,C:\DATABASES\2025Q1Risk Factors AD Risk Assessed.xlsx,Davao Oriental,33190,1038,5056,3301,6140,10283,7285,9460,9091,354,221,483,374
1st Quarter 2025,2025Q1,C:\DATABASES\2025Q1Risk Factors AD Risk Assessed.xlsx,Davao del Sur,29696,1776,3668,2942,4341,13029,6700,12732,6162,6989,2915,0,0
1st Quarter 2025,2025Q1,C:\DATABASES\2025Q1Risk Factors AD Risk Assessed.xlsx,Davao Occidental,12663,832,2192,816,1712,1774,1140,1588,1676,1926,1005,0,0
1st Quarter 2025,2025Q1,C:\DATABASES\2025Q1Risk Factors AD Risk Assessed.xlsx,City of Davao,82062,3703,6234,6035,8190,24444,14736,18663,10629,14011,7252,0,0
1st Quarter 2025,2025Q1,C:\DATABASES\2025Q1Risk Factors AD Risk Assessed.xlsx,Region 12,164201,2675,19850,3712,19128,1199,671,1309,752,6199,4849,6121,4565
1st Quarter 2025,2025Q1,C:\DATABASES\2025Q1Risk Factors AD Risk Assessed.xlsx,Cotabato,53169,1255,6841,1417,6728,83,57,115,83,1492,1062,1454,1013
1st Quarter 2025,2025Q1,C:\DATABASES\2025Q1Risk Factors AD Risk Assessed.xlsx,Sarangani,15466,199,1635,231,1151,553,356,690,422,1140,681,318,185
1st Quarter 2025,2025Q1,C:\DATABASES\2025Q1Risk Factors AD Risk Assessed.xlsx,South Cotabato,27358,319,2815,500,2624,0,0,0,0,0,0,0,0
1st Quarter 2025,2025Q1,C:\DATABASES\2025Q1Risk Factors AD Risk Assessed.xlsx,Sultan Kudarat,60648,848,8284,1328,8102,0,0,0,0,2894,2426,2894,2425
1st Quarter 2025,2025Q1,C:\DATABASES\2025Q1Risk Factors AD Risk Assessed.xlsx,City of General Santos,7560,54,275,236,523,563,258,504,247,673,680,1455,942
1st Quarter 2025,2025Q1,C:\DATABASES\2025Q1Risk Factors AD Risk Assessed.xlsx,Caraga,120211,3985,15973,9080,17572,9842,5963,12447,8030,14445,8844,4336,2108
1st Quarter 2025,2025Q1,C:\DATABASES\2025Q1Risk Factors AD Risk Assessed.xlsx,Agusan del Norte,19970,505,2180,1446,2571,2380,1263,2917,1664,2394,1426,1282,556
1st Quarter 2025,2025Q1,C:\DATABASES\2025Q1Risk Factors AD Risk Assessed.xlsx,Agusan del Sur,31188,1377,5503,1908,5124,1765,1361,2265,1927,1972,1427,777,476
1st Quarter 2025,2025Q1,C:\DATABASES\2025Q1Risk Factors AD Risk Assessed.xlsx,Surigao del Norte,26090,645,2969,2414,3629,3289,1518,4068,2010,3714,2176,1002,426
1st Quarter 2025,2025Q1,C:\DATABASES\2025Q1Risk Factors AD Risk Assessed.xlsx,Surigao del Sur,24283,850,3514,2195,4121,2408,1821,3197,2429,3254,1909,1275,650
1st Quarter 2025,2025Q1,C:\DATABASES\2025Q1Risk Factors AD Risk Assessed.xlsx,Dinagat Islands,3576,71,417,294,580,0,0,0,0,677,348,0,0
1st Quarter 2025,2025Q1,C:\DATABASES\2025Q1Risk Factors AD Risk Assessed.xlsx,City of Butuan,15104,537,1390,823,1547,0,0,0,0,2434,1558,0,0
1st Quarter 2025,2025Q1,C:\DATABASES\2025Q1Risk Factors AD Risk Assessed.xlsx,BARMM,129761,3290,15895,390,3099,401,301,341,382,11272,7236,1075,601
1st Quarter 2025,2025Q1,C:\DATABASES\2025Q1Risk Factors AD Risk Assessed.xlsx,Basilan,5021,110,622,8,19,113,139,199,217,274,99,251,73
1st Quarter 2025,2025Q1,C:\DATABASES\2025Q1Risk Factors AD Risk Assessed.xlsx,Lanao del Sur,49365,1754,5177,110,467,0,4,3,3,5217,3804,365,254
1st Quarter 2025,2025Q1,C:\DATABASES\2025Q1Risk Factors AD Risk Assessed.xlsx,Maguindanao del Norte,18404,383,2374,72,1089,0,0,0,0,1991,1211,0,0
1st Quarter 2025,2025Q1,C:\DATABASES\2025Q1Risk Factors AD Risk Assessed.xlsx,Maguindanao del Sur,25733,588,2980,125,742,0,0,0,0,1483,969,0,0
1st Quarter 2025,2025Q1,C:\DATABASES\2025Q1Risk Factors AD Risk Assessed.xlsx,Sulu,6713,78,976,1,15,0,0,0,0,745,236,0,0
1st Quarter 2025,2025Q1,C:\DATABASES\2025Q1Risk Factors AD Risk Assessed.xlsx,Tawi-Tawi,4998,119,1839,23,412,267,127,118,137,543,233,169,109
1st Quarter 2025,2025Q1,C:\DATABASES\2025Q1Risk Factors AD Risk Assessed.xlsx,Special Geographic Area (SGA),7225,114,1152,4,36,21,31,21,25,387,287,290,165
1st Quarter 2025,2025Q1,C:\DATABASES\2025Q1Risk Factors AD Risk Assessed.xlsx,City of Cotabato,12302,144,775,47,319,0,0,0,0,632,397,0,0
1st Quarter 2025,2025Q1,C:\DATABASES\2025Q1Risk Factors AD Risk Assessed.xlsx,NIR,131375,4332,18921,7303,21566,2079,1129,0,0,12143,7946,2178,1011
1st Quarter 2025,2025Q1,C:\DATABASES\2025Q1Risk Factors AD Risk Assessed.xlsx,Negros Occidental,89038,3390,14844,4995,16300,0,0,0,0,6680,4915,0,0
1st Quarter 2025,2025Q1,C:\DATABASES\2025Q1Risk Factors AD Risk Assessed.xlsx,Negros Oriental,29643,690,2988,1445,3604,2079,1129,0,0,2803,1705,2178,1011
1st Quarter 2025,2025Q1,C:\DATABASES\2025Q1Risk Factors AD Risk Assessed.xlsx,Siquijor,4909,48,441,393,689,0,0,0,0,719,483,0,0
1st Quarter 2025,2025Q1,C:\DATABASES\2025Q1Risk Factors AD Risk Assessed.xlsx,City of Bacolod,7785,204,648,470,973,0,0,0,0,1941,843,0,0
1st Quarter 2025,Synthetic,Risk Factor AD synthetic row 0001,Bukidnon,102393,369,608,5806,9879,3798,516,1043,6540,5236,3059,1828,0
2nd Quarter 2025,Synthetic,Risk Factor AD synthetic row 0002,Ilocos Norte,18307,0,983,0,0,0,0,160,0,0,627,92,0
3rd Quarter 2025,Synthetic,Risk Factor AD synthetic row 0003,Special Geographic Area (SGA),1,0,0,0,0,0,0,0,0,1,0,0,1
3rd Quarter 2025,Synthetic,Risk Factor AD synthetic row 0004,Region 4B,74573,2076,10196,7033,9933,1954,2995,2458,1980,9877,2234,584,2488
3rd Quarter 2025,Synthetic,Risk Factor AD synthetic row 0005,Kalinga,16163,89,1287,367,2862,0,169,257,114,8,1150,2871,75
2nd Quarter 2025,Synthetic,Risk Factor AD synthetic row 0006,Maguindanao del Sur,35092,572,3385,35092,78,520,0,0,0,35092,35092,235,201
2nd Quarter 2025,Synthetic,Risk Factor AD synthetic row 0007,Southern Leyte,31225,999,1042,2773,6456,0,33,0,25,0,3977,0,191
1st Quarter 2025,Synthetic,Risk Factor AD synthetic row 0008,City of Angeles,16508,952,259,1084,663,1243,39,0,70,934,536,169,192
2nd Quarter 2025,Synthetic,Risk Factor AD synthetic row 0009,Cebu,28779,0,301,2732,662,3335,3323,2126,182,776,2557,0,1615
2nd Quarter 2025,Synthetic,Risk Factor AD synthetic row 0010,Bataan,74265,0,0,1347,2817,0,0,0,0,2344,3605,1052,253
2nd Quarter 2025,Synthetic,Risk Factor AD synthetic row 0011,City of Mandaluyong,13658,224,562,433,806,0,190,0,394,3175,627,0,159
3rd Quarter 2025,Synthetic,Risk Factor AD synthetic row 0012,Ifugao,18107,352,0,178,1591,0,1,0,134,0,927,0,1060
2nd Quarter 2025,Synthetic,Risk Factor AD synthetic row 0013,Maguindanao del Sur,63989,571,7753,1279,0,604,0,196,274,61701,820,0,0
1st Quarter 2025,Synthetic,Risk Factor AD synthetic row 0014,City of Mandaue,24142,24,1543,197,0,116,2976,100,0,885,176,0,0
3rd Quarter 2025,Synthetic,Risk Factor AD synthetic row 0015,Pampanga,114314,1017,9305,5132,0,81,0,1972,2250,1549,1741,119,0
3rd Quarter 2025,Synthetic,Risk Factor AD synthetic row 0016,City of Angeles,14619,224,1755,0,1298,25,599,127,0,496,776,0,0
2nd Quarter 2025,Synthetic,Risk Factor AD synthetic row 0017,Romblon,10318,575,950,1065,1612,809,23,30,302,3003,603,224,637
1st Quarter 2025,Synthetic,Risk Factor AD synthetic row 0018,Region 5,187342,6448,23416,12196,24694,17232,8149,11103,3697,26306,25272,2245,917
1st Quarter 2025,Synthetic,Risk Factor AD synthetic row 0019,City of Pasig,47203,2002,2599,5334,3218,83,0,0,0,5328,4191,171,0
1st Quarter 2025,Synthetic,Risk Factor AD synthetic row 0020,Guimaras,150431,66,13884,32,3927,0,373,6654,281,0,1840,0,3954
1st Quarter 2025,Synthetic,Risk Factor AD synthetic row 0021,Zamboanga del Norte,57482,0,4187,2931,7244,2432,3569,2851,2979,823,730,593,77
2nd Quarter 2025,Synthetic,Risk Factor AD synthetic row 0022,Occidental Mindoro,11231,549,1195,1531,1182,834,540,1255,0,864,54,310,93
3rd Quarter 2025,Synthetic,Risk Factor AD synthetic row 0023,Apayao,8491,0,206,197,544,25,81,0,0,94,639,1231,387
2nd Quarter 2025,Synthetic,Risk Factor AD synthetic row 0024,Occidental Mindoro,11241,336,3206,976,0,558,790,861,350,159,173,102,4
1st Quarter 2025,Synthetic,Risk Factor AD synthetic row 0025,City of Butuan,10358,121,360,0,1063,0,267,0,0,1555,131,0,0
1st Quarter 2025,Synthetic,Risk Factor AD synthetic row 0026,Region 8,139931,4428,13371,16109,7475,1638,0,2901,37,879,1961,0,832
1st Quarter 2025,Synthetic,Risk Factor AD synthetic row 0027,Region 10,107395,1399,752,3399,10980,5478,0,4573,0,0,95,540,1519
3rd Quarter 2025,Synthetic,Risk Factor AD synthetic row 0028,Bataan,72846,1316,5449,1567,1695,1220,62,378,1074,2285,0,0,0
1st Quarter 2025,Synthetic,Risk Factor AD synthetic row 0029,Romblon,10425,236,679,625,1224,792,64,117,415,0,992,171,665
2nd Quarter 2025,Synthetic,Risk Factor AD synthetic row 0030,Masbate,26075,2651,6688,0,7776,1493,257,314,0,4703,0,940,393
2nd Quarter 2025,Synthetic,Risk Factor AD synthetic row 0031,Lanao del Norte,16767,0,13,11,1577,200,0,0,0,646,435,287,35
2nd Quarter 2025,Synthetic,Risk Factor AD synthetic row 0032,Kalinga,17831,80,0,0,2949,0,70,64,277,1807,0,1986,8
2nd Quarter 2025,Synthetic,Risk Factor AD synthetic row 0033,Aklan,28738,2,917,1142,1265,3749,277,1105,2802,280,2333,63,1334
2nd Quarter 2025,Synthetic,Risk Factor AD synthetic row 0034,La Union,87216,0,3283,1296,1653,1059,658,625,419,1173,11837,812,40
3rd Quarter 2025,Synthetic,Risk Factor AD synthetic row 0035,Surigao del Norte,30380,706,1552,2698,0,4203,1387,2228,1348,1647,928,354,847
3rd Quarter 2025,Synthetic,Risk Factor AD synthetic row 0036,Nueva Ecija,131289,5849,12854,6410,0,2599,0,2229,1830,5922,2146,463,1510
2nd Quarter 2025,Synthetic,Risk Factor AD synthetic row 0037,Antique,38150,470,0,842,595,791,38,1643,0,1822,1212,618,0
2nd Quarter 2025,Synthetic,Risk Factor AD synthetic row 0038,Sultan Kudarat,31529,0,4229,177,0,0,0,126,76,1338,0,1179,1046
3rd Quarter 2025,Synthetic,Risk Factor AD synthetic row 0039,Cebu,138417,1545,9004,5745,25767,9560,1421,1154,2826,156,3452,8125,1166
1st Quarter 2025,Synthetic,Risk Factor AD synthetic row 0040,Biliran,12523,279,1082,1687,1137,719,455,697,24,1108,262,500,0
3rd Quarter 2025,Synthetic,Risk Factor AD synthetic row 0041,City of Dagupan,4101,63,0,0,277,0,0,0,0,15,148,16,0
2nd Quarter 2025,Synthetic,Risk Factor AD synthetic row 0042,City of General Santos,13072,2,0,207,847,0,0,889,39,558,57,304,1450
3rd Quarter 2025,Synthetic,Risk Factor AD synthetic row 0043,City of Muntinlupa,12386,509,197,72,173,0,254,55,0,4583,1329,0,0
2nd Quarter 2025,Synthetic,Risk Factor AD synthetic row 0044,South Cotabato,27905,211,1058,1021,134,0,0,0,206,16,420,0,520
2nd Quarter 2025,Synthetic,Risk Factor AD synthetic row 0045,Ormoc City,6399,0,18,189,484,0,0,100,0,571,602,0,14
2nd Quarter 2025,Synthetic,Risk Factor AD synthetic row 0046,Ifugao,35502,536,549,1254,3264,460,230,0,0,0,0,1616,2027
2nd Quarter 2025,Synthetic,Risk Factor AD synthetic row 0047,Nueva Vizcaya,49694,132,0,1136,0,611,926,1289,1147,959,463,0,1081
2nd Quarter 2025,Synthetic,Risk Factor AD synthetic row 0048,Region 5,1,0,1,0,0,0,0,0,0,1,0,0,0
2nd Quarter 2025,Synthetic,Risk Factor AD synthetic row 0049,Region 7,423736,6460,0,29794,95346,47629,36131,68199,72730,19873,54843,18583,35095
3rd Quarter 2025,Synthetic,Risk Factor AD synthetic row 0050,NIR,112310,2255,19991,5407,16941,3224,272,0,0,1967,6603,2911,1497
1st Quarter 2025,Synthetic,Risk Factor AD synthetic row 0051,Maguindanao del Sur,30422,404,0,25348,26387,137,0,116,0,778,1258,411,22
1st Quarter 2025,Synthetic,Risk Factor AD synthetic row 0052,City of Puerto Princesa,9410,28,2475,103,1140,126,0,22,0,1124,664,798,321
2nd Quarter 2025,Synthetic,Risk Factor AD synthetic row 0053,Region 5,159607,4947,19133,9263,27612,7776,0,16609,7760,17550,5463,406,1757
1st Quarter 2025,Synthetic,Risk Factor AD synthetic row 0054,Sarangani,16581,77,35,253,1303,26,211,0,808,82,294,250,206
2nd Quarter 2025,Synthetic,Risk Factor AD synthetic row 0055,Mountain Province,23185,392,1200,0,1594,18,0,28,117,251,1435,0,1392
3rd Quarter 2025,Synthetic,Risk Factor AD synthetic row 0056,Camiguin,3699,0,12,159,244,0,40,0,11,0,33,12,0
1st Quarter 2025,Synthetic,Risk Factor AD synthetic row 0057,Quezon City,90311,2491,520,3760,1633,6258,602,0,1344,0,0,481,0
2nd Quarter 2025,Synthetic,Risk Factor AD synthetic row 0058,Pangasinan,122688,486,8457,118755,6785,0,1740,827,1238,5624,111448,0,224
2nd Quarter 2025,Synthetic,Risk Factor AD synthetic row 0059,City of Lucena,14876,384,772,1256,843,74,48,0,2048,1371,93,90,1841
2nd Quarter 2025,Synthetic,Risk Factor AD synthetic row 0060,Basilan,1,1,0,0,1,1,1,0,0,1,1,1,1
2nd Quarter 2025,Synthetic,Risk Factor AD synthetic row 0061,Region 12,168609,0,23779,6392,22238,154,0,1837,439,10894,2627,1241,8455
3rd Quarter 2025,Synthetic,Risk Factor AD synthetic row 0062,Cotabato,51791,1110,6501,121,8343,180,369,29,136,2012,1188,130,1629
2nd Quarter 2025,Synthetic,Risk Factor AD synthetic row 0063,Batanes,1902,18,214,289,481,218,96,336,202,127,142,25,17
3rd Quarter 2025,Synthetic,Risk Factor AD synthetic row 0064,Rizal,54378,2679,2976,2821,6820,426,0,463,12349,10104,3684,4952,7027
3rd Quarter 2025,Synthetic,Risk Factor AD synthetic row 0065,City of Isabela,6853,108,766,185,467,0,10,609,547,159,548,0,115
2nd Quarter 2025,Synthetic,Risk Factor AD synthetic row 0066,Tawi-Tawi,5483,102,5483,0,5464,317,198,15,224,15,190,4744,123
2nd Quarter 2025,Synthetic,Risk Factor AD synthetic row 0067,City of Tacloban,17240,0,1321,1844,792,105,0,0,51,0,226,0,103
3rd Quarter 2025,Synthetic,Risk Factor AD synthetic row 0068,Albay,18423,356,1236,0,1200,81,342,1476,0,231,884,244,55
3rd Quarter 2025,Synthetic,Risk Factor AD synthetic row 0069,City of Angeles,16502,978,1320,728,1452,127,543,0,411,920,0,420,0
1st Quarter 2025,Synthetic,Risk Factor AD synthetic row 0070,Davao del Norte,87293,156,5783,428,0,21492,11904,780,7877,20564,18379,0,655
1st Quarter 2025,Synthetic,Risk Factor AD synthetic row 0071,Maguindanao del Norte,19639,0,2443,239,687,0,0,269,0,19639,0,278,0
1st Quarter 2025,Synthetic,Risk Factor AD synthetic row 0072,City of Isabela,13544,253,0,151,874,187,195,603,1111,1107,96,42,0
3rd Quarter 2025,Synthetic,Risk Factor AD synthetic row 0073,City of Mandaue,21309,0,164,0,0,272,1867,0,56,944,302,223,0
2nd Quarter 2025,Synthetic,Risk Factor AD synthetic row 0074,City of Parañaque,22143,399,187,166,64,0,94,0,42,232,0,403,41
3rd Quarter 2025,Synthetic,Risk Factor AD synthetic row 0075,Catanduanes,17949,393,5982,734,5431,7504,352,208,161,182,935,551,0
2nd Quarter 2025,Synthetic,Risk Factor AD synthetic row 0076,Quezon,53532,0,0,230,2841,444,352,545,233,10797,4185,4479,0
2nd Quarter 2025,Synthetic,Risk Factor AD synthetic row 0077,City of Mandaluyong,34305,459,431,1435,1903,702,1158,1194,0,3,2597,1740,0
3rd Quarter 2025,Synthetic,Risk Factor AD synthetic row 0078,Cagayan,69400,2137,259,2031,0,0,3654,6497,4152,6133,2615,2022,904
2nd Quarter 2025,Synthetic,Risk Factor AD synthetic row 0079,NIR,131746,1907,1744,6370,13668,2483,709,2678,0,8853,0,3761,540
1st Quarter 2025,Synthetic,Risk Factor AD synthetic row 0080,Aklan,25556,588,642,1546,1575,250,2498,567,536,347,429,258,185
3rd Quarter 2025,Synthetic,Risk Factor AD synthetic row 0081,City of Olongapo,10847,0,693,501,764,31,143,270,0,96,253,8,0
1st Quarter 2025,Synthetic,Risk Factor AD synthetic row 0082,City of Manila,114927,0,361,1240,0,0,0,0,1557,732,1805,781,43
2nd Quarter 2025,Synthetic,Risk Factor AD synthetic row 0083,Masbate,49063,3665,16510,5131,11785,309,1511,0,3801,0,20390,169,16
2nd Quarter 2025,Synthetic,Risk Factor AD synthetic row 0084,Mountain Province,26890,98,664,590,72,104,0,0,119,182,0,0,1068
2nd Quarter 2025,Synthetic,Risk Factor AD synthetic row 0085,City of Malabon,26025,0,576,3042,404,305,415,0,320,0,205,0,0
2nd Quarter 2025,Synthetic,Risk Factor AD synthetic row 0086,Sarangani,26661,0,28,0,1539,0,968,1056,0,0,701,647,393
3rd Quarter 2025,Synthetic,Risk Factor AD synthetic row 0087,Laguna,34690,615,116,1595,1855,136,0,430,25,4516,0,94,4284
3rd Quarter 2025,Synthetic,Risk Factor AD synthetic row 0088,Davao Oriental,30306,773,2554,3810,2269,0,0,0,10035,606,0,0,893
3rd Quarter 2025,Synthetic,Risk Factor AD synthetic row 0089,Palawan,28117,1141,3119,1223,3195,1010,318,18,0,7,1404,0,0
2nd Quarter 2025,Synthetic,Risk Factor AD synthetic row 0090,Tarlac,124871,4053,0,3992,6290,489,1579,540,410,6131,5269,0,1443
2nd Quarter 2025,Synthetic,Risk Factor AD synthetic row 0091,Region 8,331274,1645,0,15630,0,0,6160,0,5789,10455,25986,4056,0
2nd Quarter 2025,Synthetic,Risk Factor AD synthetic row 0092,Special Geographic Area (SGA),6671,68,6439,84,180,136,6159,127,6488,6671,6671,154,2
2nd Quarter 2025,Synthetic,Risk Factor AD synthetic row 0093,Sorsogon,26043,283,365,505,3543,1041,306,1255,227,4396,110,0,108
3rd Quarter 2025,Synthetic,Risk Factor AD synthetic row 0094,Agusan del Norte,32008,370,2370,0,2497,428,1944,3706,20,1695,1165,1584,788
1st Quarter 2025,Synthetic,Risk Factor AD synthetic row 0095,City of Malabon,15792,459,904,2963,570,52,0,75,207,37,0,0,89
1st Quarter 2025,Synthetic,Risk Factor AD synthetic row 0096,Sulu,1,0,1,0,0,0,0,0,0,0,0,0,0
2nd Quarter 2025,Synthetic,Risk Factor AD synthetic row 0097,Marinduque,4084,13,0,0,194,0,0,4,12,183,82,47,0
2nd Quarter 2025,Synthetic,Risk Factor AD synthetic row 0098,Southern Leyte,53304,1779,1715,460,9549,0,153,79,0,7485,6379,585,0
1st Quarter 2025,Synthetic,Risk Factor AD synthetic row 0099,Dinagat Islands,4048,83,432,283,620,0,0,368,0,2,383,106,0
3rd Quarter 2025,Synthetic,Risk Factor AD synthetic row 0100,Nueva Vizcaya,31507,0,1279,0,127,315,617,1175,870,736,296,0,627
2nd Quarter 2025,Synthetic,Risk Factor AD synthetic row 0101,Pateros,1920,2,16,0,0,17,0,7,13,18,12,38,25
2nd Quarter 2025,Synthetic,Risk Factor AD synthetic row 0102,Zambales,111034,2136,5934,4867,6933,791,531,0,0,3240,376,0,3021
3rd Quarter 2025,Synthetic,Risk Factor AD synthetic row 0103,Eastern Samar,16872,0,636,1468,658,118,161,0,227,533,30,0,0
1st Quarter 2025,Synthetic,Risk Factor AD synthetic row 0104,City of Valenzuela,28191,407,0,78,224,0,170,0,132,149,608,335,0
1st Quarter 2025,Synthetic,Risk Factor AD synthetic row 0105,City of Malabon,9800,0,247,52,25,27,132,0,121,0,148,0,177
3rd Quarter 2025,Synthetic,Risk Factor AD synthetic row 0106,Region 3,954609,36711,79344,61902,109571,30167,17749,0,17766,37377,48136,24735,14657
2nd Quarter 2025,Synthetic,Risk Factor AD synthetic row 0107,Region 3,1,0,0,0,0,0,0,0,0,0,0,0,0
2nd Quarter 2025,Synthetic,Risk Factor AD synthetic row 0108,Region 12,164898,4262,2832,2460,6181,3106,1343,0,2408,0,3424,10371,2126
2nd Quarter 2025,Synthetic,Risk Factor AD synthetic row 0109,Aklan,6956,8,550,180,285,138,113,27,40,0,647,3,170
2nd Quarter 2025,Synthetic,Risk Factor AD synthetic row 0110,Negros Occidental,80285,4494,6818,3692,17324,0,0,0,1209,439,1355,0,0
1st Quarter 2025,Synthetic,Risk Factor AD synthetic row 0111,Laguna,69405,1481,0,1782,0,810,1556,4939,19590,8644,5044,5507,4533
1st Quarter 2025,Synthetic,Risk Factor AD synthetic row 0112,Batanes,27319,217,2495,2215,3674,3168,2292,3173,2967,0,2946,938,0
3rd Quarter 2025,Synthetic,Risk Factor AD synthetic row 0113,Surigao del Sur,20535,571,4170,2588,5056,1008,2604,2240,1771,1078,2563,38,414
1st Quarter 2025,Synthetic,Risk Factor AD synthetic row 0114,Benguet,21000,0,425,563,1168,0,19,245,127,4354,510,331,3130
1st Quarter 2025,Synthetic,Risk Factor AD synthetic row 0115,Camiguin,36212,0,108,0,1726,190,113,182,0,750,13,0,0
1st Quarter 2025,Synthetic,Risk Factor AD synthetic row 0116,Catanduanes,30434,0,106,0,160,0,188,1205,774,10775,1463,0,203
3rd Quarter 2025,Synthetic,Risk Factor AD synthetic row 0117,Bulacan,354497,3930,34930,5041,0,7611,3206,7801,0,22822,28399,8135,4950
2nd Quarter 2025,Synthetic,Risk Factor AD synthetic row 0118,Region 5,216294,0,29976,6471,36614,4405,0,5701,3270,586,24061,750,1839
1st Quarter 2025,Synthetic,Risk Factor AD synthetic row 0119,Region 10,1,0,0,0,0,0,0,0,0,0,0,0,0
1st Quarter 2025,Synthetic,Risk Factor AD synthetic row 0120,City of Dagupan,7029,257,186,369,679,62,53,0,3,435,215,0,23
2nd Quarter 2025,Synthetic,Risk Factor AD synthetic row 0121,City of Iligan,6133,0,88,292,556,0,328,0,0,407,68,81,0
3rd Quarter 2025,Synthetic,Risk Factor AD synthetic row 0122,Misamis Occidental,44727,0,0,1332,4113,0,0,225,161,0,1194,749,74
2nd Quarter 2025,Synthetic,Risk Factor AD synthetic row 0123,Cebu,248055,11093,15617,12482,25326,605,11794,39571,1921,12840,3306,0,6260
1st Quarter 2025,Synthetic,Risk Factor AD synthetic row 0124,City of Butuan,29749,243,705,1622,0,0,0,1042,720,0,173,0,157
2nd Quarter 2025,Synthetic,Risk Factor AD synthetic row 0125,Surigao del Sur,28517,0,216,2987,2025,3884,109,6068,3093,4990,167,1188,1059
2nd Quarter 2025,Synthetic,Risk Factor AD synthetic row 0126,Laguna,71031,2264,5378,3496,0,0,3640,5716,0,644,554,6292,0
2nd Quarter 2025,Synthetic,Risk Factor AD synthetic row 0127,Maguindanao del Sur,29352,29211,1610,29352,672,0,132,638,0,1933,646,280,0
3rd Quarter 2025,Synthetic,Risk Factor AD synthetic row 0128,City of Cotabato,30189,0,2070,374,538,1342,0,1048,978,3,849,300,88
1st Quarter 2025,Synthetic,Risk Factor AD synthetic row 0129,Cavite,125685,0,5356,9699,15972,3209,4254,524,11257,20100,6819,2454,9980
3rd Quarter 2025,Synthetic,Risk Factor AD synthetic row 0130,City of Cagayan De Oro,16211,560,157,430,3122,173,0,0,8,0,0,17,0
3rd Quarter 2025,Synthetic,Risk Factor AD synthetic row 0131,Region 1,283768,0,2862,18011,11419,1690,2289,1303,3152,1755,51842,2314,3589
3rd Quarter 2025,Synthetic,Risk Factor AD synthetic row 0132,Guimaras,166553,0,2046,0,20656,1227,1940,1855,1848,5785,860,0,6926
1st Quarter 2025,Synthetic,Risk Factor AD synthetic row 0133,City of Puerto Princesa,10063,0,1984,797,1991,0,30,116,0,2825,2015,0,165
1st Quarter 2025,Synthetic,Risk Factor AD synthetic row 0134,City of San Juan,3816,0,24,198,107,0,0,12,0,652,712,50,170
1st Quarter 2025,Synthetic,Risk Factor AD synthetic row 0135,Catanduanes,50894,0,28,10967,17717,67,1851,0,1106,18531,14475,572,557
2nd Quarter 2025,Synthetic,Risk Factor AD synthetic row 0136,Region 9,94380,2310,11050,38,10661,712,224,1040,4873,4734,2812,99,0
1st Quarter 2025,Synthetic,Risk Factor AD synthetic row 0137,Capiz,44395,322,2993,1478,2651,1612,213,0,188,518,0,1909,1603
1st Quarter 2025,Synthetic,Risk Factor AD synthetic row 0138,Cavite,262422,7921,12555,502,0,1971,0,36473,2745,24431,25742,22632,34619
2nd Quarter 2025,Synthetic,Risk Factor AD synthetic row 0139,Misamis Occidental,32536,103,0,282,3419,178,260,0,201,83,0,33,266
3rd Quarter 2025,Synthetic,Risk Factor AD synthetic row 0140,City of Angeles,17535,966,185,224,1517,1084,0,1103,178,749,279,43,0
1st Quarter 2025,Synthetic,Risk Factor AD synthetic row 0141,City of Olongapo,27038,299,1525,0,794,0,75,351,0,898,0,0,0
3rd Quarter 2025,Synthetic,Risk Factor AD synthetic row 0142,City of Bacolod,31311,787,1365,1402,4489,108,182,0,0,1953,3237,0,0
3rd Quarter 2025,Synthetic,Risk Factor AD synthetic row 0143,Bataan,57505,2129,2977,0,1950,190,0,0,238,3616,2042,184,0
1st Quarter 2025,Synthetic,Risk Factor AD synthetic row 0144,BARMM,295919,295919,550,4388,4233,0,2721,4665,0,0,7250,6002,2324
1st Quarter 2025,Synthetic,Risk Factor AD synthetic row 0145,City of Mandaluyong,35285,1042,0,1569,2298,1113,494,1222,445,9644,168,527,1207
3rd Quarter 2025,Synthetic,Risk Factor AD synthetic row 0146,City of Makati,24962,0,1185,0,641,0,0,2416,561,85,0,0,5266
3rd Quarter 2025,Synthetic,Risk Factor AD synthetic row 0147,Northern Samar,19250,152,476,1656,1064,294,0,0,264,0,366,0,231
3rd Quarter 2025,Synthetic,Risk Factor AD synthetic row 0148,Region 1,97179,0,4546,2087,15342,0,844,1075,292,0,3209,0,761
3rd Quarter 2025,Synthetic,Risk Factor AD synthetic row 0149,Negros Oriental,60089,2352,6289,780,0,4998,3246,0,565,330,4737,4800,3010
1st Quarter 2025,Synthetic,Risk Factor AD synthetic row 0150,Sultan Kudarat,126203,1070,15199,1679,17472,991,1086,1217,0,8480,6647,5328,5614
3rd Quarter 2025,Synthetic,Risk Factor AD synthetic row 0151,City of Mandaluyong,40198,709,1589,2069,150,3856,976,1360,272,0,5586,0,50
3rd Quarter 2025,Synthetic,Risk Factor AD synthetic row 0152,Southern Leyte,33280,948,4963,0,5323,51,0,300,306,6827,689,0,147
2nd Quarter 2025,Synthetic,Risk Factor AD synthetic row 0153,Antique,35960,789,3525,199,3599,0,0,0,0,2014,677,0,0
3rd Quarter 2025,Synthetic,Risk Factor AD synthetic row 0154,Davao del Sur,24070,1775,3734,507,0,131,4547,2321,4664,5053,2441,111,0
2nd Quarter 2025,Synthetic,Risk Factor AD synthetic row 0155,Bulacan,32268,0,1982,179,4082,880,63,188,1437,61,1831,767,553
1st Quarter 2025,Synthetic,Risk Factor AD synthetic row 0156,Davao Oriental,25388,349,0,1201,5002,0,4104,2776,3595,396,0,270,468
2nd Quarter 2025,Synthetic,Risk Factor AD synthetic row 0157,City of Valenzuela,32121,0,2,177,123,0,0,0,302,0,0,0,0
3rd Quarter 2025,Synthetic,Risk Factor AD synthetic row 0158,Region 8,294594,2122,14627,0,18442,1236,0,0,3451,27661,0,3303,0
2nd Quarter 2025,Synthetic,Risk Factor AD synthetic row 0159,Region 6,1,0,0,0,0,0,0,0,0,0,0,0,0
3rd Quarter 2025,Synthetic,Risk Factor AD synthetic row 0160,Agusan del Sur,25486,1342,2040,1683,5009,1105,27,1864,0,1377,1032,1051,0
3rd Quarter 2025,Synthetic,Risk Factor AD synthetic row 0161,City of Mandaue,10510,0,0,70,614,1806,1003,1354,0,13,47,211,133
1st Quarter 2025,Synthetic,Risk Factor AD synthetic row 0162,Misamis Occidental,12698,0,459,207,0,19,37,0,191,73,0,26,0
3rd Quarter 2025,Synthetic,Risk Factor AD synthetic row 0163,Pangasinan,128812,2555,128812,96111,7783,353,281,1020,0,128812,0,0,0
1st Quarter 2025,Synthetic,Risk Factor AD synthetic row 0164,City of Parañaque,20297,194,263,0,269,0,0,0,674,0,0,0,234
1st Quarter 2025,Synthetic,Risk Factor AD synthetic row 0165,Region 8,1,0,0,0,0,0,0,0,0,0,0,0,0
2nd Quarter 2025,Synthetic,Risk Factor AD synthetic row 0166,Ilocos Norte,15975,88,0,0,105,108,65,0,0,951,385,305,0
3rd Quarter 2025,Synthetic,Risk Factor AD synthetic row 0167,City of San Juan,7665,0,109,520,671,32,397,3,114,3161,0,0,0
3rd Quarter 2025,Synthetic,Risk Factor AD synthetic row 0168,Rizal,69758,0,4075,922,9886,270,1323,4983,15484,4436,0,0,8819
1st Quarter 2025,Synthetic,Risk Factor AD synthetic row 0169,Region 6,680274,25354,61004,10492,27523,3827,0,11989,5627,15953,5192,0,0
2nd Quarter 2025,Synthetic,Risk Factor AD synthetic row 0170,Region 4B,68208,1579,8369,3468,12829,0,0,2868,152,402,2831,3111,2830
3rd Quarter 2025,Synthetic,Risk Factor AD synthetic row 0171,Pasay City,10823,94,0,114,264,312,133,312,249,0,0,187,0
1st Quarter 2025,Synthetic,Risk Factor AD synthetic row 0172,Region 5,1,0,0,0,0,0,1,0,0,0,0,0,0
2nd Quarter 2025,Synthetic,Risk Factor AD synthetic row 0173,Surigao del Norte,27069,411,2735,912,0,4281,1417,3173,1263,284,470,933,0
1st Quarter 2025,Synthetic,Risk Factor AD synthetic row 0174,Region 8,153941,6696,0,0,19169,0,649,3325,2686,13518,0,0,62
3rd Quarter 2025,Synthetic,Risk Factor AD synthetic row 0175,Davao Occidental,25344,735,3611,745,3512,1475,311,183,2430,3082,1862,166,343
2nd Quarter 2025,Synthetic,Risk Factor AD synthetic row 0176,Nueva Vizcaya,54458,477,2286,0,1579,607,0,0,1303,1784,198,0,1811
1st Quarter 2025,Synthetic,Risk Factor AD synthetic row 0177,Bohol,33014,222,545,2291,0,1596,1746,3109,244,21391,1510,9606,740
2nd Quarter 2025,Synthetic,Risk Factor AD synthetic row 0178,Bukidnon,85880,2261,0,473,7590,0,0,6676,1021,928,0,1276,1521
3rd Quarter 2025,Synthetic,Risk Factor AD synthetic row 0179,City of Olongapo,10159,0,1,346,701,0,138,295,224,311,56,0,0
2nd Quarter 2025,Synthetic,Risk Factor AD synthetic row 0180,Eastern Samar,29650,38,334,3365,1203,238,0,72,109,1210,128,371,357
1st Quarter 2025,Synthetic,Risk Factor AD synthetic row 0181,Basilan,1,0,0,0,0,0,0,0,0,1,1,0,0
3rd Quarter 2025,Synthetic,Risk Factor AD synthetic row 0182,City of Lucena,17126,0,1182,168,1662,145,0,146,0,144,131,0,0
1st Quarter 2025,Synthetic,Risk Factor AD synthetic row 0183,Maguindanao del Norte,20281,0,83,0,41,0,0,14,117,1081,1335,0,0
2nd Quarter 2025,Synthetic,Risk Factor AD synthetic row 0184,Zamboanga Sibugay,34500,0,7,1314,2896,761,212,0,977,858,827,246,0
1st Quarter 2025,Synthetic,Risk Factor AD synthetic row 0185,Region 4A,719996,38779,73048,0,0,0,0,42442,129914,137067,87723,0,96731
3rd Quarter 2025,Synthetic,Risk Factor AD synthetic row 0186,Misamis Occidental,27014,0,0,927,629,0,0,116,215,914,533,158,0
1st Quarter 2025,Synthetic,Risk Factor AD synthetic row 0187,City of General Santos,31679,137,589,306,0,0,174,113,1060,0,2590,7503,0
3rd Quarter 2025,Synthetic,Risk Factor AD synthetic row 0188,Negros Occidental,37028,521,5637,1279,6198,0,0,0,53,956,1868,192,235
2nd Quarter 2025,Synthetic,Risk Factor AD synthetic row 0189,Northern Samar,12769,136,571,1205,2030,0,233,0,131,0,1197,105,0
1st Quarter 2025,Synthetic,Risk Factor AD synthetic row 0190,Isabela,35020,53,2492,279,2078,17,2303,1739,3394,0,914,424,0
1st Quarter 2025,Synthetic,Risk Factor AD synthetic row 0191,Region 1,301169,5498,43347,20035,4270,0,0,0,2656,239,9054,0,0
3rd Quarter 2025,Synthetic,Risk Factor AD synthetic row 0192,City of Muntinlupa,31293,690,645,2205,1340,75,0,198,0,0,0,133,307
3rd Quarter 2025,Synthetic,Risk Factor AD synthetic row 0193,Ifugao,29010,0,320,352,3589,0,131,0,0,0,3380,2088,1073
2nd Quarter 2025,Synthetic,Risk Factor AD synthetic row 0194,Caraga,103023,667,6739,0,17173,5320,6135,951,5232,2759,0,2900,1146
1st Quarter 2025,Synthetic,Risk Factor AD synthetic row 0195,La Union,62037,1866,0,3285,3418,0,1055,0,0,0,6919,391,970
3rd Quarter 2025,Synthetic,Risk Factor AD synthetic row 0196,BARMM,98453,90411,0,977,1100,0,98453,1605,2130,98453,5183,81330,91978
3rd Quarter 2025,Synthetic,Risk Factor AD synthetic row 0197,Special Geographic Area (SGA),1,0,0,0,0,1,0,0,0,1,0,0,0
1st Quarter 2025,Synthetic,Risk Factor AD synthetic row 0198,Region 3,1,0,0,0,0,0,0,0,0,0,0,0,0
1st Quarter 2025,Synthetic,Risk Factor AD synthetic row 0199,Bulacan,24635,788,2696,374,2899,900,228,1118,359,2168,1746,188,476
3rd Quarter 2025,Synthetic,Risk Factor AD synthetic row 0200,City of Muntinlupa,12566,0,346,892,71,89,136,0,0,0,1177,40,53
1st Quarter 2025,Synthetic,Risk Factor AD synthetic row 0201,Mountain Province,22508,0,0,0,383,0,0,0,0,2566,1192,276,1023
2nd Quarter 2025,Synthetic,Risk Factor AD synthetic row 0202,Region 1,1,0,0,0,0,0,0,0,0,0,0,0,0
3rd Quarter 2025,Synthetic,Risk Factor AD synthetic row 0203,Davao de Oro,48972,2013,6963,0,8756,0,7189,0,3113,18165,2434,1286,631
1st Quarter 2025,Synthetic,Risk Factor AD synthetic row 0204,Iloilo,192761,0,28313,4423,21643,1435,1110,917,0,8399,7199,0,1345
3rd Quarter 2025,Synthetic,Risk Factor AD synthetic row 0205,Batanes,26172,160,2339,5212,5534,3263,1052,2896,2043,1843,855,2,2700
3rd Quarter 2025,Synthetic,Risk Factor AD synthetic row 0206,Misamis Oriental,19842,118,188,0,0,0,787,0,1187,0,260,455,297
3rd Quarter 2025,Synthetic,Risk Factor AD synthetic row 0207,City of Cagayan De Oro,48936,46,4447,4316,5340,301,387,0,0,100,0,0,258
1st Quarter 2025,Synthetic,Risk Factor AD synthetic row 0208,Bataan,76904,383,4564,1800,3320,422,364,1007,0,3329,1470,1509,0
2nd Quarter 2025,Synthetic,Risk Factor AD synthetic row 0209,Nueva Ecija,382931,15575,54788,29815,49214,7481,0,16250,6535,26816,11262,6158,14996
1st Quarter 2025,Synthetic,Risk Factor AD synthetic row 0210,Siquijor,3959,0,445,0,526,18,0,0,34,63,378,25,60
1st Quarter 2025,Synthetic,Risk Factor AD synthetic row 0211,City of Manila,44231,0,136,338,393,0,215,0,408,1662,0,0,78
1st Quarter 2025,Synthetic,Risk Factor AD synthetic row 0212,Basilan,1,1,0,0,0,0,0,0,0,0,0,0,1
3rd Quarter 2025,Synthetic,Risk Factor AD synthetic row 0213,City of Santiago,24744,236,2128,95,156,1303,104,1771,163,1371,1210,506,0
1st Quarter 2025,Synthetic,Risk Factor AD synthetic row 0214,City of San Juan,3737,34,0,13,0,15,0,0,16,1555,0,23,0
1st Quarter 2025,Synthetic,Risk Factor AD synthetic row 0215,Special Geographic Area (SGA),1,0,0,1,0,1,0,1,1,0,0,0,0
3rd Quarter 2025,Synthetic,Risk Factor AD synthetic row 0216,Catanduanes,13816,0,0,2631,4071,6991,89,713,362,0,4109,475,0
2nd Quarter 2025,Synthetic,Risk Factor AD synthetic row 0217,City of Mandaue,7985,127,378,19,124,23,83,1159,72,18,49,117,0
2nd Quarter 2025,Synthetic,Risk Factor AD synthetic row 0218,Masbate,25041,1695,5840,3423,0,1615,202,3179,2272,2039,9855,631,0
3rd Quarter 2025,Synthetic,Risk Factor AD synthetic row 0219,Lanao del Sur,24100,0,0,24100,409,0,17784,984,348,22531,1530,24100,488
3rd Quarter 2025,Synthetic,Risk Factor AD synthetic row 0220,Bukidnon,107474,511,61,5705,713,5764,0,8239,6055,3244,0,0,0
1st Quarter 2025,Synthetic,Risk Factor AD synthetic row 0221,Aurora,14477,345,691,1706,0,864,669,1370,1073,695,0,825,494
3rd Quarter 2025,Synthetic,Risk Factor AD synthetic row 0222,Siquijor,10435,228,834,0,1418,4,0,150,0,145,922,0,0
3rd Quarter 2025,Synthetic,Risk Factor AD synthetic row 0223,Masbate,19856,1661,2921,389,115,1065,0,2206,16,4511,6515,0,0
1st Quarter 2025,Synthetic,Risk Factor AD synthetic row 0224,BARMM,89762,89762,13586,324,3461,0,635,587,1069,10105,4751,89762,2276
2nd Quarter 2025,Synthetic,Risk Factor AD synthetic row 0225,Eastern Samar,15098,123,420,1572,1511,209,0,206,108,0,596,145,275
2nd Quarter 2025,Synthetic,Risk Factor AD synthetic row 0226,Iloilo,25200,918,3303,1098,1339,233,646,0,0,216,1300,0,34
3rd Quarter 2025,Synthetic,Risk Factor AD synthetic row 0227,Tawi-Tawi,26184,0,6725,0,1800,2096,104,344,22693,26184,26184,25855,607
3rd Quarter 2025,Synthetic,Risk Factor AD synthetic row 0228,Cagayan,25480,538,235,100,2240,50,1532,2604,0,1253,1222,842,173
2nd Quarter 2025,Synthetic,Risk Factor AD synthetic row 0229,Region 4B,69056,3584,9008,3225,14652,1937,920,1736,2474,7616,5089,4329,372
3rd Quarter 2025,Synthetic,Risk Factor AD synthetic row 0230,Davao Occidental,13820,1057,18,292,1837,2068,1201,1661,1260,2102,905,207,158
2nd Quarter 2025,Synthetic,Risk Factor AD synthetic row 0231,Palawan,31601,1126,3706,1661,3622,800,826,819,872,1169,1460,0,310
1st Quarter 2025,Synthetic,Risk Factor AD synthetic row 0232,City of Iligan,14087,0,0,849,1593,177,0,102,0,1007,168,896,0
2nd Quarter 2025,Synthetic,Risk Factor AD synthetic row 0233,Pangasinan,34573,967,2112,848,2170,100,106,314,0,429,33670,0,0
3rd Quarter 2025,Synthetic,Risk Factor AD synthetic row 0234,City of Davao,156625,3554,13582,15270,17729,0,789,36030,9961,10214,9765,0,158
3rd Quarter 2025,Synthetic,Risk Factor AD synthetic row 0235,Davao del Sur,31450,82,3392,3061,2295,4693,0,19515,126,5541,3075,287,0
2nd Quarter 2025,Synthetic,Risk Factor AD synthetic row 0236,Mountain Province,21989,0,483,95,1413,0,366,366,235,0,1282,500,0
1st Quarter 2025,Synthetic,Risk Factor AD synthetic row 0237,Negros Oriental,26957,744,2732,767,1332,969,1154,0,0,1305,1634,206,237
3rd Quarter 2025,Synthetic,Risk Factor AD synthetic row 0238,Misamis Oriental,46052,0,0,1962,846,0,0,191,515,685,1687,0,1270
2nd Quarter 2025,Synthetic,Risk Factor AD synthetic row 0239,City of Mandaluyong,32479,336,249,1192,1024,3900,0,2725,1049,9611,196,0,643
1st Quarter 2025,Synthetic,Risk Factor AD synthetic row 0240,Bukidnon,49931,794,0,0,4716,0,91,0,0,2547,0,409,185
1st Quarter 2025,Synthetic,Risk Factor AD synthetic row 0241,Region 2,426973,928,30506,9451,30010,5359,0,29678,27705,0,17848,6472,12523
3rd Quarter 2025,Synthetic,Risk Factor AD synthetic row 0242,Basilan,29516,919,4191,18247,0,41,196,1198,894,1201,29516,171,710
2nd Quarter 2025,Synthetic,Risk Factor AD synthetic row 0243,Iloilo,29326,218,1344,214,4918,0,440,0,294,1117,147,0,0
2nd Quarter 2025,Synthetic,Risk Factor AD synthetic row 0244,NIR,1,0,0,0,0,0,0,0,0,0,0,0,1
2nd Quarter 2025,Synthetic,Risk Factor AD synthetic row 0245,La Union,70614,0,0,3455,9376,271,0,674,414,4323,2894,0,731
1st Quarter 2025,Synthetic,Risk Factor AD synthetic row 0246,City of Angeles,24788,1603,3422,310,2520,218,1038,163,0,1514,482,232,821
1st Quarter 2025,Synthetic,Risk Factor AD synthetic row 0247,City of Makati,27218,0,1019,385,0,209,0,134,0,1464,1701,9714,0
3rd Quarter 2025,Synthetic,Risk Factor AD synthetic row 0248,Zamboanga Sibugay,78721,0,0,2877,7302,154,1179,2134,2339,0,2510,1668,1016
2nd Quarter 2025,Synthetic,Risk Factor AD synthetic row 0249,Sultan Kudarat,26967,310,3726,0,4246,514,224,0,705,312,0,1218,0
3rd Quarter 2025,Synthetic,Risk Factor AD synthetic row 0250,Davao del Sur,50677,3637,7439,1485,9216,5770,0,20237,340,4227,4041,0,0
3rd Quarter 2025,Synthetic,Risk Factor AD synthetic row 0251,City of Iloilo,38320,103,1170,956,994,0,1103,0,0,0,645,117,17
2nd Quarter 2025,Synthetic,Risk Factor AD synthetic row 0252,Davao del Norte,22943,671,98,248,0,371,1302,1988,2971,6177,1775,0,101
3rd Quarter 2025,Synthetic,Risk Factor AD synthetic row 0253,CAR,100433,170,366,1950,1056,1345,0,2623,287,18340,0,3094,0
1st Quarter 2025,Synthetic,Risk Factor AD synthetic row 0254,NCR,1,0,0,0,0,0,0,0,0,1,0,0,0
3rd Quarter 2025,Synthetic,Risk Factor AD synthetic row 0255,City of Marikina,30357,1347,2957,1935,396,6412,3716,0,0,0,897,2511,1208
3rd Quarter 2025,Synthetic,Risk Factor AD synthetic row 0256,Maguindanao del Sur,45580,0,0,0,390,369,0,0,0,2028,45094,88,626
3rd Quarter 2025,Synthetic,Risk Factor AD synthetic row 0257,Pampanga,27263,0,2670,620,0,0,1173,1119,1158,0,0,217,525
2nd Quarter 2025,Synthetic,Risk Factor AD synthetic row 0258,Lanao del Norte,23935,0,165,742,2236,0,0,0,102,88,0,0,0
3rd Quarter 2025,Synthetic,Risk Factor AD synthetic row 0259,Abra,13882,211,0,533,0,196,0,0,0,1376,109,0,622
1st Quarter 2025,Synthetic,Risk Factor AD synthetic row 0260,Bukidnon,89410,0,791,5809,5997,2095,4992,6274,0,1390,0,1584,690
1st Quarter 2025,Synthetic,Risk Factor AD synthetic row 0261,City of Pasig,46495,1250,395,2474,2456,0,141,199,0,4417,7813,474,0
3rd Quarter 2025,Synthetic,Risk Factor AD synthetic row 0262,City of Cebu,31190,5580,2028,13217,3950,3402,13978,5006,19217,2207,2207,1397,1285
1st Quarter 2025,Synthetic,Risk Factor AD synthetic row 0263,City of Marikina,5308,103,398,404,418,1132,429,1107,101,60,427,660,24
2nd Quarter 2025,Synthetic,Risk Factor AD synthetic row 0264,Camarines Norte,76365,353,0,5365,2743,1612,0,4033,697,8381,2836,3954,877
1st Quarter 2025,Synthetic,Risk Factor AD synthetic row 0265,Zambales,119756,255,1544,5279,6372,3664,0,4165,1594,519,0,1420,1554
1st Quarter 2025,Synthetic,Risk Factor AD synthetic row 0266,Masbate,27854,2088,8123,0,0,0,323,418,0,2269,12752,143,450
1st Quarter 2025,Synthetic,Risk Factor AD synthetic row 0267,Basilan,6056,160,22,0,0,273,316,0,0,242,109,0,0
2nd Quarter 2025,Synthetic,Risk Factor AD synthetic row 0268,Davao del Sur,27562,1885,3447,2515,0,4160,66,653,1664,2868,2785,0,98
3rd Quarter 2025,Synthetic,Risk Factor AD synthetic row 0269,City of Dagupan,4556,0,378,285,559,0,0,0,0,177,185,17,0
1st Quarter 2025,Synthetic,Risk Factor AD synthetic row 0270,Region 2,285852,8915,0,0,28359,2883,8486,23396,17965,14890,14542,2245,0
2nd Quarter 2025,Synthetic,Risk Factor AD synthetic row 0271,Tarlac,97901,4469,700,3254,5100,820,320,1489,0,5201,1168,0,1144
1st Quarter 2025,Synthetic,Risk Factor AD synthetic row 0272,Davao del Sur,28199,523,1783,1069,127,13047,5293,894,1729,0,2164,48,0
3rd Quarter 2025,Synthetic,Risk Factor AD synthetic row 0273,City of Tacloban,16187,0,1021,1557,859,9,313,0,149,166,82,0,0
1st Quarter 2025,Synthetic,Risk Factor AD synthetic row 0274,Capiz,136445,3568,629,2666,12931,0,2361,11788,9250,3659,0,2862,845
3rd Quarter 2025,Synthetic,Risk Factor AD synthetic row 0275,City of Makati,30752,76,0,597,596,113,0,237,0,486,0,0,2549
1st Quarter 2025,Synthetic,Risk Factor AD synthetic row 0276,Quirino,28500,158,895,503,1313,1827,1738,2303,496,0,1524,15,0
1st Quarter 2025,Synthetic,Risk Factor AD synthetic row 0277,City of San Juan,25853,419,566,722,2026,0,0,0,0,81,96,0,0
1st Quarter 2025,Synthetic,Risk Factor AD synthetic row 0278,Biliran,3993,26,311,484,486,0,275,422,161,364,284,29,61
3rd Quarter 2025,Synthetic,Risk Factor AD synthetic row 0279,Bukidnon,25030,0,21,2361,5134,0,92,1417,0,10,24,367,421
2nd Quarter 2025,Synthetic,Risk Factor AD synthetic row 0280,Basilan,5329,0,676,4859,0,53,98,209,0,5173,103,5014,5329
2nd Quarter 2025,Synthetic,Risk Factor AD synthetic row 0281,Ifugao,11937,151,313,64,0,0,0,0,7,1837,26,0,0
2nd Quarter 2025,Synthetic,Risk Factor AD synthetic row 0282,City of Angeles,13110,881,1365,1074,1228,0,184,196,242,688,464,70,50
3rd Quarter 2025,Synthetic,Risk Factor AD synthetic row 0283,Dinagat Islands,3554,67,26,200,573,0,152,5,0,72,163,59,16
1st Quarter 2025,Synthetic,Risk Factor AD synthetic row 0284,City of Lapu-Lapu,28001,0,0,655,2723,0,382,1734,1079,615,3158,839,0
1st Quarter 2025,Synthetic,Risk Factor AD synthetic row 0285,Nueva Vizcaya,27113,145,302,0,900,846,99,571,548,952,305,0,234
1st Quarter 2025,Synthetic,Risk Factor AD synthetic row 0286,Region 9,217980,4493,30722,8772,21988,3233,6228,751,10934,0,6764,2461,0
3rd Quarter 2025,Synthetic,Risk Factor AD synthetic row 0287,Davao del Sur,41849,2608,5370,1830,6491,14072,3071,3430,7572,10467,0,0,359
1st Quarter 2025,Synthetic,Risk Factor AD synthetic row 0288,Occidental Mindoro,19250,848,193,1295,7521,1040,48,2312,148,455,778,291,0
2nd Quarter 2025,Synthetic,Risk Factor AD synthetic row 0289,Sorsogon,44784,889,0,0,451,1172,0,396,0,4495,4016,0,0
3rd Quarter 2025,Synthetic,Risk Factor AD synthetic row 0290,Pasay City,14514,0,54,0,52,0,62,126,0,111,0,0,117
3rd Quarter 2025,Synthetic,Risk Factor AD synthetic row 0291,City of Parañaque,28846,145,129,1045,202,1470,593,252,431,0,0,5,188
2nd Quarter 2025,Synthetic,Risk Factor AD synthetic row 0292,Special Geographic Area (SGA),7713,310,1387,106,106,0,7713,7152,5440,445,342,7713,59
2nd Quarter 2025,Synthetic,Risk Factor AD synthetic row 0293,City of Iloilo,40945,282,1681,600,1753,1355,0,1370,1,780,1213,0,0
2nd Quarter 2025,Synthetic,Risk Factor AD synthetic row 0294,Quezon,43411,1277,0,3247,5255,0,2561,0,210,7053,4071,2965,0
1st Quarter 2025,Synthetic,Risk Factor AD synthetic row 0295,City of Marikina,2306,47,153,157,155,517,187,12,0,473,0,307,192
1st Quarter 2025,Synthetic,Risk Factor AD synthetic row 0296,City of Butuan,39681,2400,2485,567,4278,97,0,96,87,2198,0,701,99
3rd Quarter 2025,Synthetic,Risk Factor AD synthetic row 0297,Biliran,36650,1146,3112,5082,336,779,965,2674,1376,5069,1561,294,40
1st Quarter 2025,Synthetic,Risk Factor AD synthetic row 0298,City of Manila,101653,0,27,3869,870,379,0,240,888,1301,277,0,728
3rd Quarter 2025,Synthetic,Risk Factor AD synthetic row 0299,Nueva Vizcaya,28518,398,1027,624,327,720,483,293,926,1077,92,98,361
1st Quarter 2025,Synthetic,Risk Factor AD synthetic row 0300,Palawan,28135,359,3024,0,3644,0,131,327,1264,306,1461,0,0
2nd Quarter 2025,Synthetic,Risk Factor AD synthetic row 0301,Masbate,14890,698,3657,0,5597,0,0,23,49,2448,6405,121,0
2nd Quarter 2025,Synthetic,Risk Factor AD synthetic row 0302,Region 3,883633,21960,61627,30159,5188,12823,0,0,19231,28239,4628,4514,8097
1st Quarter 2025,Synthetic,Risk Factor AD synthetic row 0303,City of Iligan,16558,0,1458,797,2127,79,14,0,52,0,0,544,326
3rd Quarter 2025,Synthetic,Risk Factor AD synthetic row 0304,Masbate,31399,357,10664,3571,10632,1786,300,0,20,5458,13102,0,234
3rd Quarter 2025,Synthetic,Risk Factor AD synthetic row 0305,City of Caloocan,30899,0,0,22,0,0,0,1367,0,193,0,600,0
2nd Quarter 2025,Synthetic,Risk Factor AD synthetic row 0306,City of General Santos,7974,36,99,23,40,0,322,0,0,193,167,88,382
2nd Quarter 2025,Synthetic,Risk Factor AD synthetic row 0307,Cagayan,37528,1011,2705,1350,5243,2293,2357,2577,2228,3074,0,441,826
2nd Quarter 2025,Synthetic,Risk Factor AD synthetic row 0308,City of Bacolod,8186,66,336,582,501,0,136,0,0,0,28,96,68
2nd Quarter 2025,Synthetic,Risk Factor AD synthetic row 0309,CAR,105691,214,2501,1194,10639,0,548,0,635,22471,811,0,0
3rd Quarter 2025,Synthetic,Risk Factor AD synthetic row 0310,Zambales,61875,574,0,461,3318,49,0,1680,0,1179,1877,266,0
2nd Quarter 2025,Synthetic,Risk Factor AD synthetic row 0311,City of Naga,2032,16,245,123,163,186,30,214,91,0,133,95,24
3rd Quarter 2025,Synthetic,Risk Factor AD synthetic row 0312,City of Cagayan De Oro,58292,336,0,5297,762,0,370,62,0,746,0,0,0
1st Quarter 2025,Synthetic,Risk Factor AD synthetic row 0313,Ormoc City,13480,414,322,554,1236,0,203,0,0,1451,918,190,0
2nd Quarter 2025,Synthetic,Risk Factor AD synthetic row 0314,Zamboanga del Sur,78767,1125,12156,0,0,0,1819,3378,3079,3320,2647,1006,951
2nd Quarter 2025,Synthetic,Risk Factor AD synthetic row 0315,Isabela,37046,93,2143,998,0,1880,3040,1873,0,2393,1228,473,181
1st Quarter 2025,Synthetic,Risk Factor AD synthetic row 0316,CAR,107659,2640,3510,1554,797,0,0,0,19,21859,4774,20641,3082
3rd Quarter 2025,Synthetic,Risk Factor AD synthetic row 0317,Agusan del Sur,37157,2012,48,2324,0,479,0,2965,0,2501,2123,1645,0
3rd Quarter 2025,Synthetic,Risk Factor AD synthetic row 0318,Pangasinan,129582,955,10587,95559,7293,0,1237,1712,1906,3077,117575,0,835
3rd Quarter 2025,Synthetic,Risk Factor AD synthetic row 0319,Antique,33834,1109,2335,716,3478,865,229,641,259,1672,0,2,0
3rd Quarter 2025,Synthetic,Risk Factor AD synthetic row 0320,Ifugao,9843,40,222,476,924,0,0,0,0,1623,1112,1555,0
2nd Quarter 2025,Synthetic,Risk Factor AD synthetic row 0321,Isabela,30993,0,0,0,2724,2987,11,0,374,1385,534,237,0
1st Quarter 2025,Synthetic,Risk Factor AD synthetic row 0322,City of Cebu,19464,452,1269,1577,1703,2245,1125,12018,1192,2095,0,0,0
1st Quarter 2025,Synthetic,Risk Factor AD synthetic row 0323,City of Iloilo,30734,0,951,1101,840,0,0,1042,44,0,579,214,357
2nd Quarter 2025,Synthetic,Risk Factor AD synthetic row 0324,Region 11,209090,5353,762,0,31826,43337,0,48596,0,32873,5758,2040,3487
3rd Quarter 2025,Synthetic,Risk Factor AD synthetic row 0325,Pampanga,121423,3371,7100,4485,10701,4981,2399,3791,2452,1219,897,0,1615
3rd Quarter 2025,Synthetic,Risk Factor AD synthetic row 0326,Quezon,28628,755,0,2281,104,203,0,5117,63,4516,61,128,1862
2nd Quarter 2025,Synthetic,Risk Factor AD synthetic row 0327,Pampanga,109560,3610,5508,0,7859,4074,6192,3996,4032,2531,1666,434,0
1st Quarter 2025,Synthetic,Risk Factor AD synthetic row 0328,City of Baguio,11138,426,280,703,6,0,236,22,48,82,0,74,652
1st Quarter 2025,Synthetic,Risk Factor AD synthetic row 0329,Romblon,12089,262,1254,43,1723,0,253,488,104,1659,101,583,158
2nd Quarter 2025,Synthetic,Risk Factor AD synthetic row 0330,Mountain Province,27994,0,106,65,2447,0,0,0,0,0,0,4379,0
2nd Quarter 2025,Synthetic,Risk Factor AD synthetic row 0331,City of Isabela,15689,59,123,75,1181,135,288,581,0,1513,296,191,115
1st Quarter 2025,Synthetic,Risk Factor AD synthetic row 0332,Samar,17759,334,2982,0,3383,193,0,288,2,791,156,145,2
1st Quarter 2025,Synthetic,Risk Factor AD synthetic row 0333,Guimaras,27575,186,2747,0,788,251,371,0,760,694,2600,0,630
3rd Quarter 2025,Synthetic,Risk Factor AD synthetic row 0334,Eastern Samar,15239,0,705,0,0,22,0,335,41,0,405,0,185
3rd Quarter 2025,Synthetic,Risk Factor AD synthetic row 0335,Ilocos Sur,85815,1918,4658,809,0,0,0,1995,415,10583,3676,1183,685
1st Quarter 2025,Synthetic,Risk Factor AD synthetic row 0336,La Union,87692,2708,2233,0,12421,706,1904,0,1426,5897,13492,1186,0
2nd Quarter 2025,Synthetic,Risk Factor AD synthetic row 0337,Catanduanes,14754,513,1159,0,5016,6397,4025,15,373,1060,3991,116,0
1st Quarter 2025,Synthetic,Risk Factor AD synthetic row 0338,City of Lapu-Lapu,16371,471,1220,167,0,862,488,1368,1545,3183,540,380,331
2nd Quarter 2025,Synthetic,Risk Factor AD synthetic row 0339,Antique,26889,321,1683,492,2976,341,0,0,0,136,347,0,0
1st Quarter 2025,Synthetic,Risk Factor AD synthetic row 0340,Pasay City,14907,26,48,224,0,0,3,0,92,261,290,0,0
3rd Quarter 2025,Synthetic,Risk Factor AD synthetic row 0341,City of Marikina,2142,46,145,49,160,482,143,544,272,332,28,0,180
3rd Quarter 2025,Synthetic,Risk Factor AD synthetic row 0342,Quirino,22145,377,72,916,1002,1130,872,0,1209,105,907,271,190
1st Quarter 2025,Synthetic,Risk Factor AD synthetic row 0343,City of Naga,2485,61,261,120,231,181,49,163,0,449,15,6,23
2nd Quarter 2025,Synthetic,Risk Factor AD synthetic row 0344,Mountain Province,18843,0,380,0,766,45,171,50,130,2602,681,0,0
1st Quarter 2025,Synthetic,Risk Factor AD synthetic row 0345,Dinagat Islands,30894,819,634,2769,2834,0,68,2939,0,0,147,58,0
1st Quarter 2025,Synthetic,Risk Factor AD synthetic row 0346,Surigao del Sur,51218,382,4872,4845,9682,2397,696,6246,3850,9476,1730,2599,1810
1st Quarter 2025,Synthetic,Risk Factor AD synthetic row 0347,Batanes,3234,56,6,67,375,110,105,461,423,0,25,331,316
2nd Quarter 2025,Synthetic,Risk Factor AD synthetic row 0348,Region 9,1,0,0,0,0,0,0,0,0,0,1,0,0
3rd Quarter 2025,Synthetic,Risk Factor AD synthetic row 0349,City of Mandaluyong,15593,675,825,858,821,0,0,1277,1113,144,403,141,40
1st Quarter 2025,Synthetic,Risk Factor AD synthetic row 0350,Nueva Ecija,27016,1622,0,749,4096,1022,527,470,1055,757,349,493,417
3rd Quarter 2025,Synthetic,Risk Factor AD synthetic row 0351,Southern Leyte,27223,1026,3590,346,4350,174,0,0,0,79,3474,6,11
2nd Quarter 2025,Synthetic,Risk Factor AD synthetic row 0352,Region 10,119135,0,6356,2528,10288,0,260,0,2483,2165,414,280,235
1st Quarter 2025,Synthetic,Risk Factor AD synthetic row 0353,Region 4A,1380705,41236,185020,11947,0,0,42177,2881,0,250941,160086,22590,23800
1st Quarter 2025,Synthetic,Risk Factor AD synthetic row 0354,Dinagat Islands,23481,0,2625,2205,3652,282,141,0,177,0,1384,0,243
1st Quarter 2025,Synthetic,Risk Factor AD synthetic row 0355,Bulacan,276310,0,0,0,30442,10029,11061,11398,13334,22755,18245,8330,2883
2nd Quarter 2025,Synthetic,Risk Factor AD synthetic row 0356,Camiguin,3710,29,18,162,78,0,0,116,33,0,11,11,0
3rd Quarter 2025,Synthetic,Risk Factor AD synthetic row 0357,Misamis Occidental,27309,197,263,373,0,370,316,0,542,0,319,0,0
3rd Quarter 2025,Synthetic,Risk Factor AD synthetic row 0358,Region 10,101092,2281,987,2500,8932,30,1872,0,0,106,1269,1477,0
1st Quarter 2025,Synthetic,Risk Factor AD synthetic row 0359,Cagayan,82708,3443,12304,3377,1592,3654,2831,7491,412,7630,7257,570,1138
3rd Quarter 2025,Synthetic,Risk Factor AD synthetic row 0360,Negros Oriental,59422,739,4367,3570,5461,5248,2213,0,0,6254,967,4819,1890
2nd Quarter 2025,Synthetic,Risk Factor AD synthetic row 0361,Region 3,1,0,0,0,0,0,0,0,0,0,0,0,0
2nd Quarter 2025,Synthetic,Risk Factor AD synthetic row 0362,Dinagat Islands,35440,1376,0,2587,0,0,15,0,0,0,2611,71,1031
1st Quarter 2025,Synthetic,Risk Factor AD synthetic row 0363,Surigao del Norte,35211,624,3443,0,2532,85,175,5353,2301,5841,1307,1456,396
3rd Quarter 2025,Synthetic,Risk Factor AD synthetic row 0364,NCR,796549,0,11053,0,6319,10353,14198,8180,6487,0,0,0,11341
1st Quarter 2025,Synthetic,Risk Factor AD synthetic row 0365,Nueva Ecija,130265,614,2192,4919,18645,3632,3041,3497,2428,0,2812,1280,2887
3rd Quarter 2025,Synthetic,Risk Factor AD synthetic row 0366,Region 7,375819,19365,0,16930,30824,0,12694,57581,62985,15074,57901,31112,22164
2nd Quarter 2025,Synthetic,Risk Factor AD synthetic row 0367,Palawan,28100,147,2779,0,2874,882,416,1438,243,0,1148,938,1341
3rd Quarter 2025,Synthetic,Risk Factor AD synthetic row 0368,Aurora,14011,82,1160,1488,2692,907,0,1579,10,845,699,615,252
2nd Quarter 2025,Synthetic,Risk Factor AD synthetic row 0369,Negros Occidental,26069,1304,5598,109,1727,0,0,18,0,0,853,268,0
2nd Quarter 2025,Synthetic,Risk Factor AD synthetic row 0370,Biliran,4140,102,0,457,567,258,141,250,232,562,140,4,53
1st Quarter 2025,Synthetic,Risk Factor AD synthetic row 0371,Basilan,9613,9613,1195,0,11,7895,9613,424,160,9613,9613,8881,47
1st Quarter 2025,Synthetic,Risk Factor AD synthetic row 0372,Ilocos Norte,36009,353,2260,0,579,0,272,651,131,1715,1448,0,465
2nd Quarter 2025,Synthetic,Risk Factor AD synthetic row 0373,City of San Juan,3059,44,43,0,238,32,76,2,0,28,837,0,25
1st Quarter 2025,Synthetic,Risk Factor AD synthetic row 0374,Bataan,23926,349,1990,151,552,199,96,636,919,718,130,0,190
1st Quarter 2025,Synthetic,Risk Factor AD synthetic row 0375,City of Las Piñas,12691,486,253,1085,842,2287,1678,2490,1329,2396,364,794,965
1st Quarter 2025,Synthetic,Risk Factor AD synthetic row 0376,Region 5,492417,7208,42085,0,38353,853,23937,18916,10253,28084,57101,1974,11416
3rd Quarter 2025,Synthetic,Risk Factor AD synthetic row 0377,Camiguin,6056,0,39,264,0,64,0,2,85,49,0,33,0
3rd Quarter 2025,Synthetic,Risk Factor AD synthetic row 0378,Agusan del Norte,27427,15,2849,1997,3204,2176,2119,111,2117,2902,1942,677,267
3rd Quarter 2025,Synthetic,Risk Factor AD synthetic row 0379,City of Lapu-Lapu,19392,770,1748,1879,795,0,968,980,810,547,2666,443,355
1st Quarter 2025,Synthetic,Risk Factor AD synthetic row 0380,Pangasinan,1,1,1,1,0,0,0,0,0,0,0,0,0
3rd Quarter 2025,Synthetic,Risk Factor AD synthetic row 0381,Maguindanao del Norte,29661,234,3477,52,0,0,80,0,471,1342,0,22,305
3rd Quarter 2025,Synthetic,Risk Factor AD synthetic row 0382,Sorsogon,38496,1333,0,1922,5040,182,0,134,1000,6657,0,104,619
1st Quarter 2025,Synthetic,Risk Factor AD synthetic row 0383,NCR,332022,0,8889,3121,3753,13930,2974,2908,0,14997,12651,0,1157
1st Quarter 2025,Synthetic,Risk Factor AD synthetic row 0384,City of Muntinlupa,20728,116,40,0,0,0,180,759,283,0,1944,0,0
3rd Quarter 2025,Synthetic,Risk Factor AD synthetic row 0385,Lanao del Sur,51083,353,5758,26,51083,2567,41693,0,1413,1944,0,0,1648
2nd Quarter 2025,Synthetic,Risk Factor AD synthetic row 0386,Masbate,40452,286,9200,5165,11251,0,727,5110,417,8401,19610,336,0
1st Quarter 2025,Synthetic,Risk Factor AD synthetic row 0387,Benguet,19791,139,1030,720,1124,215,245,104,0,4702,1584,819,2292
2nd Quarter 2025,Synthetic,Risk Factor AD synthetic row 0388,South Cotabato,25599,0,127,252,2452,0,32,0,266,0,169,2232,0
3rd Quarter 2025,Synthetic,Risk Factor AD synthetic row 0389,Pangasinan,25611,498,25263,659,1592,0,0,466,0,114,998,86,0
3rd Quarter 2025,Synthetic,Risk Factor AD synthetic row 0390,Bataan,65496,1268,4228,338,175,726,682,602,0,4344,1665,287,0
3rd Quarter 2025,Synthetic,Risk Factor AD synthetic row 0391,Dinagat Islands,3790,54,422,346,391,0,49,28,328,691,359,0,29
2nd Quarter 2025,Synthetic,Risk Factor AD synthetic row 0392,Quirino,30603,93,30,177,4323,753,2862,494,2330,0,955,412,506
1st Quarter 2025,Synthetic,Risk Factor AD synthetic row 0393,Region 11,573615,9628,8250,52906,43138,164502,89523,164257,48505,41347,86532,641,10622
3rd Quarter 2025,Synthetic,Risk Factor AD synthetic row 0394,La Union,25861,392,153,1706,1734,280,0,0,162,367,3191,0,55
1st Quarter 2025,Synthetic,Risk Factor AD synthetic row 0395,Palawan,16653,404,2185,432,168,569,66,1017,499,791,690,180,469
3rd Quarter 2025,Synthetic,Risk Factor AD synthetic row 0396,Camiguin,29214,330,0,825,885,0,227,0,11,0,0,0,38
2nd Quarter 2025,Synthetic,Risk Factor AD synthetic row 0397,Marinduque,27333,16,14,1032,877,38,0,0,0,1261,841,611,68
3rd Quarter 2025,Synthetic,Risk Factor AD synthetic row 0398,City of Lapu-Lapu,15079,0,1535,1539,1211,106,542,2752,0,856,1498,32,185
3rd Quarter 2025,Synthetic,Risk Factor AD synthetic row 0399,Bataan,64540,1282,2053,1066,3184,1264,1657,208,866,0,3921,0,83
3rd Quarter 2025,Synthetic,Risk Factor AD synthetic row 0400,Siquijor,4559,43,0,172,316,0,55,41,0,0,412,18,0
2nd Quarter 2025,Synthetic,Risk Factor AD synthetic row 0401,Leyte,27127,1082,3394,2246,3155,0,286,2174,1735,1835,1273,16,289
1st Quarter 2025,Synthetic,Risk Factor AD synthetic row 0402,NIR,158714,0,2301,5673,20809,833,0,0,0,0,7872,2473,0
2nd Quarter 2025,Synthetic,Risk Factor AD synthetic row 0403,Surigao del Sur,32486,1898,3872,3562,8249,3163,399,76,33,1819,1262,360,1310
1st Quarter 2025,Synthetic,Risk Factor AD synthetic row 0404,City of Cagayan De Oro,20572,0,144,1732,4610,254,0,59,0,0,0,141,310
1st Quarter 2025,Synthetic,Risk Factor AD synthetic row 0405,City of Mandaluyong,30248,0,136,100,1789,966,1265,958,689,11710,5566,605,132
2nd Quarter 2025,Synthetic,Risk Factor AD synthetic row 0406,Guimaras,183169,2798,22040,3889,5328,2573,0,0,0,0,10257,5705,0
2nd Quarter 2025,Synthetic,Risk Factor AD synthetic row 0407,Davao de Oro,54521,216,0,0,7366,3459,3493,228,0,9483,109,269,0
3rd Quarter 2025,Synthetic,Risk Factor AD synthetic row 0408,City of Iloilo,52142,197,85,670,1509,1480,701,0,0,1355,1683,0,0
1st Quarter 2025,Synthetic,Risk Factor AD synthetic row 0409,Tawi-Tawi,5711,0,5623,25,288,5711,22,15,4614,256,189,241,0
1st Quarter 2025,Synthetic,Risk Factor AD synthetic row 0410,Eastern Samar,14826,0,699,90,793,125,166,0,0,0,528,65,0
3rd Quarter 2025,Synthetic,Risk Factor AD synthetic row 0411,Maguindanao del Sur,29285,24432,29285,348,29285,0,0,32,81,29049,18728,0,0
2nd Quarter 2025,Synthetic,Risk Factor AD synthetic row 0412,Camarines Norte,25553,518,0,197,2068,488,266,1721,0,1462,2057,1377,316
1st Quarter 2025,Synthetic,Risk Factor AD synthetic row 0413,Region 3,1,0,0,0,0,0,0,0,0,0,1,0,0
1st Quarter 2025,Synthetic,Risk Factor AD synthetic row 0414,Davao del Sur,23611,1091,2704,2011,3987,3072,4081,0,1583,4531,2187,0,0
3rd Quarter 2025,Synthetic,Risk Factor AD synthetic row 0415,City of Lapu-Lapu,47505,2600,3180,4702,7929,428,2001,9064,929,814,0,1987,567
1st Quarter 2025,Synthetic,Risk Factor AD synthetic row 0416,City of Lapu-Lapu,26414,482,2693,1119,2214,1192,3333,4391,2458,1726,0,668,394
2nd Quarter 2025,Synthetic,Risk Factor AD synthetic row 0417,Tarlac,113341,4107,3923,3088,6638,718,0,436,0,4122,4259,0,1938
3rd Quarter 2025,Synthetic,Risk Factor AD synthetic row 0418,Region 4B,74070,194,5920,0,7149,3154,0,4111,1676,0,683,3269,0
3rd Quarter 2025,Synthetic,Risk Factor AD synthetic row 0419,City of Puerto Princesa,11101,840,1483,689,3005,256,8,0,0,4141,2416,794,57
2nd Quarter 2025,Synthetic,Risk Factor AD synthetic row 0420,Region 10,131567,970,79,0,56,1177,0,0,2712,854,674,1903,0
1st Quarter 2025,Synthetic,Risk Factor AD synthetic row 0421,Camiguin,27575,0,91,500,0,0,122,233,0,184,0,0,0
1st Quarter 2025,Synthetic,Risk Factor AD synthetic row 0422,Batanes,2055,68,39,151,461,0,195,222,11,372,155,223,0
2nd Quarter 2025,Synthetic,Risk Factor AD synthetic row 0423,City of Taguig,64345,389,0,5166,545,128,701,664,986,546,0,0,1104
3rd Quarter 2025,Synthetic,Risk Factor AD synthetic row 0424,NCR,370518,4205,0,9643,884,6012,14231,17380,2144,13080,18001,2784,2530
3rd Quarter 2025,Synthetic,Risk Factor AD synthetic row 0425,Pampanga,88069,2108,6448,3384,8253,3829,2270,3671,2454,2266,0,2123,1453
2nd Quarter 2025,Synthetic,Risk Factor AD synthetic row 0426,City of Caloocan,43047,206,0,13,0,236,0,257,224,0,0,281,304
3rd Quarter 2025,Synthetic,Risk Factor AD synthetic row 0427,Davao de Oro,100517,2491,6273,7063,6212,502,881,7792,7731,4472,13088,0,3592
3rd Quarter 2025,Synthetic,Risk Factor AD synthetic row 0428,Antique,32696,731,2970,1143,2588,0,292,805,0,1939,650,7,1
1st Quarter 2025,Synthetic,Risk Factor AD synthetic row 0429,City of Butuan,17199,615,1159,830,2177,24,550,0,12,684,57,134,0
3rd Quarter 2025,Synthetic,Risk Factor AD synthetic row 0430,Mountain Province,16018,0,145,0,703,0,157,8,244,2346,738,1698,0
1st Quarter 2025,Synthetic,Risk Factor AD synthetic row 0431,City of Muntinlupa,21687,479,855,1451,0,15,212,0,0,4164,3913,214,0
2nd Quarter 2025,Synthetic,Risk Factor AD synthetic row 0432,CAR,187064,6798,9111,8612,18329,0,0,324,0,34643,23579,0,20730
1st Quarter 2025,Synthetic,Risk Factor AD synthetic row 0433,Siquijor,4991,51,0,0,774,0,11,49,0,24,0,0,0
1st Quarter 2025,Synthetic,Risk Factor AD synthetic row 0434,City of Parañaque,9441,0,4,0,51,208,0,0,0,317,227,339,37
3rd Quarter 2025,Synthetic,Risk Factor AD synthetic row 0435,Region 4B,1,0,0,0,0,0,0,0,0,0,0,0,0
3rd Quarter 2025,Synthetic,Risk Factor AD synthetic row 0436,Region 10,124774,2321,8382,4485,13568,11,0,5727,0,242,0,1835,0
3rd Quarter 2025,Synthetic,Risk Factor AD synthetic row 0437,City of Cebu,45762,0,1694,1925,0,22255,15980,4757,4788,0,1916,2360,2093
1st Quarter 2025,Synthetic,Risk Factor AD synthetic row 0438,Northern Samar,19242,466,0,862,2832,48,0,151,0,1067,1497,0,0
2nd Quarter 2025,Synthetic,Risk Factor AD synthetic row 0439,City of Naga,2584,91,221,33,15,32,52,23,0,242,31,0,13
3rd Quarter 2025,Synthetic,Risk Factor AD synthetic row 0440,Region 6,582655,514,45729,5961,45491,4338,16312,245,456,0,10712,2806,0
2nd Quarter 2025,Synthetic,Risk Factor AD synthetic row 0441,Misamis Occidental,34105,561,173,695,3347,996,0,0,364,167,739,450,129
3rd Quarter 2025,Synthetic,Risk Factor AD synthetic row 0442,Camiguin,6642,0,0,66,473,0,0,54,11,34,70,130,72
3rd Quarter 2025,Synthetic,Risk Factor AD synthetic row 0443,City of Marikina,2325,0,134,109,189,476,205,397,245,115,79,226,135
1st Quarter 2025,Synthetic,Risk Factor AD synthetic row 0444,Region 8,187710,9420,866,8863,27774,4109,2068,317,1780,19782,1706,598,0
1st Quarter 2025,Synthetic,Risk Factor AD synthetic row 0445,Region 9,1,0,0,0,0,0,1,0,0,0,0,0,0
1st Quarter 2025,Synthetic,Risk Factor AD synthetic row 0446,Eastern Samar,29110,262,1080,1672,4167,0,0,243,241,640,0,0,0
2nd Quarter 2025,Synthetic,Risk Factor AD synthetic row 0447,City of Puerto Princesa,9990,173,2291,800,804,0,88,0,94,1916,0,0,192
1st Quarter 2025,Synthetic,Risk Factor AD synthetic row 0448,Leyte,32831,1261,3839,58,1664,310,233,3012,1400,2875,1536,397,0
2nd Quarter 2025,Synthetic,Risk Factor AD synthetic row 0449,Nueva Vizcaya,26019,548,1352,0,0,0,654,1311,761,458,83,0,0
1st Quarter 2025,Synthetic,Risk Factor AD synthetic row 0450,Zamboanga del Norte,28520,1379,0,408,3087,1603,1584,1725,1886,894,396,631,209
1st Quarter 2025,Synthetic,Risk Factor AD synthetic row 0451,Palawan,36458,360,4570,1300,0,1219,18,0,313,3217,0,1468,1521
2nd Quarter 2025,Synthetic,Risk Factor AD synthetic row 0452,Surigao del Sur,49533,2469,3847,5357,13367,6279,6097,5995,5030,289,1373,2662,1032
1st Quarter 2025,Synthetic,Risk Factor AD synthetic row 0453,City of Parañaque,29409,850,0,808,250,1570,0,1649,255,233,496,62,0
3rd Quarter 2025,Synthetic,Risk Factor AD synthetic row 0454,City of Marikina,25825,0,2332,986,2519,7047,1903,275,3134,1673,0,4931,971
1st Quarter 2025,Synthetic,Risk Factor AD synthetic row 0455,Cavite,367721,13075,21807,16489,24667,3365,14468,0,52048,0,22911,33893,102
1st Quarter 2025,Synthetic,Risk Factor AD synthetic row 0456,Negros Occidental,144619,5801,26639,3480,921,780,1487,802,0,11093,7423,0,479
2nd Quarter 2025,Synthetic,Risk Factor AD synthetic row 0457,Surigao del Sur,28651,1142,5668,0,4492,1677,2340,3524,1801,0,3396,1418,0
2nd Quarter 2025,Synthetic,Risk Factor AD synthetic row 0458,Cavite,190204,7469,11514,0,0,1557,0,0,33567,909,17445,3248,0
2nd Quarter 2025,Synthetic,Risk Factor AD synthetic row 0459,City of Bacolod,7292,302,0,380,982,59,0,0,0,0,767,0,11
1st Quarter 2025,Synthetic,Risk Factor AD synthetic row 0460,Quirino,16238,255,180,0,0,200,843,489,421,361,0,86,191
1st Quarter 2025,Synthetic,Risk Factor AD synthetic row 0461,Quezon,51505,0,9113,7523,9138,1036,0,0,7442,10346,0,0,5887
2nd Quarter 2025,Synthetic,Risk Factor AD synthetic row 0462,Sulu,15974,2,1881,0,58,0,168,0,15,121,15974,0,0
1st Quarter 2025,Synthetic,Risk Factor AD synthetic row 0463,Ilocos Sur,93353,79,424,576,2836,0,0,687,783,3751,2797,0,0
1st Quarter 2025,Synthetic,Risk Factor AD synthetic row 0464,City of San Juan,3514,52,0,17,0,0,0,33,33,0,0,0,57
2nd Quarter 2025,Synthetic,Risk Factor AD synthetic row 0465,Region 2,262743,6951,17445,3267,496,2189,16203,18718,0,0,11353,0,5302
2nd Quarter 2025,Synthetic,Risk Factor AD synthetic row 0466,City of Cotabato,1,0,0,0,0,0,0,0,0,1,0,0,0
2nd Quarter 2025,Synthetic,Risk Factor AD synthetic row 0467,Caraga,124179,2726,19026,8737,14408,5645,5654,15471,10402,18907,8955,2302,623
1st Quarter 2025,Synthetic,Risk Factor AD synthetic row 0468,Leyte,32384,0,5122,2775,4037,0,0,2521,0,0,1583,450,206
1st Quarter 2025,Synthetic,Risk Factor AD synthetic row 0469,Benguet,34883,639,1823,610,2644,0,0,0,0,0,4450,0,0
1st Quarter 2025,Synthetic,Risk Factor AD synthetic row 0470,City of General Santos,7883,100,210,114,477,660,436,11,120,690,453,1616,966
1st Quarter 2025,Synthetic,Risk Factor AD synthetic row 0471,Aklan,29353,318,1287,933,1503,86,0,1280,510,4515,2208,0,234
1st Quarter 2025,Synthetic,Risk Factor AD synthetic row 0472,City of Caloocan,43155,0,0,191,0,0,0,2522,859,0,3453,277,0
2nd Quarter 2025,Synthetic,Risk Factor AD synthetic row 0473,Bukidnon,117044,1370,0,8720,23672,1617,0,0,0,3603,3849,222,1314
1st Quarter 2025,Synthetic,Risk Factor AD synthetic row 0474,Occidental Mindoro,10359,677,1324,424,1143,720,305,976,499,302,228,0,44
1st Quarter 2025,Synthetic,Risk Factor AD synthetic row 0475,Region 5,165106,5746,21259,6870,12629,8678,4124,4677,6393,24807,21120,0,227
3rd Quarter 2025,Synthetic,Risk Factor AD synthetic row 0476,Quezon,56661,1960,6034,8605,6316,0,3672,4470,463,9752,4303,9620,394
1st Quarter 2025,Synthetic,Risk Factor AD synthetic row 0477,City of General Santos,26296,157,966,479,0,115,284,1603,895,1058,1290,3196,1603
3rd Quarter 2025,Synthetic,Risk Factor AD synthetic row 0478,City of Baguio,32532,193,69,1914,1146,0,15,393,0,726,6355,5,0
1st Quarter 2025,Synthetic,Risk Factor AD synthetic row 0479,Ilocos Norte,27400,189,1863,327,1432,118,0,107,0,0,1300,129,0
2nd Quarter 2025,Synthetic,Risk Factor AD synthetic row 0480,Sulu,1,0,1,0,0,0,0,0,0,0,0,0,0
3rd Quarter 2025,Synthetic,Risk Factor AD synthetic row 0481,Occidental Mindoro,9867,308,0,42,2522,696,218,851,59,578,501,337,0
1st Quarter 2025,Synthetic,Risk Factor AD synthetic row 0482,Lanao del Sur,1,1,0,0,0,0,1,1,0,0,0,0,0
3rd Quarter 2025,Synthetic,Risk Factor AD synthetic row 0483,Quirino,20727,130,1018,0,1194,2098,80,0,1298,209,260,305,77
2nd Quarter 2025,Synthetic,Risk Factor AD synthetic row 0484,Lanao del Norte,22604,0,976,1087,0,8,0,1770,540,0,0,92,35
1st Quarter 2025,Synthetic,Risk Factor AD synthetic row 0485,Bukidnon,28173,0,1172,1968,2452,0,129,0,0,134,0,0,302
3rd Quarter 2025,Synthetic,Risk Factor AD synthetic row 0486,Cagayan,71331,1491,9249,2826,12039,5047,316,6909,5775,3939,3684,1326,969
1st Quarter 2025,Synthetic,Risk Factor AD synthetic row 0487,Northern Samar,37136,817,3436,1994,2097,0,0,53,338,1583,988,0,0
2nd Quarter 2025,Synthetic,Risk Factor AD synthetic row 0488,Mountain Province,23439,134,397,425,167,175,40,0,112,3474,1194,217,1062
2nd Quarter 2025,Synthetic,Risk Factor AD synthetic row 0489,Region 4A,1,0,0,0,0,0,0,0,1,0,0,1,0
1st Quarter 2025,Synthetic,Risk Factor AD synthetic row 0490,Isabela,24170,459,1544,813,2153,1708,2364,2098,2176,97,171,0,0
2nd Quarter 2025,Synthetic,Risk Factor AD synthetic row 0491,Abra,28866,58,154,502,197,571,158,372,10,2910,0,3107,0
1st Quarter 2025,Synthetic,Risk Factor AD synthetic row 0492,Lanao del Sur,96908,5447,4185,838,96908,992,655,363,0,86677,0,96908,536
3rd Quarter 2025,Synthetic,Risk Factor AD synthetic row 0493,Pateros,3493,0,44,18,55,0,0,20,2,0,116,0,0
1st Quarter 2025,Synthetic,Risk Factor AD synthetic row 0494,Dinagat Islands,4041,0,243,331,459,28,59,1,0,735,167,9,0
1st Quarter 2025,Synthetic,Risk Factor AD synthetic row 0495,Benguet,16273,0,91,210,1242,102,52,0,342,2384,643,0,0
3rd Quarter 2025,Synthetic,Risk Factor AD synthetic row 0496,NIR,1,0,0,0,0,0,0,0,0,0,0,0,0
1st Quarter 2025,Synthetic,Risk Factor AD synthetic row 0497,City of Tacloban,31069,511,2027,2359,3040,0,329,240,520,452,266,0,437
1st Quarter 2025,Synthetic,Risk Factor AD synthetic row 0498,Quezon City,144873,0,127,3238,0,0,0,401,2764,0,2808,2276,1562
2nd Quarter 2025,Synthetic,Risk Factor AD synthetic row 0499,Region 8,1,0,0,0,0,0,0,0,0,0,0,0,0
3rd Quarter 2025,Synthetic,Risk Factor AD synthetic row 0500,NIR,1,0,0,0,0,0,0,0,0,1,0,0,0
1st Quarter 2025,Synthetic,Risk Factor AD synthetic row 0501,Region 1,341186,0,17762,806,13978,1000,3734,0,386,18602,0,1672,0
3rd Quarter 2025,Synthetic,Risk Factor AD synthetic row 0502,City of General Santos,9844,0,0,305,611,0,0,27,140,860,269,718,78
1st Quarter 2025,Synthetic,Risk Factor AD synthetic row 0503,Basilan,20335,468,2761,247,20335,0,450,570,22,19500,17601,926,0
3rd Quarter 2025,Synthetic,Risk Factor AD synthetic row 0504,Benguet,16691,191,0,723,103,0,0,38,0,0,0,186,336
1st Quarter 2025,Synthetic,Risk Factor AD synthetic row 0505,Bulacan,324389,14680,1909,7738,45681,0,6290,17942,8679,24910,19599,1863,14312
3rd Quarter 2025,Synthetic,Risk Factor AD synthetic row 0506,Isabela,166717,0,0,3133,11898,7286,9855,14246,16986,0,5713,2898,3453
1st Quarter 2025,Synthetic,Risk Factor AD synthetic row 0507,Camarines Sur,34176,0,0,592,2750,3669,0,2162,1478,3355,1249,698,619
1st Quarter 2025,Synthetic,Risk Factor AD synthetic row 0508,Maguindanao del Sur,1,0,1,0,1,0,0,0,0,0,0,0,0
3rd Quarter 2025,Synthetic,Risk Factor AD synthetic row 0509,Negros Oriental,33441,183,308,339,4454,2729,752,46,0,3357,2484,2236,0
3rd Quarter 2025,Synthetic,Risk Factor AD synthetic row 0510,City of Cagayan De Oro,28811,0,0,2528,6981,225,57,0,0,2175,0,295,0
1st Quarter 2025,Synthetic,Risk Factor AD synthetic row 0511,Ifugao,13492,271,80,598,1451,45,51,68,0,2469,0,223,0
1st Quarter 2025,Synthetic,Risk Factor AD synthetic row 0512,City of Navotas,6177,293,84,541,409,929,0,1510,407,1231,0,0,0
3rd Quarter 2025,Synthetic,Risk Factor AD synthetic row 0513,Nueva Ecija,131003,1292,10000,3064,10388,4481,3116,2850,0,2365,5933,0,0
3rd Quarter 2025,Synthetic,Risk Factor AD synthetic row 0514,Zamboanga del Sur,27290,0,1359,637,0,687,1334,1511,1039,757,898,0,0
3rd Quarter 2025,Synthetic,Risk Factor AD synthetic row 0515,Tawi-Tawi,1,0,1,0,1,0,1,0,0,0,0,0,0
3rd Quarter 2025,Synthetic,Risk Factor AD synthetic row 0516,Maguindanao del Sur,26444,214,2946,363,26444,0,0,217,42,26444,1410,147,293
2nd Quarter 2025,Synthetic,Risk Factor AD synthetic row 0517,Dinagat Islands,29814,415,3362,2056,4792,8,1940,57,3062,134,3166,90,713
1st Quarter 2025,Synthetic,Risk Factor AD synthetic row 0518,Caraga,103495,4716,569,8900,15342,0,4932,7254,568,4684,6455,4768,3
2nd Quarter 2025,Synthetic,Risk Factor AD synthetic row 0519,Isabela,151934,2817,8629,4600,11606,11232,10767,16958,745,6814,5016,1605,2770
1st Quarter 2025,Synthetic,Risk Factor AD synthetic row 0520,Camarines Norte,53109,0,7489,2812,2018,0,691,33,0,4861,972,3131,773
3rd Quarter 2025,Synthetic,Risk Factor AD synthetic row 0521,City of Navotas,12873,636,402,109,398,3003,865,2928,1893,2628,1475,1342,533
3rd Quarter 2025,Synthetic,Risk Factor AD synthetic row 0522,Bohol,79299,44,48739,0,65043,46411,0,9594,6549,4317,4466,0,18545
2nd Quarter 2025,Synthetic,Risk Factor AD synthetic row 0523,City of Baguio,8823,86,0,17,819,0,109,63,24,2835,1366,950,72
2nd Quarter 2025,Synthetic,Risk Factor AD synthetic row 0524,NCR,319368,0,4121,2082,0,5319,12691,14913,1711,0,11070,13623,2585
1st Quarter 2025,Synthetic,Risk Factor AD synthetic row 0525,Ilocos Sur,45666,318,1533,11,2337,0,0,600,0,6757,1768,0,0
3rd Quarter 2025,Synthetic,Risk Factor AD synthetic row 0526,Negros Oriental,31088,752,0,611,185,1827,1345,57,0,315,25,941,1025
1st Quarter 2025,Synthetic,Risk Factor AD synthetic row 0527,Region 4B,142657,0,18200,0,179,3558,1822,7327,5188,0,4516,5444,3681
3rd Quarter 2025,Synthetic,Risk Factor AD synthetic row 0528,Region 1,1,0,0,0,0,0,0,0,0,0,0,0,0
3rd Quarter 2025,Synthetic,Risk Factor AD synthetic row 0529,City of Lucena,36557,421,2375,12,2976,411,164,2982,9185,4395,4065,2752,0
1st Quarter 2025,Synthetic,Risk Factor AD synthetic row 0530,Negros Occidental,194458,4734,39329,12758,884,0,3436,0,0,5593,0,1029,0
1st Quarter 2025,Synthetic,Risk Factor AD synthetic row 0531,La Union,28174,0,733,0,265,0,87,0,365,1072,76,379,49
3rd Quarter 2025,Synthetic,Risk Factor AD synthetic row 0532,Zambales,110430,97,6013,5033,2503,1976,528,0,682,3335,1521,0,8
2nd Quarter 2025,Synthetic,Risk Factor AD synthetic row 0533,City of Davao,149754,6244,10453,11351,8602,19310,21273,0,0,22516,13752,823,0
2nd Quarter 2025,Synthetic,Risk Factor AD synthetic row 0534,Caraga,1,1,0,0,0,0,0,0,0,0,0,1,0
1st Quarter 2025,Synthetic,Risk Factor AD synthetic row 0535,Zambales,125047,0,960,3433,6244,4222,93,0,1588,3072,1332,58,1142
3rd Quarter 2025,Synthetic,Risk Factor AD synthetic row 0536,Bataan,27051,412,0,662,1237,0,139,436,98,1648,1192,126,227
1st Quarter 2025,Synthetic,Risk Factor AD synthetic row 0537,Rizal,68691,3838,6375,0,10798,0,2081,4539,7716,11804,4954,5055,5670
1st Quarter 2025,Synthetic,Risk Factor AD synthetic row 0538,Benguet,19371,359,378,458,598,14,99,127,34,345,1388,220,113
3rd Quarter 2025,Synthetic,Risk Factor AD synthetic row 0539,Cebu,123382,0,0,4458,24978,6545,1664,8575,13677,15213,1605,1584,7245
1st Quarter 2025,Synthetic,Risk Factor AD synthetic row 0540,Bulacan,225295,0,24017,20717,25428,91,6683,6710,13709,20101,17028,746,4460
2nd Quarter 2025,Synthetic,Risk Factor AD synthetic row 0541,Region 4B,110822,2222,14182,9390,21603,4406,4231,4768,3106,7125,0,0,1495
3rd Quarter 2025,Synthetic,Risk Factor AD synthetic row 0542,Sulu,1,0,1,0,1,0,0,0,0,0,0,0,0
2nd Quarter 2025,Synthetic,Risk Factor AD synthetic row 0543,Laguna,33745,942,1966,1575,0,792,0,0,211,4324,433,5297,5254
3rd Quarter 2025,Synthetic,Risk Factor AD synthetic row 0544,Siquijor,5656,1,430,426,24,99,0,0,0,669,310,0,0
1st Quarter 2025,Synthetic,Risk Factor AD synthetic row 0545,City of Iligan,5534,44,0,40,543,0,15,0,20,0,175,32,94
1st Quarter 2025,Synthetic,Risk Factor AD synthetic row 0546,City of Valenzuela,23728,0,390,0,24,0,0,0,0,0,442,362,4
2nd Quarter 2025,Synthetic,Risk Factor AD synthetic row 0547,Nueva Ecija,318768,8236,41165,693,37319,5811,11336,0,12202,23014,19829,331,0
3rd Quarter 2025,Synthetic,Risk Factor AD synthetic row 0548,City of Muntinlupa,12527,0,845,798,561,76,0,0,46,2258,2550,0,0
3rd Quarter 2025,Synthetic,Risk Factor AD synthetic row 0549,City of Navotas,29003,1238,1031,2001,1981,5407,4147,0,1912,6492,58,0,1262
1st Quarter 2025,Synthetic,Risk Factor AD synthetic row 0550,Maguindanao del Sur,24423,24423,0,23715,237,0,307,463,0,20522,970,87,99
3rd Quarter 2025,Synthetic,Risk Factor AD synthetic row 0551,Quezon,53920,1865,7356,10025,3877,379,940,0,192,9960,4464,6461,0
2nd Quarter 2025,Synthetic,Risk Factor AD synthetic row 0552,Ormoc City,12263,33,351,370,1074,0,0,0,58,1246,1338,0,0
3rd Quarter 2025,Synthetic,Risk Factor AD synthetic row 0553,Isabela,134404,1200,7402,1872,0,7396,8676,0,214,0,4095,3425,2321
2nd Quarter 2025,Synthetic,Risk Factor AD synthetic row 0554,Davao del Norte,165638,7446,8286,14017,37483,1455,24925,34052,19559,45669,14406,1659,2243
3rd Quarter 2025,Synthetic,Risk Factor AD synthetic row 0555,City of Iligan,6032,0,0,290,442,3,286,0,0,0,209,0,0
2nd Quarter 2025,Synthetic,Risk Factor AD synthetic row 0556,Nueva Vizcaya,31637,100,0,236,0,207,263,892,1203,868,958,0,758
3rd Quarter 2025,Synthetic,Risk Factor AD synthetic row 0557,Region 4A,524520,12207,63972,542,39532,4416,2934,0,0,105315,0,51852,0
1st Quarter 2025,Synthetic,Risk Factor AD synthetic row 0558,Dinagat Islands,3405,64,189,228,531,350,0,3,330,647,151,0,28
2nd Quarter 2025,Synthetic,Risk Factor AD synthetic row 0559,City of Naga,7443,217,0,399,920,514,113,76,310,1172,0,0,238
3rd Quarter 2025,Synthetic,Risk Factor AD synthetic row 0560,City of Marikina,2101,150,119,6,0,560,293,327,1,175,58,0,128
3rd Quarter 2025,Synthetic,Risk Factor AD synthetic row 0561,Region 4A,1157675,7298,133669,48627,204508,0,9653,172699,327713,224375,68566,162775,159263
3rd Quarter 2025,Synthetic,Risk Factor AD synthetic row 0562,Caraga,1,0,0,0,0,0,0,0,0,0,0,0,0
3rd Quarter 2025,Synthetic,Risk Factor AD synthetic row 0563,City of Davao,162072,100,11039,12490,16820,43372,804,1655,10148,17161,14226,125,0
2nd Quarter 2025,Synthetic,Risk Factor AD synthetic row 0564,Davao del Sur,35246,1787,5435,903,5349,0,2308,16634,7437,209,3596,0,411
1st Quarter 2025,Synthetic,Risk Factor AD synthetic row 0565,Region 3,799022,29406,0,44060,1327,14292,21265,0,20659,0,1708,5217,0
2nd Quarter 2025,Synthetic,Risk Factor AD synthetic row 0566,CAR,1,0,0,0,0,0,0,0,0,0,0,0,0
1st Quarter 2025,Synthetic,Risk Factor AD synthetic row 0567,Nueva Ecija,123151,4807,0,1901,9278,1843,1377,1786,4758,8943,5243,2555,148
1st Quarter 2025,Synthetic,Risk Factor AD synthetic row 0568,Tarlac,112632,2748,5813,2294,0,0,0,2143,279,4529,3248,604,0
3rd Quarter 2025,Synthetic,Risk Factor AD synthetic row 0569,Mountain Province,26338,0,1041,757,2234,0,281,425,0,3468,0,396,295
1st Quarter 2025,Synthetic,Risk Factor AD synthetic row 0570,Caraga,106649,0,7115,1339,7301,0,659,7722,0,4811,0,4061,2760
1st Quarter 2025,Synthetic,Risk Factor AD synthetic row 0571,Region 4A,617361,11481,61500,0,93187,0,32253,68711,159842,35237,34635,39420,87239
1st Quarter 2025,Synthetic,Risk Factor AD synthetic row 0572,Davao de Oro,29451,4,3326,2878,4222,1540,0,10730,19,9512,279,4214,2191
2nd Quarter 2025,Synthetic,Risk Factor AD synthetic row 0573,Occidental Mindoro,14297,314,1398,1130,0,1172,620,88,1188,1014,96,307,57
3rd Quarter 2025,Synthetic,Risk Factor AD synthetic row 0574,Surigao del Norte,25193,486,681,2115,1619,2232,1781,0,1565,3563,26,545,486
1st Quarter 2025,Synthetic,Risk Factor AD synthetic row 0575,Region 5,1,0,0,0,0,0,0,0,0,0,0,0,0
3rd Quarter 2025,Synthetic,Risk Factor AD synthetic row 0576,Tawi-Tawi,1,0,0,0,0,0,0,1,0,0,0,1,0
1st Quarter 2025,Synthetic,Risk Factor AD synthetic row 0577,City of Iloilo,28136,80,689,49,0,0,14,1186,1202,355,905,0,177
1st Quarter 2025,Synthetic,Risk Factor AD synthetic row 0578,City of Pasig,24975,673,0,517,3084,170,0,570,0,4744,2552,303,0
1st Quarter 2025,Synthetic,Risk Factor AD synthetic row 0579,Davao del Sur,30086,247,1850,752,4410,4489,5314,15200,2222,8727,725,0,61
3rd Quarter 2025,Synthetic,Risk Factor AD synthetic row 0580,Lanao del Sur,29620,1170,370,242,570,0,551,0,0,3400,25869,1038,250
1st Quarter 2025,Synthetic,Risk Factor AD synthetic row 0581,City of Marikina,1898,108,106,94,0,20,42,307,199,35,58,328,0
3rd Quarter 2025,Synthetic,Risk Factor AD synthetic row 0582,Ormoc City,7529,0,262,0,46,0,0,0,74,621,834,0,6
3rd Quarter 2025,Synthetic,Risk Factor AD synthetic row 0583,Siquijor,5629,0,354,279,38,0,0,24,99,63,0,14,147
2nd Quarter 2025,Synthetic,Risk Factor AD synthetic row 0584,City of Lucena,43247,1972,2767,3357,3729,672,462,3731,6776,0,4636,0,11
3rd Quarter 2025,Synthetic,Risk Factor AD synthetic row 0585,Davao del Sur,43386,454,2345,1259,0,66,0,0,10144,10839,1614,0,0
2nd Quarter 2025,Synthetic,Risk Factor AD synthetic row 0586,Zamboanga del Norte,25389,917,3653,678,1110,0,1282,1583,1734,608,376,25,179
1st Quarter 2025,Synthetic,Risk Factor AD synthetic row 0587,City of Parañaque,27259,0,428,972,193,1511,0,197,430,637,0,0,0
2nd Quarter 2025,Synthetic,Risk Factor AD synthetic row 0588,Davao de Oro,34215,21,4236,2610,6612,0,1752,10796,1895,6471,689,293,0
3rd Quarter 2025,Synthetic,Risk Factor AD synthetic row 0589,Quezon City,94969,206,0,5242,0,1451,1329,2473,0,297,62,2864,2473
2nd Quarter 2025,Synthetic,Risk Factor AD synthetic row 0590,Zamboanga del Norte,22975,0,0,1161,2873,0,1331,1602,300,513,558,577,0
1st Quarter 2025,Synthetic,Risk Factor AD synthetic row 0591,Catanduanes,53375,596,12586,11020,0,22087,14059,2028,0,23223,17127,0,0
3rd Quarter 2025,Synthetic,Risk Factor AD synthetic row 0592,Region 7,161708,8437,34902,0,0,4861,0,28196,3416,8731,4999,12619,11257
3rd Quarter 2025,Synthetic,Risk Factor AD synthetic row 0593,BARMM,267829,239966,225497,0,2362,1382,1328,2138,0,267829,216749,3483,267829
2nd Quarter 2025,Synthetic,Risk Factor AD synthetic row 0594,City of Navotas,30822,1020,764,1382,2248,7820,4581,3972,2223,8233,4019,0,1282
2nd Quarter 2025,Synthetic,Risk Factor AD synthetic row 0595,Tawi-Tawi,1,0,1,0,1,1,0,0,1,0,0,0,1
3rd Quarter 2025,Synthetic,Risk Factor AD synthetic row 0596,City of Muntinlupa,19158,917,20,608,0,0,0,174,178,7770,1917,99,192
3rd Quarter 2025,Synthetic,Risk Factor AD synthetic row 0597,City of Taguig,68981,0,472,0,3185,2084,900,0,698,964,374,227,534
3rd Quarter 2025,Synthetic,Risk Factor AD synthetic row 0598,Tawi-Tawi,1,0,0,0,0,0,0,0,1,0,0,1,1
3rd Quarter 2025,Synthetic,Risk Factor AD synthetic row 0599,Iloilo,105762,1937,0,5671,4208,387,173,0,192,1881,2707,0,0
1st Quarter 2025,Synthetic,Risk Factor AD synthetic row 0600,Misamis Occidental,18338,0,608,679,2052,0,166,384,0,0,288,56,111
2nd Quarter 2025,Synthetic,Risk Factor AD synthetic row 0601,Albay,28068,672,1086,513,832,0,0,3476,88,565,57,550,581
3rd Quarter 2025,Synthetic,Risk Factor AD synthetic row 0602,Agusan del Sur,30016,1153,101,2531,5352,1375,1314,198,0,86,634,738,122
3rd Quarter 2025,Synthetic,Risk Factor AD synthetic row 0603,City of Iligan,5556,103,554,231,411,332,10,348,0,472,0,5,114
1st Quarter 2025,Synthetic,Risk Factor AD synthetic row 0604,Benguet,35898,273,385,1035,576,0,0,0,296,9882,4268,0,0
3rd Quarter 2025,Synthetic,Risk Factor AD synthetic row 0605,CAR,105516,563,256,1592,4984,0,493,0,266,2449,10010,4761,11581
2nd Quarter 2025,Synthetic,Risk Factor AD synthetic row 0606,Ilocos Sur,35583,602,2380,0,162,7,367,145,0,0,474,0,321
3rd Quarter 2025,Synthetic,Risk Factor AD synthetic row 0607,City of Tacloban,31654,1225,0,1240,3215,44,71,31,0,429,409,0,381
2nd Quarter 2025,Synthetic,Risk Factor AD synthetic row 0608,City of Davao,137843,796,6409,11224,12628,2968,26830,27979,0,17210,6942,0,0
3rd Quarter 2025,Synthetic,Risk Factor AD synthetic row 0609,City of Malabon,9620,0,39,0,57,38,0,0,0,127,18,79,0
2nd Quarter 2025,Synthetic,Risk Factor AD synthetic row 0610,NCR,488707,6898,7431,32483,14975,12245,7268,8596,1251,22737,20714,0,1190
3rd Quarter 2025,Synthetic,Risk Factor AD synthetic row 0611,Nueva Ecija,162829,3518,109,2640,18322,2765,1504,2289,3750,5839,8244,0,0
1st Quarter 2025,Synthetic,Risk Factor AD synthetic row 0612,Misamis Oriental,22102,77,0,18,1640,0,459,0,124,162,0,250,250
1st Quarter 2025,Synthetic,Risk Factor AD synthetic row 0613,Cebu,141833,1422,15564,7073,37186,4490,0,9019,7124,3715,2732,0,3891
2nd Quarter 2025,Synthetic,Risk Factor AD synthetic row 0614,Cagayan,85789,1052,11644,3348,13019,2353,4430,8019,6541,3249,500,4148,0
1st Quarter 2025,Synthetic,Risk Factor AD synthetic row 0615,City of Mandaluyong,24644,225,1144,1012,1038,586,0,284,375,8062,3237,339,104
2nd Quarter 2025,Synthetic,Risk Factor AD synthetic row 0616,Siquijor,29722,0,2360,1393,2086,0,748,0,69,1872,1762,177,419
3rd Quarter 2025,Synthetic,Risk Factor AD synthetic row 0617,City of Navotas,7696,313,619,458,0,944,955,1249,877,2257,645,819,560
3rd Quarter 2025,Synthetic,Risk Factor AD synthetic row 0618,Region 1,107860,0,5189,6402,19663,1448,0,618,0,0,753,0,0
1st Quarter 2025,Synthetic,Risk Factor AD synthetic row 0619,Pampanga,174438,5376,0,5967,8357,11247,76,8457,7039,5560,2174,1061,3665
2nd Quarter 2025,Synthetic,Risk Factor AD synthetic row 0620,Sultan Kudarat,56108,1251,7363,984,9165,384,0,429,218,2261,2875,2477,0
3rd Quarter 2025,Synthetic,Risk Factor AD synthetic row 0621,Isabela,165363,29,7751,4104,11241,10762,13767,18669,16647,2492,2339,3487,4408
3rd Quarter 2025,Synthetic,Risk Factor AD synthetic row 0622,Batangas,214371,248,37341,5897,25363,1155,607,31,30684,36957,21162,229,373
2nd Quarter 2025,Synthetic,Risk Factor AD synthetic row 0623,Leyte,95663,4105,11390,7214,11610,129,836,0,700,903,3618,308,624
2nd Quarter 2025,Synthetic,Risk Factor AD synthetic row 0624,Bulacan,28597,1043,3542,2154,70,949,454,1120,975,0,123,641,567
2nd Quarter 2025,Synthetic,Risk Factor AD synthetic row 0625,City of Iligan,6682,240,70,378,939,413,24,0,0,16,389,0,0
2nd Quarter 2025,Synthetic,Risk Factor AD synthetic row 0626,Region 11,267472,0,18634,18486,0,57822,17814,2311,19352,51888,0,3989,0
3rd Quarter 2025,Synthetic,Risk Factor AD synthetic row 0627,Camarines Sur,56765,2073,177,3287,0,7715,189,6147,2293,5336,3721,523,284
1st Quarter 2025,Synthetic,Risk Factor AD synthetic row 0628,Quezon City,70068,136,0,2046,0,0,135,1553,2087,595,752,0,0
2nd Quarter 2025,Synthetic,Risk Factor AD synthetic row 0629,City of Cebu,17343,2742,49,6298,235,1520,6823,0,1496,8319,579,994,479
3rd Quarter 2025,Synthetic,Risk Factor AD synthetic row 0630,Surigao del Sur,39391,352,6060,21,1941,475,1292,3687,0,6452,3132,0,1706
3rd Quarter 2025,Synthetic,Risk Factor AD synthetic row 0631,Quezon City,130574,107,1014,913,4370,0,3706,0,740,0,0,1115,0
3rd Quarter 2025,Synthetic,Risk Factor AD synthetic row 0632,Kalinga,37582,516,3510,756,5764,746,741,0,0,47,2929,0,1389
1st Quarter 2025,Synthetic,Risk Factor AD synthetic row 0633,City of Cagayan De Oro,16629,244,71,739,3418,202,37,0,45,0,0,0,29
1st Quarter 2025,Synthetic,Risk Factor AD synthetic row 0634,City of Tacloban,21502,69,1614,1606,2154,56,0,0,0,0,18,0,0
3rd Quarter 2025,Synthetic,Risk Factor AD synthetic row 0635,Oriental Mindoro,45266,2172,5332,483,5103,2276,2677,614,1574,3070,5218,0,2255
2nd Quarter 2025,Synthetic,Risk Factor AD synthetic row 0636,Region 2,1,0,0,0,0,0,0,0,0,0,0,0,0
3rd Quarter 2025,Synthetic,Risk Factor AD synthetic row 0637,City of Cagayan De Oro,15769,137,1424,1301,1347,187,67,0,0,1130,538,132,254
1st Quarter 2025,Synthetic,Risk Factor AD synthetic row 0638,Abra,16831,303,1569,710,0,0,0,105,121,1524,0,734,158
1st Quarter 2025,Synthetic,Risk Factor AD synthetic row 0639,Antique,26335,0,2338,517,3418,354,0,0,348,272,429,0,599
1st Quarter 2025,Synthetic,Risk Factor AD synthetic row 0640,Agusan del Sur,28611,1630,4954,1472,3247,1027,669,1932,1746,1676,751,400,294
2nd Quarter 2025,Synthetic,Risk Factor AD synthetic row 0641,Zamboanga del Norte,57234,2614,7021,914,7959,3696,0,3976,3346,2113,1377,930,0
2nd Quarter 2025,Synthetic,Risk Factor AD synthetic row 0642,Batanes,4121,73,290,815,1001,96,261,840,492,312,47,395,0
1st Quarter 2025,Synthetic,Risk Factor AD synthetic row 0643,City of Muntinlupa,28087,0,0,210,0,0,0,0,206,5241,419,0,0
1st Quarter 2025,Synthetic,Risk Factor AD synthetic row 0644,Tarlac,30930,542,1922,12,1586,149,456,76,0,3,1256,443,0
3rd Quarter 2025,Synthetic,Risk Factor AD synthetic row 0645,Region 9,91220,231,5229,0,0,3926,2022,5345,0,4566,3968,1985,1361
1st Quarter 2025,Synthetic,Risk Factor AD synthetic row 0646,Isabela,119393,739,8023,1001,0,9551,10783,11582,10177,3455,5888,2588,3070
1st Quarter 2025,Synthetic,Risk Factor AD synthetic row 0647,Biliran,5518,106,499,547,0,258,0,269,40,0,357,82,81
2nd Quarter 2025,Synthetic,Risk Factor AD synthetic row 0648,Surigao del Norte,44456,0,2445,4398,225,4249,0,7609,2167,2368,2555,123,0
1st Quarter 2025,Synthetic,Risk Factor AD synthetic row 0649,Davao del Norte,69183,0,0,5531,0,0,0,15731,913,3499,11900,0,404
2nd Quarter 2025,Synthetic,Risk Factor AD synthetic row 0650,Dinagat Islands,7860,137,0,101,77,5,9,109,0,500,437,0,167
2nd Quarter 2025,Synthetic,Risk Factor AD synthetic row 0651,Rizal,22905,868,1293,2431,2395,0,0,0,0,83,871,1957,2369
1st Quarter 2025,Synthetic,Risk Factor AD synthetic row 0652,Region 3,1727600,0,181330,52444,151648,51792,53551,6964,59697,33250,25523,14716,11860
2nd Quarter 2025,Synthetic,Risk Factor AD synthetic row 0653,Samar,37008,1009,2405,5039,391,0,0,291,142,0,15,34,69
2nd Quarter 2025,Synthetic,Risk Factor AD synthetic row 0654,City of Cotabato,11195,11047,617,10408,10392,0,0,9,550,422,190,118,0
2nd Quarter 2025,Synthetic,Risk Factor AD synthetic row 0655,Pangasinan,28702,683,1848,425,1,55,137,463,445,0,25403,0,0
1st Quarter 2025,Synthetic,Risk Factor AD synthetic row 0656,City of Caloocan,46368,0,598,365,0,0,1150,1142,844,663,4185,1603,0
1st Quarter 2025,Synthetic,Risk Factor AD synthetic row 0657,Masbate,19749,0,6103,2459,34,1488,97,0,164,1542,7579,0,0
3rd Quarter 2025,Synthetic,Risk Factor AD synthetic row 0658,Surigao del Norte,24716,298,3038,2353,0,3425,114,4124,1200,3943,2024,436,589
2nd Quarter 2025,Synthetic,Risk Factor AD synthetic row 0659,Region 11,1,0,0,0,0,0,0,1,0,0,0,0,0
1st Quarter 2025,Synthetic,Risk Factor AD synthetic row 0660,City of Marikina,5870,360,350,403,295,1389,642,1360,780,322,454,769,217
1st Quarter 2025,Synthetic,Risk Factor AD synthetic row 0661,City of San Juan,3324,3,14,186,0,347,0,126,0,718,343,0,0
1st Quarter 2025,Synthetic,Risk Factor AD synthetic row 0662,Aklan,23320,117,0,0,0,0,487,858,0,549,1953,1407,588
3rd Quarter 2025,Synthetic,Risk Factor AD synthetic row 0663,City of Lapu-Lapu,17143,55,916,1484,485,948,216,1522,2032,110,369,668,131
3rd Quarter 2025,Synthetic,Risk Factor AD synthetic row 0664,City of Davao,89245,2079,0,768,8367,635,16021,19889,0,7830,4475,0,462
2nd Quarter 2025,Synthetic,Risk Factor AD synthetic row 0665,Southern Leyte,28203,756,59,51,6534,0,262,236,0,3724,426,0,0
1st Quarter 2025,Synthetic,Risk Factor AD synthetic row 0666,Basilan,1,1,0,0,0,0,0,0,0,0,0,0,1
2nd Quarter 2025,Synthetic,Risk Factor AD synthetic row 0667,Pampanga,34198,1172,2953,749,1481,1640,0,1020,1459,1154,483,225,152
1st Quarter 2025,Synthetic,Risk Factor AD synthetic row 0668,Eastern Samar,17021,0,299,360,2062,0,0,0,122,0,0,378,18
1st Quarter 2025,Synthetic,Risk Factor AD synthetic row 0669,Mountain Province,34774,0,0,503,0,68,135,449,713,4841,1242,0,0
3rd Quarter 2025,Synthetic,Risk Factor AD synthetic row 0670,City of Davao,158950,7071,7540,13643,0,54709,26152,35381,20505,31986,9602,0,926
2nd Quarter 2025,Synthetic,Risk Factor AD synthetic row 0671,Misamis Oriental,43071,0,268,0,0,13,0,0,445,0,470,677,776
2nd Quarter 2025,Synthetic,Risk Factor AD synthetic row 0672,Region 4A,479155,25455,66517,44720,88167,2424,32084,31619,111094,78563,21330,0,0
2nd Quarter 2025,Synthetic,Risk Factor AD synthetic row 0673,Catanduanes,50327,956,0,12195,13316,24315,15639,0,0,3394,3429,136,273
1st Quarter 2025,Synthetic,Risk Factor AD synthetic row 0674,Masbate,43364,2782,0,5837,14884,0,284,578,60,7041,17108,1176,866
1st Quarter 2025,Synthetic,Risk Factor AD synthetic row 0675,Bataan,63272,1455,369,607,0,252,553,1179,221,3349,879,1247,677
2nd Quarter 2025,Synthetic,Risk Factor AD synthetic row 0676,Bukidnon,95497,0,777,2480,8670,1626,4107,5697,2918,1696,344,2788,661
3rd Quarter 2025,Synthetic,Risk Factor AD synthetic row 0677,City of Olongapo,25562,0,755,828,2107,518,107,409,0,0,82,16,0
1st Quarter 2025,Synthetic,Risk Factor AD synthetic row 0678,Region 7,184799,5227,9813,7298,17428,15133,8297,14897,11027,2002,19645,0,0
1st Quarter 2025,Synthetic,Risk Factor AD synthetic row 0679,Sultan Kudarat,65592,0,10544,1616,1306,673,69,951,0,3175,3079,0,34
1st Quarter 2025,Synthetic,Risk Factor AD synthetic row 0680,City of Davao,157225,7470,7556,11472,17508,49808,37791,45754,18815,26888,8219,0,0
2nd Quarter 2025,Synthetic,Risk Factor AD synthetic row 0681,Biliran,33181,0,2872,3744,0,2905,222,2258,0,3264,2177,0,0
1st Quarter 2025,Synthetic,Risk Factor AD synthetic row 0682,Antique,73277,1649,3926,0,8368,2084,157,799,1509,0,3608,489,292
3rd Quarter 2025,Synthetic,Risk Factor AD synthetic row 0683,Region 11,565822,15361,70143,16916,86857,141002,36849,0,89961,50034,31492,685,7436
2nd Quarter 2025,Synthetic,Risk Factor AD synthetic row 0684,Aurora,24207,877,3086,830,1503,1853,810,2036,3346,0,958,984,0
3rd Quarter 2025,Synthetic,Risk Factor AD synthetic row 0685,City of Parañaque,10405,0,48,129,0,15,0,439,249,0,0,41,0
3rd Quarter 2025,Synthetic,Risk Factor AD synthetic row 0686,Laguna,34699,1539,2250,73,3063,335,0,12,0,664,0,0,2710
1st Quarter 2025,Synthetic,Risk Factor AD synthetic row 0687,Rizal,29855,888,2758,1616,4864,353,0,2212,0,4506,0,2023,2904
2nd Quarter 2025,Synthetic,Risk Factor AD synthetic row 0688,Basilan,30998,22930,3685,0,339,858,1213,910,1684,0,977,796,450
2nd Quarter 2025,Synthetic,Risk Factor AD synthetic row 0689,City of Butuan,27634,562,2409,1298,0,299,393,47,680,863,0,131,779
2nd Quarter 2025,Synthetic,Risk Factor AD synthetic row 0690,Davao Oriental,25602,322,19,3016,398,0,212,444,5373,0,193,167,636
1st Quarter 2025,Synthetic,Risk Factor AD synthetic row 0691,Zamboanga Sibugay,30809,936,0,591,3135,0,1003,524,831,1063,0,228,1037
3rd Quarter 2025,Synthetic,Risk Factor AD synthetic row 0692,Laguna,23957,178,1510,1270,2235,0,1219,141,2793,3773,0,4348,1574
1st Quarter 2025,Synthetic,Risk Factor AD synthetic row 0693,Sorsogon,43663,0,4254,2485,2910,1894,452,1416,729,8196,3879,480,0
2nd Quarter 2025,Synthetic,Risk Factor AD synthetic row 0694,Region 10,150439,0,156,1413,23432,6062,0,5565,3038,395,0,0,538
2nd Quarter 2025,Synthetic,Risk Factor AD synthetic row 0695,City of Iligan,5251,170,0,204,512,24,348,423,0,0,257,25,60
3rd Quarter 2025,Synthetic,Risk Factor AD synthetic row 0696,Marinduque,2342,0,154,60,124,0,0,0,0,0,67,0,36
2nd Quarter 2025,Synthetic,Risk Factor AD synthetic row 0697,Laguna,84076,106,911,1220,8003,0,0,0,0,635,2693,255,11073
1st Quarter 2025,Synthetic,Risk Factor AD synthetic row 0698,Batanes,1582,0,176,209,234,167,100,2,230,83,130,215,69
3rd Quarter 2025,Synthetic,Risk Factor AD synthetic row 0699,Isabela,153360,1174,5986,3311,11301,10230,394,4324,15763,6909,1080,4464,3073
2nd Quarter 2025,Synthetic,Risk Factor AD synthetic row 0700,Zamboanga del Sur,36473,0,5303,70,5032,1192,0,1617,865,0,440,50,613
3rd Quarter 2025,Synthetic,Risk Factor AD synthetic row 0701,Rizal,69901,0,5347,7085,4328,0,3478,0,7971,3256,6433,267,0
2nd Quarter 2025,Synthetic,Risk Factor AD synthetic row 0702,Tarlac,93658,632,5257,2146,5738,0,1002,428,749,2,3580,0,1026
2nd Quarter 2025,Synthetic,Risk Factor AD synthetic row 0703,Bohol,30888,34,19618,15329,30888,251,1423,126,15384,26559,11872,636,699
2nd Quarter 2025,Synthetic,Risk Factor AD synthetic row 0704,City of Iloilo,25321,0,598,395,758,121,3,0,206,859,206,129,142
1st Quarter 2025,Synthetic,Risk Factor AD synthetic row 0705,Region 12,187490,0,7190,5749,0,0,1028,3038,3602,4333,7442,9191,6056
2nd Quarter 2025,Synthetic,Risk Factor AD synthetic row 0706,Masbate,16168,1355,0,1656,3821,155,0,0,0,892,6001,0,105
3rd Quarter 2025,Synthetic,Risk Factor AD synthetic row 0707,Batangas,204499,2796,40831,1913,26976,0,13944,11747,0,33764,2873,13450,35893
1st Quarter 2025,Synthetic,Risk Factor AD synthetic row 0708,Occidental Mindoro,29605,35,8361,1583,7805,109,276,2016,1850,2559,1611,719,438
2nd Quarter 2025,Synthetic,Risk Factor AD synthetic row 0709,Northern Samar,36647,293,4556,0,1519,0,0,0,92,5166,2894,641,0
1st Quarter 2025,Synthetic,Risk Factor AD synthetic row 0710,Special Geographic Area (SGA),1,0,1,0,0,0,0,0,0,0,0,0,1
1st Quarter 2025,Synthetic,Risk Factor AD synthetic row 0711,City of Puerto Princesa,3574,116,0,264,727,0,0,52,34,468,9,163,0
2nd Quarter 2025,Synthetic,Risk Factor AD synthetic row 0712,Albay,23054,0,789,475,1036,342,573,1040,573,368,394,103,487
1st Quarter 2025,Synthetic,Risk Factor AD synthetic row 0713,Dinagat Islands,3083,55,397,208,494,291,0,317,95,231,230,62,0
3rd Quarter 2025,Synthetic,Risk Factor AD synthetic row 0714,Albay,23392,0,1948,0,772,2769,472,25,0,886,466,245,822
3rd Quarter 2025,Synthetic,Risk Factor AD synthetic row 0715,Ifugao,11899,0,166,243,365,0,20,0,0,2227,67,2609,0
3rd Quarter 2025,Synthetic,Risk Factor AD synthetic row 0716,City of Malabon,10416,528,18,1302,75,289,0,0,95,0,532,316,174
2nd Quarter 2025,Synthetic,Risk Factor AD synthetic row 0717,Cebu,27310,178,396,665,5547,4504,509,1933,1594,3245,1917,0,0
2nd Quarter 2025,Synthetic,Risk Factor AD synthetic row 0718,Batanes,1611,50,42,204,360,49,15,281,1,79,62,262,38
2nd Quarter 2025,Synthetic,Risk Factor AD synthetic row 0719,City of Manila,54093,0,0,378,2164,169,0,561,0,0,359,166,27
3rd Quarter 2025,Synthetic,Risk Factor AD synthetic row 0720,Siquijor,4688,60,28,327,406,0,0,87,0,0,417,0,0
1st Quarter 2025,Synthetic,Risk Factor AD synthetic row 0721,Lanao del Sur,47593,37112,0,323,0,0,47593,37659,1486,215,0,42997,45266
3rd Quarter 2025,Synthetic,Risk Factor AD synthetic row 0722,Camiguin,5662,0,0,43,517,0,37,2,0,0,0,35,0
3rd Quarter 2025,Synthetic,Risk Factor AD synthetic row 0723,Tawi-Tawi,1,0,1,0,0,1,0,0,0,0,1,0,1
3rd Quarter 2025,Synthetic,Risk Factor AD synthetic row 0724,Region 8,320578,0,2197,3206,4654,9235,2102,3927,697,8157,18332,1291,0
2nd Quarter 2025,Synthetic,Risk Factor AD synthetic row 0725,Samar,20773,2856,3936,2319,1690,0,181,19,392,487,799,0,0
1st Quarter 2025,Synthetic,Risk Factor AD synthetic row 0726,Davao del Sur,35746,1092,3803,101,5311,5127,0,12974,1989,0,1668,0,5
2nd Quarter 2025,Synthetic,Risk Factor AD synthetic row 0727,Samar,23268,3228,1645,3402,4274,0,0,0,0,164,642,0,0
1st Quarter 2025,Synthetic,Risk Factor AD synthetic row 0728,City of Cotabato,1,1,0,0,0,0,0,0,0,0,0,0,0
3rd Quarter 2025,Synthetic,Risk Factor AD synthetic row 0729,City of Angeles,35641,2124,169,20,0,86,0,0,225,1741,1095,248,336
2nd Quarter 2025,Synthetic,Risk Factor AD synthetic row 0730,Leyte,30218,1474,1641,1339,41,0,41,0,39,1906,0,436,99
2nd Quarter 2025,Synthetic,Risk Factor AD synthetic row 0731,Region 7,193432,1915,0,14158,31248,13216,19345,24066,23904,44960,27773,12498,15016
2nd Quarter 2025,Synthetic,Risk Factor AD synthetic row 0732,Sarangani,16225,0,1147,192,19,0,0,0,0,0,347,484,0
3rd Quarter 2025,Synthetic,Risk Factor AD synthetic row 0733,City of Mandaue,9920,0,458,333,98,261,143,87,1001,80,146,76,15
1st Quarter 2025,Synthetic,Risk Factor AD synthetic row 0734,Mountain Province,19497,154,0,197,0,4,0,0,0,2453,718,262,871
2nd Quarter 2025,Synthetic,Risk Factor AD synthetic row 0735,Zamboanga del Norte,57336,297,0,1721,96,2794,380,4642,309,327,707,1073,0
3rd Quarter 2025,Synthetic,Risk Factor AD synthetic row 0736,City of Malabon,9401,0,0,24,11,19,231,85,84,0,79,17,230
3rd Quarter 2025,Synthetic,Risk Factor AD synthetic row 0737,La Union,79260,1088,2727,1678,156,0,0,0,1386,1404,3957,1252,0
3rd Quarter 2025,Synthetic,Risk Factor AD synthetic row 0738,City of Olongapo,19871,562,1037,1180,274,21,54,510,241,569,396,0,246
1st Quarter 2025,Synthetic,Risk Factor AD synthetic row 0739,Lanao del Sur,1,0,1,0,0,0,0,1,1,1,0,0,0
1st Quarter 2025,Synthetic,Risk Factor AD synthetic row 0740,Region 12,185081,3378,20818,7714,19163,363,897,1319,0,8193,1198,11538,0
1st Quarter 2025,Synthetic,Risk Factor AD synthetic row 0741,City of Bacolod,13111,8,956,171,0,0,123,11,0,1422,1296,0,105
3rd Quarter 2025,Synthetic,Risk Factor AD synthetic row 0742,Dinagat Islands,8132,112,1101,554,836,897,1,130,0,522,711,0,0
3rd Quarter 2025,Synthetic,Risk Factor AD synthetic row 0743,Region 6,452330,7962,45006,11753,70035,6634,2132,23926,11300,10910,716,0,290
2nd Quarter 2025,Synthetic,Risk Factor AD synthetic row 0744,Abra,13213,292,1021,167,1620,98,26,0,0,441,0,392,599
3rd Quarter 2025,Synthetic,Risk Factor AD synthetic row 0745,Zambales,120348,206,6649,5535,8457,295,2819,585,859,2628,2870,0,1981
1st Quarter 2025,Synthetic,Risk Factor AD synthetic row 0746,Batangas,35020,1316,4668,403,3974,603,1562,0,3851,0,4254,0,6408
3rd Quarter 2025,Synthetic,Risk Factor AD synthetic row 0747,Sulu,7281,9,370,9,9,233,39,0,54,11,7281,37,0
1st Quarter 2025,Synthetic,Risk Factor AD synthetic row 0748,Aklan,30030,1036,1295,2147,4247,0,0,3689,339,3544,1453,359,157
3rd Quarter 2025,Synthetic,Risk Factor AD synthetic row 0749,Pateros,2005,3,26,0,0,0,4,0,0,43,0,13,14
3rd Quarter 2025,Synthetic,Risk Factor AD synthetic row 0750,City of Tacloban,16507,277,810,1964,309,63,179,0,0,103,139,76,290
2nd Quarter 2025,Synthetic,Risk Factor AD synthetic row 0751,Zambales,46670,551,652,1849,286,1036,1919,1507,962,1318,768,195,259
3rd Quarter 2025,Synthetic,Risk Factor AD synthetic row 0752,Basilan,1,0,0,0,0,0,0,1,0,0,1,0,0
3rd Quarter 2025,Synthetic,Risk Factor AD synthetic row 0753,Abra,32034,1594,2599,0,3860,0,0,0,14,2942,978,0,987
3rd Quarter 2025,Synthetic,Risk Factor AD synthetic row 0754,Region 12,1,0,0,0,0,0,0,0,0,0,0,0,0
3rd Quarter 2025,Synthetic,Risk Factor AD synthetic row 0755,Zamboanga del Norte,17536,47,2812,406,894,667,584,1180,889,263,0,509,0
3rd Quarter 2025,Synthetic,Risk Factor AD synthetic row 0756,Bukidnon,31143,314,1341,0,2840,256,374,0,255,1892,318,380,539
3rd Quarter 2025,Synthetic,Risk Factor AD synthetic row 0757,City of Lucena,12619,748,468,591,673,95,152,14,2285,1851,1245,0,18
1st Quarter 2025,Synthetic,Risk Factor AD synthetic row 0758,Region 10,271463,2822,16982,3047,40512,0,13800,0,0,0,0,1258,832
2nd Quarter 2025,Synthetic,Risk Factor AD synthetic row 0759,Occidental Mindoro,11784,350,2719,764,176,686,485,958,581,429,640,147,120
3rd Quarter 2025,Synthetic,Risk Factor AD synthetic row 0760,Cavite,30404,1364,2802,2106,2613,0,1527,3629,369,334,59,137,424
1st Quarter 2025,Synthetic,Risk Factor AD synthetic row 0761,City of Valenzuela,65133,245,0,0,0,747,0,0,272,1948,0,67,1253
3rd Quarter 2025,Synthetic,Risk Factor AD synthetic row 0762,Batangas,216945,6240,41082,7000,0,0,0,3806,61517,39820,532,0,18645
3rd Quarter 2025,Synthetic,Risk Factor AD synthetic row 0763,City of Lapu-Lapu,18889,389,1483,2292,688,709,565,1164,1067,890,2734,136,383
2nd Quarter 2025,Synthetic,Risk Factor AD synthetic row 0764,Leyte,64718,0,7831,3329,3438,70,273,0,633,1540,2900,0,0
2nd Quarter 2025,Synthetic,Risk Factor AD synthetic row 0765,Pasay City,18285,117,0,208,422,117,0,655,0,12,54,114,405
3rd Quarter 2025,Synthetic,Risk Factor AD synthetic row 0766,Region 12,265195,2459,34053,10144,19303,2046,283,0,2203,19579,13213,4820,5431
1st Quarter 2025,Synthetic,Risk Factor AD synthetic row 0767,City of Makati,28698,29,1230,231,96,0,158,2783,197,94,285,8872,171
1st Quarter 2025,Synthetic,Risk Factor AD synthetic row 0768,Apayao,6886,235,373,201,727,0,80,0,0,27,439,869,397
1st Quarter 2025,Synthetic,Risk Factor AD synthetic row 0769,City of Makati,10839,234,238,280,101,3597,1748,85,88,484,645,203,0
3rd Quarter 2025,Synthetic,Risk Factor AD synthetic row 0770,Region 3,920657,25448,86775,26510,12858,19349,0,0,0,27648,12827,6367,0
2nd Quarter 2025,Synthetic,Risk Factor AD synthetic row 0771,City of Lapu-Lapu,39728,970,465,0,5701,0,4610,243,3736,533,477,307,933
2nd Quarter 2025,Synthetic,Risk Factor AD synthetic row 0772,Camiguin,7270,0,93,38,826,114,0,147,0,0,0,0,15
2nd Quarter 2025,Synthetic,Risk Factor AD synthetic row 0773,City of Makati,7173,0,329,15,104,0,985,87,0,110,200,2364,23
2nd Quarter 2025,Synthetic,Risk Factor AD synthetic row 0774,City of Muntinlupa,11619,108,0,269,391,29,107,0,23,4700,0,187,0
2nd Quarter 2025,Synthetic,Risk Factor AD synthetic row 0775,City of Santiago,39332,188,4783,1174,7822,1492,1839,2991,2331,1111,1848,0,480
3rd Quarter 2025,Synthetic,Risk Factor AD synthetic row 0776,Southern Leyte,41519,989,1921,3737,1266,0,646,0,196,0,4572,597,189
1st Quarter 2025,Synthetic,Risk Factor AD synthetic row 0777,Batanes,1774,24,210,196,158,67,92,0,202,234,103,263,149
3rd Quarter 2025,Synthetic,Risk Factor AD synthetic row 0778,Guimaras,201147,2450,943,485,32334,0,332,0,6193,3311,3226,5728,225
2nd Quarter 2025,Synthetic,Risk Factor AD synthetic row 0779,NCR,374999,5326,0,2551,0,201,2102,2807,2613,13166,16807,11135,7262
1st Quarter 2025,Synthetic,Risk Factor AD synthetic row 0780,City of Bacolod,6623,265,282,0,22,27,14,26,0,505,647,0,0
2nd Quarter 2025,Synthetic,Risk Factor AD synthetic row 0781,Nueva Vizcaya,53908,625,903,654,1605,846,1429,1664,1074,2155,1397,903,217
2nd Quarter 2025,Synthetic,Risk Factor AD synthetic row 0782,Pangasinan,27570,224,1881,27570,1867,263,0,0,362,27570,521,0,0
3rd Quarter 2025,Synthetic,Risk Factor AD synthetic row 0783,Northern Samar,13291,191,1389,1123,761,0,46,0,133,737,0,0,94
1st Quarter 2025,Synthetic,Risk Factor AD synthetic row 0784,Zamboanga del Norte,49702,1505,109,0,4413,1281,573,2780,3089,1850,429,1034,223
3rd Quarter 2025,Synthetic,Risk Factor AD synthetic row 0785,Mountain Province,16647,0,680,151,309,52,0,0,94,0,547,0,411
3rd Quarter 2025,Synthetic,Risk Factor AD synthetic row 0786,Camarines Norte,28820,0,892,1778,2133,231,815,0,964,3270,696,1423,328
3rd Quarter 2025,Synthetic,Risk Factor AD synthetic row 0787,City of Navotas,9128,37,68,0,465,2265,548,40,580,43,865,1319,577
2nd Quarter 2025,Synthetic,Risk Factor AD synthetic row 0788,Special Geographic Area (SGA),7220,6966,1023,7128,98,18,0,43,125,7220,412,6596,230
3rd Quarter 2025,Synthetic,Risk Factor AD synthetic row 0789,Region 2,291166,11837,18528,7247,27089,19715,4141,18703,26769,0,15186,2934,6603
1st Quarter 2025,Synthetic,Risk Factor AD synthetic row 0790,La Union,90631,226,6623,0,0,438,0,950,0,2485,5305,823,688
2nd Quarter 2025,Synthetic,Risk Factor AD synthetic row 0791,Camiguin,4094,0,0,91,400,117,29,24,5,0,0,0,3
3rd Quarter 2025,Synthetic,Risk Factor AD synthetic row 0792,City of Davao,33208,1991,1241,0,3734,4021,4429,9420,4754,223,2791,111,199
3rd Quarter 2025,Synthetic,Risk Factor AD synthetic row 0793,Laguna,94733,0,8032,4850,5736,1013,1669,2507,0,0,6428,6111,5985
1st Quarter 2025,Synthetic,Risk Factor AD synthetic row 0794,Pasay City,25017,17,157,0,0,54,235,0,216,296,305,328,0
2nd Quarter 2025,Synthetic,Risk Factor AD synthetic row 0795,Laguna,81283,1460,0,4092,126,1333,873,12406,1087,5982,5893,485,1025
2nd Quarter 2025,Synthetic,Risk Factor AD synthetic row 0796,Quezon City,114664,866,80,0,2476,105,4612,0,0,0,137,1457,380
3rd Quarter 2025,Synthetic,Risk Factor AD synthetic row 0797,Caraga,142456,6917,14677,3182,18514,912,1191,0,9130,20270,10688,5836,3689
2nd Quarter 2025,Synthetic,Risk Factor AD synthetic row 0798,Kalinga,15151,55,887,254,2608,192,125,58,0,258,313,0,1257
2nd Quarter 2025,Synthetic,Risk Factor AD synthetic row 0799,Quirino,29726,588,2229,1544,1985,2963,1072,3297,1463,2148,1316,212,221
3rd Quarter 2025,Synthetic,Risk Factor AD synthetic row 0800,Cotabato,56355,1091,209,722,3014,22,0,0,264,3618,2708,3311,925
3rd Quarter 2025,Synthetic,Risk Factor AD synthetic row 0801,Basilan,4634,4346,0,0,4634,4634,4634,254,4634,4634,31,3813,4634
3rd Quarter 2025,Synthetic,Risk Factor AD synthetic row 0802,Quirino,15623,146,1444,503,749,251,1277,2132,559,1087,54,0,0
1st Quarter 2025,Synthetic,Risk Factor AD synthetic row 0803,Tarlac,27412,287,1474,0,277,313,0,0,0,0,0,0,207
2nd Quarter 2025,Synthetic,Risk Factor AD synthetic row 0804,Southern Leyte,58032,580,4761,4580,0,0,0,0,0,9564,6159,0,367
2nd Quarter 2025,Synthetic,Risk Factor AD synthetic row 0805,Zamboanga Sibugay,36039,913,2765,1207,2477,882,435,1079,34,1474,1038,0,759
3rd Quarter 2025,Synthetic,Risk Factor AD synthetic row 0806,Misamis Occidental,16034,45,11,0,1838,14,105,0,117,0,0,0,202
1st Quarter 2025,Synthetic,Risk Factor AD synthetic row 0807,City of Caloocan,89514,1288,94,1317,6820,0,1635,170,325,33220,8255,2175,1154
3rd Quarter 2025,Synthetic,Risk Factor AD synthetic row 0808,Biliran,5391,227,0,50,0,456,210,352,28,713,0,12,4
2nd Quarter 2025,Synthetic,Risk Factor AD synthetic row 0809,Tarlac,251425,0,0,0,0,1908,0,0,52,7124,3806,0,1782
3rd Quarter 2025,Synthetic,Risk Factor AD synthetic row 0810,Southern Leyte,32262,769,2812,2545,6303,422,524,0,0,2117,3499,0,0
1st Quarter 2025,Synthetic,Risk Factor AD synthetic row 0811,Lanao del Norte,50175,281,0,1712,359,0,66,0,0,151,0,157,28
3rd Quarter 2025,Synthetic,Risk Factor AD synthetic row 0812,Region 2,520915,7670,27485,19127,62592,22302,22027,48471,22237,21551,23623,3410,4051
1st Quarter 2025,Synthetic,Risk Factor AD synthetic row 0813,City of Zamboanga,26977,673,1017,780,2108,842,0,0,845,263,1492,288,376
2nd Quarter 2025,Synthetic,Risk Factor AD synthetic row 0814,Northern Samar,35369,532,0,420,3673,0,5,0,454,0,0,159,226
3rd Quarter 2025,Synthetic,Risk Factor AD synthetic row 0815,Ilocos Norte,41406,425,2046,314,0,658,0,212,35,1562,1540,1082,0
1st Quarter 2025,Synthetic,Risk Factor AD synthetic row 0816,Sulu,32125,583,4557,437,141,0,0,361,643,20938,488,0,0
3rd Quarter 2025,Synthetic,Risk Factor AD synthetic row 0817,City of Baguio,31218,368,2204,2069,2524,0,0,0,0,14487,5184,3457,1720
2nd Quarter 2025,Synthetic,Risk Factor AD synthetic row 0818,Kalinga,20726,396,27,367,1415,0,0,0,0,205,2798,0,418
2nd Quarter 2025,Synthetic,Risk Factor AD synthetic row 0819,Batangas,146959,5414,0,9900,15255,0,0,2626,24301,729,10114,17860,2273
3rd Quarter 2025,Synthetic,Risk Factor AD synthetic row 0820,NCR,315372,831,5035,16632,7797,14406,2641,1418,3051,2602,13742,0,0
2nd Quarter 2025,Synthetic,Risk Factor AD synthetic row 0821,City of General Santos,7811,0,241,250,427,543,0,2,0,0,509,963,250
1st Quarter 2025,Synthetic,Risk Factor AD synthetic row 0822,Negros Oriental,23947,105,1789,547,1806,176,967,53,523,1476,1360,1821,1232
1st Quarter 2025,Synthetic,Risk Factor AD synthetic row 0823,Aurora,31787,244,1920,2734,4806,1658,1620,0,1883,1766,913,0,561
2nd Quarter 2025,Synthetic,Risk Factor AD synthetic row 0824,La Union,76159,1509,3933,1272,3277,628,0,94,1220,571,0,899,763
3rd Quarter 2025,Synthetic,Risk Factor AD synthetic row 0825,Cotabato,53890,1418,8372,1964,2278,341,411,438,0,0,408,1864,698
1st Quarter 2025,Synthetic,Risk Factor AD synthetic row 0826,Pasay City,10097,103,220,0,139,63,33,0,0,0,13,0,8
1st Quarter 2025,Synthetic,Risk Factor AD synthetic row 0827,Region 2,712790,867,41635,11510,50754,43456,44441,65821,66573,23774,31574,0,0
1st Quarter 2025,Synthetic,Risk Factor AD synthetic row 0828,Biliran,4943,86,52,463,79,387,0,547,240,308,50,0,107
1st Quarter 2025,Synthetic,Risk Factor AD synthetic row 0829,Region 9,117784,2539,20697,4954,12588,1870,1898,3978,4159,0,564,1301,0
1st Quarter 2025,Synthetic,Risk Factor AD synthetic row 0830,City of Isabela,28119,723,3048,261,1956,0,149,173,1761,3077,521,498,11
1st Quarter 2025,Synthetic,Risk Factor AD synthetic row 0831,South Cotabato,31241,66,3108,979,2912,164,169,338,0,3116,53,100,48
3rd Quarter 2025,Synthetic,Risk Factor AD synthetic row 0832,City of Mandaue,29881,410,67,985,315,0,617,0,210,0,465,213,88
3rd Quarter 2025,Synthetic,Risk Factor AD synthetic row 0833,Misamis Occidental,15824,70,14,687,683,0,0,490,0,118,149,281,0
1st Quarter 2025,Synthetic,Risk Factor AD synthetic row 0834,Region 3,684109,19847,69341,31370,54706,10014,0,0,0,0,8576,8809,0
3rd Quarter 2025,Synthetic,Risk Factor AD synthetic row 0835,Abra,13757,569,552,656,66,0,194,16,0,1019,690,446,471
2nd Quarter 2025,Synthetic,Risk Factor AD synthetic row 0836,City of Cotabato,25203,487,1624,25203,25203,855,296,384,1532,1262,581,0,0
1st Quarter 2025,Synthetic,Risk Factor AD synthetic row 0837,Region 7,214673,1227,11174,11329,35422,44020,18193,18535,28167,8042,0,24381,8279
3rd Quarter 2025,Synthetic,Risk Factor AD synthetic row 0838,Capiz,64398,384,240,1061,4683,410,3422,0,387,1755,679,0,0
1st Quarter 2025,Synthetic,Risk Factor AD synthetic row 0839,Batanes,2250,66,0,421,2,199,0,595,244,142,0,88,199
1st Quarter 2025,Synthetic,Risk Factor AD synthetic row 0840,Misamis Oriental,20956,0,0,0,0,0,88,0,0,0,0,0,0
1st Quarter 2025,Synthetic,Risk Factor AD synthetic row 0841,City of Santiago,29194,210,2962,1411,4023,944,1006,1648,2302,2016,1551,0,0
2nd Quarter 2025,Synthetic,Risk Factor AD synthetic row 0842,Guimaras,25064,192,1906,882,542,0,0,0,170,687,302,980,136
1st Quarter 2025,Synthetic,Risk Factor AD synthetic row 0843,City of Iligan,6226,80,22,393,412,29,8,0,54,0,17,378,197
2nd Quarter 2025,Synthetic,Risk Factor AD synthetic row 0844,Cagayan,87877,1318,10215,0,0,6663,5762,6935,791,0,4870,3479,115
2nd Quarter 2025,Synthetic,Risk Factor AD synthetic row 0845,City of General Santos,16554,293,182,506,561,85,0,91,0,1520,1736,1071,2535
1st Quarter 2025,Synthetic,Risk Factor AD synthetic row 0846,Dinagat Islands,4208,0,299,41,661,0,0,326,4,278,538,0,0
2nd Quarter 2025,Synthetic,Risk Factor AD synthetic row 0847,City of San Juan,3558,36,5,16,217,32,0,0,0,0,0,215,91
1st Quarter 2025,Synthetic,Risk Factor AD synthetic row 0848,Pampanga,163653,1353,3544,4763,7593,4909,6334,9098,2324,2204,0,154,1387
3rd Quarter 2025,Synthetic,Risk Factor AD synthetic row 0849,Misamis Oriental,22842,32,0,361,259,970,552,0,116,0,216,0,34
1st Quarter 2025,Synthetic,Risk Factor AD synthetic row 0850,Antique,25220,790,2054,652,2211,181,0,713,158,0,190,414,0
1st Quarter 2025,Synthetic,Risk Factor AD synthetic row 0851,Capiz,49334,0,3355,0,4836,2858,1446,546,4146,0,1459,239,1238
3rd Quarter 2025,Synthetic,Risk Factor AD synthetic row 0852,City of Naga,7596,79,833,447,0,546,0,0,353,0,0,163,55
3rd Quarter 2025,Synthetic,Risk Factor AD synthetic row 0853,City of Iloilo,31803,136,0,496,781,1747,0,0,710,169,714,191,476
1st Quarter 2025,Synthetic,Risk Factor AD synthetic row 0854,City of Malabon,32899,0,794,5792,2983,0,0,165,0,438,243,0,0
1st Quarter 2025,Synthetic,Risk Factor AD synthetic row 0855,South Cotabato,31286,0,2479,0,3383,505,109,296,129,42,0,2886,1802
1st Quarter 2025,Synthetic,Risk Factor AD synthetic row 0856,Negros Occidental,99668,4010,10253,580,16917,0,840,0,0,435,2846,0,902
1st Quarter 2025,Synthetic,Risk Factor AD synthetic row 0857,Davao del Sur,53035,0,0,540,5609,6592,8857,14632,10456,11021,5207,0,0
3rd Quarter 2025,Synthetic,Risk Factor AD synthetic row 0858,City of Naga,2459,47,126,104,41,70,85,0,114,97,168,8,45
2nd Quarter 2025,Synthetic,Risk Factor AD synthetic row 0859,Region 1,1,0,0,0,0,0,0,0,0,0,0,0,0
1st Quarter 2025,Synthetic,Risk Factor AD synthetic row 0860,Palawan,33149,1255,0,2507,4316,0,136,44,546,3222,1433,505,1083
1st Quarter 2025,Synthetic,Risk Factor AD synthetic row 0861,City of Parañaque,29342,0,150,102,680,290,899,148,752,0,298,467,222
3rd Quarter 2025,Synthetic,Risk Factor AD synthetic row 0862,Davao del Sur,35760,1540,5585,2777,4040,11138,6115,11960,301,3411,3966,580,878
1st Quarter 2025,Synthetic,Risk Factor AD synthetic row 0863,Davao de Oro,56971,1835,8552,1695,0,0,3751,14742,0,19672,6008,8435,1403
2nd Quarter 2025,Synthetic,Risk Factor AD synthetic row 0864,Quirino,36025,293,3135,781,4246,1919,0,1365,2334,146,1442,251,482
2nd Quarter 2025,Synthetic,Risk Factor AD synthetic row 0865,Camiguin,4096,62,0,39,465,24,0,0,0,0,0,0,0
1st Quarter 2025,Synthetic,Risk Factor AD synthetic row 0866,Marinduque,3537,2,128,0,98,0,0,0,0,0,114,0,0
3rd Quarter 2025,Synthetic,Risk Factor AD synthetic row 0867,Masbate,18399,1827,3052,2193,6180,1320,0,43,38,0,1444,559,217
2nd Quarter 2025,Synthetic,Risk Factor AD synthetic row 0868,Davao del Norte,28321,449,3743,1900,0,7447,3901,25,73,8486,4509,0,14
3rd Quarter 2025,Synthetic,Risk Factor AD synthetic row 0869,Siquijor,4526,210,392,394,0,0,24,13,0,349,462,79,0
1st Quarter 2025,Synthetic,Risk Factor AD synthetic row 0870,Sorsogon,40787,198,0,2655,3461,270,537,197,0,6636,4524,0,0
2nd Quarter 2025,Synthetic,Risk Factor AD synthetic row 0871,City of Mandaue,18073,167,1051,271,731,2227,509,2820,97,727,35,95,274
1st Quarter 2025,Synthetic,Risk Factor AD synthetic row 0872,Nueva Ecija,165976,7606,11992,1576,18267,0,3840,2276,3556,5647,4323,1919,0
1st Quarter 2025,Synthetic,Risk Factor AD synthetic row 0873,Davao Oriental,33278,0,5011,3765,50,8714,0,0,8219,406,0,0,400
3rd Quarter 2025,Synthetic,Risk Factor AD synthetic row 0874,City of Santiago,22351,263,2621,593,3606,950,805,1381,1400,8,1091,231,0
1st Quarter 2025,Synthetic,Risk Factor AD synthetic row 0875,Misamis Oriental,22235,98,181,0,486,967,0,0,179,0,310,63,0
2nd Quarter 2025,Synthetic,Risk Factor AD synthetic row 0876,Romblon,26128,0,1810,95,3305,2006,404,65,0,6638,1332,1558,1312
2nd Quarter 2025,Synthetic,Risk Factor AD synthetic row 0877,City of Puerto Princesa,8846,477,888,2261,1743,0,0,0,125,3792,909,279,469
2nd Quarter 2025,Synthetic,Risk Factor AD synthetic row 0878,City of Pasig,33323,1464,1106,1782,1807,0,179,0,0,8410,197,0,46
1st Quarter 2025,Synthetic,Risk Factor AD synthetic row 0879,Davao de Oro,81339,316,1720,5248,15540,17172,919,6334,4223,1060,7161,1140,1166
2nd Quarter 2025,Synthetic,Risk Factor AD synthetic row 0880,Isabela,27940,444,0,653,0,1617,0,3064,3098,134,620,645,0
1st Quarter 2025,Synthetic,Risk Factor AD synthetic row 0881,City of Pasig,45616,1051,131,1959,2748,460,0,226,0,4631,0,335,80
1st Quarter 2025,Synthetic,Risk Factor AD synthetic row 0882,Catanduanes,35694,1276,10007,6048,299,16028,427,591,0,14405,10711,1104,0
2nd Quarter 2025,Synthetic,Risk Factor AD synthetic row 0883,Region 11,1,0,0,0,0,0,1,0,0,1,0,0,0
2nd Quarter 2025,Synthetic,Risk Factor AD synthetic row 0884,Southern Leyte,28775,1198,3294,576,4289,47,0,0,33,3903,3074,0,0
1st Quarter 2025,Synthetic,Risk Factor AD synthetic row 0885,City of San Juan,3834,4,0,231,0,0,40,0,100,543,1153,13,84
2nd Quarter 2025,Synthetic,Risk Factor AD synthetic row 0886,Aurora,30581,1111,1617,939,0,398,1379,700,0,947,2242,0,816
1st Quarter 2025,Synthetic,Risk Factor AD synthetic row 0887,Region 6,1,0,0,0,0,0,0,0,0,0,0,0,0
2nd Quarter 2025,Synthetic,Risk Factor AD synthetic row 0888,Pasay City,11727,0,294,8,339,0,0,0,0,110,0,0,0
1st Quarter 2025,Synthetic,Risk Factor AD synthetic row 0889,NCR,424456,0,11936,1406,27031,1835,3654,4043,4159,10872,24195,6001,2942
1st Quarter 2025,Synthetic,Risk Factor AD synthetic row 0890,Southern Leyte,27852,0,2705,242,0,0,0,125,25,886,3371,0,0
2nd Quarter 2025,Synthetic,Risk Factor AD synthetic row 0891,City of Parañaque,20579,45,62,58,100,0,405,0,389,81,79,824,210
1st Quarter 2025,Synthetic,Risk Factor AD synthetic row 0892,City of Pasig,28117,1275,986,0,2980,120,444,0,0,6049,4087,0,0
2nd Quarter 2025,Synthetic,Risk Factor AD synthetic row 0893,Batanes,25891,697,365,5697,2735,701,83,4128,3176,193,3067,176,54
1st Quarter 2025,Synthetic,Risk Factor AD synthetic row 0894,Region 2,342649,9336,32971,9862,34280,22193,0,18906,24316,11689,13082,7555,3489
3rd Quarter 2025,Synthetic,Risk Factor AD synthetic row 0895,City of Dagupan,9712,0,539,383,55,0,160,0,0,212,300,0,14
2nd Quarter 2025,Synthetic,Risk Factor AD synthetic row 0896,City of Davao,81055,185,3123,3279,5068,22748,806,20704,13184,8812,8096,0,0
2nd Quarter 2025,Synthetic,Risk Factor AD synthetic row 0897,Nueva Ecija,320009,17310,41603,0,43669,75,9547,10825,0,14539,0,3009,5487
1st Quarter 2025,Synthetic,Risk Factor AD synthetic row 0898,Region 1,85043,1877,0,3887,16864,0,893,858,0,13798,0,0,70
1st Quarter 2025,Synthetic,Risk Factor AD synthetic row 0899,Bukidnon,29152,115,1547,607,6106,517,0,2141,1291,0,177,577,502
2nd Quarter 2025,Synthetic,Risk Factor AD synthetic row 0900,City of Iloilo,26263,57,978,772,1107,0,461,0,0,44,814,250,100
3rd Quarter 2025,Synthetic,Risk Factor AD synthetic row 0901,Ilocos Sur,32269,466,2241,0,126,399,197,54,0,4276,1328,0,0
2nd Quarter 2025,Synthetic,Risk Factor AD synthetic row 0902,Sulu,6021,133,25,0,58,55,0,100,17,21,6021,0,148
3rd Quarter 2025,Synthetic,Risk Factor AD synthetic row 0903,City of Bacolod,12809,400,166,407,686,0,13,0,0,1230,1463,30,0
2nd Quarter 2025,Synthetic,Risk Factor AD synthetic row 0904,Samar,45184,6385,0,6648,3523,241,0,0,0,2385,149,192,276
3rd Quarter 2025,Synthetic,Risk Factor AD synthetic row 0905,Romblon,32589,1028,0,1703,4346,176,751,640,0,7211,2050,752,1330
3rd Quarter 2025,Synthetic,Risk Factor AD synthetic row 0906,Camiguin,6357,0,0,286,444,23,0,9,78,0,0,2,0
1st Quarter 2025,Synthetic,Risk Factor AD synthetic row 0907,Zamboanga Sibugay,30065,413,4342,431,1914,110,188,77,556,111,0,216,413
3rd Quarter 2025,Synthetic,Risk Factor AD synthetic row 0908,City of Lapu-Lapu,17269,182,1011,623,2027,590,560,1131,1856,763,808,0,274
2nd Quarter 2025,Synthetic,Risk Factor AD synthetic row 0909,City of Lapu-Lapu,27091,0,588,2265,1058,5349,1010,2141,1451,1583,3392,324,714
3rd Quarter 2025,Synthetic,Risk Factor AD synthetic row 0910,Eastern Samar,14155,297,682,89,175,0,0,0,14,331,731,0,0
3rd Quarter 2025,Synthetic,Risk Factor AD synthetic row 0911,Sorsogon,42747,0,2787,508,2391,1358,518,500,0,6860,3367,72,351
3rd Quarter 2025,Synthetic,Risk Factor AD synthetic row 0912,City of Angeles,33636,17,3777,2544,0,0,0,396,1383,1507,1324,0,986
2nd Quarter 2025,Synthetic,Risk Factor AD synthetic row 0913,Misamis Oriental,21941,330,178,149,32,68,0,48,1341,159,85,228,199
2nd Quarter 2025,Synthetic,Risk Factor AD synthetic row 0914,Albay,29398,385,560,622,598,3149,483,974,0,500,445,627,171
1st Quarter 2025,Synthetic,Risk Factor AD synthetic row 0915,Laguna,124797,1497,7077,3462,8687,0,737,0,25027,9233,5041,0,9983
3rd Quarter 2025,Synthetic,Risk Factor AD synthetic row 0916,Laguna,88784,1923,8281,3443,5618,0,583,1559,0,0,7136,751,6410
3rd Quarter 2025,Synthetic,Risk Factor AD synthetic row 0917,City of Navotas,9591,395,0,720,472,1868,552,124,607,565,370,154,0
3rd Quarter 2025,Synthetic,Risk Factor AD synthetic row 0918,Region 5,525560,0,50843,37542,71021,36751,10031,21629,4224,93254,15286,4666,2611
1st Quarter 2025,Synthetic,Risk Factor AD synthetic row 0919,Catanduanes,25485,1050,371,4365,10149,812,7488,1373,0,2193,1536,58,0
2nd Quarter 2025,Synthetic,Risk Factor AD synthetic row 0920,Zamboanga del Sur,77270,653,12037,2139,690,679,37,4932,2187,842,1301,0,0
3rd Quarter 2025,Synthetic,Risk Factor AD synthetic row 0921,Rizal,77288,2378,7942,3454,10506,599,258,7011,9381,12330,5523,0,1133
2nd Quarter 2025,Synthetic,Risk Factor AD synthetic row 0922,Sulu,15407,134,621,0,15407,10,0,0,0,14722,15407,56,0
1st Quarter 2025,Synthetic,Risk Factor AD synthetic row 0923,City of Iloilo,32025,0,1164,772,706,0,459,1565,75,309,696,281,0
3rd Quarter 2025,Synthetic,Risk Factor AD synthetic row 0924,BARMM,261795,2930,19302,925,0,0,0,0,3548,261795,14808,7987,2216
1st Quarter 2025,Synthetic,Risk Factor AD synthetic row 0925,City of Tacloban,13987,209,571,566,89,0,0,45,0,431,0,0,159
1st Quarter 2025,Synthetic,Risk Factor AD synthetic row 0926,Region 5,1,0,1,0,1,0,0,0,0,0,0,0,0
3rd Quarter 2025,Synthetic,Risk Factor AD synthetic row 0927,Region 6,545448,7025,42314,0,728,15819,11346,19819,0,17650,0,839,0
2nd Quarter 2025,Synthetic,Risk Factor AD synthetic row 0928,Capiz,109762,0,8921,3050,0,4344,6608,0,0,0,260,1564,148
2nd Quarter 2025,Synthetic,Risk Factor AD synthetic row 0929,City of Makati,31662,228,585,572,1318,5072,2281,2387,310,1335,0,10316,0
3rd Quarter 2025,Synthetic,Risk Factor AD synthetic row 0930,City of Parañaque,21907,289,80,0,11,1132,63,269,30,1037,0,48,239
1st Quarter 2025,Synthetic,Risk Factor AD synthetic row 0931,Region 9,111678,3221,8050,4386,10446,4564,0,5830,3713,0,3360,1255,692
2nd Quarter 2025,Synthetic,Risk Factor AD synthetic row 0932,Sarangani,18398,4,1913,234,1611,768,0,773,206,827,366,799,0
3rd Quarter 2025,Synthetic,Risk Factor AD synthetic row 0933,City of Taguig,47624,0,254,436,364,1314,1152,621,294,0,361,693,967
1st Quarter 2025,Synthetic,Risk Factor AD synthetic row 0934,Basilan,1,0,1,0,0,0,1,1,0,1,0,1,1
2nd Quarter 2025,Synthetic,Risk Factor AD synthetic row 0935,City of Zamboanga,12367,306,0,413,1122,302,0,0,0,642,407,42,0
3rd Quarter 2025,Synthetic,Risk Factor AD synthetic row 0936,La Union,88280,869,4030,162,0,352,223,919,502,0,5183,507,19
2nd Quarter 2025,Synthetic,Risk Factor AD synthetic row 0937,Pangasinan,143376,123717,8785,2304,540,0,1693,223,0,133878,104776,1527,1035
2nd Quarter 2025,Synthetic,Risk Factor AD synthetic row 0938,City of Valenzuela,61281,969,88,0,0,0,0,0,0,471,0,0,807
3rd Quarter 2025,Synthetic,Risk Factor AD synthetic row 0939,Region 4A,1114760,38294,136710,0,92065,5829,0,6866,7256,170434,46850,0,10326
2nd Quarter 2025,Synthetic,Risk Factor AD synthetic row 0940,Tawi-Tawi,1,0,0,0,0,0,1,0,1,0,0,0,0
1st Quarter 2025,Synthetic,Risk Factor AD synthetic row 0941,Romblon,32066,534,3352,3023,3379,113,573,1903,0,2309,2386,1293,959
2nd Quarter 2025,Synthetic,Risk Factor AD synthetic row 0942,Zamboanga del Norte,16547,425,2478,452,1012,963,382,29,1104,859,0,0,59
1st Quarter 2025,Synthetic,Risk Factor AD synthetic row 0943,Leyte,66632,2537,9662,5795,28,1487,1847,0,894,4238,0,0,278
1st Quarter 2025,Synthetic,Risk Factor AD synthetic row 0944,Tawi-Tawi,1,0,1,0,0,0,0,0,0,1,0,1,1
1st Quarter 2025,Synthetic,Risk Factor AD synthetic row 0945,Dinagat Islands,4386,79,506,13,0,491,0,0,0,1006,0,0,0
2nd Quarter 2025,Synthetic,Risk Factor AD synthetic row 0946,City of Valenzuela,29838,358,34,368,0,0,0,0,263,0,220,0,595
2nd Quarter 2025,Synthetic,Risk Factor AD synthetic row 0947,Northern Samar,15290,140,1376,631,2210,65,115,0,274,917,1134,169,0
2nd Quarter 2025,Synthetic,Risk Factor AD synthetic row 0948,NCR,266392,1537,0,5621,3219,4683,4730,12819,0,0,8737,3311,3458
1st Quarter 2025,Synthetic,Risk Factor AD synthetic row 0949,Davao de Oro,51046,0,7087,3351,8994,0,0,186,425,443,2525,8788,4449
1st Quarter 2025,Synthetic,Risk Factor AD synthetic row 0950,Batangas,171754,4127,34923,0,16644,186,0,22623,0,17016,13214,0,458
3rd Quarter 2025,Synthetic,Risk Factor AD synthetic row 0951,BARMM,1,0,0,0,1,0,0,0,0,0,1,0,0
1st Quarter 2025,Synthetic,Risk Factor AD synthetic row 0952,Pangasinan,1,0,0,0,0,0,0,0,0,0,0,0,0
3rd Quarter 2025,Synthetic,Risk Factor AD synthetic row 0953,City of Parañaque,30754,0,0,278,250,1225,182,272,530,30,261,141,0
1st Quarter 2025,Synthetic,Risk Factor AD synthetic row 0954,City of Zamboanga,23990,1083,1760,0,1421,87,326,1378,0,2065,1380,0,0
1st Quarter 2025,Synthetic,Risk Factor AD synthetic row 0955,Davao del Sur,32451,142,2388,2998,2144,11231,0,3292,6525,7124,3167,0,182
1st Quarter 2025,Synthetic,Risk Factor AD synthetic row 0956,Region 12,158475,3219,12670,3485,17634,686,359,875,3010,6709,5775,8949,727
2nd Quarter 2025,Synthetic,Risk Factor AD synthetic row 0957,City of Butuan,19577,0,0,916,1595,0,553,0,21,570,2353,0,249
3rd Quarter 2025,Synthetic,Risk Factor AD synthetic row 0958,Davao del Sur,25015,418,408,65,3425,2887,6275,9674,1636,7006,2896,273,0
3rd Quarter 2025,Synthetic,Risk Factor AD synthetic row 0959,Southern Leyte,38379,0,0,3468,0,0,633,0,0,0,4390,0,0
3rd Quarter 2025,Synthetic,Risk Factor AD synthetic row 0960,Ilocos Norte,41962,0,2031,269,117,309,0,0,250,1987,1243,0,482
2nd Quarter 2025,Synthetic,Risk Factor AD synthetic row 0961,Eastern Samar,16124,28,63,1966,1964,4,363,122,0,796,160,0,0
2nd Quarter 2025,Synthetic,Risk Factor AD synthetic row 0962,Zamboanga del Sur,36209,859,4716,1297,4650,437,0,1884,1,1747,0,106,0
2nd Quarter 2025,Synthetic,Risk Factor AD synthetic row 0963,Sulu,7796,54,440,0,35,42,20,56,123,47,7796,38,0
1st Quarter 2025,Synthetic,Risk Factor AD synthetic row 0964,City of Malabon,30525,1741,97,1009,0,0,724,0,0,5432,2029,612,372
2nd Quarter 2025,Synthetic,Risk Factor AD synthetic row 0965,Quezon,99023,861,12179,15019,0,2862,724,15109,26755,9184,5474,2380,8722
3rd Quarter 2025,Synthetic,Risk Factor AD synthetic row 0966,Region 6,245713,7189,8708,8389,20617,2764,2512,6088,0,1614,5888,1978,0
3rd Quarter 2025,Synthetic,Risk Factor AD synthetic row 0967,Region 1,286976,0,44261,6483,13124,0,0,0,0,55596,0,0,0
3rd Quarter 2025,Synthetic,Risk Factor AD synthetic row 0968,South Cotabato,26620,286,1651,539,0,0,0,425,500,0,1007,2555,0
3rd Quarter 2025,Synthetic,Risk Factor AD synthetic row 0969,City of Malabon,15870,63,226,1914,8,138,233,112,74,147,0,458,0
1st Quarter 2025,Synthetic,Risk Factor AD synthetic row 0970,Region 3,920394,36423,65253,52138,55777,24779,10994,38550,2538,0,12379,0,17741
1st Quarter 2025,Synthetic,Risk Factor AD synthetic row 0971,Davao del Sur,28050,1740,2448,262,2161,12163,6387,11958,2125,604,2479,71,64
2nd Quarter 2025,Synthetic,Risk Factor AD synthetic row 0972,Sarangani,41946,399,0,481,605,698,753,238,629,1181,1884,1232,302
2nd Quarter 2025,Synthetic,Risk Factor AD synthetic row 0973,Zamboanga del Sur,32912,773,5101,522,1695,639,1038,1647,1094,483,1457,450,0
1st Quarter 2025,Synthetic,Risk Factor AD synthetic row 0974,Lanao del Norte,36938,0,0,482,987,520,0,276,592,2127,0,270,123
3rd Quarter 2025,Synthetic,Risk Factor AD synthetic row 0975,City of Cotabato,1,0,1,0,0,0,0,0,0,1,0,0,0
2nd Quarter 2025,Synthetic,Risk Factor AD synthetic row 0976,Caraga,1,0,0,0,0,1,0,0,0,0,0,0,0
1st Quarter 2025,Synthetic,Risk Factor AD synthetic row 0977,Maguindanao del Norte,38398,362,4256,33660,2221,0,432,0,442,3698,38398,0,0
3rd Quarter 2025,Synthetic,Risk Factor AD synthetic row 0978,City of Angeles,40198,2239,0,1791,249,468,118,0,391,1804,488,138,638
3rd Quarter 2025,Synthetic,Risk Factor AD synthetic row 0979,South Cotabato,42712,0,4381,519,0,57,0,0,0,0,298,3967,591
2nd Quarter 2025,Synthetic,Risk Factor AD synthetic row 0980,Camiguin,4297,9,0,0,44,0,0,47,60,17,0,0,35
3rd Quarter 2025,Synthetic,Risk Factor AD synthetic row 0981,Davao de Oro,39094,253,5289,2618,4426,123,0,2977,2672,1454,0,1224,0
3rd Quarter 2025,Synthetic,Risk Factor AD synthetic row 0982,City of Taguig,39802,0,156,681,512,267,0,0,1046,0,0,1176,643
3rd Quarter 2025,Synthetic,Risk Factor AD synthetic row 0983,Ormoc City,7427,13,200,77,559,0,0,17,0,651,448,8,0
1st Quarter 2025,Synthetic,Risk Factor AD synthetic row 0984,Apayao,32275,751,688,814,0,37,413,30,486,94,0,4270,617
2nd Quarter 2025,Synthetic,Risk Factor AD synthetic row 0985,Cebu,31992,0,4448,3356,3291,3519,1757,2208,1530,619,0,1102,1510
2nd Quarter 2025,Synthetic,Risk Factor AD synthetic row 0986,City of Iligan,7228,46,1,419,539,0,0,0,0,0,22,83,110
2nd Quarter 2025,Synthetic,Risk Factor AD synthetic row 0987,Misamis Occidental,13220,311,0,469,1251,0,217,232,0,101,186,105,92
1st Quarter 2025,Synthetic,Risk Factor AD synthetic row 0988,City of Malabon,35425,73,2144,36,53,514,0,90,0,0,337,0,0
3rd Quarter 2025,Synthetic,Risk Factor AD synthetic row 0989,Pateros,2964,20,0,13,11,0,0,41,0,0,31,16,11
2nd Quarter 2025,Synthetic,Risk Factor AD synthetic row 0990,Aklan,8454,41,1188,685,10,118,14,231,150,866,800,0,135
1st Quarter 2025,Synthetic,Risk Factor AD synthetic row 0991,Region 4A,1,0,0,0,0,0,0,0,0,0,0,0,0
2nd Quarter 2025,Synthetic,Risk Factor AD synthetic row 0992,Sorsogon,94954,1180,11076,1846,7926,74,343,0,4500,112,8392,1333,0
1st Quarter 2025,Synthetic,Risk Factor AD synthetic row 0993,Kalinga,22922,127,139,461,0,175,0,0,110,0,1802,2066,0
3rd Quarter 2025,Synthetic,Risk Factor AD synthetic row 0994,Capiz,27890,140,1326,140,2294,0,0,1852,230,636,135,851,453
1st Quarter 2025,Synthetic,Risk Factor AD synthetic row 0995,Region 11,564750,23759,119,34710,79657,88356,71840,0,42021,141006,0,0,7715
1st Quarter 2025,Synthetic,Risk Factor AD synthetic row 0996,City of Pasig,51573,0,1819,5567,2274,0,891,789,0,12301,5196,242,587
2nd Quarter 2025,Synthetic,Risk Factor AD synthetic row 0997,Zambales,122672,5350,8977,2685,5178,0,0,0,5020,4327,3020,54,0
3rd Quarter 2025,Synthetic,Risk Factor AD synthetic row 0998,Camarines Norte,69248,2310,344,1054,5388,1245,778,0,684,7596,5537,736,0
2nd Quarter 2025,Synthetic,Risk Factor AD synthetic row 0999,City of Davao,86098,5354,3746,3421,4567,0,377,19457,5484,6534,6557,0,284
3rd Quarter 2025,Synthetic,Risk Factor AD synthetic row 1000,Davao Occidental,22830,1338,0,172,0,0,997,2624,0,2850,2050,0,300
3rd Quarter 2025,Synthetic,Risk Factor AD synthetic row 1001,Davao del Norte,137509,1706,17185,10772,0,22841,20606,12001,11119,39456,21814,2226,1528
2nd Quarter 2025,Synthetic,Risk Factor AD synthetic row 1002,BARMM,1,0,0,0,0,0,0,0,0,0,0,0,1
1st Quarter 2025,Synthetic,Risk Factor AD synthetic row 1003,City of Bacolod,28764,477,2151,1569,2444,0,0,430,148,2096,690,64,0
3rd Quarter 2025,Synthetic,Risk Factor AD synthetic row 1004,Region 5,186156,5292,32185,5627,0,16173,990,12193,0,29566,22906,3538,4577
3rd Quarter 2025,Synthetic,Risk Factor AD synthetic row 1005,Region 10,332397,6562,0,7024,4306,987,3438,4169,0,15718,3582,0,1966
2nd Quarter 2025,Synthetic,Risk Factor AD synthetic row 1006,Maguindanao del Norte,19717,368,1410,124,18269,0,0,208,252,19717,1426,266,2
2nd Quarter 2025,Synthetic,Risk Factor AD synthetic row 1007,Ifugao,9911,134,206,291,241,113,0,123,2,302,365,0,26
3rd Quarter 2025,Synthetic,Risk Factor AD synthetic row 1008,Special Geographic Area (SGA),7054,22,6944,33,115,33,0,0,0,6259,151,55,7054
2nd Quarter 2025,Synthetic,Risk Factor AD synthetic row 1009,Pateros,2101,5,0,12,24,2,29,17,0,0,4,0,0
3rd Quarter 2025,Synthetic,Risk Factor AD synthetic row 1010,City of Muntinlupa,21485,780,0,1463,118,172,65,0,0,0,1757,0,0
3rd Quarter 2025,Synthetic,Risk Factor AD synthetic row 1011,CAR,1,0,0,0,0,0,0,0,0,1,0,0,0
3rd Quarter 2025,Synthetic,Risk Factor AD synthetic row 1012,City of Malabon,25413,0,247,1140,145,353,0,871,0,0,170,0,0
1st Quarter 2025,Synthetic,Risk Factor AD synthetic row 1013,Region 9,120019,3784,17307,4168,20,4025,0,7304,1336,4298,3506,0,1777
2nd Quarter 2025,Synthetic,Risk Factor AD synthetic row 1014,Abra,15517,0,617,981,661,176,219,0,213,1212,910,1322,550
3rd Quarter 2025,Synthetic,Risk Factor AD synthetic row 1015,Camarines Norte,62410,0,551,2292,6308,1804,524,1363,1385,6736,6413,1049,1609
3rd Quarter 2025,Synthetic,Risk Factor AD synthetic row 1016,Nueva Vizcaya,52176,1013,1864,285,145,1575,1349,1931,556,1620,1465,0,111
1st Quarter 2025,Synthetic,Risk Factor AD synthetic row 1017,Tarlac,105543,3487,4473,2561,4983,22,0,144,744,1180,2389,0,1407
2nd Quarter 2025,Synthetic,Risk Factor AD synthetic row 1018,Camiguin,4347,0,18,60,151,0,75,0,109,22,0,0,0
2nd Quarter 2025,Synthetic,Risk Factor AD synthetic row 1019,Laguna,81381,2165,279,3507,5258,756,4802,4426,800,8468,5502,4665,14968
3rd Quarter 2025,Synthetic,Risk Factor AD synthetic row 1020,Cagayan,63922,411,3723,2956,8839,473,3242,6591,4132,2830,2618,1062,694
1st Quarter 2025,Synthetic,Risk Factor AD synthetic row 1021,Negros Oriental,29697,0,3267,1039,0,2056,794,258,0,1722,1654,1401,385
2nd Quarter 2025,Synthetic,Risk Factor AD synthetic row 1022,Southern Leyte,68567,0,1546,5743,0,0,128,291,604,2456,1108,0,46
3rd Quarter 2025,Synthetic,Risk Factor AD synthetic row 1023,City of Valenzuela,36327,248,0,340,53,0,258,339,261,414,0,0,1085
3rd Quarter 2025,Synthetic,Risk Factor AD synthetic row 1024,City of Bacolod,11038,364,138,586,1137,0,0,0,146,1009,1203,204,142
2nd Quarter 2025,Synthetic,Risk Factor AD synthetic row 1025,Region 5,415019,2168,61765,16028,46877,33266,10520,256,13574,56854,18724,1437,4277
1st Quarter 2025,Synthetic,Risk Factor AD synthetic row 1026,Surigao del Sur,39591,1313,212,1916,8843,4945,0,0,4216,2307,2689,0,1763
2nd Quarter 2025,Synthetic,Risk Factor AD synthetic row 1027,City of Naga,31103,745,4079,2298,3287,1103,0,3871,1976,5054,139,1297,405
3rd Quarter 2025,Synthetic,Risk Factor AD synthetic row 1028,Northern Samar,39249,837,3609,3444,4894,0,406,35,0,4056,3691,41,0
2nd Quarter 2025,Synthetic,Risk Factor AD synthetic row 1029,Surigao del Norte,22251,448,3005,317,0,1642,1113,0,1768,2966,1861,1215,608
3rd Quarter 2025,Synthetic,Risk Factor AD synthetic row 1030,Surigao del Sur,16010,838,2153,1192,0,2091,1103,0,1470,0,1582,0,79
3rd Quarter 2025,Synthetic,Risk Factor AD synthetic row 1031,Nueva Ecija,412577,22499,30216,26343,75107,3266,12518,15848,5922,19434,199,6676,8082
3rd Quarter 2025,Synthetic,Risk Factor AD synthetic row 1032,Cagayan,130087,5157,19514,6425,10675,9374,3605,11475,0,453,5294,4417,3185
3rd Quarter 2025,Synthetic,Risk Factor AD synthetic row 1033,Bulacan,307409,10918,32807,17294,38605,10939,7535,16072,8470,7316,26729,0,7396
3rd Quarter 2025,Synthetic,Risk Factor AD synthetic row 1034,Nueva Ecija,30702,1409,5435,1878,2975,961,334,990,772,1826,1212,391,232
2nd Quarter 2025,Synthetic,Risk Factor AD synthetic row 1035,Maguindanao del Sur,59572,1962,59572,59572,1631,165,558,182,0,885,157,0,314
2nd Quarter 2025,Synthetic,Risk Factor AD synthetic row 1036,Region 3,1,0,0,0,0,0,0,0,0,0,0,0,0
3rd Quarter 2025,Synthetic,Risk Factor AD synthetic row 1037,Maguindanao del Norte,1,1,0,0,0,0,0,0,0,0,0,0,0
3rd Quarter 2025,Synthetic,Risk Factor AD synthetic row 1038,Batanes,4018,84,141,326,521,118,319,690,333,190,286,551,394
2nd Quarter 2025,Synthetic,Risk Factor AD synthetic row 1039,Lanao del Norte,31640,0,0,475,1426,128,938,1973,0,1754,0,0,15
1st Quarter 2025,Synthetic,Risk Factor AD synthetic row 1040,Abra,13567,330,1198,118,1453,100,134,0,46,200,160,0,885
1st Quarter 2025,Synthetic,Risk Factor AD synthetic row 1041,Antique,36732,950,528,67,3973,417,0,385,0,1576,0,221,0
1st Quarter 2025,Synthetic,Risk Factor AD synthetic row 1042,Leyte,27482,540,3474,2304,0,93,0,2215,1439,1538,1571,270,0
2nd Quarter 2025,Synthetic,Risk Factor AD synthetic row 1043,Nueva Ecija,143933,6341,13047,0,13073,4731,2832,3282,0,7813,2417,0,0
2nd Quarter 2025,Synthetic,Risk Factor AD synthetic row 1044,Antique,40481,0,4052,243,276,0,596,453,0,835,0,0,314
1st Quarter 2025,Synthetic,Risk Factor AD synthetic row 1045,Zamboanga del Sur,27135,868,1894,1368,0,1155,1305,1624,916,1433,846,0,17
3rd Quarter 2025,Synthetic,Risk Factor AD synthetic row 1046,Zamboanga del Sur,32138,1012,2153,771,107,235,0,1731,1404,1928,82,76,81
1st Quarter 2025,Synthetic,Risk Factor AD synthetic row 1047,City of Olongapo,12001,31,0,0,448,117,45,0,16,75,117,21,157
2nd Quarter 2025,Synthetic,Risk Factor AD synthetic row 1048,Marinduque,31073,507,0,206,1736,0,391,0,25,1679,0,462,207
2nd Quarter 2025,Synthetic,Risk Factor AD synthetic row 1049,Region 5,1,0,0,0,1,1,0,0,0,0,0,0,0
1st Quarter 2025,Synthetic,Risk Factor AD synthetic row 1050,City of Bacolod,7831,250,640,531,1018,60,73,0,0,83,840,12,0
2nd Quarter 2025,Synthetic,Risk Factor AD synthetic row 1051,Zamboanga Sibugay,84284,756,0,3066,8265,672,899,4575,151,4215,1015,0,0
1st Quarter 2025,Synthetic,Risk Factor AD synthetic row 1052,Oriental Mindoro,28919,0,2273,0,3278,0,0,543,1281,3698,2502,2687,807
1st Quarter 2025,Synthetic,Risk Factor AD synthetic row 1053,City of Manila,26161,0,67,1326,126,1255,298,0,825,0,582,283,0
3rd Quarter 2025,Synthetic,Risk Factor AD synthetic row 1054,Palawan,38321,178,4917,2243,5235,1694,571,1536,542,3823,1469,185,0
3rd Quarter 2025,Synthetic,Risk Factor AD synthetic row 1055,Maguindanao del Norte,42470,42470,37353,42470,31570,132,0,0,0,2096,40600,619,0
2nd Quarter 2025,Synthetic,Risk Factor AD synthetic row 1056,Bohol,26816,0,1756,192,104,158,1389,289,1697,2669,1549,60,5632
1st Quarter 2025,Synthetic,Risk Factor AD synthetic row 1057,Kalinga,29256,228,2842,682,2282,0,0,573,213,5040,3522,663,325
3rd Quarter 2025,Synthetic,Risk Factor AD synthetic row 1058,Zambales,61727,644,3355,247,0,1754,75,0,492,1026,144,0,465
1st Quarter 2025,Synthetic,Risk Factor AD synthetic row 1059,City of Isabela,29649,421,3910,395,1960,40,320,2932,1152,2939,1959,0,415
1st Quarter 2025,Synthetic,Risk Factor AD synthetic row 1060,Catanduanes,23431,0,4891,6095,8369,270,60,0,0,6977,1150,199,400
3rd Quarter 2025,Synthetic,Risk Factor AD synthetic row 1061,Benguet,16053,324,0,680,258,0,0,0,0,404,542,3205,0
2nd Quarter 2025,Synthetic,Risk Factor AD synthetic row 1062,Laguna,26478,0,2361,1013,2130,399,0,0,7300,3555,867,1761,2012
2nd Quarter 2025,Synthetic,Risk Factor AD synthetic row 1063,Batanes,2299,14,24,28,599,0,79,546,188,199,142,3,0
3rd Quarter 2025,Synthetic,Risk Factor AD synthetic row 1064,City of Isabela,6697,208,489,54,355,8,4,154,488,753,448,132,0
2nd Quarter 2025,Synthetic,Risk Factor AD synthetic row 1065,City of Baguio,14507,348,381,902,895,9,0,1,0,357,1765,0,865
1st Quarter 2025,Synthetic,Risk Factor AD synthetic row 1066,City of Butuan,28759,0,2295,0,2766,382,0,249,0,1344,0,0,0
2nd Quarter 2025,Synthetic,Risk Factor AD synthetic row 1067,La Union,31577,0,0,1014,388,308,0,931,0,0,0,0,437
3rd Quarter 2025,Synthetic,Risk Factor AD synthetic row 1068,Pateros,3700,9,0,0,40,37,0,0,60,0,11,0,23
1st Quarter 2025,Synthetic,Risk Factor AD synthetic row 1069,Region 6,557822,13153,20162,12969,45530,9777,0,1729,6579,9731,21403,3143,12556
1st Quarter 2025,Synthetic,Risk Factor AD synthetic row 1070,Misamis Oriental,33848,63,145,1623,2671,0,0,2248,1032,387,0,601,171
3rd Quarter 2025,Synthetic,Risk Factor AD synthetic row 1071,Surigao del Sur,43272,1200,26,2300,2366,570,5183,2821,1645,0,1438,2837,498
1st Quarter 2025,Synthetic,Risk Factor AD synthetic row 1072,Lanao del Norte,19625,0,954,55,1422,0,803,65,67,141,347,193,164
1st Quarter 2025,Synthetic,Risk Factor AD synthetic row 1073,City of Manila,37370,125,0,0,1086,0,455,1451,519,384,0,377,151
3rd Quarter 2025,Synthetic,Risk Factor AD synthetic row 1074,Zambales,54876,464,3942,2399,2552,330,380,1516,2110,1490,742,0,1204
1st Quarter 2025,Synthetic,Risk Factor AD synthetic row 1075,City of Angeles,20111,1209,139,0,1224,1034,337,221,0,708,0,500,214
1st Quarter 2025,Synthetic,Risk Factor AD synthetic row 1076,City of Cagayan De Oro,33036,1260,42,3410,6668,660,349,0,0,2404,1160,75,0
2nd Quarter 2025,Synthetic,Risk Factor AD synthetic row 1077,Zambales,127492,0,6683,3028,9067,0,0,3717,72,4492,1192,1024,0
3rd Quarter 2025,Synthetic,Risk Factor AD synthetic row 1078,CAR,118121,2346,2371,0,4572,0,463,0,0,14039,11095,593,294
2nd Quarter 2025,Synthetic,Risk Factor AD synthetic row 1079,Batangas,163602,7822,1863,2330,39019,0,53,11649,46045,10990,16533,15564,14891
1st Quarter 2025,Synthetic,Risk Factor AD synthetic row 1080,City of Cotabato,24147,170,1428,349,187,0,943,0,386,1367,0,17,0
1st Quarter 2025,Synthetic,Risk Factor AD synthetic row 1081,Antique,29884,0,2548,853,3343,269,0,0,326,1447,349,442,0
1st Quarter 2025,Synthetic,Risk Factor AD synthetic row 1082,Region 1,357871,11471,19067,21043,69685,0,0,911,0,62153,12969,0,1548
2nd Quarter 2025,Synthetic,Risk Factor AD synthetic row 1083,City of Baguio,10307,219,479,0,549,32,0,0,115,350,1738,4385,0
2nd Quarter 2025,Synthetic,Risk Factor AD synthetic row 1084,Batanes,1929,46,219,350,237,235,0,468,178,115,218,241,145
1st Quarter 2025,Synthetic,Risk Factor AD synthetic row 1085,City of Cotabato,1,1,0,0,0,0,0,0,0,0,0,0,0
1st Quarter 2025,Synthetic,Risk Factor AD synthetic row 1086,Cavite,136448,5493,14052,868,16031,95,4608,20407,1760,24107,10045,23345,0
2nd Quarter 2025,Synthetic,Risk Factor AD synthetic row 1087,City of Makati,6637,19,209,21,178,1077,0,286,7,0,0,1938,44
1st Quarter 2025,Synthetic,Risk Factor AD synthetic row 1088,Region 3,1842565,31706,197575,65001,125623,37104,0,63712,66721,41599,60524,28112,784
1st Quarter 2025,Synthetic,Risk Factor AD synthetic row 1089,Quirino,29491,877,2071,412,0,269,1569,580,2544,1812,0,270,632
2nd Quarter 2025,Synthetic,Risk Factor AD synthetic row 1090,Davao Oriental,29249,963,280,3006,291,10731,0,7706,6203,0,65,0,622
3rd Quarter 2025,Synthetic,Risk Factor AD synthetic row 1091,City of Bacolod,13752,176,874,0,1905,172,189,0,0,932,1791,107,143
3rd Quarter 2025,Synthetic,Risk Factor AD synthetic row 1092,Pampanga,119134,2366,10351,2962,3412,5855,0,5021,2762,2692,2724,1845,0
2nd Quarter 2025,Synthetic,Risk Factor AD synthetic row 1093,City of Bacolod,7090,221,341,431,903,0,36,98,16,1984,761,0,9
2nd Quarter 2025,Synthetic,Risk Factor AD synthetic row 1094,City of Olongapo,19603,375,293,1485,640,0,0,156,198,253,535,0,47
3rd Quarter 2025,Synthetic,Risk Factor AD synthetic row 1095,Cagayan,76353,2448,343,3043,0,4112,4142,5323,0,6391,3341,0,952
2nd Quarter 2025,Synthetic,Risk Factor AD synthetic row 1096,NCR,1,0,0,1,0,0,0,0,0,0,0,0,0
3rd Quarter 2025,Synthetic,Risk Factor AD synthetic row 1097,Ormoc City,28089,0,1504,736,2223,106,0,0,336,2550,1747,0,547
1st Quarter 2025,Synthetic,Risk Factor AD synthetic row 1098,Ormoc City,7098,10,25,360,532,0,0,0,0,689,646,84,109
3rd Quarter 2025,Synthetic,Risk Factor AD synthetic row 1099,City of Tacloban,37411,1271,3089,3152,3747,600,622,0,0,609,234,152,142
2nd Quarter 2025,Synthetic,Risk Factor AD synthetic row 1100,Tarlac,202888,4794,481,320,11091,183,0,0,2303,2767,602,2222,423
2nd Quarter 2025,Synthetic,Risk Factor AD synthetic row 1101,City of Makati,7957,0,0,0,29,0,721,122,63,644,220,51,0
3rd Quarter 2025,Synthetic,Risk Factor AD synthetic row 1102,City of Pasig,23878,476,1028,859,2154,0,201,261,376,3991,3889,0,0
3rd Quarter 2025,Synthetic,Risk Factor AD synthetic row 1103,Mountain Province,30399,238,53,0,2366,0,0,162,0,2756,0,0,1039
1st Quarter 2025,Synthetic,Risk Factor AD synthetic row 1104,City of Lapu-Lapu,25573,629,0,690,2608,940,277,1787,2424,3823,492,71,807
1st Quarter 2025,Synthetic,Risk Factor AD synthetic row 1105,Basilan,7927,7927,61,0,7719,178,7918,6201,0,377,0,64,169
3rd Quarter 2025,Synthetic,Risk Factor AD synthetic row 1106,Quezon,48065,1132,3534,2353,2414,0,757,547,21,6587,4207,756,7343
1st Quarter 2025,Synthetic,Risk Factor AD synthetic row 1107,Sulu,5817,0,683,0,5,81,87,0,0,5603,5490,12,17
2nd Quarter 2025,Synthetic,Risk Factor AD synthetic row 1108,City of Cotabato,28283,769,1187,474,349,731,193,786,205,0,21995,72,0
3rd Quarter 2025,Synthetic,Risk Factor AD synthetic row 1109,City of Valenzuela,20133,0,0,49,0,541,0,0,0,94,0,123,168
1st Quarter 2025,Synthetic,Risk Factor AD synthetic row 1110,Quirino,19686,48,1550,757,1675,2182,1611,2418,571,983,181,0,633
2nd Quarter 2025,Synthetic,Risk Factor AD synthetic row 1111,Bataan,67173,1251,1705,1565,0,582,1067,434,1325,4090,1792,0,0
3rd Quarter 2025,Synthetic,Risk Factor AD synthetic row 1112,Region 2,533402,11234,48274,18079,37263,35150,14697,52033,45917,31357,26232,2351,1194
1st Quarter 2025,Synthetic,Risk Factor AD synthetic row 1113,Romblon,33976,0,2757,1044,4496,0,7,0,193,0,2888,119,1193
3rd Quarter 2025,Synthetic,Risk Factor AD synthetic row 1114,Agusan del Norte,19647,0,130,1587,2834,467,991,1829,0,0,1113,1679,352
3rd Quarter 2025,Synthetic,Risk Factor AD synthetic row 1115,City of Puerto Princesa,9574,803,0,0,1669,0,2,0,43,66,93,750,506
3rd Quarter 2025,Synthetic,Risk Factor AD synthetic row 1116,Abra,12922,255,1184,583,386,119,70,0,115,0,466,933,426
1st Quarter 2025,Synthetic,Risk Factor AD synthetic row 1117,Romblon,3631,4,293,219,416,96,5,218,154,868,179,33,0
3rd Quarter 2025,Synthetic,Risk Factor AD synthetic row 1118,Aklan,17850,199,40,1259,2389,712,0,537,529,99,81,211,0
1st Quarter 2025,Synthetic,Risk Factor AD synthetic row 1119,Camarines Sur,63536,594,3700,2173,3515,0,3101,4658,3671,2831,1637,1050,450
3rd Quarter 2025,Synthetic,Risk Factor AD synthetic row 1120,Region 9,226085,6564,20319,2295,22011,9121,7711,11476,8974,1183,9009,3592,5860
1st Quarter 2025,Synthetic,Risk Factor AD synthetic row 1121,Region 11,287322,9597,37609,0,0,62880,17355,24966,51581,24233,0,0,0
1st Quarter 2025,Synthetic,Risk Factor AD synthetic row 1122,Bataan,108536,0,6438,1330,3977,0,2661,1468,1793,6241,4983,3221,766
2nd Quarter 2025,Synthetic,Risk Factor AD synthetic row 1123,Aklan,8399,18,0,244,360,15,301,1319,0,1368,487,0,108
2nd Quarter 2025,Synthetic,Risk Factor AD synthetic row 1124,Ilocos Sur,35324,252,0,339,175,169,0,126,0,178,3329,0,0
2nd Quarter 2025,Synthetic,Risk Factor AD synthetic row 1125,Tawi-Tawi,34383,97,12216,566,0,1676,237,723,2467,34383,1081,33566,1128
2nd Quarter 2025,Synthetic,Risk Factor AD synthetic row 1126,Region 12,168468,0,701,0,20624,0,4496,0,0,196,0,5740,1534
1st Quarter 2025,Synthetic,Risk Factor AD synthetic row 1127,Tawi-Tawi,11391,0,3478,0,0,0,11391,210,575,449,411,302,11038
3rd Quarter 2025,Synthetic,Risk Factor AD synthetic row 1128,Apayao,15794,0,505,501,63,0,0,108,48,166,123,2835,8
2nd Quarter 2025,Synthetic,Risk Factor AD synthetic row 1129,CAR,1,0,0,0,0,0,0,0,0,0,0,0,0
1st Quarter 2025,Synthetic,Risk Factor AD synthetic row 1130,Tarlac,248490,10235,0,4022,6467,2187,882,0,4661,14625,8812,3366,0
3rd Quarter 2025,Synthetic,Risk Factor AD synthetic row 1131,City of Cagayan De Oro,20308,610,0,1667,215,125,68,38,0,224,0,0,84
2nd Quarter 2025,Synthetic,Risk Factor AD synthetic row 1132,Quezon City,139229,0,2774,4588,0,1186,1582,0,572,553,1911,1013,2478
1st Quarter 2025,Synthetic,Risk Factor AD synthetic row 1133,Occidental Mindoro,30862,1028,4399,116,13781,1738,964,1668,0,2123,471,698,198
2nd Quarter 2025,Synthetic,Risk Factor AD synthetic row 1134,Siquijor,4832,41,494,411,0,18,19,0,0,0,0,19,0
3rd Quarter 2025,Synthetic,Risk Factor AD synthetic row 1135,Agusan del Norte,40410,927,3957,0,4832,3897,2682,3602,0,2241,2727,630,1759
3rd Quarter 2025,Synthetic,Risk Factor AD synthetic row 1136,NCR,691293,4689,23953,10570,7872,0,0,4949,16726,62286,38465,11151,8566
3rd Quarter 2025,Synthetic,Risk Factor AD synthetic row 1137,Isabela,33138,1142,0,826,2260,977,773,4008,2871,1918,950,92,0
1st Quarter 2025,Synthetic,Risk Factor AD synthetic row 1138,Bohol,34889,5295,445,0,2740,14544,13337,5270,0,72,16296,1584,8003
2nd Quarter 2025,Synthetic,Risk Factor AD synthetic row 1139,Bulacan,28225,1286,3925,0,3556,31,910,1011,934,928,1170,380,454
3rd Quarter 2025,Synthetic,Risk Factor AD synthetic row 1140,City of Makati,28873,571,1194,0,721,553,0,1421,1600,3756,775,0,224
3rd Quarter 2025,Synthetic,Risk Factor AD synthetic row 1141,Batanes,1705,50,157,158,366,219,0,39,223,107,64,185,127
1st Quarter 2025,Synthetic,Risk Factor AD synthetic row 1142,Bulacan,29137,812,1301,0,4637,937,477,1160,460,963,268,636,662
3rd Quarter 2025,Synthetic,Risk Factor AD synthetic row 1143,Batanes,3974,0,505,296,0,428,175,924,550,773,200,522,36
3rd Quarter 2025,Synthetic,Risk Factor AD synthetic row 1144,Quezon City,90770,0,0,4083,3494,0,0,0,1528,0,546,0,0
1st Quarter 2025,Synthetic,Risk Factor AD synthetic row 1145,Apayao,28470,444,1902,24,2824,0,0,113,351,3742,178,101,141
3rd Quarter 2025,Synthetic,Risk Factor AD synthetic row 1146,Region 5,219046,730,27632,18304,16134,20598,10056,11697,0,8429,9446,1668,0
1st Quarter 2025,Synthetic,Risk Factor AD synthetic row 1147,Bataan,40454,982,2221,768,2018,0,283,0,686,0,708,0,0
1st Quarter 2025,Synthetic,Risk Factor AD synthetic row 1148,Capiz,66006,531,4690,589,6334,2674,0,6708,4657,1503,403,0,0
1st Quarter 2025,Synthetic,Risk Factor AD synthetic row 1149,Occidental Mindoro,9538,541,113,63,2583,483,443,1225,0,264,403,200,108
2nd Quarter 2025,Synthetic,Risk Factor AD synthetic row 1150,Siquijor,5324,76,376,553,692,95,29,19,48,711,687,0,0
2nd Quarter 2025,Synthetic,Risk Factor AD synthetic row 1151,Catanduanes,48544,427,12660,3172,419,1966,13539,1436,122,17354,2590,721,479
2nd Quarter 2025,Synthetic,Risk Factor AD synthetic row 1152,Region 9,137490,5389,17788,2459,15235,4926,2806,0,5849,7962,3160,1346,894
3rd Quarter 2025,Synthetic,Risk Factor AD synthetic row 1153,Isabela,280184,8008,11900,5235,1779,10037,1709,13632,0,0,7519,3528,9139
3rd Quarter 2025,Synthetic,Risk Factor AD synthetic row 1154,Guimaras,95382,820,1543,2431,16544,2425,0,3343,3004,3598,6999,0,1309
1st Quarter 2025,Synthetic,Risk Factor AD synthetic row 1155,Mountain Province,21434,0,0,642,1668,0,0,4,0,330,1114,0,1134
2nd Quarter 2025,Synthetic,Risk Factor AD synthetic row 1156,Davao Oriental,35263,1276,2591,4598,8397,10897,6044,240,7,255,135,657,184
3rd Quarter 2025,Synthetic,Risk Factor AD synthetic row 1157,Sorsogon,43451,0,3288,237,4536,17,0,1003,425,554,298,0,0
1st Quarter 2025,Synthetic,Risk Factor AD synthetic row 1158,Abra,31147,482,1004,130,0,0,0,0,0,2948,2119,135,923
2nd Quarter 2025,Synthetic,Risk Factor AD synthetic row 1159,Nueva Vizcaya,30458,550,777,0,118,0,381,962,56,166,863,84,617
2nd Quarter 2025,Synthetic,Risk Factor AD synthetic row 1160,Davao Oriental,27629,765,3582,2324,5558,9872,5052,3946,56,703,0,196,512
2nd Quarter 2025,Synthetic,Risk Factor AD synthetic row 1161,City of Las Piñas,28676,456,2507,2447,1529,5325,3069,5370,4255,5275,3242,869,0
1st Quarter 2025,Synthetic,Risk Factor AD synthetic row 1162,Region 10,133813,104,10475,6459,0,0,1061,0,4292,0,0,0,0
3rd Quarter 2025,Synthetic,Risk Factor AD synthetic row 1163,Sarangani,37449,177,4023,550,0,0,955,574,1636,2099,1114,837,842
1st Quarter 2025,Synthetic,Risk Factor AD synthetic row 1164,Rizal,67859,3118,3791,7166,6379,607,1798,4263,7772,6471,1962,3439,0
3rd Quarter 2025,Synthetic,Risk Factor AD synthetic row 1165,Bulacan,271385,9621,24154,16369,32500,11418,0,11958,5482,24959,8727,6829,8033
3rd Quarter 2025,Synthetic,Risk Factor AD synthetic row 1166,City of Valenzuela,30924,0,0,322,216,197,25,483,290,1120,635,0,372
2nd Quarter 2025,Synthetic,Risk Factor AD synthetic row 1167,Tarlac,31581,0,2279,72,1035,292,155,300,0,964,1199,484,0
3rd Quarter 2025,Synthetic,Risk Factor AD synthetic row 1168,Caraga,109156,3766,14972,9334,6910,0,0,8416,7426,0,1444,806,3226
2nd Quarter 2025,Synthetic,Risk Factor AD synthetic row 1169,City of Lucena,25325,857,3883,1055,1648,0,585,3694,4962,2463,912,3406,175
3rd Quarter 2025,Synthetic,Risk Factor AD synthetic row 1170,Zamboanga del Norte,54695,643,7388,2517,5429,2388,0,3004,3539,2271,635,767,340
3rd Quarter 2025,Synthetic,Risk Factor AD synthetic row 1171,Region 12,132081,804,16522,2317,1082,2067,1123,0,586,4919,299,4378,0
2nd Quarter 2025,Synthetic,Risk Factor AD synthetic row 1172,City of Iloilo,43871,1474,38,873,0,0,841,0,158,1173,1335,0,0
1st Quarter 2025,Synthetic,Risk Factor AD synthetic row 1173,City of Muntinlupa,31468,0,0,728,563,180,0,0,0,0,5207,669,0
3rd Quarter 2025,Synthetic,Risk Factor AD synthetic row 1174,City of Marikina,31800,1538,3009,1879,2667,8907,2404,452,3465,1807,2646,423,1185
3rd Quarter 2025,Synthetic,Risk Factor AD synthetic row 1175,Siquijor,5003,22,468,355,501,0,30,24,0,664,317,59,67
2nd Quarter 2025,Synthetic,Risk Factor AD synthetic row 1176,Aklan,8556,89,0,9,479,145,0,340,134,158,109,504,210
1st Quarter 2025,Synthetic,Risk Factor AD synthetic row 1177,City of Lapu-Lapu,38353,1112,2905,3618,3292,1927,1516,8829,2412,0,1056,488,1301
3rd Quarter 2025,Synthetic,Risk Factor AD synthetic row 1178,Marinduque,5323,70,260,170,223,0,0,75,4,0,39,82,41
3rd Quarter 2025,Synthetic,Risk Factor AD synthetic row 1179,Laguna,134181,0,1405,0,11363,0,4806,0,14188,20764,1308,27781,20993
2nd Quarter 2025,Synthetic,Risk Factor AD synthetic row 1180,City of Isabela,6246,185,643,110,0,65,46,5,408,839,145,34,0
2nd Quarter 2025,Synthetic,Risk Factor AD synthetic row 1181,Quezon,35231,449,3986,5126,5692,0,190,2521,0,6800,1583,0,1911
2nd Quarter 2025,Synthetic,Risk Factor AD synthetic row 1182,Region 10,1,0,0,0,0,0,0,0,0,0,0,0,0
3rd Quarter 2025,Synthetic,Risk Factor AD synthetic row 1183,La Union,32503,102,0,1264,1996,383,0,451,399,1922,0,560,0
3rd Quarter 2025,Synthetic,Risk Factor AD synthetic row 1184,Region 10,147271,2218,9524,4351,11210,0,317,711,125,0,141,563,0
2nd Quarter 2025,Synthetic,Risk Factor AD synthetic row 1185,Region 9,115023,2979,34,3061,10848,4309,3649,6755,3828,0,4198,1431,2883
2nd Quarter 2025,Synthetic,Risk Factor AD synthetic row 1186,City of Baguio,34681,0,1497,2004,2129,21,349,0,521,0,408,500,0
1st Quarter 2025,Synthetic,Risk Factor AD synthetic row 1187,City of Lucena,16555,213,28,832,965,274,0,0,3409,2122,1987,0,28
3rd Quarter 2025,Synthetic,Risk Factor AD synthetic row 1188,City of Valenzuela,28187,4,0,0,38,0,519,0,0,439,0,0,0
3rd Quarter 2025,Synthetic,Risk Factor AD synthetic row 1189,Occidental Mindoro,9618,0,3304,26,3068,104,335,0,448,855,79,211,130
1st Quarter 2025,Synthetic,Risk Factor AD synthetic row 1190,Eastern Samar,14887,0,0,232,182,8,0,0,108,225,311,188,38
2nd Quarter 2025,Synthetic,Risk Factor AD synthetic row 1191,City of Cebu,28019,887,0,2334,0,3103,1951,13066,12779,3243,33,8975,391
1st Quarter 2025,Synthetic,Risk Factor AD synthetic row 1192,Nueva Vizcaya,18520,296,308,425,553,802,285,373,78,134,202,0,100
1st Quarter 2025,Synthetic,Risk Factor AD synthetic row 1193,Sultan Kudarat,124898,0,1538,1404,18567,2001,1301,1898,0,1265,1148,6784,0
2nd Quarter 2025,Synthetic,Risk Factor AD synthetic row 1194,Zambales,33275,1407,2149,0,2038,0,232,0,68,1487,115,325,0
1st Quarter 2025,Synthetic,Risk Factor AD synthetic row 1195,Biliran,13932,60,952,24,1441,956,418,0,684,1148,162,0,64
1st Quarter 2025,Synthetic,Risk Factor AD synthetic row 1196,City of Dagupan,5391,130,291,327,42,12,23,56,0,29,216,140,0
3rd Quarter 2025,Synthetic,Risk Factor AD synthetic row 1197,City of Mandaue,33316,0,275,240,1618,65,0,0,21,22,0,440,127
3rd Quarter 2025,Synthetic,Risk Factor AD synthetic row 1198,City of Las Piñas,28232,1313,2000,1439,3007,5830,3455,5706,2351,262,0,336,120
3rd Quarter 2025,Synthetic,Risk Factor AD synthetic row 1199,Misamis Oriental,20189,798,0,30,1463,357,980,1343,764,219,0,0,0
2nd Quarter 2025,Synthetic,Risk Factor AD synthetic row 1200,Batanes,3232,0,155,0,391,135,226,255,298,557,133,88,88
1st Quarter 2025,Synthetic,Risk Factor AD synthetic row 1201,Cebu,217348,900,28865,0,21610,10711,2313,4115,29319,5184,19195,2931,5518
1st Quarter 2025,Synthetic,Risk Factor AD synthetic row 1202,Rizal,60699,3554,5375,7272,8439,0,1573,544,17098,460,3930,0,0
1st Quarter 2025,Synthetic,Risk Factor AD synthetic row 1203,Ilocos Norte,33141,235,770,0,824,6,0,337,82,1776,808,0,482
1st Quarter 2025,Synthetic,Risk Factor AD synthetic row 1204,Lanao del Sur,95113,2148,900,0,77833,640,161,1288,94135,659,0,5574,1021
1st Quarter 2025,Synthetic,Risk Factor AD synthetic row 1205,Zamboanga del Sur,73850,0,4408,3006,8952,3078,2309,5217,2692,4547,1610,0,145
2nd Quarter 2025,Synthetic,Risk Factor AD synthetic row 1206,Iloilo,166681,6468,6719,2065,8702,0,0,0,147,0,2851,0,0
1st Quarter 2025,Synthetic,Risk Factor AD synthetic row 1207,Surigao del Sur,39048,2117,8712,1635,477,4819,3452,0,1708,4688,1234,3092,1516
3rd Quarter 2025,Synthetic,Risk Factor AD synthetic row 1208,Sarangani,28550,194,3642,434,59,1475,787,1082,0,2379,1023,468,924
3rd Quarter 2025,Synthetic,Risk Factor AD synthetic row 1209,La Union,34634,623,2920,1698,2380,453,0,0,0,918,4630,0,0
2nd Quarter 2025,Synthetic,Risk Factor AD synthetic row 1210,Lanao del Sur,29569,1219,1389,405,27914,276,29569,100,27014,2824,84,29569,817
2nd Quarter 2025,Synthetic,Risk Factor AD synthetic row 1211,Pasay City,19195,23,0,0,0,0,0,0,510,91,153,60,184
2nd Quarter 2025,Synthetic,Risk Factor AD synthetic row 1212,Camarines Norte,50594,1302,6840,3497,2017,221,0,0,0,6924,4671,2106,786
2nd Quarter 2025,Synthetic,Risk Factor AD synthetic row 1213,Agusan del Norte,42547,1247,3336,2794,4518,0,2408,4065,3063,4447,0,2215,112
2nd Quarter 2025,Synthetic,Risk Factor AD synthetic row 1214,Tarlac,112199,3495,0,2026,6283,215,0,0,114,1289,0,703,650
1st Quarter 2025,Synthetic,Risk Factor AD synthetic row 1215,Aurora,12104,221,0,711,842,577,164,1262,1405,767,0,419,231
2nd Quarter 2025,Synthetic,Risk Factor AD synthetic row 1216,Abra,29384,1510,1285,1448,2649,412,0,136,201,140,1155,1395,0
2nd Quarter 2025,Synthetic,Risk Factor AD synthetic row 1217,Davao del Sur,58937,1228,8415,430,8967,21141,0,25909,4554,10345,6791,0,308
1st Quarter 2025,Synthetic,Risk Factor AD synthetic row 1218,Palawan,25232,70,0,1008,3449,824,0,224,0,81,508,0,828
1st Quarter 2025,Synthetic,Risk Factor AD synthetic row 1219,Region 8,121743,932,6719,10164,20296,873,64,5,2740,11558,1072,109,2207
2nd Quarter 2025,Synthetic,Risk Factor AD synthetic row 1220,South Cotabato,26637,275,71,197,1520,0,2,169,0,395,0,0,0
1st Quarter 2025,Synthetic,Risk Factor AD synthetic row 1221,Tarlac,109481,3201,1401,1044,3352,1864,556,0,1813,1229,0,0,1825
1st Quarter 2025,Synthetic,Risk Factor AD synthetic row 1222,Quezon City,29510,0,0,916,842,197,274,349,0,903,0,115,0
2nd Quarter 2025,Synthetic,Risk Factor AD synthetic row 1223,City of Pasig,30604,0,0,2813,242,0,27,0,395,2067,0,580,231
1st Quarter 2025,Synthetic,Risk Factor AD synthetic row 1224,City of Olongapo,17375,0,880,326,1252,6,0,464,0,221,265,263,279
1st Quarter 2025,Synthetic,Risk Factor AD synthetic row 1225,Misamis Oriental,44411,0,0,84,198,0,0,49,457,0,0,321,0
1st Quarter 2025,Synthetic,Risk Factor AD synthetic row 1226,Samar,39171,4522,2561,4978,2925,0,0,0,0,981,952,376,463
3rd Quarter 2025,Synthetic,Risk Factor AD synthetic row 1227,Cagayan,172772,7248,20325,8846,1426,10516,0,20750,11803,10455,10126,3815,0
3rd Quarter 2025,Synthetic,Risk Factor AD synthetic row 1228,Eastern Samar,19673,513,1097,1587,1219,7,236,210,0,940,618,98,32
3rd Quarter 2025,Synthetic,Risk Factor AD synthetic row 1229,Rizal,150979,5228,8582,15618,17389,312,766,764,16894,825,0,0,1916
1st Quarter 2025,Synthetic,Risk Factor AD synthetic row 1230,Biliran,29111,1119,2363,2959,442,1815,1564,0,1337,3091,1368,152,22
3rd Quarter 2025,Synthetic,Risk Factor AD synthetic row 1231,Sultan Kudarat,143285,3374,21715,1602,8067,500,0,434,0,6537,1601,9124,6088
3rd Quarter 2025,Synthetic,Risk Factor AD synthetic row 1232,Mountain Province,32648,61,406,0,417,0,250,0,0,4763,2343,1340,188
2nd Quarter 2025,Synthetic,Risk Factor AD synthetic row 1233,City of Valenzuela,34386,0,0,1082,0,619,0,269,0,0,101,51,0
2nd Quarter 2025,Synthetic,Risk Factor AD synthetic row 1234,City of Bacolod,30636,181,237,2467,0,0,565,29,89,3160,3594,0,0
2nd Quarter 2025,Synthetic,Risk Factor AD synthetic row 1235,Kalinga,37865,0,0,943,5690,0,0,569,0,0,2476,392,1137
2nd Quarter 2025,Synthetic,Risk Factor AD synthetic row 1236,Quirino,33201,423,985,1597,4344,913,1505,2808,1683,1917,1853,887,145
2nd Quarter 2025,Synthetic,Risk Factor AD synthetic row 1237,City of Angeles,15641,254,1700,1467,1518,1427,246,133,112,157,242,0,0
2nd Quarter 2025,Synthetic,Risk Factor AD synthetic row 1238,Tarlac,226913,6752,14291,7035,7215,546,1399,0,2784,15104,0,0,883
3rd Quarter 2025,Synthetic,Risk Factor AD synthetic row 1239,Bukidnon,29659,170,18,2549,2215,234,172,1929,663,1676,0,149,0
1st Quarter 2025,Synthetic,Risk Factor AD synthetic row 1240,Oriental Mindoro,26602,221,2261,0,159,1556,718,1153,1111,581,1983,1375,839
1st Quarter 2025,Synthetic,Risk Factor AD synthetic row 1241,Samar,24220,3413,4011,1359,4892,31,0,95,57,959,0,130,125
2nd Quarter 2025,Synthetic,Risk Factor AD synthetic row 1242,Negros Occidental,89882,2674,0,621,15959,176,473,1697,423,7072,3174,1005,181
3rd Quarter 2025,Synthetic,Risk Factor AD synthetic row 1243,City of Lucena,30812,1911,3799,237,878,0,1247,3135,7620,5862,3720,3123,224
3rd Quarter 2025,Synthetic,Risk Factor AD synthetic row 1244,Nueva Vizcaya,23493,0,1243,47,370,165,261,900,503,606,187,215,0
2nd Quarter 2025,Synthetic,Risk Factor AD synthetic row 1245,Nueva Vizcaya,31383,80,734,33,579,827,0,459,290,0,1003,642,184
2nd Quarter 2025,Synthetic,Risk Factor AD synthetic row 1246,City of Bacolod,7321,336,716,235,926,29,0,0,0,783,373,35,0
1st Quarter 2025,Synthetic,Risk Factor AD synthetic row 1247,Iloilo,118755,2699,20314,2121,18822,0,0,324,0,5169,1109,0,1528
3rd Quarter 2025,Synthetic,Risk Factor AD synthetic row 1248,Tawi-Tawi,5864,73,42,33,5064,464,5864,405,4680,66,185,4499,11
3rd Quarter 2025,Synthetic,Risk Factor AD synthetic row 1249,Bataan,31501,0,0,148,339,824,749,0,302,978,1212,48,0
2nd Quarter 2025,Synthetic,Risk Factor AD synthetic row 1250,South Cotabato,25229,417,134,551,2704,101,0,284,0,0,1079,1053,1333
1st Quarter 2025,Synthetic,Risk Factor AD synthetic row 1251,City of Muntinlupa,28099,159,957,16,0,0,530,125,0,38,2868,224,65
1st Quarter 2025,Synthetic,Risk Factor AD synthetic row 1252,Region 5,458390,13258,25718,28895,26217,40211,21450,40163,23865,73113,29283,6440,1353
1st Quarter 2025,Synthetic,Risk Factor AD synthetic row 1253,South Cotabato,27106,321,0,1,0,61,479,221,0,0,998,0,418
2nd Quarter 2025,Synthetic,Risk Factor AD synthetic row 1254,NCR,409164,8020,1427,11497,12875,4537,2662,7957,0,0,1169,20152,1828
1st Quarter 2025,Synthetic,Risk Factor AD synthetic row 1255,Sulu,14820,14820,927,0,115,0,30,0,184,14820,644,0,66
1st Quarter 2025,Synthetic,Risk Factor AD synthetic row 1256,Special Geographic Area (SGA),1,0,0,1,0,0,0,1,0,0,0,1,1
3rd Quarter 2025,Synthetic,Risk Factor AD synthetic row 1257,Camarines Sur,28359,714,3187,107,1803,2499,0,0,1234,1767,0,205,337
2nd Quarter 2025,Synthetic,Risk Factor AD synthetic row 1258,Antique,28915,221,1898,193,2143,0,293,0,0,1232,1183,361,0
1st Quarter 2025,Synthetic,Risk Factor AD synthetic row 1259,Negros Oriental,26120,82,2260,1001,1935,2005,56,210,0,3046,1717,1866,846
2nd Quarter 2025,Synthetic,Risk Factor AD synthetic row 1260,Aurora,13193,0,720,56,2578,566,555,916,1341,560,486,587,408
3rd Quarter 2025,Synthetic,Risk Factor AD synthetic row 1261,Agusan del Sur,31397,0,4554,2226,0,2424,329,281,2223,2066,0,288,743
1st Quarter 2025,Synthetic,Risk Factor AD synthetic row 1262,Antique,33557,424,0,611,0,275,0,348,315,590,532,519,433
2nd Quarter 2025,Synthetic,Risk Factor AD synthetic row 1263,Leyte,34818,447,0,1897,5008,13,0,421,2279,2522,0,0,149
3rd Quarter 2025,Synthetic,Risk Factor AD synthetic row 1264,Region 8,295428,12182,36197,12889,0,0,1801,4643,0,26012,11208,2618,0
1st Quarter 2025,Synthetic,Risk Factor AD synthetic row 1265,BARMM,285382,285382,17383,3704,7660,7092,3280,6190,5996,646,276951,12783,4716
1st Quarter 2025,Synthetic,Risk Factor AD synthetic row 1266,City of Tacloban,32856,1130,2165,2257,2708,0,201,0,537,1009,43,401,52
1st Quarter 2025,Synthetic,Risk Factor AD synthetic row 1267,Tarlac,228745,8698,9611,5666,649,4643,3633,5672,3536,13357,5777,0,0
1st Quarter 2025,Synthetic,Risk Factor AD synthetic row 1268,Davao de Oro,102246,0,12662,7764,78,5977,1272,38471,0,25638,230,0,0
1st Quarter 2025,Synthetic,Risk Factor AD synthetic row 1269,Ifugao,21673,0,0,254,1991,0,0,149,71,2595,1643,262,0
2nd Quarter 2025,Synthetic,Risk Factor AD synthetic row 1270,Misamis Oriental,23249,0,2355,0,0,52,72,1299,0,0,0,299,0
1st Quarter 2025,Synthetic,Risk Factor AD synthetic row 1271,Occidental Mindoro,18289,428,2504,178,6401,941,489,275,1286,1328,330,681,328
1st Quarter 2025,Synthetic,Risk Factor AD synthetic row 1272,Region 5,165892,3013,0,8545,24508,8748,5953,4153,4761,0,4997,0,0
2nd Quarter 2025,Synthetic,Risk Factor AD synthetic row 1273,Cebu,30715,97,3275,1665,0,1366,1641,3964,0,1643,2373,1245,245
3rd Quarter 2025,Synthetic,Risk Factor AD synthetic row 1274,City of Cagayan De Oro,17182,182,0,24,1806,0,0,0,0,0,0,76,0
2nd Quarter 2025,Synthetic,Risk Factor AD synthetic row 1275,Albay,19250,0,0,492,660,208,491,216,327,442,272,287,0
1st Quarter 2025,Synthetic,Risk Factor AD synthetic row 1276,Misamis Oriental,41708,0,0,0,0,0,33,3222,319,1302,0,0,620
1st Quarter 2025,Synthetic,Risk Factor AD synthetic row 1277,Pangasinan,1,0,0,1,0,0,0,0,0,0,0,0,0
3rd Quarter 2025,Synthetic,Risk Factor AD synthetic row 1278,City of Iloilo,35611,138,1430,0,1300,135,0,114,80,1100,804,136,0
2nd Quarter 2025,Synthetic,Risk Factor AD synthetic row 1279,Pateros,2963,15,19,19,21,59,57,0,48,53,12,0,0
3rd Quarter 2025,Synthetic,Risk Factor AD synthetic row 1280,Occidental Mindoro,29232,1195,0,1156,7683,52,1152,18,2410,1639,758,893,0
2nd Quarter 2025,Synthetic,Risk Factor AD synthetic row 1281,Lanao del Sur,1,0,1,0,0,0,0,0,1,0,0,0,1
2nd Quarter 2025,Synthetic,Risk Factor AD synthetic row 1282,City of Olongapo,27257,135,1033,1586,1049,505,347,0,233,32,288,0,176
3rd Quarter 2025,Synthetic,Risk Factor AD synthetic row 1283,City of Tacloban,17043,346,544,309,1890,332,186,202,0,58,15,0,0
3rd Quarter 2025,Synthetic,Risk Factor AD synthetic row 1284,Aurora,12967,0,147,712,2356,0,974,1605,784,6,625,105,424
2nd Quarter 2025,Synthetic,Risk Factor AD synthetic row 1285,Aurora,12346,348,888,1264,1721,1072,0,0,1791,630,163,702,478
2nd Quarter 2025,Synthetic,Risk Factor AD synthetic row 1286,Zamboanga del Norte,28682,993,0,561,2803,1403,1396,2605,1952,670,185,475,0
3rd Quarter 2025,Synthetic,Risk Factor AD synthetic row 1287,Pasay City,15081,134,416,281,0,0,0,14,286,30,0,264,0
3rd Quarter 2025,Synthetic,Risk Factor AD synthetic row 1288,City of Dagupan,4849,0,48,9,525,0,30,20,3,84,0,0,42
3rd Quarter 2025,Synthetic,Risk Factor AD synthetic row 1289,Davao Occidental,11629,957,1928,160,1479,11,1103,1440,1769,1845,0,15,65
3rd Quarter 2025,Synthetic,Risk Factor AD synthetic row 1290,Sulu,36240,27340,36240,0,0,0,2,0,189,1937,1264,0,0
3rd Quarter 2025,Synthetic,Risk Factor AD synthetic row 1291,City of Puerto Princesa,29288,1302,0,5626,20,151,123,857,0,0,4056,5010,3
2nd Quarter 2025,Synthetic,Risk Factor AD synthetic row 1292,Lanao del Norte,30012,460,1202,412,0,0,0,1792,148,544,0,238,0
3rd Quarter 2025,Synthetic,Risk Factor AD synthetic row 1293,Zamboanga del Sur,22833,921,164,858,913,513,417,849,0,562,463,521,156
2nd Quarter 2025,Synthetic,Risk Factor AD synthetic row 1294,City of Naga,2234,43,14,0,205,106,0,166,6,95,0,29,32
3rd Quarter 2025,Synthetic,Risk Factor AD synthetic row 1295,Zamboanga Sibugay,34672,927,2561,0,0,1929,770,1036,496,1203,313,35,695
2nd Quarter 2025,Synthetic,Risk Factor AD synthetic row 1296,City of Taguig,57787,0,174,1146,3467,965,509,3574,1107,0,322,351,0
1st Quarter 2025,Synthetic,Risk Factor AD synthetic row 1297,City of Baguio,9447,177,27,88,0,137,75,92,91,192,0,1003,30
3rd Quarter 2025,Synthetic,Risk Factor AD synthetic row 1298,Quirino,32632,1415,3021,730,1872,653,0,1079,834,2206,1662,465,0
3rd Quarter 2025,Synthetic,Risk Factor AD synthetic row 1299,City of Olongapo,10670,311,354,629,399,0,152,287,337,163,189,0,0
3rd Quarter 2025,Synthetic,Risk Factor AD synthetic row 1300,Quezon City,90200,364,0,3664,4094,0,1376,0,0,1731,9,508,0
3rd Quarter 2025,Synthetic,Risk Factor AD synthetic row 1301,Bukidnon,47776,883,2824,3107,9237,2269,37,150,2715,373,0,97,0
1st Quarter 2025,Synthetic,Risk Factor AD synthetic row 1302,Apayao,15144,214,458,351,244,18,297,97,0,93,148,1926,732
2nd Quarter 2025,Synthetic,Risk Factor AD synthetic row 1303,Misamis Occidental,36959,94,831,759,3956,0,714,632,0,929,0,100,0
3rd Quarter 2025,Synthetic,Risk Factor AD synthetic row 1304,Misamis Oriental,19435,0,2020,0,0,932,852,753,74,219,668,0,3
2nd Quarter 2025,Synthetic,Risk Factor AD synthetic row 1305,Region 10,118709,0,1666,7029,1201,175,0,1009,6422,0,911,2384,1773
1st Quarter 2025,Synthetic,Risk Factor AD synthetic row 1306,City of Isabela,7645,337,500,0,275,3,196,968,241,0,494,24,72
3rd Quarter 2025,Synthetic,Risk Factor AD synthetic row 1307,Sarangani,33568,141,2568,441,2536,458,0,1957,690,0,1158,422,137
2nd Quarter 2025,Synthetic,Risk Factor AD synthetic row 1308,City of Malabon,27897,602,1600,1411,2038,1072,54,5,0,4151,728,554,153
2nd Quarter 2025,Synthetic,Risk Factor AD synthetic row 1309,City of Baguio,16947,348,174,1129,1086,104,0,0,11,0,0,1773,0
2nd Quarter 2025,Synthetic,Risk Factor AD synthetic row 1310,Camarines Sur,58649,1224,6809,2754,228,6860,4877,5595,3655,6977,3359,1148,318
3rd Quarter 2025,Synthetic,Risk Factor AD synthetic row 1311,South Cotabato,32386,41,2700,414,1783,339,55,0,0,0,1502,555,1813
2nd Quarter 2025,Synthetic,Risk Factor AD synthetic row 1312,City of Cotabato,10232,9521,6956,0,9284,9,183,0,23,784,173,98,0
2nd Quarter 2025,Synthetic,Risk Factor AD synthetic row 1313,Kalinga,23032,0,2852,0,108,71,16,61,119,126,1365,766,0
1st Quarter 2025,Synthetic,Risk Factor AD synthetic row 1314,Abra,28069,952,1954,1587,0,647,0,0,127,2306,1307,0,1108
2nd Quarter 2025,Synthetic,Risk Factor AD synthetic row 1315,Cavite,148239,5564,5600,0,0,0,5038,0,31197,32523,15772,10717,11530
3rd Quarter 2025,Synthetic,Risk Factor AD synthetic row 1316,Special Geographic Area (SGA),5884,110,5884,1,5884,165,91,6,5403,0,0,0,123
1st Quarter 2025,Synthetic,Risk Factor AD synthetic row 1317,Samar,18948,0,1327,3095,1163,0,0,244,0,905,144,95,40
3rd Quarter 2025,Synthetic,Risk Factor AD synthetic row 1318,City of Navotas,9097,631,643,651,371,149,558,1623,0,2576,343,763,512
3rd Quarter 2025,Synthetic,Risk Factor AD synthetic row 1319,City of General Santos,16535,453,163,91,698,0,0,0,0,1429,189,1236,1120
3rd Quarter 2025,Synthetic,Risk Factor AD synthetic row 1320,Bukidnon,108439,0,563,7898,18431,519,5879,2470,551,0,823,0,0
3rd Quarter 2025,Synthetic,Risk Factor AD synthetic row 1321,Catanduanes,17090,0,199,2420,0,439,0,283,0,1201,144,420,96
3rd Quarter 2025,Synthetic,Risk Factor AD synthetic row 1322,City of Puerto Princesa,11849,311,1159,2550,4026,174,241,0,60,1335,2692,239,567
3rd Quarter 2025,Synthetic,Risk Factor AD synthetic row 1323,City of San Juan,3474,23,0,27,129,327,0,164,0,517,2,0,2
1st Quarter 2025,Synthetic,Risk Factor AD synthetic row 1324,Batanes,4189,155,0,451,0,59,72,449,679,183,385,0,337
1st Quarter 2025,Synthetic,Risk Factor AD synthetic row 1325,Davao Oriental,61916,1711,4989,2166,111,8312,10161,7631,20209,7,275,314,0
1st Quarter 2025,Synthetic,Risk Factor AD synthetic row 1326,Ifugao,33952,632,5,536,1352,649,0,277,223,6657,3735,0,2112
1st Quarter 2025,Synthetic,Risk Factor AD synthetic row 1327,Negros Occidental,25934,1273,2484,0,4531,75,0,134,0,1625,1219,252,733
2nd Quarter 2025,Synthetic,Risk Factor AD synthetic row 1328,Quirino,18784,798,10,0,3368,2014,276,105,2440,0,881,120,401
3rd Quarter 2025,Synthetic,Risk Factor AD synthetic row 1329,City of Valenzuela,34694,0,162,0,74,264,440,344,18,1380,589,0,680
2nd Quarter 2025,Synthetic,Risk Factor AD synthetic row 1330,City of Cagayan De Oro,39451,823,199,0,0,0,0,0,0,60,344,94,154
1st Quarter 2025,Synthetic,Risk Factor AD synthetic row 1331,Batanes,1948,83,145,0,0,210,50,181,106,145,2,0,166
2nd Quarter 2025,Synthetic,Risk Factor AD synthetic row 1332,Antique,74900,143,3960,0,53,314,932,684,0,3297,1511,0,0
2nd Quarter 2025,Synthetic,Risk Factor AD synthetic row 1333,City of Las Piñas,28073,514,1073,578,1090,4003,2789,6201,2538,1717,3107,2605,1805
3rd Quarter 2025,Synthetic,Risk Factor AD synthetic row 1334,Samar,16513,2216,1027,2420,3075,0,202,0,16,922,956,79,7
3rd Quarter 2025,Synthetic,Risk Factor AD synthetic row 1335,City of Mandaue,29464,265,565,884,0,656,228,107,2757,0,200,0,0
2nd Quarter 2025,Synthetic,Risk Factor AD synthetic row 1336,City of Cotabato,1,0,0,0,0,0,0,0,0,0,1,0,0
1st Quarter 2025,Synthetic,Risk Factor AD synthetic row 1337,City of Santiago,19585,554,2210,534,2701,227,319,1202,165,1138,267,0,0
1st Quarter 2025,Synthetic,Risk Factor AD synthetic row 1338,City of Santiago,27398,561,355,0,5582,0,952,1669,1719,677,1418,529,0
3rd Quarter 2025,Synthetic,Risk Factor AD synthetic row 1339,Catanduanes,48613,945,3387,0,15814,207,13927,0,0,20574,0,904,5
3rd Quarter 2025,Synthetic,Risk Factor AD synthetic row 1340,Tawi-Tawi,1,0,0,0,0,0,0,1,0,1,0,0,0
1st Quarter 2025,Synthetic,Risk Factor AD synthetic row 1341,Iloilo,82516,4692,13275,0,4266,0,0,498,0,1189,5590,0,0
2nd Quarter 2025,Synthetic,Risk Factor AD synthetic row 1342,Apayao,33500,225,0,1102,2390,0,563,88,0,39,2196,0,117
3rd Quarter 2025,Synthetic,Risk Factor AD synthetic row 1343,Aurora,33108,603,3659,367,1849,2534,0,3105,1835,1314,922,0,707
2nd Quarter 2025,Synthetic,Risk Factor AD synthetic row 1344,Masbate,16252,858,4104,2528,4602,940,552,1710,45,3153,827,172,0
3rd Quarter 2025,Synthetic,Risk Factor AD synthetic row 1345,Camarines Sur,60152,1059,0,2025,4164,139,4192,6078,0,3588,5224,0,654
1st Quarter 2025,Synthetic,Risk Factor AD synthetic row 1346,City of Davao,134057,9655,11658,116,14308,30405,173,0,0,20569,5805,1998,0
1st Quarter 2025,Synthetic,Risk Factor AD synthetic row 1347,City of Butuan,15959,244,1346,925,1209,534,0,0,51,466,98,243,0
1st Quarter 2025,Synthetic,Risk Factor AD synthetic row 1348,Camiguin,4275,0,0,0,20,53,35,7,36,4,0,17,0
1st Quarter 2025,Synthetic,Risk Factor AD synthetic row 1349,NIR,131206,4807,9403,2965,0,2298,4166,1011,0,0,0,869,0
2nd Quarter 2025,Synthetic,Risk Factor AD synthetic row 1350,Antique,30957,511,2991,0,2940,16,739,0,22,343,725,212,88
3rd Quarter 2025,Synthetic,Risk Factor AD synthetic row 1351,City of Olongapo,18101,208,16,589,1115,0,238,61,35,428,158,217,60
2nd Quarter 2025,Synthetic,Risk Factor AD synthetic row 1352,BARMM,1,0,1,0,0,0,1,0,0,0,1,0,1
3rd Quarter 2025,Synthetic,Risk Factor AD synthetic row 1353,City of Cotabato,29975,0,19413,394,138,0,915,0,590,1528,123,230,0
3rd Quarter 2025,Synthetic,Risk Factor AD synthetic row 1354,Southern Leyte,28613,147,163,2267,282,38,552,389,310,1113,3339,0,224
3rd Quarter 2025,Synthetic,Risk Factor AD synthetic row 1355,CAR,110723,338,1671,339,11682,549,0,0,0,177,11404,5719,914
3rd Quarter 2025,Synthetic,Risk Factor AD synthetic row 1356,Zamboanga del Norte,24661,733,177,806,2067,1358,1274,1881,1351,0,0,0,0
1st Quarter 2025,Synthetic,Risk Factor AD synthetic row 1357,City of Cagayan De Oro,27019,0,23,2200,5137,413,0,0,348,8,122,164,166
1st Quarter 2025,Synthetic,Risk Factor AD synthetic row 1358,Guimaras,101477,1509,2921,2672,1614,0,546,599,1248,668,7335,3819,0
3rd Quarter 2025,Synthetic,Risk Factor AD synthetic row 1359,Zambales,55063,1653,0,0,3906,0,2140,735,0,1855,1302,634,923
1st Quarter 2025,Synthetic,Risk Factor AD synthetic row 1360,City of Baguio,9959,0,178,637,559,69,0,0,122,329,1545,22,1485
2nd Quarter 2025,Synthetic,Risk Factor AD synthetic row 1361,City of Muntinlupa,19390,0,1286,182,0,127,181,0,259,3126,4098,0,136
2nd Quarter 2025,Synthetic,Risk Factor AD synthetic row 1362,Benguet,34012,0,0,1292,1023,468,63,156,483,0,0,6692,3233
1st Quarter 2025,Synthetic,Risk Factor AD synthetic row 1363,Agusan del Norte,20052,192,2428,1283,2206,2395,1012,1998,0,2467,1481,87,0
2nd Quarter 2025,Synthetic,Risk Factor AD synthetic row 1364,Bohol,31875,0,103,2492,31255,0,1196,18552,10320,0,126,1009,1533
2nd Quarter 2025,Synthetic,Risk Factor AD synthetic row 1365,City of Makati,13870,0,0,308,136,94,1394,0,0,454,1102,28,899
2nd Quarter 2025,Synthetic,Risk Factor AD synthetic row 1366,City of Davao,98330,635,5084,8287,13568,27838,22841,7269,0,9046,7646,491,0
1st Quarter 2025,Synthetic,Risk Factor AD synthetic row 1367,City of San Juan,3013,0,8,0,0,39,0,0,90,0,216,15,139
1st Quarter 2025,Synthetic,Risk Factor AD synthetic row 1368,City of Isabela,32745,690,4893,0,2221,148,0,3568,922,4924,417,0,0
2nd Quarter 2025,Synthetic,Risk Factor AD synthetic row 1369,Batangas,220262,2371,1859,0,46950,3128,10113,14239,634,37714,1657,0,31428
1st Quarter 2025,Synthetic,Risk Factor AD synthetic row 1370,Region 2,266877,2256,22580,3629,23579,14539,13449,19593,13643,18465,0,2015,921
1st Quarter 2025,Synthetic,Risk Factor AD synthetic row 1371,Zamboanga del Sur,70575,1034,4958,0,2377,1545,2496,4238,2487,4436,1723,757,93
1st Quarter 2025,Synthetic,Risk Factor AD synthetic row 1372,Surigao del Sur,14835,78,0,0,2754,1743,761,0,1506,956,401,891,411
2nd Quarter 2025,Synthetic,Risk Factor AD synthetic row 1373,Sultan Kudarat,115102,891,16223,2698,6594,372,0,0,0,5626,5693,4781,0
3rd Quarter 2025,Synthetic,Risk Factor AD synthetic row 1374,City of Cebu,22569,664,1690,1177,1753,10404,1651,58,11067,2470,1731,6872,301
2nd Quarter 2025,Synthetic,Risk Factor AD synthetic row 1375,City of Bacolod,30688,832,0,830,14,0,0,532,0,464,0,0,35
1st Quarter 2025,Synthetic,Risk Factor AD synthetic row 1376,Aklan,7895,168,250,154,336,421,283,131,208,933,19,163,0
3rd Quarter 2025,Synthetic,Risk Factor AD synthetic row 1377,Region 5,532771,2683,71672,28987,81228,29639,31173,0,5352,36727,0,9366,4064
1st Quarter 2025,Synthetic,Risk Factor AD synthetic row 1378,Region 5,1,0,0,0,0,0,0,0,1,0,0,0,0
1st Quarter 2025,Synthetic,Risk Factor AD synthetic row 1379,Occidental Mindoro,15710,665,1650,1447,5897,39,924,1192,862,571,263,340,0
3rd Quarter 2025,Synthetic,Risk Factor AD synthetic row 1380,Region 12,315908,0,33324,9046,33193,0,0,3053,4826,22222,5752,813,0
2nd Quarter 2025,Synthetic,Risk Factor AD synthetic row 1381,South Cotabato,26089,469,1113,0,741,187,221,0,163,0,905,368,1507
2nd Quarter 2025,Synthetic,Risk Factor AD synthetic row 1382,Antique,33730,461,1824,297,3370,688,285,0,139,479,1316,463,0
3rd Quarter 2025,Synthetic,Risk Factor AD synthetic row 1383,Zamboanga del Norte,25566,976,3328,740,2959,986,1496,1822,1270,1139,398,41,0
1st Quarter 2025,Synthetic,Risk Factor AD synthetic row 1384,Region 11,318650,3215,33246,33591,0,61132,43637,3164,54444,0,7696,560,0
1st Quarter 2025,Synthetic,Risk Factor AD synthetic row 1385,City of Cotabato,13895,0,675,10083,13895,0,378,630,2,38,305,640,0
1st Quarter 2025,Synthetic,Risk Factor AD synthetic row 1386,Lanao del Norte,18798,230,282,0,1591,1083,877,0,101,101,0,0,0
3rd Quarter 2025,Synthetic,Risk Factor AD synthetic row 1387,Bulacan,577029,4642,3886,0,95293,8565,0,18746,2444,44104,42683,18787,11908
1st Quarter 2025,Synthetic,Risk Factor AD synthetic row 1388,Camarines Norte,15887,89,0,848,1780,0,0,748,68,1810,1302,0,0
3rd Quarter 2025,Synthetic,Risk Factor AD synthetic row 1389,City of Bacolod,7325,130,524,346,12,0,63,0,0,0,111,0,11
2nd Quarter 2025,Synthetic,Risk Factor AD synthetic row 1390,Isabela,113953,0,9515,1100,2178,8515,6564,9411,5260,4211,0,3284,224
2nd Quarter 2025,Synthetic,Risk Factor AD synthetic row 1391,City of Mandaue,29393,0,790,727,1621,0,261,5275,213,518,0,109,403
2nd Quarter 2025,Synthetic,Risk Factor AD synthetic row 1392,Catanduanes,57833,665,14116,11654,4071,1908,252,0,0,21495,13636,0,1073
2nd Quarter 2025,Synthetic,Risk Factor AD synthetic row 1393,Mountain Province,20439,317,767,172,0,367,58,0,0,0,1074,3001,20
3rd Quarter 2025,Synthetic,Risk Factor AD synthetic row 1394,Capiz,19250,215,138,336,1644,881,75,1110,1659,255,552,675,157
3rd Quarter 2025,Synthetic,Risk Factor AD synthetic row 1395,Special Geographic Area (SGA),35966,597,126,207,0,159,0,0,1324,35966,962,0,0
1st Quarter 2025,Synthetic,Risk Factor AD synthetic row 1396,City of Manila,25011,277,0,1401,0,375,0,1345,0,71,0,0,0
1st Quarter 2025,Synthetic,Risk Factor AD synthetic row 1397,Maguindanao del Norte,30752,30752,0,0,0,0,0,486,0,1538,861,328,44
2nd Quarter 2025,Synthetic,Risk Factor AD synthetic row 1398,South Cotabato,31975,4,322,428,1261,157,0,126,68,1323,1588,0,482
1st Quarter 2025,Synthetic,Risk Factor AD synthetic row 1399,Camiguin,3486,0,0,25,94,8,52,0,0,12,0,21,0
1st Quarter 2025,Synthetic,Risk Factor AD synthetic row 1400,Cotabato,81050,1840,11134,4374,12796,0,916,0,0,1400,2628,5127,80
1st Quarter 2025,Synthetic,Risk Factor AD synthetic row 1401,Lanao del Norte,30526,0,1521,576,71,0,1231,333,0,1385,949,599,0
2nd Quarter 2025,Synthetic,Risk Factor AD synthetic row 1402,Davao del Norte,62256,0,7801,4445,4155,10117,10504,15707,7006,798,11731,0,0
1st Quarter 2025,Synthetic,Risk Factor AD synthetic row 1403,Samar,29939,75,5315,3774,4516,40,304,152,0,1006,946,322,72
3rd Quarter 2025,Synthetic,Risk Factor AD synthetic row 1404,Lanao del Norte,46939,824,0,1572,385,0,0,535,2107,0,720,0,637
3rd Quarter 2025,Synthetic,Risk Factor AD synthetic row 1405,Zamboanga del Norte,41452,506,6308,1892,4442,2805,249,0,3030,961,0,1176,123
3rd Quarter 2025,Synthetic,Risk Factor AD synthetic row 1406,Agusan del Norte,20813,424,2127,1115,21,3077,1017,2946,1475,2637,978,1221,637
1st Quarter 2025,Synthetic,Risk Factor AD synthetic row 1407,City of Manila,46234,0,1,2307,2717,807,1152,0,1629,0,274,0,0
2nd Quarter 2025,Synthetic,Risk Factor AD synthetic row 1408,CAR,109739,239,2467,2437,12739,0,0,0,2391,0,0,3948,763
1st Quarter 2025,Synthetic,Risk Factor AD synthetic row 1409,Region 12,133881,2965,7722,3070,203,681,764,1646,35,0,0,3998,0
1st Quarter 2025,Synthetic,Risk Factor AD synthetic row 1410,Region 6,1,0,0,0,0,0,0,0,0,0,0,0,0
3rd Quarter 2025,Synthetic,Risk Factor AD synthetic row 1411,Zamboanga Sibugay,30704,350,2518,37,2884,148,1123,0,744,768,703,671,340
3rd Quarter 2025,Synthetic,Risk Factor AD synthetic row 1412,Nueva Vizcaya,25243,484,1111,72,166,273,403,346,361,822,814,377,0
3rd Quarter 2025,Synthetic,Risk Factor AD synthetic row 1413,Misamis Oriental,20651,239,96,237,0,0,0,7,130,0,446,86,548
1st Quarter 2025,Synthetic,Risk Factor AD synthetic row 1414,City of Mandaue,11269,36,142,232,560,39,837,2175,168,0,170,163,0
3rd Quarter 2025,Synthetic,Risk Factor AD synthetic row 1415,Iloilo,79065,3231,13718,0,13420,0,780,1253,0,1168,2143,1006,604
2nd Quarter 2025,Synthetic,Risk Factor AD synthetic row 1416,Rizal,67297,2262,6958,4017,0,0,3235,0,6429,12180,4854,5102,4620
2nd Quarter 2025,Synthetic,Risk Factor AD synthetic row 1417,City of Valenzuela,34165,298,122,309,876,303,143,163,172,0,680,190,0
2nd Quarter 2025,Synthetic,Risk Factor AD synthetic row 1418,City of Isabela,7479,110,590,143,50,16,44,958,148,0,562,0,220
1st Quarter 2025,Synthetic,Risk Factor AD synthetic row 1419,Sulu,1,1,0,0,0,0,0,0,0,0,1,0,0
1st Quarter 2025,Synthetic,Risk Factor AD synthetic row 1420,City of Cotabato,26299,304,23637,24914,26299,0,0,259,229,0,875,390,197
2nd Quarter 2025,Synthetic,Risk Factor AD synthetic row 1421,Surigao del Sur,36258,630,0,2898,4582,4630,1182,7034,3280,310,2563,504,1639
1st Quarter 2025,Synthetic,Risk Factor AD synthetic row 1422,City of Olongapo,30241,506,789,669,2235,377,0,0,278,0,644,164,0
1st Quarter 2025,Synthetic,Risk Factor AD synthetic row 1423,City of Naga,2258,40,7,105,10,183,108,114,112,348,126,87,53
3rd Quarter 2025,Synthetic,Risk Factor AD synthetic row 1424,City of San Juan,3568,0,25,105,84,285,1,0,58,1967,15,0,31
2nd Quarter 2025,Synthetic,Risk Factor AD synthetic row 1425,City of Navotas,27766,1349,1783,0,1475,5111,3476,350,0,7859,2904,2286,355
1st Quarter 2025,Synthetic,Risk Factor AD synthetic row 1426,Nueva Vizcaya,21697,468,1300,337,959,286,438,0,479,422,586,491,0
3rd Quarter 2025,Synthetic,Risk Factor AD synthetic row 1427,Zamboanga del Sur,23023,698,3288,538,0,0,225,1127,593,583,306,135,0
3rd Quarter 2025,Synthetic,Risk Factor AD synthetic row 1428,City of Muntinlupa,30654,1143,1468,1219,159,0,0,0,251,0,7491,210,0
1st Quarter 2025,Synthetic,Risk Factor AD synthetic row 1429,Bulacan,33072,1091,219,2345,720,792,598,976,1392,1133,1354,330,767
3rd Quarter 2025,Synthetic,Risk Factor AD synthetic row 1430,Davao de Oro,55200,185,6323,0,208,0,3137,0,0,3064,11568,2223,3986
3rd Quarter 2025,Synthetic,Risk Factor AD synthetic row 1431,Quezon,92235,3526,13204,9608,18365,2932,1340,5893,178,10106,4922,0,0
2nd Quarter 2025,Synthetic,Risk Factor AD synthetic row 1432,City of Davao,28769,1298,0,1398,1546,8022,0,7224,1469,3094,2301,0,339
3rd Quarter 2025,Synthetic,Risk Factor AD synthetic row 1433,Sarangani,14568,217,1481,0,682,436,78,67,0,822,901,106,90
2nd Quarter 2025,Synthetic,Risk Factor AD synthetic row 1434,Masbate,19231,1175,5825,2238,5032,244,753,0,211,3449,8289,666,22
1st Quarter 2025,Synthetic,Risk Factor AD synthetic row 1435,Camiguin,5829,14,28,150,24,0,13,0,0,0,96,0,0
2nd Quarter 2025,Synthetic,Risk Factor AD synthetic row 1436,City of Naga,2620,33,0,63,98,222,98,137,217,59,141,4,7
3rd Quarter 2025,Synthetic,Risk Factor AD synthetic row 1437,City of Davao,137132,4009,0,3059,16465,21859,26171,30062,15309,13118,11626,0,0
2nd Quarter 2025,Synthetic,Risk Factor AD synthetic row 1438,Tarlac,118837,2373,6496,6233,5761,512,128,0,840,4262,2635,1132,0
3rd Quarter 2025,Synthetic,Risk Factor AD synthetic row 1439,Davao de Oro,48717,2,0,156,9041,13385,7828,90,505,1768,9369,814,0
3rd Quarter 2025,Synthetic,Risk Factor AD synthetic row 1440,Lanao del Sur,30491,1094,3135,377,202,0,762,30491,10,27874,30491,30491,603
2nd Quarter 2025,Synthetic,Risk Factor AD synthetic row 1441,City of Santiago,47546,1910,4048,2563,9248,2065,2924,144,3867,143,2690,0,464
3rd Quarter 2025,Synthetic,Risk Factor AD synthetic row 1442,Palawan,14163,464,1919,192,2077,344,488,20,0,586,893,543,434
3rd Quarter 2025,Synthetic,Risk Factor AD synthetic row 1443,City of Davao,27406,1437,2194,2491,2790,7209,107,5611,3862,5562,1640,0,0
3rd Quarter 2025,Synthetic,Risk Factor AD synthetic row 1444,City of Las Piñas,27722,1225,1762,2308,1432,5754,2903,3392,2667,5108,0,0,985
2nd Quarter 2025,Synthetic,Risk Factor AD synthetic row 1445,Negros Occidental,197282,7133,19795,12916,0,0,0,0,4,13644,692,1694,0
2nd Quarter 2025,Synthetic,Risk Factor AD synthetic row 1446,Maguindanao del Sur,23760,485,16853,75,22720,276,141,196,336,0,20929,0,0
3rd Quarter 2025,Synthetic,Risk Factor AD synthetic row 1447,Cebu,239920,2533,16928,12721,0,25478,20919,14027,0,2256,0,25237,4206
3rd Quarter 2025,Synthetic,Risk Factor AD synthetic row 1448,City of Zamboanga,10929,0,1293,181,857,0,0,373,464,867,0,0,0
1st Quarter 2025,Synthetic,Risk Factor AD synthetic row 1449,Basilan,1,0,0,1,1,0,0,0,0,0,0,1,0
1st Quarter 2025,Synthetic,Risk Factor AD synthetic row 1450,Misamis Occidental,11674,0,263,573,127,219,100,330,79,42,196,289,81
3rd Quarter 2025,Synthetic,Risk Factor AD synthetic row 1451,City of Iloilo,33455,0,1068,614,1354,0,186,130,953,137,1103,4,0
3rd Quarter 2025,Synthetic,Risk Factor AD synthetic row 1452,City of Taguig,57022,0,928,0,5566,0,0,491,217,1047,594,0,0
2nd Quarter 2025,Synthetic,Risk Factor AD synthetic row 1453,Pangasinan,136731,0,11777,135732,131568,513,0,0,0,6658,2557,1998,2531
3rd Quarter 2025,Synthetic,Risk Factor AD synthetic row 1454,Laguna,27483,768,2492,1182,2276,75,83,3384,2749,1638,0,0,64
3rd Quarter 2025,Synthetic,Risk Factor AD synthetic row 1455,City of Marikina,1886,12,9,58,181,436,167,360,254,0,109,292,114
2nd Quarter 2025,Synthetic,Risk Factor AD synthetic row 1456,City of Naga,6591,164,757,168,905,209,61,0,297,0,0,133,64
2nd Quarter 2025,Synthetic,Risk Factor AD synthetic row 1457,Negros Oriental,32234,378,102,363,2188,2355,917,326,0,2820,1928,69,0
2nd Quarter 2025,Synthetic,Risk Factor AD synthetic row 1458,Batangas,218134,12587,23086,10011,18533,89,5573,0,43956,18935,15714,26833,40472
1st Quarter 2025,Synthetic,Risk Factor AD synthetic row 1459,City of Caloocan,54414,398,734,6051,0,97,897,467,94,43,837,2447,0
3rd Quarter 2025,Synthetic,Risk Factor AD synthetic row 1460,Pangasinan,143382,576,0,0,0,1101,0,0,0,5233,740,0,0
2nd Quarter 2025,Synthetic,Risk Factor AD synthetic row 1461,City of Cagayan De Oro,40957,753,488,1515,3436,0,0,153,362,2753,824,0,0
1st Quarter 2025,Synthetic,Risk Factor AD synthetic row 1462,Ifugao,11392,37,0,589,534,7,150,63,0,25,794,0,4
2nd Quarter 2025,Synthetic,Risk Factor AD synthetic row 1463,Caraga,1,0,0,0,0,0,0,0,0,0,0,0,0
2nd Quarter 2025,Synthetic,Risk Factor AD synthetic row 1464,Albay,17583,258,1523,147,0,547,0,471,460,225,202,181,118
2nd Quarter 2025,Synthetic,Risk Factor AD synthetic row 1465,Surigao del Norte,27577,1162,1600,2776,254,0,1538,4067,963,248,0,1033,629
3rd Quarter 2025,Synthetic,Risk Factor AD synthetic row 1466,Apayao,7553,0,0,172,715,48,16,0,0,1126,446,999,410
1st Quarter 2025,Synthetic,Risk Factor AD synthetic row 1467,Palawan,32955,1173,5819,2183,3979,746,565,1229,184,2223,474,1671,0
3rd Quarter 2025,Synthetic,Risk Factor AD synthetic row 1468,Region 5,493945,11597,57747,30287,31610,6863,30712,4263,667,77659,0,10273,9981
2nd Quarter 2025,Synthetic,Risk Factor AD synthetic row 1469,City of Makati,6913,140,0,17,1,2261,0,0,17,794,0,0,141
2nd Quarter 2025,Synthetic,Risk Factor AD synthetic row 1470,City of Makati,8480,115,135,210,301,2315,0,1202,477,0,154,1581,1062
2nd Quarter 2025,Synthetic,Risk Factor AD synthetic row 1471,City of Bacolod,11959,0,1127,646,1863,50,0,34,0,249,118,0,18
1st Quarter 2025,Synthetic,Risk Factor AD synthetic row 1472,La Union,23702,276,2157,342,1231,0,343,0,0,3845,1426,139,152
3rd Quarter 2025,Synthetic,Risk Factor AD synthetic row 1473,Region 9,260611,1585,27438,0,31304,5108,2789,0,14549,12450,0,0,2593
2nd Quarter 2025,Synthetic,Risk Factor AD synthetic row 1474,Caraga,256507,6173,37243,23178,15035,3726,11524,30757,25,29733,10383,0,6387
3rd Quarter 2025,Synthetic,Risk Factor AD synthetic row 1475,Kalinga,17650,400,2266,137,2582,0,111,0,0,102,1168,559,0
2nd Quarter 2025,Synthetic,Risk Factor AD synthetic row 1476,Region 3,1604531,24289,141024,96317,157781,54393,0,63683,12209,42601,62820,41540,22566
3rd Quarter 2025,Synthetic,Risk Factor AD synthetic row 1477,City of Zamboanga,11437,504,1552,187,751,202,64,157,505,873,611,128,169
3rd Quarter 2025,Synthetic,Risk Factor AD synthetic row 1478,City of Isabela,30368,537,3996,238,384,0,321,1439,1233,3833,1947,897,224
2nd Quarter 2025,Synthetic,Risk Factor AD synthetic row 1479,Agusan del Norte,22318,572,1269,1661,3080,2670,0,61,1400,41,1258,1663,394
2nd Quarter 2025,Synthetic,Risk Factor AD synthetic row 1480,Davao de Oro,91610,4169,12647,7467,16977,20314,20815,27900,4479,22227,2215,10663,448
3rd Quarter 2025,Synthetic,Risk Factor AD synthetic row 1481,Sultan Kudarat,66177,495,8270,0,6191,0,650,0,0,3074,412,3265,190
2nd Quarter 2025,Synthetic,Risk Factor AD synthetic row 1482,Iloilo,189868,9528,24475,12053,1173,0,3208,0,2097,12841,2920,0,13
2nd Quarter 2025,Synthetic,Risk Factor AD synthetic row 1483,Mountain Province,29555,0,808,242,0,126,45,0,285,370,1759,0,348
2nd Quarter 2025,Synthetic,Risk Factor AD synthetic row 1484,City of Parañaque,30366,295,0,197,338,324,265,0,91,689,147,556,70
2nd Quarter 2025,Synthetic,Risk Factor AD synthetic row 1485,Region 9,109871,0,15493,1758,13142,4797,0,4720,2624,1720,2639,0,0
3rd Quarter 2025,Synthetic,Risk Factor AD synthetic row 1486,Isabela,143208,852,0,2448,91,11252,10728,7236,11662,9613,5908,1799,0
1st Quarter 2025,Synthetic,Risk Factor AD synthetic row 1487,Caraga,116462,0,14797,8806,19993,11873,1332,0,6597,703,0,459,0
1st Quarter 2025,Synthetic,Risk Factor AD synthetic row 1488,Region 6,364939,11114,8082,0,32738,8113,532,9553,1073,8702,5136,3319,0
2nd Quarter 2025,Synthetic,Risk Factor AD synthetic row 1489,Misamis Oriental,24377,176,1946,0,23,1396,70,210,463,0,367,147,230
2nd Quarter 2025,Synthetic,Risk Factor AD synthetic row 1490,Guimaras,204341,0,2700,427,26990,0,0,7433,0,0,0,3775,0
2nd Quarter 2025,Synthetic,Risk Factor AD synthetic row 1491,Davao Occidental,10769,0,812,654,0,1441,0,696,1229,1903,440,83,77
2nd Quarter 2025,Synthetic,Risk Factor AD synthetic row 1492,City of Lapu-Lapu,33006,1164,845,4193,4782,1662,805,103,0,5637,3658,1018,1192
3rd Quarter 2025,Synthetic,Risk Factor AD synthetic row 1493,Region 11,1,0,0,0,0,0,0,0,0,0,0,0,0
3rd Quarter 2025,Synthetic,Risk Factor AD synthetic row 1494,Pateros,3170,20,0,0,0,45,0,43,22,23,0,68,11
1st Quarter 2025,Synthetic,Risk Factor AD synthetic row 1495,Davao Oriental,35669,1220,4543,0,6224,9029,7014,7834,8550,365,1010,0,232
1st Quarter 2025,Synthetic,Risk Factor AD synthetic row 1496,Sarangani,14264,139,0,0,0,148,349,600,571,782,884,196,230
3rd Quarter 2025,Synthetic,Risk Factor AD synthetic row 1497,City of Dagupan,35783,858,1957,196,2067,0,35,0,0,0,789,387,620
3rd Quarter 2025,Synthetic,Risk Factor AD synthetic row 1498,Region 1,1,0,0,0,0,0,0,0,0,0,0,0,0
2nd Quarter 2025,Synthetic,Risk Factor AD synthetic row 1499,City of Pasig,23856,0,278,2467,289,0,0,15,0,1939,4216,0,59
1st Quarter 2025,Synthetic,Risk Factor AD synthetic row 1500,City of Muntinlupa,10920,91,124,0,221,0,239,70,33,3212,855,0,0
2nd Quarter 2025,Synthetic,Risk Factor AD synthetic row 1501,Basilan,9367,0,1388,201,9325,0,94,9367,297,375,7696,438,0
2nd Quarter 2025,Synthetic,Risk Factor AD synthetic row 1502,Region 6,577443,0,38215,15868,46521,12969,0,6037,0,27459,8208,4060,4766
3rd Quarter 2025,Synthetic,Risk Factor AD synthetic row 1503,City of Iligan,28400,1614,3188,1490,0,0,986,2578,89,2350,0,0,235
3rd Quarter 2025,Synthetic,Risk Factor AD synthetic row 1504,Laguna,87261,2068,9262,3114,6956,637,4903,12113,26594,9028,183,5169,0
1st Quarter 2025,Synthetic,Risk Factor AD synthetic row 1505,Region 11,280072,4139,833,1062,35637,43426,42036,74165,18287,16979,31025,8840,416
2nd Quarter 2025,Synthetic,Risk Factor AD synthetic row 1506,Surigao del Norte,49234,850,5189,5285,1933,2562,2356,7898,4310,1743,241,1540,403
3rd Quarter 2025,Synthetic,Risk Factor AD synthetic row 1507,Davao del Norte,20010,622,2534,1430,1905,1531,2841,1440,2322,2201,1637,0,68
2nd Quarter 2025,Synthetic,Risk Factor AD synthetic row 1508,City of Mandaluyong,26463,764,0,1245,1568,786,708,2100,303,7224,1293,1412,0
2nd Quarter 2025,Synthetic,Risk Factor AD synthetic row 1509,Zamboanga del Norte,21665,0,66,94,1403,0,162,27,0,968,0,58,225
2nd Quarter 2025,Synthetic,Risk Factor AD synthetic row 1510,Isabela,254082,671,0,2398,12234,16982,15648,14659,2556,10755,2463,4017,415
3rd Quarter 2025,Synthetic,Risk Factor AD synthetic row 1511,City of Tacloban,30897,1080,1243,1332,2959,0,0,6,33,1111,0,0,480
2nd Quarter 2025,Synthetic,Risk Factor AD synthetic row 1512,City of Bacolod,12579,309,606,760,1355,0,0,44,0,3539,496,101,0
3rd Quarter 2025,Synthetic,Risk Factor AD synthetic row 1513,Palawan,30060,0,3450,1118,4838,848,0,1783,553,1000,488,74,379
2nd Quarter 2025,Synthetic,Risk Factor AD synthetic row 1514,Pasay City,24843,0,0,325,0,48,0,163,0,222,31,404,610
1st Quarter 2025,Synthetic,Risk Factor AD synthetic row 1515,Zamboanga del Norte,34701,1562,585,286,4244,1577,1609,2397,2172,1801,527,623,201
3rd Quarter 2025,Synthetic,Risk Factor AD synthetic row 1516,City of Parañaque,9194,35,0,96,12,131,80,0,0,52,0,231,289
1st Quarter 2025,Synthetic,Risk Factor AD synthetic row 1517,Ifugao,30991,445,930,1097,0,0,0,389,260,74,2805,4798,3108
2nd Quarter 2025,Synthetic,Risk Factor AD synthetic row 1518,Batangas,29321,1187,2640,1039,222,57,0,2105,4061,5821,3582,73,6298
3rd Quarter 2025,Synthetic,Risk Factor AD synthetic row 1519,Maguindanao del Sur,23039,965,41,108,21382,9,0,176,217,414,19611,105,0
2nd Quarter 2025,Synthetic,Risk Factor AD synthetic row 1520,Maguindanao del Sur,27517,27517,27517,0,26375,0,0,162,81,27517,1134,73,0
2nd Quarter 2025,Synthetic,Risk Factor AD synthetic row 1521,Region 6,261619,5725,15035,1415,13140,5695,0,0,5350,3612,145,5210,0
1st Quarter 2025,Synthetic,Risk Factor AD synthetic row 1522,Negros Occidental,80162,513,15012,5096,988,829,962,1183,0,7303,5745,1095,0
3rd Quarter 2025,Synthetic,Risk Factor AD synthetic row 1523,Leyte,28494,631,541,2314,155,433,96,0,0,212,1223,279,41
3rd Quarter 2025,Synthetic,Risk Factor AD synthetic row 1524,Davao del Sur,51788,3579,7161,1615,7827,16418,4177,0,24,0,2769,0,377
2nd Quarter 2025,Synthetic,Risk Factor AD synthetic row 1525,City of Pasig,27421,970,425,931,30,0,195,0,0,5556,2706,0,0
3rd Quarter 2025,Synthetic,Risk Factor AD synthetic row 1526,Eastern Samar,17601,56,626,821,2285,0,0,0,164,0,422,0,0
1st Quarter 2025,Synthetic,Risk Factor AD synthetic row 1527,City of General Santos,7440,71,263,350,180,87,119,99,281,655,206,615,427
2nd Quarter 2025,Synthetic,Risk Factor AD synthetic row 1528,Apayao,30103,0,0,354,2599,0,0,153,199,9,1364,0,1610
2nd Quarter 2025,Synthetic,Risk Factor AD synthetic row 1529,Biliran,5134,3,512,405,557,309,214,0,161,779,187,74,108
2nd Quarter 2025,Synthetic,Risk Factor AD synthetic row 1530,Nueva Ecija,26895,970,3136,0,4640,1122,1004,159,762,1561,1398,628,0
1st Quarter 2025,Synthetic,Risk Factor AD synthetic row 1531,City of Zamboanga,28389,417,4191,396,1015,643,0,351,0,763,299,0,244
1st Quarter 2025,Synthetic,Risk Factor AD synthetic row 1532,Bukidnon,35431,403,0,2634,3173,1876,0,2008,1951,904,24,510,683
2nd Quarter 2025,Synthetic,Risk Factor AD synthetic row 1533,Southern Leyte,34591,0,331,2382,991,368,272,18,0,1663,4828,241,1020
3rd Quarter 2025,Synthetic,Risk Factor AD synthetic row 1534,Sarangani,25367,374,1815,148,2114,725,191,315,0,837,965,132,628
3rd Quarter 2025,Synthetic,Risk Factor AD synthetic row 1535,Camiguin,3893,0,0,194,161,2,26,56,8,0,0,0,0
3rd Quarter 2025,Synthetic,Risk Factor AD synthetic row 1536,Region 1,97717,1505,4759,143,4319,0,355,5,0,0,671,0,0
1st Quarter 2025,Synthetic,Risk Factor AD synthetic row 1537,Bohol,30193,91,0,15684,117,16009,1270,1811,2823,24216,63,11922,0
2nd Quarter 2025,Synthetic,Risk Factor AD synthetic row 1538,Sorsogon,38649,926,0,1146,3417,0,147,1516,0,5882,3269,795,0
2nd Quarter 2025,Synthetic,Risk Factor AD synthetic row 1539,NIR,132720,1591,19801,1384,0,3968,2841,0,779,10019,274,0,0
1st Quarter 2025,Synthetic,Risk Factor AD synthetic row 1540,Region 5,1,0,0,0,1,0,0,0,0,0,1,0,0
2nd Quarter 2025,Synthetic,Risk Factor AD synthetic row 1541,Zamboanga del Sur,69690,2961,10574,985,10625,0,2626,4639,2796,2376,3242,517,0
2nd Quarter 2025,Synthetic,Risk Factor AD synthetic row 1542,Ifugao,12012,47,148,309,965,0,0,0,43,202,1134,813,20
3rd Quarter 2025,Synthetic,Risk Factor AD synthetic row 1543,Lanao del Sur,27229,811,27229,20358,260,0,93,1424,0,720,0,853,712
3rd Quarter 2025,Synthetic,Risk Factor AD synthetic row 1544,Cebu,210983,1885,12922,3945,49334,0,8220,4305,31040,0,0,1555,8550
2nd Quarter 2025,Synthetic,Risk Factor AD synthetic row 1545,Cavite,153897,1410,0,4755,11297,2450,5070,28719,1363,31745,14202,24639,0
1st Quarter 2025,Synthetic,Risk Factor AD synthetic row 1546,Quezon,30590,521,1616,0,457,384,0,4980,0,4066,1044,1694,4969
3rd Quarter 2025,Synthetic,Risk Factor AD synthetic row 1547,Camarines Sur,25142,1036,3089,1444,172,2797,2052,2585,1283,2376,1914,191,242
3rd Quarter 2025,Synthetic,Risk Factor AD synthetic row 1548,Pasay City,23603,40,41,0,614,311,48,0,89,817,0,195,311
3rd Quarter 2025,Synthetic,Risk Factor AD synthetic row 1549,Romblon,31334,84,3018,4897,6107,2904,0,0,839,6828,0,1538,591
2nd Quarter 2025,Synthetic,Risk Factor AD synthetic row 1550,NCR,413006,0,1700,0,17468,276,12969,0,0,22969,23584,7432,13726
3rd Quarter 2025,Synthetic,Risk Factor AD synthetic row 1551,City of Caloocan,61181,0,0,307,2666,0,0,3468,1822,262,28,0,0
3rd Quarter 2025,Synthetic,Risk Factor AD synthetic row 1552,Lanao del Norte,20346,220,130,998,1847,0,0,0,156,956,0,0,0
3rd Quarter 2025,Synthetic,Risk Factor AD synthetic row 1553,Agusan del Norte,18357,596,1108,1368,1750,2055,993,2684,1742,1077,0,0,416
1st Quarter 2025,Synthetic,Risk Factor AD synthetic row 1554,Nueva Ecija,326819,14061,37729,7582,97,5335,7471,0,7530,13029,13,5582,2990
3rd Quarter 2025,Synthetic,Risk Factor AD synthetic row 1555,City of Lapu-Lapu,16218,182,1193,68,1309,3402,0,1293,1495,2585,1503,0,317
2nd Quarter 2025,Synthetic,Risk Factor AD synthetic row 1556,NIR,1,0,0,0,0,0,0,0,0,0,0,0,0
2nd Quarter 2025,Synthetic,Risk Factor AD synthetic row 1557,Quirino,29467,1257,2522,357,910,1693,1455,3853,870,1679,634,230,264
2nd Quarter 2025,Synthetic,Risk Factor AD synthetic row 1558,Aklan,31754,581,1827,560,1292,37,0,84,2667,140,2605,0,0
1st Quarter 2025,Synthetic,Risk Factor AD synthetic row 1559,Region 2,1,0,0,0,0,0,1,0,0,0,0,0,0
3rd Quarter 2025,Synthetic,Risk Factor AD synthetic row 1560,Basilan,33695,875,2477,0,203,33695,704,1378,0,30010,29022,0,25355
1st Quarter 2025,Synthetic,Risk Factor AD synthetic row 1561,Benguet,16958,40,465,0,1376,23,0,249,0,3335,774,3850,581
2nd Quarter 2025,Synthetic,Risk Factor AD synthetic row 1562,City of Tacloban,29912,0,2022,329,1318,0,609,0,94,992,290,0,0
3rd Quarter 2025,Synthetic,Risk Factor AD synthetic row 1563,City of Las Piñas,31064,615,0,1141,3364,0,2725,4622,3453,1319,2816,2341,7
2nd Quarter 2025,Synthetic,Risk Factor AD synthetic row 1564,Ilocos Sur,90411,0,6837,763,1216,84,0,213,15,4961,0,0,213
2nd Quarter 2025,Synthetic,Risk Factor AD synthetic row 1565,City of Iligan,29909,0,0,1594,2267,2099,0,2109,2068,109,0,0,291
2nd Quarter 2025,Synthetic,Risk Factor AD synthetic row 1566,Apayao,8827,230,437,6,585,0,0,9,56,0,473,515,402
2nd Quarter 2025,Synthetic,Risk Factor AD synthetic row 1567,Quezon,51616,573,2708,2248,6891,586,2056,8345,11039,307,0,6952,2587
1st Quarter 2025,Synthetic,Risk Factor AD synthetic row 1568,City of Valenzuela,27424,0,446,0,0,213,0,232,0,0,375,0,9
2nd Quarter 2025,Synthetic,Risk Factor AD synthetic row 1569,Batangas,203454,7153,31547,200,28366,127,2024,1130,0,0,19081,23481,10
3rd Quarter 2025,Synthetic,Risk Factor AD synthetic row 1570,Isabela,176523,4003,7491,176,20628,506,747,10231,16617,8053,4742,1914,2691
1st Quarter 2025,Synthetic,Risk Factor AD synthetic row 1571,Region 8,325309,16762,38907,29055,14296,2969,0,2789,3053,21742,1556,1818,2936
3rd Quarter 2025,Synthetic,Risk Factor AD synthetic row 1572,Region 6,694880,8353,62690,0,64415,141,17782,0,0,3853,14822,0,2691
1st Quarter 2025,Synthetic,Risk Factor AD synthetic row 1573,Abra,13988,26,1313,939,1705,162,361,202,0,208,622,666,180
3rd Quarter 2025,Synthetic,Risk Factor AD synthetic row 1574,City of Las Piñas,11892,174,0,426,1341,1609,37,1739,1336,0,1267,1346,955
1st Quarter 2025,Synthetic,Risk Factor AD synthetic row 1575,Dinagat Islands,24882,561,3223,1226,1749,1635,173,0,0,0,2379,0,68
2nd Quarter 2025,Synthetic,Risk Factor AD synthetic row 1576,City of Caloocan,48651,285,0,147,410,0,635,0,1165,623,61,0,335
1st Quarter 2025,Synthetic,Risk Factor AD synthetic row 1577,Mountain Province,19839,22,418,203,1378,0,0,0,0,0,605,0,162
2nd Quarter 2025,Synthetic,Risk Factor AD synthetic row 1578,Misamis Oriental,30991,485,2334,264,290,248,0,2079,1533,138,122,597,323
3rd Quarter 2025,Synthetic,Risk Factor AD synthetic row 1579,Region 9,1,0,0,0,1,0,0,0,0,0,0,0,0
3rd Quarter 2025,Synthetic,Risk Factor AD synthetic row 1580,Zamboanga del Sur,27271,338,3726,210,3398,1061,232,1647,852,1390,1236,0,386
1st Quarter 2025,Synthetic,Risk Factor AD synthetic row 1581,Region 4A,602092,2345,89479,44960,96135,5663,0,79968,76794,57432,2529,44060,94406
1st Quarter 2025,Synthetic,Risk Factor AD synthetic row 1582,Romblon,9927,553,984,582,1689,751,103,319,414,4,673,156,504
2nd Quarter 2025,Synthetic,Risk Factor AD synthetic row 1583,NIR,136904,1510,14852,8442,27267,0,1554,1446,2594,291,4054,1730,412
3rd Quarter 2025,Synthetic,Risk Factor AD synthetic row 1584,Siquijor,12926,135,925,734,898,0,25,0,20,827,1028,99,0
1st Quarter 2025,Synthetic,Risk Factor AD synthetic row 1585,Region 1,386348,0,64026,4698,13135,0,0,4757,12101,73658,5573,1680,5324
2nd Quarter 2025,Synthetic,Risk Factor AD synthetic row 1586,Region 2,258939,0,22976,10801,28631,8290,0,15593,20845,12421,12884,5414,678
3rd Quarter 2025,Synthetic,Risk Factor AD synthetic row 1587,City of Naga,6370,149,702,205,0,389,271,630,24,9,0,179,111
1st Quarter 2025,Synthetic,Risk Factor AD synthetic row 1588,City of Butuan,36630,1149,2457,1772,2481,53,0,96,355,6522,0,408,340
3rd Quarter 2025,Synthetic,Risk Factor AD synthetic row 1589,Region 10,1,0,0,0,0,0,0,0,0,0,0,0,0
1st Quarter 2025,Synthetic,Risk Factor AD synthetic row 1590,Camarines Norte,59274,1049,10685,3767,149,0,0,2921,292,1914,0,3303,0
1st Quarter 2025,Synthetic,Risk Factor AD synthetic row 1591,Pampanga,80338,617,8229,1589,1117,151,0,4538,2824,1774,0,0,1973
1st Quarter 2025,Synthetic,Risk Factor AD synthetic row 1592,City of Navotas,26500,532,4,1899,0,4668,1976,2941,2020,139,0,3112,1856
2nd Quarter 2025,Synthetic,Risk Factor AD synthetic row 1593,Kalinga,29750,326,3800,670,0,175,0,340,0,3589,2584,1093,2869
3rd Quarter 2025,Synthetic,Risk Factor AD synthetic row 1594,Isabela,146549,0,12020,1423,8434,0,6848,14603,6380,6566,0,0,1594
1st Quarter 2025,Synthetic,Risk Factor AD synthetic row 1595,Ifugao,17794,365,177,1259,1903,198,0,0,27,4117,357,1178,1130
2nd Quarter 2025,Synthetic,Risk Factor AD synthetic row 1596,City of Butuan,17661,0,202,0,1746,354,5,0,0,760,1923,196,29
2nd Quarter 2025,Synthetic,Risk Factor AD synthetic row 1597,Region 8,289289,16130,34828,24185,1054,0,6165,0,0,7553,15551,0,0
1st Quarter 2025,Synthetic,Risk Factor AD synthetic row 1598,Sultan Kudarat,68421,0,8797,723,7892,683,0,0,24,1073,0,2714,1129
1st Quarter 2025,Synthetic,Risk Factor AD synthetic row 1599,Camarines Sur,28789,624,3043,826,3014,224,1848,0,901,3752,2055,603,450
2nd Quarter 2025,Synthetic,Risk Factor AD synthetic row 1600,City of Puerto Princesa,3297,0,207,37,361,0,9,0,0,1956,584,0,0
1st Quarter 2025,Synthetic,Risk Factor AD synthetic row 1601,Guimaras,153327,3646,4405,0,255,0,677,525,4822,2837,27,0,4012
1st Quarter 2025,Synthetic,Risk Factor AD synthetic row 1602,Siquijor,31316,268,2191,1581,0,0,0,141,346,1684,2616,115,0
1st Quarter 2025,Synthetic,Risk Factor AD synthetic row 1603,City of Isabela,6436,0,523,107,488,0,0,655,179,502,2,0,18
1st Quarter 2025,Synthetic,Risk Factor AD synthetic row 1604,City of Cotabato,1,0,0,0,0,0,0,1,0,0,1,0,0
1st Quarter 2025,Synthetic,Risk Factor AD synthetic row 1605,Benguet,14229,205,712,84,1227,117,0,319,0,3065,417,106,37
2nd Quarter 2025,Synthetic,Risk Factor AD synthetic row 1606,Oriental Mindoro,45783,1571,0,484,8154,2157,658,1930,3044,0,3490,2153,1824
1st Quarter 2025,Synthetic,Risk Factor AD synthetic row 1607,Capiz,54786,585,0,0,4415,2850,0,3904,0,950,995,1910,0
3rd Quarter 2025,Synthetic,Risk Factor AD synthetic row 1608,Agusan del Sur,30917,569,6173,2395,378,39,129,2391,1456,2033,0,475,931
3rd Quarter 2025,Synthetic,Risk Factor AD synthetic row 1609,Bataan,62942,1128,272,0,0,0,0,0,952,687,2622,157,0
1st Quarter 2025,Synthetic,Risk Factor AD synthetic row 1610,Sorsogon,31617,505,0,1546,338,1064,896,1608,0,0,126,181,0
2nd Quarter 2025,Synthetic,Risk Factor AD synthetic row 1611,Zamboanga del Norte,45155,485,5510,379,4080,2951,1597,3249,499,1326,900,937,0
3rd Quarter 2025,Synthetic,Risk Factor AD synthetic row 1612,Agusan del Sur,48472,2807,3556,2732,3454,0,2310,2774,3881,2474,0,1741,0
3rd Quarter 2025,Synthetic,Risk Factor AD synthetic row 1613,La Union,62204,574,2159,1404,3854,0,196,0,0,677,0,0,565
2nd Quarter 2025,Synthetic,Risk Factor AD synthetic row 1614,City of Las Piñas,39160,1534,2843,1263,0,7474,4392,4467,3567,393,1498,1837,2011
3rd Quarter 2025,Synthetic,Risk Factor AD synthetic row 1615,Quirino,17906,728,1518,0,2857,0,581,2174,692,953,1016,351,143
1st Quarter 2025,Synthetic,Risk Factor AD synthetic row 1616,City of Iligan,7618,17,0,420,673,4,389,1,59,569,0,139,97
3rd Quarter 2025,Synthetic,Risk Factor AD synthetic row 1617,Misamis Occidental,24428,0,0,1104,0,0,128,698,94,393,0,82,445
1st Quarter 2025,Synthetic,Risk Factor AD synthetic row 1618,Samar,21783,2301,4413,2935,3903,15,562,0,0,63,996,0,0
2nd Quarter 2025,Synthetic,Risk Factor AD synthetic row 1619,Ifugao,26178,477,862,294,594,134,31,0,0,5162,1088,4884,389
3rd Quarter 2025,Synthetic,Risk Factor AD synthetic row 1620,Agusan del Norte,26130,1480,1728,0,0,0,1913,754,85,2533,1792,1093,404
2nd Quarter 2025,Synthetic,Risk Factor AD synthetic row 1621,Basilan,4621,0,343,4621,0,160,48,4621,55,3080,4621,148,33
3rd Quarter 2025,Synthetic,Risk Factor AD synthetic row 1622,City of San Juan,3656,15,17,175,168,424,26,38,89,595,826,0,35
2nd Quarter 2025,Synthetic,Risk Factor AD synthetic row 1623,Region 2,539519,2856,31622,7539,47951,0,31315,54424,24561,28564,29798,3370,0
3rd Quarter 2025,Synthetic,Risk Factor AD synthetic row 1624,Apayao,14524,0,752,146,1001,8,235,174,0,10,0,158,940
2nd Quarter 2025,Synthetic,Risk Factor AD synthetic row 1625,Batanes,2912,3,302,278,803,0,218,370,14,235,121,386,132
3rd Quarter 2025,Synthetic,Risk Factor AD synthetic row 1626,City of Lucena,17471,795,136,0,1027,20,675,1508,0,2611,2026,2596,276
1st Quarter 2025,Synthetic,Risk Factor AD synthetic row 1627,Negros Occidental,75039,3023,0,5101,2042,0,1405,0,445,3953,4047,1291,1750
2nd Quarter 2025,Synthetic,Risk Factor AD synthetic row 1628,City of Marikina,1710,31,159,85,103,612,0,264,128,5,93,252,53
3rd Quarter 2025,Synthetic,Risk Factor AD synthetic row 1629,City of Lapu-Lapu,15556,254,432,0,1402,551,49,2928,692,3160,324,523,297
3rd Quarter 2025,Synthetic,Risk Factor AD synthetic row 1630,City of Butuan,18163,533,542,368,550,0,53,949,0,3105,73,0,24
3rd Quarter 2025,Synthetic,Risk Factor AD synthetic row 1631,La Union,29296,311,2259,1242,442,218,162,116,117,3858,0,0,0
3rd Quarter 2025,Synthetic,Risk Factor AD synthetic row 1632,Davao del Norte,70145,0,0,5882,13815,5947,5840,0,10441,5511,14587,0,0
3rd Quarter 2025,Synthetic,Risk Factor AD synthetic row 1633,Iloilo,73513,2300,0,801,15440,2,0,0,1017,2553,972,0,0
3rd Quarter 2025,Synthetic,Risk Factor AD synthetic row 1634,City of Marikina,1694,81,15,68,124,366,180,475,179,13,28,155,94
1st Quarter 2025,Synthetic,Risk Factor AD synthetic row 1635,Nueva Ecija,30798,1021,4150,1387,178,373,732,244,985,296,294,270,162
3rd Quarter 2025,Synthetic,Risk Factor AD synthetic row 1636,NCR,422106,8073,20,688,23834,0,16139,5389,1247,16668,21873,6328,7370
1st Quarter 2025,Synthetic,Risk Factor AD synthetic row 1637,Sarangani,17672,0,2077,0,1364,403,471,83,374,1042,564,247,42
3rd Quarter 2025,Synthetic,Risk Factor AD synthetic row 1638,City of Pasig,29250,1226,142,299,848,185,0,240,0,3103,4989,0,0
2nd Quarter 2025,Synthetic,Risk Factor AD synthetic row 1639,Sarangani,42885,0,3392,0,0,1507,205,1929,609,0,658,1991,966
1st Quarter 2025,Synthetic,Risk Factor AD synthetic row 1640,City of Tacloban,16228,0,1162,53,1377,0,149,0,3,168,301,32,0
2nd Quarter 2025,Synthetic,Risk Factor AD synthetic row 1641,Rizal,75650,2600,1005,5165,10075,639,209,5525,1086,4037,567,4838,5479
1st Quarter 2025,Synthetic,Risk Factor AD synthetic row 1642,Isabela,229213,1615,14673,1474,21903,3420,23045,0,13326,12128,11561,712,0
3rd Quarter 2025,Synthetic,Risk Factor AD synthetic row 1643,Surigao del Norte,23740,499,2,1225,0,0,1052,3890,1989,1336,317,543,20
3rd Quarter 2025,Synthetic,Risk Factor AD synthetic row 1644,City of Muntinlupa,11176,72,659,0,24,161,0,123,50,4417,2141,0,4
2nd Quarter 2025,Synthetic,Risk Factor AD synthetic row 1645,Guimaras,29000,911,2758,41,258,0,51,178,612,0,640,405,230
2nd Quarter 2025,Synthetic,Risk Factor AD synthetic row 1646,Nueva Ecija,397032,12004,47801,19500,56109,9932,11668,19332,4541,10247,21344,2645,0
2nd Quarter 2025,Synthetic,Risk Factor AD synthetic row 1647,Batanes,2040,76,176,540,0,271,58,306,214,0,132,49,151
3rd Quarter 2025,Synthetic,Risk Factor AD synthetic row 1648,Kalinga,22363,783,117,376,4005,124,14,96,132,479,2863,56,881
2nd Quarter 2025,Synthetic,Risk Factor AD synthetic row 1649,City of Mandaue,12661,0,0,0,978,40,75,1838,91,0,33,243,149
3rd Quarter 2025,Synthetic,Risk Factor AD synthetic row 1650,Apayao,14891,177,0,142,24,249,42,12,223,378,0,2279,574
1st Quarter 2025,Synthetic,Risk Factor AD synthetic row 1651,Bohol,30308,423,18547,990,4009,1754,0,4325,0,23084,1997,10827,870
3rd Quarter 2025,Synthetic,Risk Factor AD synthetic row 1652,Davao de Oro,30224,784,0,669,12,2173,1385,2339,1743,4278,5423,0,2699
3rd Quarter 2025,Synthetic,Risk Factor AD synthetic row 1653,Pasay City,15221,164,453,0,0,0,523,551,248,138,297,91,251
3rd Quarter 2025,Synthetic,Risk Factor AD synthetic row 1654,Aklan,9887,59,772,743,0,0,198,204,950,1291,952,477,278
3rd Quarter 2025,Synthetic,Risk Factor AD synthetic row 1655,City of Zamboanga,30440,283,3619,312,0,289,352,416,136,1838,382,611,0
3rd Quarter 2025,Synthetic,Risk Factor AD synthetic row 1656,City of Bacolod,8058,343,550,461,1176,0,0,0,25,2101,42,48,0
3rd Quarter 2025,Synthetic,Risk Factor AD synthetic row 1657,City of Butuan,23709,0,2187,1965,3141,0,84,208,72,3464,417,353,0
2nd Quarter 2025,Synthetic,Risk Factor AD synthetic row 1658,Pangasinan,110752,100430,5301,529,103318,0,0,143,469,3883,3425,1262,0
1st Quarter 2025,Synthetic,Risk Factor AD synthetic row 1659,Albay,25587,349,1864,262,161,0,0,590,2769,184,664,174,161
1st Quarter 2025,Synthetic,Risk Factor AD synthetic row 1660,Sultan Kudarat,63027,490,3891,824,6146,0,0,222,0,4295,0,82,0
1st Quarter 2025,Synthetic,Risk Factor AD synthetic row 1661,Agusan del Sur,30832,1036,2335,2232,2177,2053,1327,2269,1923,223,788,0,828
2nd Quarter 2025,Synthetic,Risk Factor AD synthetic row 1662,CAR,109887,2410,0,0,10872,2256,0,553,0,137,9878,5445,0
2nd Quarter 2025,Synthetic,Risk Factor AD synthetic row 1663,Southern Leyte,59652,0,6435,5465,0,368,235,108,398,3554,216,236,724
3rd Quarter 2025,Synthetic,Risk Factor AD synthetic row 1664,Rizal,80210,5548,7597,0,7391,2425,1631,200,409,0,1367,0,7139
1st Quarter 2025,Synthetic,Risk Factor AD synthetic row 1665,Masbate,25269,1723,0,2351,7336,0,0,0,2029,0,9119,0,620
2nd Quarter 2025,Synthetic,Risk Factor AD synthetic row 1666,Mountain Province,19333,0,1036,0,1237,6,0,0,21,119,1020,1234,149
2nd Quarter 2025,Synthetic,Risk Factor AD synthetic row 1667,City of Baguio,9418,0,66,112,118,36,104,82,45,4981,1890,4132,0
3rd Quarter 2025,Synthetic,Risk Factor AD synthetic row 1668,Pateros,1821,29,0,0,0,12,29,46,15,15,0,8,0
3rd Quarter 2025,Synthetic,Risk Factor AD synthetic row 1669,Zambales,115751,0,6769,2503,6741,0,1954,4632,973,1827,4461,1462,0
2nd Quarter 2025,Synthetic,Risk Factor AD synthetic row 1670,Lanao del Norte,30014,0,208,384,0,1874,0,0,1486,1188,0,0,40
3rd Quarter 2025,Synthetic,Risk Factor AD synthetic row 1671,Region 1,322635,3946,52489,4044,14486,0,168,0,0,19461,1053,0,0
2nd Quarter 2025,Synthetic,Risk Factor AD synthetic row 1672,Southern Leyte,30759,860,4197,2783,5073,6,0,0,0,3812,0,0,0
1st Quarter 2025,Synthetic,Risk Factor AD synthetic row 1673,Mountain Province,30114,0,661,0,640,68,0,0,0,0,2066,3384,0
3rd Quarter 2025,Synthetic,Risk Factor AD synthetic row 1674,Camarines Norte,51118,472,5451,696,0,649,0,464,0,516,1395,675,0
3rd Quarter 2025,Synthetic,Risk Factor AD synthetic row 1675,Quirino,14324,328,1188,0,722,1040,506,1518,107,0,0,0,19
3rd Quarter 2025,Synthetic,Risk Factor AD synthetic row 1676,BARMM,154401,215,10629,1074,154401,0,3170,154401,2603,10695,136545,3030,0
2nd Quarter 2025,Synthetic,Risk Factor AD synthetic row 1677,City of Isabela,13644,105,44,133,873,13,420,726,402,210,617,443,0
2nd Quarter 2025,Synthetic,Risk Factor AD synthetic row 1678,City of Lapu-Lapu,29089,828,520,1589,967,524,0,5591,1278,40,3376,437,0
2nd Quarter 2025,Synthetic,Risk Factor AD synthetic row 1679,City of Bacolod,7799,227,0,88,1231,0,0,88,0,1625,747,75,115
3rd Quarter 2025,Synthetic,Risk Factor AD synthetic row 1680,Southern Leyte,50381,1714,6025,4064,1949,158,0,425,0,5640,6854,357,847
3rd Quarter 2025,Synthetic,Risk Factor AD synthetic row 1681,Sultan Kudarat,158604,0,21873,2769,5911,3800,989,1866,0,0,1199,5324,1779
3rd Quarter 2025,Synthetic,Risk Factor AD synthetic row 1682,City of Cebu,23231,3180,15472,0,0,2286,1500,2956,1709,12438,740,1310,7391
1st Quarter 2025,Synthetic,Risk Factor AD synthetic row 1683,Negros Occidental,205268,5353,38293,708,0,0,0,0,3817,200,2381,0,0
2nd Quarter 2025,Synthetic,Risk Factor AD synthetic row 1684,City of Davao,79056,3280,4667,6971,650,25485,0,19022,5906,1131,5115,898,0
2nd Quarter 2025,Synthetic,Risk Factor AD synthetic row 1685,Occidental Mindoro,19447,1233,64,1242,5890,1740,577,2866,750,1889,843,104,62
2nd Quarter 2025,Synthetic,Risk Factor AD synthetic row 1686,Maguindanao del Norte,18880,14126,13,0,265,0,0,232,0,0,0,0,0
3rd Quarter 2025,Synthetic,Risk Factor AD synthetic row 1687,Region 10,125121,633,293,6995,0,0,514,298,1915,0,2581,735,91
2nd Quarter 2025,Synthetic,Risk Factor AD synthetic row 1688,City of Muntinlupa,10580,316,234,178,814,0,0,147,17,40,0,0,23
1st Quarter 2025,Synthetic,Risk Factor AD synthetic row 1689,Antique,28202,746,47,365,1970,735,0,1246,156,1297,631,0,0
2nd Quarter 2025,Synthetic,Risk Factor AD synthetic row 1690,City of Mandaue,10717,46,116,339,506,252,63,0,86,0,261,94,187
3rd Quarter 2025,Synthetic,Risk Factor AD synthetic row 1691,Camarines Sur,31881,603,3791,2420,3598,3597,2097,0,1459,3413,735,302,49
2nd Quarter 2025,Synthetic,Risk Factor AD synthetic row 1692,Iloilo,103724,0,5057,0,17524,0,204,0,0,6666,3306,836,98
3rd Quarter 2025,Synthetic,Risk Factor AD synthetic row 1693,City of Butuan,27974,1503,0,1640,266,0,334,1696,0,54,3044,254,0
3rd Quarter 2025,Synthetic,Risk Factor AD synthetic row 1694,Abra,13451,84,600,653,68,0,0,0,0,1131,716,0,0
2nd Quarter 2025,Synthetic,Risk Factor AD synthetic row 1695,Davao de Oro,64954,0,984,0,289,21305,453,0,358,0,6542,186,1730
1st Quarter 2025,Synthetic,Risk Factor AD synthetic row 1696,City of Bacolod,8078,141,435,597,628,0,38,0,0,719,703,34,45
3rd Quarter 2025,Synthetic,Risk Factor AD synthetic row 1697,Capiz,51891,1441,2967,835,5591,13,2709,0,872,0,774,615,828
3rd Quarter 2025,Synthetic,Risk Factor AD synthetic row 1698,Rizal,76328,961,2728,2458,7460,184,0,0,0,14972,1982,9603,1284
1st Quarter 2025,Synthetic,Risk Factor AD synthetic row 1699,Dinagat Islands,3907,72,323,40,663,31,0,19,21,0,420,0,0
3rd Quarter 2025,Synthetic,Risk Factor AD synthetic row 1700,Isabela,146851,1682,0,1506,581,561,8397,8841,13362,4105,5377,0,3615
1st Quarter 2025,Synthetic,Risk Factor AD synthetic row 1701,Surigao del Norte,29758,1532,3158,1089,4986,3089,1741,4007,1547,3385,2064,926,0
1st Quarter 2025,Synthetic,Risk Factor AD synthetic row 1702,Occidental Mindoro,10906,180,2878,794,2833,0,897,828,208,1083,0,259,62
1st Quarter 2025,Synthetic,Risk Factor AD synthetic row 1703,Special Geographic Area (SGA),15650,13956,15650,0,318,15650,150,15650,0,694,11,435,0
2nd Quarter 2025,Synthetic,Risk Factor AD synthetic row 1704,City of Bacolod,13671,449,0,614,823,0,133,166,0,2692,0,29,0
2nd Quarter 2025,Synthetic,Risk Factor AD synthetic row 1705,Southern Leyte,27327,84,1062,2044,6485,0,0,93,0,2846,111,213,108
2nd Quarter 2025,Synthetic,Risk Factor AD synthetic row 1706,Davao de Oro,29958,159,4811,1561,4121,0,3676,476,2144,7129,4651,5084,843
2nd Quarter 2025,Synthetic,Risk Factor AD synthetic row 1707,Mountain Province,27914,0,1159,0,2424,0,54,470,184,3325,1922,1504,0
1st Quarter 2025,Synthetic,Risk Factor AD synthetic row 1708,Region 8,1,0,0,0,0,0,0,0,0,1,0,0,0
1st Quarter 2025,Synthetic,Risk Factor AD synthetic row 1709,Lanao del Norte,41435,847,0,305,1572,0,1205,0,2633,0,103,306,937
2nd Quarter 2025,Synthetic,Risk Factor AD synthetic row 1710,Marinduque,4482,0,0,75,147,26,0,15,0,0,0,81,8
2nd Quarter 2025,Synthetic,Risk Factor AD synthetic row 1711,Benguet,21564,167,894,481,1731,306,19,116,0,4952,2381,380,218
3rd Quarter 2025,Synthetic,Risk Factor AD synthetic row 1712,City of Caloocan,39036,235,148,945,0,368,66,0,0,891,223,321,68
3rd Quarter 2025,Synthetic,Risk Factor AD synthetic row 1713,Capiz,134068,0,9847,4751,9370,3332,4803,0,0,3003,1226,5026,2196
2nd Quarter 2025,Synthetic,Risk Factor AD synthetic row 1714,Apayao,22946,509,1588,384,2213,29,0,0,806,133,1454,0,1642
3rd Quarter 2025,Synthetic,Risk Factor AD synthetic row 1715,City of Iloilo,24414,688,680,94,795,0,133,258,265,822,0,136,60
2nd Quarter 2025,Synthetic,Risk Factor AD synthetic row 1716,Zamboanga del Sur,32327,1025,4978,706,1471,1344,0,595,1156,1938,0,310,58
1st Quarter 2025,Synthetic,Risk Factor AD synthetic row 1717,City of Cebu,50736,909,32537,2254,30,22002,0,0,3246,205,4032,2606,0
2nd Quarter 2025,Synthetic,Risk Factor AD synthetic row 1718,Eastern Samar,35852,0,395,253,3614,35,0,232,0,0,534,91,303
3rd Quarter 2025,Synthetic,Risk Factor AD synthetic row 1719,City of Malabon,18297,3,0,14,1509,115,344,0,207,3260,0,0,0
1st Quarter 2025,Synthetic,Risk Factor AD synthetic row 1720,City of Puerto Princesa,2867,177,594,361,358,0,0,0,11,641,645,424,61
1st Quarter 2025,Synthetic,Risk Factor AD synthetic row 1721,City of Isabela,7474,9,0,247,155,10,0,0,435,0,495,78,25
2nd Quarter 2025,Synthetic,Risk Factor AD synthetic row 1722,Aklan,16158,853,664,1368,2057,100,191,224,640,168,92,148,0
3rd Quarter 2025,Synthetic,Risk Factor AD synthetic row 1723,City of Lapu-Lapu,21651,184,192,1913,235,0,695,81,879,751,753,236,135
1st Quarter 2025,Synthetic,Risk Factor AD synthetic row 1724,City of Zamboanga,28853,1338,1023,0,2234,121,308,1753,342,338,1274,328,0
1st Quarter 2025,Synthetic,Risk Factor AD synthetic row 1725,Tarlac,30195,271,1212,831,1312,0,0,0,213,346,1334,0,0
2nd Quarter 2025,Synthetic,Risk Factor AD synthetic row 1726,Batangas,28921,0,0,1382,7587,167,33,37,0,2990,0,1720,2428
3rd Quarter 2025,Synthetic,Risk Factor AD synthetic row 1727,Cotabato,51434,401,4402,531,0,0,0,0,0,3881,0,348,899
2nd Quarter 2025,Synthetic,Risk Factor AD synthetic row 1728,City of Las Piñas,10480,0,1012,370,0,1956,1239,0,0,0,531,1050,252
2nd Quarter 2025,Synthetic,Risk Factor AD synthetic row 1729,City of Malabon,12768,417,623,483,0,0,0,0,0,0,0,149,221
1st Quarter 2025,Synthetic,Risk Factor AD synthetic row 1730,South Cotabato,20983,46,1035,265,1864,157,0,0,0,1666,0,1478,0
3rd Quarter 2025,Synthetic,Risk Factor AD synthetic row 1731,Northern Samar,16382,800,2208,626,2379,158,0,107,0,886,0,0,40
3rd Quarter 2025,Synthetic,Risk Factor AD synthetic row 1732,City of Butuan,26993,586,192,1186,3053,0,0,161,154,4422,473,430,566
3rd Quarter 2025,Synthetic,Risk Factor AD synthetic row 1733,Region 6,429467,6701,29929,13076,18527,11620,6006,13777,9842,0,10603,8219,3572
3rd Quarter 2025,Synthetic,Risk Factor AD synthetic row 1734,Region 11,1,0,0,0,1,0,0,0,0,0,0,0,0
1st Quarter 2025,Synthetic,Risk Factor AD synthetic row 1735,Lanao del Sur,45527,39880,2496,636,628,0,43103,38593,1557,4865,4113,1067,1131
3rd Quarter 2025,Synthetic,Risk Factor AD synthetic row 1736,Laguna,74251,1826,5422,2476,380,0,735,0,0,5971,997,0,5482
3rd Quarter 2025,Synthetic,Risk Factor AD synthetic row 1737,Surigao del Norte,32904,534,3612,2792,4597,406,1917,2419,103,0,3047,323,0
1st Quarter 2025,Synthetic,Risk Factor AD synthetic row 1738,City of Manila,48662,0,438,1504,74,2276,0,480,0,341,0,0,0
2nd Quarter 2025,Synthetic,Risk Factor AD synthetic row 1739,City of Dagupan,29032,769,1635,2015,2618,71,0,0,102,875,0,392,0
2nd Quarter 2025,Synthetic,Risk Factor AD synthetic row 1740,Northern Samar,39349,1167,0,3121,528,959,170,473,0,5516,3622,0,271
3rd Quarter 2025,Synthetic,Risk Factor AD synthetic row 1741,South Cotabato,20394,479,0,204,2100,282,0,0,0,0,0,0,748
3rd Quarter 2025,Synthetic,Risk Factor AD synthetic row 1742,City of Navotas,31363,1483,836,2595,2370,0,3854,5410,1936,284,3242,3187,130
1st Quarter 2025,Synthetic,Risk Factor AD synthetic row 1743,City of Dagupan,4126,131,14,229,206,53,40,0,0,107,148,0,49
2nd Quarter 2025,Synthetic,Risk Factor AD synthetic row 1744,Region 2,260120,6090,19090,5542,28995,18434,13566,20609,24985,17190,991,7550,914
1st Quarter 2025,Synthetic,Risk Factor AD synthetic row 1745,City of Manila,26840,0,260,0,135,148,817,46,121,125,0,331,0
1st Quarter 2025,Synthetic,Risk Factor AD synthetic row 1746,Davao Oriental,33659,845,5521,2982,3571,9052,5816,9986,8784,580,222,123,1032
1st Quarter 2025,Synthetic,Risk Factor AD synthetic row 1747,Oriental Mindoro,48761,2877,9292,3271,0,1091,1852,10,2300,0,0,3229,0
3rd Quarter 2025,Synthetic,Risk Factor AD synthetic row 1748,City of Parañaque,9202,0,144,0,152,0,43,420,0,0,82,15,25
3rd Quarter 2025,Synthetic,Risk Factor AD synthetic row 1749,Lanao del Norte,34919,0,0,1443,2975,45,0,464,0,563,226,506,0
2nd Quarter 2025,Synthetic,Risk Factor AD synthetic row 1750,Region 10,131990,53,340,6439,7160,0,4038,904,0,6153,0,0,3641
2nd Quarter 2025,Synthetic,Risk Factor AD synthetic row 1751,City of Iloilo,27993,481,931,552,893,1242,0,39,355,1106,521,0,209
1st Quarter 2025,Synthetic,Risk Factor AD synthetic row 1752,Bataan,62075,0,449,0,1385,154,388,1425,333,4934,1426,0,63
3rd Quarter 2025,Synthetic,Risk Factor AD synthetic row 1753,City of Lucena,28830,0,335,797,3076,0,850,62,6981,6481,2609,3894,225
3rd Quarter 2025,Synthetic,Risk Factor AD synthetic row 1754,Davao Oriental,23435,0,3526,0,2497,9,2467,7377,3799,98,137,0,0
2nd Quarter 2025,Synthetic,Risk Factor AD synthetic row 1755,Zamboanga Sibugay,30631,1069,3543,140,1635,638,0,336,329,700,279,1172,0
2nd Quarter 2025,Synthetic,Risk Factor AD synthetic row 1756,City of Naga,7080,214,841,107,549,524,0,742,217,0,391,279,77
3rd Quarter 2025,Synthetic,Risk Factor AD synthetic row 1757,Negros Occidental,81564,3851,9907,4349,14946,0,819,1736,0,605,5053,171,535
3rd Quarter 2025,Synthetic,Risk Factor AD synthetic row 1758,Region 12,429373,4198,13010,15222,56863,0,1554,4378,0,11760,14733,3686,23590
1st Quarter 2025,Synthetic,Risk Factor AD synthetic row 1759,Agusan del Sur,29582,470,1739,1013,4874,91,583,100,1825,0,1441,584,485
1st Quarter 2025,Synthetic,Risk Factor AD synthetic row 1760,Ifugao,12431,106,506,0,0,0,0,0,58,2534,213,901,0
3rd Quarter 2025,Synthetic,Risk Factor AD synthetic row 1761,Apayao,27992,0,913,0,2358,22,0,0,349,0,0,3754,847
1st Quarter 2025,Synthetic,Risk Factor AD synthetic row 1762,Basilan,4187,79,2862,0,0,120,3321,40,0,210,4187,110,56
3rd Quarter 2025,Synthetic,Risk Factor AD synthetic row 1763,City of Iligan,5893,100,9,322,619,426,0,0,0,99,304,63,4
3rd Quarter 2025,Synthetic,Risk Factor AD synthetic row 1764,Benguet,16597,0,1081,591,1167,314,0,0,5,2368,589,151,284
1st Quarter 2025,Synthetic,Risk Factor AD synthetic row 1765,Mountain Province,24826,27,612,84,404,0,0,60,40,2650,1390,326,57
2nd Quarter 2025,Synthetic,Risk Factor AD synthetic row 1766,Quirino,16586,0,1157,0,819,768,1471,1754,1114,1234,527,76,254
1st Quarter 2025,Synthetic,Risk Factor AD synthetic row 1767,Abra,16963,396,1069,470,1409,397,78,282,0,1159,1034,1528,104
3rd Quarter 2025,Synthetic,Risk Factor AD synthetic row 1768,City of Manila,34821,276,505,833,70,147,349,2122,1273,55,444,0,321
3rd Quarter 2025,Synthetic,Risk Factor AD synthetic row 1769,Region 4B,1,0,0,0,0,0,0,0,0,0,0,0,0
3rd Quarter 2025,Synthetic,Risk Factor AD synthetic row 1770,Aklan,11466,115,1249,122,267,35,67,0,0,1056,152,251,0
2nd Quarter 2025,Synthetic,Risk Factor AD synthetic row 1771,Antique,68247,1118,0,436,0,0,1055,1395,0,0,1992,819,476
1st Quarter 2025,Synthetic,Risk Factor AD synthetic row 1772,Lanao del Sur,105364,1301,6112,0,2081,0,3346,0,0,0,78872,927,133
3rd Quarter 2025,Synthetic,Risk Factor AD synthetic row 1773,City of Iligan,7046,319,80,387,578,0,16,0,0,0,66,496,0
2nd Quarter 2025,Synthetic,Risk Factor AD synthetic row 1774,La Union,39685,0,1819,1089,2048,0,0,213,512,344,1140,0,97
1st Quarter 2025,Synthetic,Risk Factor AD synthetic row 1775,NIR,257293,5977,18091,7565,39125,6575,3768,0,0,10721,0,6290,0
1st Quarter 2025,Synthetic,Risk Factor AD synthetic row 1776,Batangas,214649,11628,0,619,44204,3088,4492,0,1537,15272,23740,0,0
2nd Quarter 2025,Synthetic,Risk Factor AD synthetic row 1777,Siquijor,11659,264,1098,908,1718,0,0,77,127,752,887,0,0
1st Quarter 2025,Synthetic,Risk Factor AD synthetic row 1778,Tawi-Tawi,5315,85,31,0,569,271,1,365,88,5315,285,130,0
1st Quarter 2025,Synthetic,Risk Factor AD synthetic row 1779,Pateros,2864,10,60,0,59,3,0,26,0,22,33,0,50
3rd Quarter 2025,Synthetic,Risk Factor AD synthetic row 1780,NIR,229887,0,34826,14135,43148,2978,2896,227,5907,0,0,5868,4527
3rd Quarter 2025,Synthetic,Risk Factor AD synthetic row 1781,South Cotabato,20132,186,2255,460,1886,0,337,0,8,48,1384,1800,162
3rd Quarter 2025,Synthetic,Risk Factor AD synthetic row 1782,Quezon City,96315,0,1336,2876,4235,6757,1028,981,439,76,857,0,0
2nd Quarter 2025,Synthetic,Risk Factor AD synthetic row 1783,Davao del Norte,31490,433,3563,2697,415,6192,4322,7592,26,0,2277,0,0
2nd Quarter 2025,Synthetic,Risk Factor AD synthetic row 1784,Eastern Samar,15765,0,958,0,1982,0,59,44,0,731,565,0,0
1st Quarter 2025,Synthetic,Risk Factor AD synthetic row 1785,City of Isabela,15126,74,42,234,829,219,328,832,0,1614,210,418,0
3rd Quarter 2025,Synthetic,Risk Factor AD synthetic row 1786,Surigao del Norte,25867,938,608,1238,2954,0,1439,2002,1786,3745,1153,371,386
3rd Quarter 2025,Synthetic,Risk Factor AD synthetic row 1787,Zamboanga del Norte,20868,180,1335,0,2797,0,827,1392,856,703,738,312,402
2nd Quarter 2025,Synthetic,Risk Factor AD synthetic row 1788,Marinduque,3571,0,169,48,109,0,0,26,5,104,78,4,1
3rd Quarter 2025,Synthetic,Risk Factor AD synthetic row 1789,Antique,36200,578,2486,350,0,880,966,0,152,312,714,530,0
2nd Quarter 2025,Synthetic,Risk Factor AD synthetic row 1790,City of Isabela,7519,0,814,22,486,0,66,65,536,875,162,147,98
3rd Quarter 2025,Synthetic,Risk Factor AD synthetic row 1791,Sorsogon,40099,0,0,2308,2572,883,0,0,0,6544,1640,0,563
3rd Quarter 2025,Synthetic,Risk Factor AD synthetic row 1792,City of Tacloban,17691,0,222,536,1872,0,126,152,127,450,235,208,0
1st Quarter 2025,Synthetic,Risk Factor AD synthetic row 1793,Ilocos Sur,97454,1338,9213,0,723,229,0,0,946,13570,2695,0,491
3rd Quarter 2025,Synthetic,Risk Factor AD synthetic row 1794,Zambales,107013,1487,5457,3266,0,1489,0,0,907,671,3289,928,736
3rd Quarter 2025,Synthetic,Risk Factor AD synthetic row 1795,City of Muntinlupa,11773,34,0,389,429,0,0,80,75,0,0,0,4
2nd Quarter 2025,Synthetic,Risk Factor AD synthetic row 1796,Aklan,22289,1138,205,1144,2835,575,1019,228,2600,490,696,99,62
3rd Quarter 2025,Synthetic,Risk Factor AD synthetic row 1797,City of General Santos,8331,284,89,425,178,0,101,67,0,92,628,182,365
2nd Quarter 2025,Synthetic,Risk Factor AD synthetic row 1798,Region 4A,1145434,34503,140047,30719,0,19793,41274,6259,139274,199779,98002,147546,0
1st Quarter 2025,Synthetic,Risk Factor AD synthetic row 1799,City of Isabela,6729,176,900,107,293,2,55,876,491,677,454,0,0
1st Quarter 2025,Synthetic,Risk Factor AD synthetic row 1800,City of Lapu-Lapu,48023,0,654,1054,1744,1652,1497,2659,1868,755,523,240,773
2nd Quarter 2025,Synthetic,Risk Factor AD synthetic row 1801,Pasay City,13501,8,10,29,166,141,0,147,0,578,0,205,0
1st Quarter 2025,Synthetic,Risk Factor AD synthetic row 1802,Aklan,6134,85,220,83,223,76,530,33,610,116,0,0,176
1st Quarter 2025,Synthetic,Risk Factor AD synthetic row 1803,City of Butuan,28083,1509,2799,0,2863,496,0,354,0,5477,876,616,503
2nd Quarter 2025,Synthetic,Risk Factor AD synthetic row 1804,South Cotabato,30484,795,1213,865,443,0,0,0,0,746,308,2614,185
2nd Quarter 2025,Synthetic,Risk Factor AD synthetic row 1805,Lanao del Norte,22539,227,0,479,2100,0,495,121,0,114,0,483,34
2nd Quarter 2025,Synthetic,Risk Factor AD synthetic row 1806,Cagayan,28464,306,0,791,2756,1717,0,101,398,153,318,557,235
3rd Quarter 2025,Synthetic,Risk Factor AD synthetic row 1807,City of San Juan,7765,136,0,260,388,11,498,301,56,1226,903,0,264
2nd Quarter 2025,Synthetic,Risk Factor AD synthetic row 1808,City of Las Piñas,32127,1758,2043,1351,2663,5884,2818,4608,4367,2621,3428,2068,2314
1st Quarter 2025,Synthetic,Risk Factor AD synthetic row 1809,Tarlac,94999,4551,6718,1368,4269,484,495,1190,1874,2115,3085,0,0
2nd Quarter 2025,Synthetic,Risk Factor AD synthetic row 1810,Masbate,20256,1191,5839,2225,0,813,0,644,1611,0,6877,944,355
1st Quarter 2025,Synthetic,Risk Factor AD synthetic row 1811,Pampanga,107375,2251,4507,1088,9318,4977,1550,0,3691,0,2230,204,221
3rd Quarter 2025,Synthetic,Risk Factor AD synthetic row 1812,Agusan del Norte,22671,637,2123,1879,2468,329,1403,3733,0,2200,928,1163,52
3rd Quarter 2025,Synthetic,Risk Factor AD synthetic row 1813,Dinagat Islands,6349,47,437,239,613,45,0,33,0,473,490,0,31
3rd Quarter 2025,Synthetic,Risk Factor AD synthetic row 1814,City of Isabela,7110,233,484,0,120,68,53,60,230,703,584,9,113
3rd Quarter 2025,Synthetic,Risk Factor AD synthetic row 1815,City of Isabela,7969,0,39,125,0,0,0,1012,110,101,657,0,46
1st Quarter 2025,Synthetic,Risk Factor AD synthetic row 1816,Oriental Mindoro,33333,843,4830,1864,6525,779,781,1931,1176,4222,2297,526,0
2nd Quarter 2025,Synthetic,Risk Factor AD synthetic row 1817,Bukidnon,111999,1928,1094,8075,0,0,0,7885,6810,1327,2605,755,1
1st Quarter 2025,Synthetic,Risk Factor AD synthetic row 1818,Misamis Occidental,27255,59,0,1645,333,0,0,643,0,0,0,7,76
3rd Quarter 2025,Synthetic,Risk Factor AD synthetic row 1819,Samar,28571,2537,185,1414,4509,367,0,0,0,2051,832,0,0
3rd Quarter 2025,Synthetic,Risk Factor AD synthetic row 1820,Antique,29147,388,115,86,2814,1076,592,35,0,813,500,124,0
1st Quarter 2025,Synthetic,Risk Factor AD synthetic row 1821,Northern Samar,16084,280,1451,1300,2260,187,0,0,38,966,53,0,201
3rd Quarter 2025,Synthetic,Risk Factor AD synthetic row 1822,Aurora,33527,198,0,2593,1744,0,0,3590,3920,1521,1687,532,839
1st Quarter 2025,Synthetic,Risk Factor AD synthetic row 1823,City of Butuan,15458,710,1434,746,1903,107,0,0,272,2915,568,0,146
1st Quarter 2025,Synthetic,Risk Factor AD synthetic row 1824,City of Tacloban,17729,665,1151,1820,961,0,217,0,0,42,99,0,303
2nd Quarter 2025,Synthetic,Risk Factor AD synthetic row 1825,Biliran,4836,91,425,0,620,264,190,428,123,517,292,62,69
2nd Quarter 2025,Synthetic,Risk Factor AD synthetic row 1826,City of Lapu-Lapu,29038,0,1986,1791,4922,3909,814,536,0,0,3187,950,0
2nd Quarter 2025,Synthetic,Risk Factor AD synthetic row 1827,Region 7,158084,8136,0,22880,35941,933,13328,27633,0,5311,21973,3208,3652
3rd Quarter 2025,Synthetic,Risk Factor AD synthetic row 1828,Surigao del Sur,41609,521,3128,3287,6737,3236,2869,6216,5140,0,3234,3367,9
3rd Quarter 2025,Synthetic,Risk Factor AD synthetic row 1829,Batanes,3725,0,101,478,455,552,6,717,427,722,0,129,369
1st Quarter 2025,Synthetic,Risk Factor AD synthetic row 1830,City of Cebu,41984,643,2674,0,41984,263,17567,32450,3049,845,1984,0,14554
3rd Quarter 2025,Synthetic,Risk Factor AD synthetic row 1831,Davao Oriental,35009,276,658,1647,2862,4672,6502,0,6084,523,551,642,0
3rd Quarter 2025,Synthetic,Risk Factor AD synthetic row 1832,City of Iligan,28999,965,0,1634,2526,729,1309,0,1315,0,0,266,816
2nd Quarter 2025,Synthetic,Risk Factor AD synthetic row 1833,Apayao,13820,0,0,69,1362,163,0,25,0,2436,116,1858,615
3rd Quarter 2025,Synthetic,Risk Factor AD synthetic row 1834,City of Butuan,14003,698,482,296,1231,264,0,7,353,707,79,70,0
3rd Quarter 2025,Synthetic,Risk Factor AD synthetic row 1835,Quezon,25715,973,1257,939,3593,227,0,4806,3124,5446,0,0,1916
3rd Quarter 2025,Synthetic,Risk Factor AD synthetic row 1836,Zamboanga Sibugay,29911,82,3170,361,0,233,182,961,13,982,803,0,926
1st Quarter 2025,Synthetic,Risk Factor AD synthetic row 1837,Region 2,505820,0,38945,9530,63774,0,13801,53450,36824,24986,4871,1635,12234
1st Quarter 2025,Synthetic,Risk Factor AD synthetic row 1838,City of Makati,14528,0,562,411,0,4,138,115,705,2048,0,2008,2914
2nd Quarter 2025,Synthetic,Risk Factor AD synthetic row 1839,City of Lapu-Lapu,17446,396,1397,1986,2390,222,1740,892,662,0,605,642,144
3rd Quarter 2025,Synthetic,Risk Factor AD synthetic row 1840,Camiguin,4501,0,0,94,380,0,19,0,29,0,70,13,45
3rd Quarter 2025,Synthetic,Risk Factor AD synthetic row 1841,Catanduanes,17451,514,4567,4180,6778,701,723,31,77,5813,226,0,0
1st Quarter 2025,Synthetic,Risk Factor AD synthetic row 1842,Occidental Mindoro,16876,469,4005,1018,97,1085,627,1030,829,0,467,285,95
3rd Quarter 2025,Synthetic,Risk Factor AD synthetic row 1843,Capiz,52823,0,3759,1191,3412,0,1831,5028,1843,544,1807,595,138
1st Quarter 2025,Synthetic,Risk Factor AD synthetic row 1844,Siquijor,27340,898,2357,128,3298,0,0,0,0,203,1798,460,726
3rd Quarter 2025,Synthetic,Risk Factor AD synthetic row 1845,City of Mandaue,15603,14,233,121,179,0,149,47,323,92,285,263,96
2nd Quarter 2025,Synthetic,Risk Factor AD synthetic row 1846,Palawan,31417,571,4363,882,4632,184,803,608,555,278,1946,1066,0
2nd Quarter 2025,Synthetic,Risk Factor AD synthetic row 1847,City of Zamboanga,14264,71,601,158,1055,0,139,321,0,1704,557,0,12
3rd Quarter 2025,Synthetic,Risk Factor AD synthetic row 1848,Region 11,578740,27696,62873,4157,43012,150003,110979,169508,46467,129036,1448,8149,15877
3rd Quarter 2025,Synthetic,Risk Factor AD synthetic row 1849,Apayao,6065,167,0,0,520,0,0,0,0,0,368,0,217
2nd Quarter 2025,Synthetic,Risk Factor AD synthetic row 1850,Davao Oriental,37499,273,2141,470,3392,290,3524,12763,5756,870,246,979,60
3rd Quarter 2025,Synthetic,Risk Factor AD synthetic row 1851,City of Mandaue,7659,42,186,0,434,1208,685,1038,157,115,198,0,48
2nd Quarter 2025,Synthetic,Risk Factor AD synthetic row 1852,City of Muntinlupa,12156,66,29,0,0,94,0,0,0,4016,880,89,0
3rd Quarter 2025,Synthetic,Risk Factor AD synthetic row 1853,Antique,28878,486,331,713,144,293,0,53,120,1640,0,151,23
1st Quarter 2025,Synthetic,Risk Factor AD synthetic row 1854,City of Butuan,16769,0,1789,555,66,718,0,94,0,2665,1686,215,0
2nd Quarter 2025,Synthetic,Risk Factor AD synthetic row 1855,Ifugao,29992,352,214,1398,0,39,188,0,0,606,892,4526,1709
1st Quarter 2025,Synthetic,Risk Factor AD synthetic row 1856,La Union,30137,0,2428,60,3358,0,0,70,0,560,4530,0,171
1st Quarter 2025,Synthetic,Risk Factor AD synthetic row 1857,Bukidnon,34012,0,1704,0,5689,1574,0,2404,2100,567,1879,207,0
2nd Quarter 2025,Synthetic,Risk Factor AD synthetic row 1858,Batangas,35587,1156,3714,35,6047,452,1910,2765,0,2859,2579,0,0
1st Quarter 2025,Synthetic,Risk Factor AD synthetic row 1859,Lanao del Sur,57422,338,2319,0,516,572,0,2566,0,0,183,531,0
3rd Quarter 2025,Synthetic,Risk Factor AD synthetic row 1860,Nueva Vizcaya,49799,530,1485,65,2617,1180,0,990,1805,192,0,0,0
2nd Quarter 2025,Synthetic,Risk Factor AD synthetic row 1861,City of Makati,8680,0,491,163,211,2770,0,395,626,80,9,0,41
3rd Quarter 2025,Synthetic,Risk Factor AD synthetic row 1862,Surigao del Sur,16207,772,2079,1996,4414,1841,1305,989,1102,1146,0,1353,374
2nd Quarter 2025,Synthetic,Risk Factor AD synthetic row 1863,NCR,453337,2484,0,10798,25529,6069,16891,17409,2820,27335,20420,7272,4126
1st Quarter 2025,Synthetic,Risk Factor AD synthetic row 1864,City of Navotas,34748,327,379,863,2491,4470,2318,512,2460,9825,1313,576,2083
1st Quarter 2025,Synthetic,Risk Factor AD synthetic row 1865,Ifugao,21579,410,165,505,925,0,0,0,0,0,1859,0,2444
2nd Quarter 2025,Synthetic,Risk Factor AD synthetic row 1866,Quezon City,30517,496,427,1474,1542,0,244,0,0,0,570,0,101
1st Quarter 2025,Synthetic,Risk Factor AD synthetic row 1867,City of Lucena,33502,789,2322,1990,3070,179,153,125,5104,0,1987,4672,4720
1st Quarter 2025,Synthetic,Risk Factor AD synthetic row 1868,City of Zamboanga,14334,623,163,130,242,142,397,1312,38,10,81,22,77
1st Quarter 2025,Synthetic,Risk Factor AD synthetic row 1869,Agusan del Sur,31794,609,5284,2445,2131,2101,1077,0,1009,1193,385,0,0
3rd Quarter 2025,Synthetic,Risk Factor AD synthetic row 1870,City of Dagupan,24969,127,966,1389,1900,158,0,177,0,1053,0,51,0
1st Quarter 2025,Synthetic,Risk Factor AD synthetic row 1871,Abra,13933,35,711,155,71,48,0,0,0,190,0,87,47
1st Quarter 2025,Synthetic,Risk Factor AD synthetic row 1872,Camiguin,4459,0,10,189,174,0,0,13,0,12,0,79,10
1st Quarter 2025,Synthetic,Risk Factor AD synthetic row 1873,Special Geographic Area (SGA),7069,129,6395,0,0,63,5641,5931,22,6322,6298,0,0
3rd Quarter 2025,Synthetic,Risk Factor AD synthetic row 1874,Mountain Province,17507,0,663,0,1297,165,0,47,182,2388,19,879,658
2nd Quarter 2025,Synthetic,Risk Factor AD synthetic row 1875,Rizal,30481,0,0,287,3441,0,685,174,2393,2065,130,0,0
1st Quarter 2025,Synthetic,Risk Factor AD synthetic row 1876,Camarines Sur,65186,2178,3821,2567,7714,7495,1288,5635,3790,3672,0,1181,332
3rd Quarter 2025,Synthetic,Risk Factor AD synthetic row 1877,Bukidnon,41235,0,117,2993,0,0,0,0,0,471,655,111,907
3rd Quarter 2025,Synthetic,Risk Factor AD synthetic row 1878,Negros Oriental,26846,846,2179,769,4231,926,1282,153,36,1204,921,1164,521
1st Quarter 2025,Synthetic,Risk Factor AD synthetic row 1879,Surigao del Norte,25920,645,0,2166,2334,1451,1563,0,691,3670,557,106,127
3rd Quarter 2025,Synthetic,Risk Factor AD synthetic row 1880,Camarines Sur,80720,1070,7539,0,8059,7697,4828,7468,0,0,5144,1455,290
3rd Quarter 2025,Synthetic,Risk Factor AD synthetic row 1881,City of Taguig,59395,1383,762,205,2622,868,1157,538,815,0,521,279,451
2nd Quarter 2025,Synthetic,Risk Factor AD synthetic row 1882,Leyte,72182,3393,9838,6317,1444,1464,0,0,75,4879,3058,2266,957
2nd Quarter 2025,Synthetic,Risk Factor AD synthetic row 1883,Kalinga,27446,913,0,395,3772,0,83,0,0,3683,0,0,0
1st Quarter 2025,Synthetic,Risk Factor AD synthetic row 1884,City of Makati,8002,81,496,224,72,2758,0,0,251,424,37,1122,641
2nd Quarter 2025,Synthetic,Risk Factor AD synthetic row 1885,Pasay City,12269,35,109,280,58,95,86,0,0,0,208,108,0
2nd Quarter 2025,Synthetic,Risk Factor AD synthetic row 1886,Misamis Occidental,13935,28,9,466,12,0,14,0,0,156,0,0,0
2nd Quarter 2025,Synthetic,Risk Factor AD synthetic row 1887,Albay,36326,0,1697,74,390,4842,0,868,118,1607,135,76,0
1st Quarter 2025,Synthetic,Risk Factor AD synthetic row 1888,City of Iloilo,32674,0,1240,0,1270,327,0,0,1106,510,244,381,139
3rd Quarter 2025,Synthetic,Risk Factor AD synthetic row 1889,Batanes,3604,77,45,322,481,393,308,377,516,229,491,528,334
3rd Quarter 2025,Synthetic,Risk Factor AD synthetic row 1890,Benguet,17574,0,874,31,1388,123,178,33,0,4195,0,0,0
3rd Quarter 2025,Synthetic,Risk Factor AD synthetic row 1891,Pasay City,30668,0,0,292,259,42,987,370,97,752,0,65,0
3rd Quarter 2025,Synthetic,Risk Factor AD synthetic row 1892,Capiz,63440,195,4841,648,6629,0,2956,0,3799,190,42,1557,822
2nd Quarter 2025,Synthetic,Risk Factor AD synthetic row 1893,Region 4B,125352,0,12258,124,34120,0,1321,5138,1360,15454,5471,5664,5759
3rd Quarter 2025,Synthetic,Risk Factor AD synthetic row 1894,Pasay City,13453,96,204,0,142,524,0,123,343,246,87,0,295
3rd Quarter 2025,Synthetic,Risk Factor AD synthetic row 1895,Davao de Oro,34652,1381,1992,0,4296,170,6664,3023,2595,10205,6143,14,731
2nd Quarter 2025,Synthetic,Risk Factor AD synthetic row 1896,Region 12,181200,1581,24372,1856,15870,817,613,3848,0,4361,5995,6903,5331
2nd Quarter 2025,Synthetic,Risk Factor AD synthetic row 1897,Kalinga,20012,303,260,220,1354,0,0,237,0,2810,0,0,0
3rd Quarter 2025,Synthetic,Risk Factor AD synthetic row 1898,City of Mandaluyong,31303,330,1742,951,494,1181,133,0,1229,3315,5832,459,0
3rd Quarter 2025,Synthetic,Risk Factor AD synthetic row 1899,City of Tacloban,21558,9,1367,0,993,204,6,279,0,0,69,0,0
1st Quarter 2025,Synthetic,Risk Factor AD synthetic row 1900,City of Caloocan,45562,0,151,0,0,546,533,520,0,11213,506,13,0
2nd Quarter 2025,Synthetic,Risk Factor AD synthetic row 1901,Siquijor,5078,1,468,0,904,0,20,0,0,253,488,0,99
2nd Quarter 2025,Synthetic,Risk Factor AD synthetic row 1902,Camarines Norte,62238,1376,7538,237,662,1568,891,1350,0,1865,542,0,0
2nd Quarter 2025,Synthetic,Risk Factor AD synthetic row 1903,City of Naga,28740,835,2171,624,3222,0,28,0,0,4597,1415,746,0
2nd Quarter 2025,Synthetic,Risk Factor AD synthetic row 1904,Cebu,123739,0,16557,1277,1819,0,0,23527,0,16616,0,11064,3962
1st Quarter 2025,Synthetic,Risk Factor AD synthetic row 1905,Aurora,39014,239,418,0,7596,1160,2056,28,326,2059,1699,2605,670
3rd Quarter 2025,Synthetic,Risk Factor AD synthetic row 1906,Pateros,2358,0,5,11,0,9,29,57,0,26,56,0,13
2nd Quarter 2025,Synthetic,Risk Factor AD synthetic row 1907,Pangasinan,33924,898,31989,7,2512,18,100,614,0,1344,1003,4,0
2nd Quarter 2025,Synthetic,Risk Factor AD synthetic row 1908,City of Tacloban,37576,943,2789,0,3207,182,0,0,435,780,0,0,0
2nd Quarter 2025,Synthetic,Risk Factor AD synthetic row 1909,City of Pasig,26723,0,143,2707,1256,149,0,0,0,5719,4035,2,152
3rd Quarter 2025,Synthetic,Risk Factor AD synthetic row 1910,City of Olongapo,22908,148,0,1287,1680,551,52,491,865,76,248,63,0
3rd Quarter 2025,Synthetic,Risk Factor AD synthetic row 1911,City of Santiago,22379,620,2898,532,4187,989,1009,1163,1827,122,329,14,0
1st Quarter 2025,Synthetic,Risk Factor AD synthetic row 1912,NCR,289505,0,2267,19693,17000,15469,12397,9729,1321,0,3696,0,616
3rd Quarter 2025,Synthetic,Risk Factor AD synthetic row 1913,City of Dagupan,6940,123,35,383,940,0,10,0,35,119,169,6,0
3rd Quarter 2025,Synthetic,Risk Factor AD synthetic row 1914,City of Makati,7419,3,425,92,208,1598,8,135,20,358,14,889,58
3rd Quarter 2025,Synthetic,Risk Factor AD synthetic row 1915,Zamboanga del Sur,29583,827,5300,1335,1359,552,0,1655,1186,808,553,46,276
1st Quarter 2025,Synthetic,Risk Factor AD synthetic row 1916,Abra,10972,220,996,0,1416,139,112,69,69,897,439,254,67
3rd Quarter 2025,Synthetic,Risk Factor AD synthetic row 1917,Catanduanes,15618,444,4114,2276,6654,5318,5309,650,0,5240,126,528,113
3rd Quarter 2025,Synthetic,Risk Factor AD synthetic row 1918,City of General Santos,9553,21,0,0,0,0,0,0,173,567,597,637,571
3rd Quarter 2025,Synthetic,Risk Factor AD synthetic row 1919,Special Geographic Area (SGA),24736,217,3938,15291,0,0,22668,24736,19805,209,699,19545,727
1st Quarter 2025,Synthetic,Risk Factor AD synthetic row 1920,City of Taguig,101217,0,509,0,5770,0,703,5320,420,0,0,3399,0
3rd Quarter 2025,Synthetic,Risk Factor AD synthetic row 1921,City of Olongapo,14051,334,0,209,43,152,34,159,0,80,363,274,0
1st Quarter 2025,Synthetic,Risk Factor AD synthetic row 1922,Sarangani,46380,502,5669,223,3568,2184,211,1501,0,3508,0,1394,0
1st Quarter 2025,Synthetic,Risk Factor AD synthetic row 1923,Basilan,1,0,0,0,0,1,0,0,1,0,0,0,0
2nd Quarter 2025,Synthetic,Risk Factor AD synthetic row 1924,Siquijor,4429,96,295,318,619,0,0,40,0,250,294,33,0
1st Quarter 2025,Synthetic,Risk Factor AD synthetic row 1925,Lanao del Norte,21276,571,0,0,616,1041,81,1089,0,606,457,0,19
1st Quarter 2025,Synthetic,Risk Factor AD synthetic row 1926,Surigao del Norte,25265,170,822,2702,3580,189,1551,352,1502,3758,130,844,94
1st Quarter 2025,Synthetic,Risk Factor AD synthetic row 1927,City of Iligan,25013,0,149,0,1673,1607,0,0,0,0,1385,8,0
1st Quarter 2025,Synthetic,Risk Factor AD synthetic row 1928,Aurora,10610,120,518,1033,1736,691,320,809,0,446,436,360,454
3rd Quarter 2025,Synthetic,Risk Factor AD synthetic row 1929,Sulu,1,0,0,0,0,0,0,0,0,0,0,0,0
2nd Quarter 2025,Synthetic,Risk Factor AD synthetic row 1930,Sultan Kudarat,26783,0,66,666,3812,160,334,87,0,614,506,1615,96
3rd Quarter 2025,Synthetic,Risk Factor AD synthetic row 1931,City of Davao,82330,857,6041,0,8200,8339,7065,260,107,11800,5963,0,1239
3rd Quarter 2025,Synthetic,Risk Factor AD synthetic row 1932,Region 6,638692,2948,15585,12874,1848,0,12659,1459,17146,17643,7206,0,8417
3rd Quarter 2025,Synthetic,Risk Factor AD synthetic row 1933,Bukidnon,36862,0,771,310,7896,0,0,114,0,2024,288,468,0
2nd Quarter 2025,Synthetic,Risk Factor AD synthetic row 1934,City of Pasig,26300,544,1740,2557,2734,258,154,0,139,6147,268,0,0
3rd Quarter 2025,Synthetic,Risk Factor AD synthetic row 1935,Antique,29357,413,2562,496,3546,455,250,1045,0,301,63,0,0
1st Quarter 2025,Synthetic,Risk Factor AD synthetic row 1936,Occidental Mindoro,14365,291,2238,1102,2395,54,833,1070,621,0,555,26,418
3rd Quarter 2025,Synthetic,Risk Factor AD synthetic row 1937,City of Taguig,30766,0,107,0,1404,0,0,881,443,0,429,656,489
1st Quarter 2025,Synthetic,Risk Factor AD synthetic row 1938,CAR,69641,0,1156,1921,381,655,0,218,390,787,7004,405,0
1st Quarter 2025,Synthetic,Risk Factor AD synthetic row 1939,Misamis Oriental,28041,64,2524,61,1558,0,27,303,185,145,246,0,0
3rd Quarter 2025,Synthetic,Risk Factor AD synthetic row 1940,Region 4B,53227,2302,7458,4777,8820,2234,1671,0,2447,7206,2495,2341,1666
3rd Quarter 2025,Synthetic,Risk Factor AD synthetic row 1941,South Cotabato,48625,214,5100,895,4077,0,0,0,0,5909,3018,64,164
2nd Quarter 2025,Synthetic,Risk Factor AD synthetic row 1942,Region 5,523503,15894,42267,25014,4251,40899,0,34166,18691,80271,61811,13172,4872
2nd Quarter 2025,Synthetic,Risk Factor AD synthetic row 1943,Region 12,147733,1129,18512,0,20383,290,1642,511,0,5471,3064,0,0
2nd Quarter 2025,Synthetic,Risk Factor AD synthetic row 1944,Cotabato,101057,2353,15451,1426,5941,1465,0,291,371,25,2265,0,3769
3rd Quarter 2025,Synthetic,Risk Factor AD synthetic row 1945,City of Mandaue,7713,1,128,159,100,0,788,41,88,0,0,182,111
1st Quarter 2025,Synthetic,Risk Factor AD synthetic row 1946,Basilan,8318,8318,1064,8318,0,8318,259,360,7376,0,8318,11,0
1st Quarter 2025,Synthetic,Risk Factor AD synthetic row 1947,Region 12,158626,1553,17389,4725,8198,1998,1381,3600,920,2849,0,0,2887
1st Quarter 2025,Synthetic,Risk Factor AD synthetic row 1948,City of Naga,7216,62,698,18,387,218,169,781,423,1163,230,351,146
3rd Quarter 2025,Synthetic,Risk Factor AD synthetic row 1949,Palawan,27391,0,488,1320,4331,0,84,1431,774,1960,748,224,517
2nd Quarter 2025,Synthetic,Risk Factor AD synthetic row 1950,Aklan,27949,706,1376,1794,0,107,2411,3937,321,291,633,491,312
2nd Quarter 2025,Synthetic,Risk Factor AD synthetic row 1951,Camiguin,3825,0,50,82,112,29,0,71,36,0,21,0,43
3rd Quarter 2025,Synthetic,Risk Factor AD synthetic row 1952,Bohol,79792,12176,4862,694,0,5061,4907,32631,4056,4728,0,3810,1005
2nd Quarter 2025,Synthetic,Risk Factor AD synthetic row 1953,City of Tacloban,20843,525,907,1695,175,233,0,209,138,336,292,0,0
1st Quarter 2025,Synthetic,Risk Factor AD synthetic row 1954,City of Puerto Princesa,7014,503,29,0,520,25,144,0,0,152,53,526,53
2nd Quarter 2025,Synthetic,Risk Factor AD synthetic row 1955,City of Naga,32643,375,3165,966,2889,69,1269,2452,0,4746,0,1045,87
2nd Quarter 2025,Synthetic,Risk Factor AD synthetic row 1956,Quezon City,69888,904,99,18,2960,3973,2939,525,1612,1745,0,501,246
1st Quarter 2025,Synthetic,Risk Factor AD synthetic row 1957,Bataan,25944,230,0,547,32,177,0,312,569,1477,310,0,0
1st Quarter 2025,Synthetic,Risk Factor AD synthetic row 1958,Oriental Mindoro,48130,3533,4625,6171,7503,385,978,1150,0,5064,5305,1767,0
3rd Quarter 2025,Synthetic,Risk Factor AD synthetic row 1959,Quezon,29264,782,3510,473,2055,100,2246,57,0,1944,371,1788,4522
1st Quarter 2025,Synthetic,Risk Factor AD synthetic row 1960,City of Tacloban,13072,74,86,1300,1232,16,149,0,0,104,241,0,0
2nd Quarter 2025,Synthetic,Risk Factor AD synthetic row 1961,Camarines Sur,169961,412,1982,982,22172,15727,11328,16295,9687,14741,4747,181,896
1st Quarter 2025,Synthetic,Risk Factor AD synthetic row 1962,City of Parañaque,10524,0,0,0,239,0,85,525,0,0,0,0,0
1st Quarter 2025,Synthetic,Risk Factor AD synthetic row 1963,Zambales,103095,1695,7095,3115,5740,4029,1117,0,2697,4362,3715,0,852
1st Quarter 2025,Synthetic,Risk Factor AD synthetic row 1964,Ifugao,26785,0,826,1051,292,324,190,0,0,5609,3082,113,0
3rd Quarter 2025,Synthetic,Risk Factor AD synthetic row 1965,Albay,27543,266,1498,179,1313,582,0,288,602,792,0,95,0
2nd Quarter 2025,Synthetic,Risk Factor AD synthetic row 1966,City of Taguig,107609,0,0,1250,1249,0,1360,350,0,3546,4433,4152,193
3rd Quarter 2025,Synthetic,Risk Factor AD synthetic row 1967,Romblon,9546,345,739,596,1219,73,0,611,178,1002,1036,8,138
1st Quarter 2025,Synthetic,Risk Factor AD synthetic row 1968,City of Davao,63903,843,3508,1598,3922,6054,9330,132,4181,6823,6709,0,0
2nd Quarter 2025,Synthetic,Risk Factor AD synthetic row 1969,Maguindanao del Norte,38989,440,5991,0,36141,0,567,0,0,1962,0,0,0
1st Quarter 2025,Synthetic,Risk Factor AD synthetic row 1970,Sulu,6443,18,6443,0,0,29,40,0,26,200,30,84,201
1st Quarter 2025,Synthetic,Risk Factor AD synthetic row 1971,Zamboanga Sibugay,41149,853,173,1347,365,1005,875,530,0,2131,920,681,0
3rd Quarter 2025,Synthetic,Risk Factor AD synthetic row 1972,City of Mandaue,18838,389,167,0,0,167,47,2643,0,702,16,0,0
3rd Quarter 2025,Synthetic,Risk Factor AD synthetic row 1973,City of Naga,7178,125,885,260,146,404,186,91,0,1202,492,130,16
2nd Quarter 2025,Synthetic,Risk Factor AD synthetic row 1974,Catanduanes,31633,988,8560,5075,11217,10919,9545,0,0,12458,10104,134,99
1st Quarter 2025,Synthetic,Risk Factor AD synthetic row 1975,City of Cebu,17018,1955,0,8959,1579,2565,8659,10785,1387,0,1320,269,355
2nd Quarter 2025,Synthetic,Risk Factor AD synthetic row 1976,Aurora,10644,308,522,818,810,969,637,1260,946,335,389,471,0
2nd Quarter 2025,Synthetic,Risk Factor AD synthetic row 1977,Samar,22221,1044,122,1586,0,0,0,270,72,1310,820,33,0
3rd Quarter 2025,Synthetic,Risk Factor AD synthetic row 1978,Tawi-Tawi,15804,0,15804,0,1239,15804,15804,338,11425,15393,0,445,601
2nd Quarter 2025,Synthetic,Risk Factor AD synthetic row 1979,Cotabato,40907,478,4382,1427,456,420,828,0,0,713,0,67,0
1st Quarter 2025,Synthetic,Risk Factor AD synthetic row 1980,Kalinga,17514,182,1546,2,0,179,47,144,144,2844,41,11,146
2nd Quarter 2025,Synthetic,Risk Factor AD synthetic row 1981,City of Pasig,34812,1868,2301,2015,4760,0,142,0,0,6885,5636,293,157
3rd Quarter 2025,Synthetic,Risk Factor AD synthetic row 1982,Pangasinan,1,1,0,0,0,0,0,0,0,0,0,0,0
2nd Quarter 2025,Synthetic,Risk Factor AD synthetic row 1983,Davao de Oro,32256,294,1728,2263,6363,0,209,456,0,9051,25,0,2707
3rd Quarter 2025,Synthetic,Risk Factor AD synthetic row 1984,Nueva Vizcaya,24647,169,64,124,954,1121,23,273,719,70,504,0,94
1st Quarter 2025,Synthetic,Risk Factor AD synthetic row 1985,Benguet,18764,0,233,723,951,0,9,331,0,3484,0,591,0
2nd Quarter 2025,Synthetic,Risk Factor AD synthetic row 1986,Aurora,8764,206,386,848,0,498,342,0,664,490,0,342,0
2nd Quarter 2025,Synthetic,Risk Factor AD synthetic row 1987,City of General Santos,14883,98,144,46,58,0,0,0,0,595,874,1059,1011
3rd Quarter 2025,Synthetic,Risk Factor AD synthetic row 1988,Negros Occidental,151476,588,99,3298,32428,0,0,652,480,728,8103,0,2503
3rd Quarter 2025,Synthetic,Risk Factor AD synthetic row 1989,Laguna,92112,474,210,4499,818,995,0,0,24321,0,3411,1225,0
1st Quarter 2025,Synthetic,Risk Factor AD synthetic row 1990,Surigao del Sur,43757,508,2958,3092,3451,2387,4112,430,340,367,404,1314,1042
3rd Quarter 2025,Synthetic,Risk Factor AD synthetic row 1991,Zamboanga del Norte,23835,872,3280,639,2753,0,698,120,294,826,424,28,668
2nd Quarter 2025,Synthetic,Risk Factor AD synthetic row 1992,Batangas,202066,1490,30192,16036,30149,1258,1016,1343,847,1992,25258,23966,11997
3rd Quarter 2025,Synthetic,Risk Factor AD synthetic row 1993,Dinagat Islands,3258,65,234,6,243,18,188,440,246,625,306,0,138
2nd Quarter 2025,Synthetic,Risk Factor AD synthetic row 1994,Aurora,37055,448,1530,3236,0,0,2242,138,722,1251,2519,0,1504
2nd Quarter 2025,Synthetic,Risk Factor AD synthetic row 1995,Iloilo,31942,1038,4089,1149,366,254,203,0,14,0,1542,0,137
1st Quarter 2025,Synthetic,Risk Factor AD synthetic row 1996,Negros Occidental,102297,0,15032,2536,22897,1033,0,2508,1407,8510,5153,834,546
2nd Quarter 2025,Synthetic,Risk Factor AD synthetic row 1997,Zambales,109755,2660,7776,2796,7945,2481,2583,0,0,266,2734,2607,327
1st Quarter 2025,Synthetic,Risk Factor AD synthetic row 1998,City of Iligan,32022,1490,17,0,2930,1975,0,2598,102,152,1359,1751,61
1st Quarter 2025,Synthetic,Risk Factor AD synthetic row 1999,City of Parañaque,11094,3,0,0,104,135,0,624,48,59,120,15,58
1st Quarter 2025,Synthetic,Risk Factor AD synthetic row 2000,Region 2,297004,6728,22596,5778,19861,16794,16548,23451,17126,16838,16855,4853,702
