Year (coverage),Source Folder,Source File,Area,Risk-assessed Population,With history of smoking (Female),With history of smoking (Male),Binge Drinkers (Female),Binge Drinkers (Male),With Insufficient Physical Activity (Female),With Insufficient Physical Activity (Male),Consumed Unhealthy Diet (Female),Consumed Unhealthy Diet (Male),Overweight (Female),Overweight (Male),Obese (Female),Obese (Male)
1st Quarter 2025,NCD2024-Q1,C:\DATABASES\NCD2024-Q1\NCD\1d. Risk Factors SC.xlsx,NCR,192931,627,1632,1545,2935,2073,1379,1573,1115,7272,4706,825,551
1st Quarter 2025,NCD2024-Q1,C:\DATABASES\NCD2024-Q1\NCD\1d. Risk Factors SC.xlsx,City of Malabon,3678,0,0,0,0,0,0,0,0,0,0,0,0
1st Quarter 2025,NCD2024-Q1,C:\DATABASES\NCD2024-Q1\NCD\1d. Risk Factors SC.xlsx,City of Navotas,3165,57,168,84,160,726,367,538,278,752,462,346,187
1st Quarter 2025,NCD2024-Q1,C:\DATABASES\NCD2024-Q1\NCD\1d. Risk Factors SC.xlsx,City of Valenzuela,9494,0,0,0,0,0,0,0,0,0,0,0,0
1st Quarter 2025,NCD2024-Q1,C:\DATABASES\NCD2024-Q1\NCD\1d. Risk Factors SC.xlsx,City of Caloocan,12658,0,0,0,0,0,0,0,0,0,0,0,0
1st Quarter 2025,NCD2024-Q1,C:\DATABASES\NCD2024-Q1\NCD\1d. Risk Factors SC.xlsx,City of Marikina,1213,49,120,43,84,168,103,140,102,87,43,102,64
1st Quarter 2025,NCD2024-Q1,C:\DATABASES\NCD2024-Q1\NCD\1d. Risk Factors SC.xlsx,City of Pasig,11926,235,652,320,905,0,0,0,0,3255,2006,0,0
1st Quarter 2025,NCD2024-Q1,C:\DATABASES\NCD2024-Q1\NCD\1d. Risk Factors SC.xlsx,Pateros,1561,0,0,0,0,0,0,0,0,0,0,0,0
1st Quarter 2025,NCD2024-Q1,C:\DATABASES\NCD2024-Q1\NCD\1d. Risk Factors SC.xlsx,City of Taguig,18285,0,0,0,0,0,0,0,0,0,0,0,0
1st Quarter 2025,NCD2024-Q1,C:\DATABASES\NCD2024-Q1\NCD\1d. Risk Factors SC.xlsx,Quezon City,86221,0,0,789,1125,0,0,0,0,0,0,0,0
1st Quarter 2025,NCD2024-Q1,C:\DATABASES\NCD2024-Q1\NCD\1d. Risk Factors SC.xlsx,City of Makati,3866,59,135,32,73,0,0,0,0,1545,968,0,0
1st Quarter 2025,NCD2024-Q1,C:\DATABASES\NCD2024-Q1\NCD\1d. Risk Factors SC.xlsx,City of Mandaluyong,4632,68,152,106,170,171,70,172,77,984,655,41,33
1st Quarter 2025,NCD2024-Q1,C:\DATABASES\NCD2024-Q1\NCD\1d. Risk Factors SC.xlsx,City of San Juan,2145,0,0,0,0,0,0,0,0,0,0,0,0
1st Quarter 2025,NCD2024-Q1,C:\DATABASES\NCD2024-Q1\NCD\1d. Risk Factors SC.xlsx,City of Manila,16379,0,0,0,0,0,0,0,0,0,0,0,0
1st Quarter 2025,NCD2024-Q1,C:\DATABASES\NCD2024-Q1\NCD\1d. Risk Factors SC.xlsx,City of Las Piñas,5446,159,405,171,418,1008,839,723,658,649,572,336,267
1st Quarter 2025,NCD2024-Q1,C:\DATABASES\NCD2024-Q1\NCD\1d. Risk Factors SC.xlsx,City of Muntinlupa,3036,0,0,0,0,0,0,0,0,0,0,0,0
1st Quarter 2025,NCD2024-Q1,C:\DATABASES\NCD2024-Q1\NCD\1d. Risk Factors SC.xlsx,City of Parañaque,5370,0,0,0,0,0,0,0,0,0,0,0,0
1st Quarter 2025,NCD2024-Q1,C:\DATABASES\NCD2024-Q1\NCD\1d. Risk Factors SC.xlsx,Pasay City,3856,0,0,0,0,0,0,0,0,0,0,0,0
1st Quarter 2025,NCD2024-Q1,C:\DATABASES\NCD2024-Q1\NCD\1d. Risk Factors SC.xlsx,CAR,49213,945,2498,823,3331,0,0,0,0,6775,4858,6796,4858
1st Quarter 2025,NCD2024-Q1,C:\DATABASES\NCD2024-Q1\NCD\1d. Risk Factors SC.xlsx,Abra,7789,317,538,233,659,0,0,0,0,554,541,554,541
1st Quarter 2025,NCD2024-Q1,C:\DATABASES\NCD2024-Q1\NCD\1d. Risk Factors SC.xlsx,Apayao,4160,74,173,61,271,0,0,0,0,347,203,347,203
1st Quarter 2025,NCD2024-Q1,C:\DATABASES\NCD2024-Q1\NCD\1d. Risk Factors SC.xlsx,Benguet,13205,168,454,192,537,0,0,0,0,2172,1433,2172,1433
1st Quarter 2025,NCD2024-Q1,C:\DATABASES\NCD2024-Q1\NCD\1d. Risk Factors SC.xlsx,Ifugao,4222,70,111,97,257,0,0,0,0,543,543,543,543
1st Quarter 2025,NCD2024-Q1,C:\DATABASES\NCD2024-Q1\NCD\1d. Risk Factors SC.xlsx,Kalinga,7493,208,663,113,807,0,0,0,0,726,669,747,669
1st Quarter 2025,NCD2024-Q1,C:\DATABASES\NCD2024-Q1\NCD\1d. Risk Factors SC.xlsx,Mountain Province,7542,40,376,28,528,0,0,0,0,1075,513,1075,513
1st Quarter 2025,NCD2024-Q1,C:\DATABASES\NCD2024-Q1\NCD\1d. Risk Factors SC.xlsx,City of Baguio,4802,68,183,99,272,0,0,0,0,1358,956,1358,956
1st Quarter 2025,NCD2024-Q1,C:\DATABASES\NCD2024-Q1\NCD\1d. Risk Factors SC.xlsx,Region 1,55738,2081,6388,1750,6052,0,0,0,0,7225,5397,0,0
1st Quarter 2025,NCD2024-Q1,C:\DATABASES\NCD2024-Q1\NCD\1d. Risk Factors SC.xlsx,Ilocos Norte,9415,78,375,87,296,0,0,0,0,625,488,0,0
1st Quarter 2025,NCD2024-Q1,C:\DATABASES\NCD2024-Q1\NCD\1d. Risk Factors SC.xlsx,Ilocos Sur,23286,314,1202,162,644,0,0,0,0,2199,1306,0,0
1st Quarter 2025,NCD2024-Q1,C:\DATABASES\NCD2024-Q1\NCD\1d. Risk Factors SC.xlsx,La Union,20533,469,1104,448,1593,0,0,0,0,2125,1894,0,0
1st Quarter 2025,NCD2024-Q1,C:\DATABASES\NCD2024-Q1\NCD\1d. Risk Factors SC.xlsx,Pangasinan,1,1,1,1,1,0,0,0,0,1,1,0,0
1st Quarter 2025,NCD2024-Q1,C:\DATABASES\NCD2024-Q1\NCD\1d. Risk Factors SC.xlsx,City of Dagupan,2504,53,125,47,162,0,0,0,0,65,77,0,0
1st Quarter 2025,NCD2024-Q1,C:\DATABASES\NCD2024-Q1\NCD\1d. Risk Factors SC.xlsx,Region 2,102109,3441,8530,2195,7932,8249,7255,10304,7985,5548,4269,1513,1088
1st Quarter 2025,NCD2024-Q1,C:\DATABASES\NCD2024-Q1\NCD\1d. Risk Factors SC.xlsx,Batanes,962,16,32,31,46,63,29,66,45,30,20,59,24
1st Quarter 2025,NCD2024-Q1,C:\DATABASES\NCD2024-Q1\NCD\1d. Risk Factors SC.xlsx,Cagayan,29332,1738,3817,1027,3593,2207,2021,3037,2175,2118,1804,599,466
1st Quarter 2025,NCD2024-Q1,C:\DATABASES\NCD2024-Q1\NCD\1d. Risk Factors SC.xlsx,Isabela,51813,1249,3526,941,3324,5026,4394,6275,4989,2625,1798,732,511
1st Quarter 2025,NCD2024-Q1,C:\DATABASES\NCD2024-Q1\NCD\1d. Risk Factors SC.xlsx,Nueva Vizcaya,9134,218,403,89,263,321,238,274,200,252,203,47,38
1st Quarter 2025,NCD2024-Q1,C:\DATABASES\NCD2024-Q1\NCD\1d. Risk Factors SC.xlsx,Quirino,6530,103,371,43,299,341,328,386,347,273,236,60,37
1st Quarter 2025,NCD2024-Q1,C:\DATABASES\NCD2024-Q1\NCD\1d. Risk Factors SC.xlsx,City of Santiago,4338,117,381,64,407,291,245,266,229,250,208,16,12
1st Quarter 2025,NCD2024-Q1,C:\DATABASES\NCD2024-Q1\NCD\1d. Risk Factors SC.xlsx,Region 3,288689,7247,17878,5612,16500,6385,4821,5567,4348,14301,9941,2735,1873
1st Quarter 2025,NCD2024-Q1,C:\DATABASES\NCD2024-Q1\NCD\1d. Risk Factors SC.xlsx,Aurora,2725,62,190,128,267,47,13,301,241,101,65,128,70
1st Quarter 2025,NCD2024-Q1,C:\DATABASES\NCD2024-Q1\NCD\1d. Risk Factors SC.xlsx,Bataan,23542,193,886,127,629,16,12,14,8,1516,966,1,3
1st Quarter 2025,NCD2024-Q1,C:\DATABASES\NCD2024-Q1\NCD\1d. Risk Factors SC.xlsx,Bulacan,88062,2721,6273,2814,7119,3408,2319,2931,2115,7306,5162,1949,1410
1st Quarter 2025,NCD2024-Q1,C:\DATABASES\NCD2024-Q1\NCD\1d. Risk Factors SC.xlsx,Nueva Ecija,44681,1297,4295,1104,3942,1205,986,892,874,1959,1387,478,267
1st Quarter 2025,NCD2024-Q1,C:\DATABASES\NCD2024-Q1\NCD\1d. Risk Factors SC.xlsx,Pampanga,50166,648,2468,331,1989,1587,1362,1365,1020,848,592,28,49
1st Quarter 2025,NCD2024-Q1,C:\DATABASES\NCD2024-Q1\NCD\1d. Risk Factors SC.xlsx,Tarlac,44480,1803,2561,688,1348,112,123,64,90,1608,1191,27,12
1st Quarter 2025,NCD2024-Q1,C:\DATABASES\NCD2024-Q1\NCD\1d. Risk Factors SC.xlsx,Zambales,22912,266,622,238,642,8,4,0,0,565,340,51,20
1st Quarter 2025,NCD2024-Q1,C:\DATABASES\NCD2024-Q1\NCD\1d. Risk Factors SC.xlsx,City of Angeles,6459,201,431,106,407,2,2,0,0,284,166,73,42
1st Quarter 2025,NCD2024-Q1,C:\DATABASES\NCD2024-Q1\NCD\1d. Risk Factors SC.xlsx,City of Olongapo,5662,56,152,76,157,0,0,0,0,114,72,0,0
1st Quarter 2025,NCD2024-Q1,C:\DATABASES\NCD2024-Q1\NCD\1d. Risk Factors SC.xlsx,Region 4A,77835,2836,6800,3390,9251,0,0,0,0,5502,6311,0,0
1st Quarter 2025,NCD2024-Q1,C:\DATABASES\NCD2024-Q1\NCD\1d. Risk Factors SC.xlsx,Batangas,27860,262,2219,971,7084,0,0,0,0,2469,1922,0,0
1st Quarter 2025,NCD2024-Q1,C:\DATABASES\NCD2024-Q1\NCD\1d. Risk Factors SC.xlsx,Cavite,20484,1020,2227,864,206,0,0,0,0,140,2495,0,0
1st Quarter 2025,NCD2024-Q1,C:\DATABASES\NCD2024-Q1\NCD\1d. Risk Factors SC.xlsx,Laguna,11155,394,822,822,365,0,0,0,0,1740,199,0,0
1st Quarter 2025,NCD2024-Q1,C:\DATABASES\NCD2024-Q1\NCD\1d. Risk Factors SC.xlsx,Quezon,6217,388,994,275,851,0,0,0,0,762,752,0,0
1st Quarter 2025,NCD2024-Q1,C:\DATABASES\NCD2024-Q1\NCD\1d. Risk Factors SC.xlsx,Rizal,9950,769,368,264,630,0,0,0,0,320,916,0,0
1st Quarter 2025,NCD2024-Q1,C:\DATABASES\NCD2024-Q1\NCD\1d. Risk Factors SC.xlsx,City of Lucena,2169,3,170,194,115,0,0,0,0,71,27,0,0
1st Quarter 2025,NCD2024-Q1,C:\DATABASES\NCD2024-Q1\NCD\1d. Risk Factors SC.xlsx,Region 4B,16271,925,2192,847,2412,667,609,613,495,1900,1305,864,590
1st Quarter 2025,NCD2024-Q1,C:\DATABASES\NCD2024-Q1\NCD\1d. Risk Factors SC.xlsx,Marinduque,1576,2,41,6,62,0,0,0,0,1,0,3,2
1st Quarter 2025,NCD2024-Q1,C:\DATABASES\NCD2024-Q1\NCD\1d. Risk Factors SC.xlsx,Occidental Mindoro,2933,162,572,146,581,311,225,270,185,154,133,87,37
1st Quarter 2025,NCD2024-Q1,C:\DATABASES\NCD2024-Q1\NCD\1d. Risk Factors SC.xlsx,Oriental Mindoro,6912,395,922,432,1102,218,264,209,207,832,643,554,407
1st Quarter 2025,NCD2024-Q1,C:\DATABASES\NCD2024-Q1\NCD\1d. Risk Factors SC.xlsx,Palawan,3078,199,358,70,266,126,114,112,91,146,105,50,31
1st Quarter 2025,NCD2024-Q1,C:\DATABASES\NCD2024-Q1\NCD\1d. Risk Factors SC.xlsx,Romblon,872,122,163,115,242,12,6,22,12,352,214,55,49
1st Quarter 2025,NCD2024-Q1,C:\DATABASES\NCD2024-Q1\NCD\1d. Risk Factors SC.xlsx,City of Puerto Princesa,900,45,136,78,159,0,0,0,0,415,210,115,64
1st Quarter 2025,NCD2024-Q1,C:\DATABASES\NCD2024-Q1\NCD\1d. Risk Factors SC.xlsx,Region 5,59568,1890,5896,2148,5214,2865,1658,2674,1599,8178,5085,593,369
1st Quarter 2025,NCD2024-Q1,C:\DATABASES\NCD2024-Q1\NCD\1d. Risk Factors SC.xlsx,Albay,11990,37,204,27,139,156,91,67,59,141,56,34,27
1st Quarter 2025,NCD2024-Q1,C:\DATABASES\NCD2024-Q1\NCD\1d. Risk Factors SC.xlsx,Camarines Norte,1982,366,807,301,462,66,25,48,24,1171,694,13,5
1st Quarter 2025,NCD2024-Q1,C:\DATABASES\NCD2024-Q1\NCD\1d. Risk Factors SC.xlsx,Camarines Sur,20006,611,1756,447,1453,2623,1527,2546,1507,1829,1138,545,337
1st Quarter 2025,NCD2024-Q1,C:\DATABASES\NCD2024-Q1\NCD\1d. Risk Factors SC.xlsx,Catanduanes,4301,95,672,461,1044,0,0,0,0,1693,1084,0,0
1st Quarter 2025,NCD2024-Q1,C:\DATABASES\NCD2024-Q1\NCD\1d. Risk Factors SC.xlsx,Masbate,4753,470,1056,506,930,0,0,0,0,1192,831,0,0
1st Quarter 2025,NCD2024-Q1,C:\DATABASES\NCD2024-Q1\NCD\1d. Risk Factors SC.xlsx,Sorsogon,15803,304,1395,406,1177,0,0,0,0,2145,1279,0,0
1st Quarter 2025,NCD2024-Q1,C:\DATABASES\NCD2024-Q1\NCD\1d. Risk Factors SC.xlsx,City of Naga,733,7,6,0,9,20,15,13,9,7,3,1,0
1st Quarter 2025,NCD2024-Q1,C:\DATABASES\NCD2024-Q1\NCD\1d. Risk Factors SC.xlsx,Region 6,137613,3137,7890,1912,6809,340,185,400,228,3462,2263,107,68
1st Quarter 2025,NCD2024-Q1,C:\DATABASES\NCD2024-Q1\NCD\1d. Risk Factors SC.xlsx,Aklan,5806,81,159,57,179,251,111,106,62,301,155,5,1
1st Quarter 2025,NCD2024-Q1,C:\DATABASES\NCD2024-Q1\NCD\1d. Risk Factors SC.xlsx,Antique,13260,382,888,146,870,0,0,0,0,572,291,0,0
1st Quarter 2025,NCD2024-Q1,C:\DATABASES\NCD2024-Q1\NCD\1d. Risk Factors SC.xlsx,Capiz,25333,290,1733,440,1464,0,0,0,0,418,267,0,0
1st Quarter 2025,NCD2024-Q1,C:\DATABASES\NCD2024-Q1\NCD\1d. Risk Factors SC.xlsx,Guimaras,39385,80,876,42,535,89,74,294,166,803,519,102,67
1st Quarter 2025,NCD2024-Q1,C:\DATABASES\NCD2024-Q1\NCD\1d. Risk Factors SC.xlsx,Iloilo,39385,2218,3953,1100,3433,0,0,0,0,1109,825,0,0
1st Quarter 2025,NCD2024-Q1,C:\DATABASES\NCD2024-Q1\NCD\1d. Risk Factors SC.xlsx,City of Iloilo,14444,86,281,127,328,0,0,0,0,259,206,0,0
1st Quarter 2025,NCD2024-Q1,C:\DATABASES\NCD2024-Q1\NCD\1d. Risk Factors SC.xlsx,Region 7,56312,4156,9847,6104,12932,10325,7418,10918,7626,11797,7418,5250,3491
1st Quarter 2025,NCD2024-Q1,C:\DATABASES\NCD2024-Q1\NCD\1d. Risk Factors SC.xlsx,Bohol,13475,2088,4944,3060,6485,5183,3729,5480,3824,5914,3726,2640,1760
1st Quarter 2025,NCD2024-Q1,C:\DATABASES\NCD2024-Q1\NCD\1d. Risk Factors SC.xlsx,Cebu,30446,491,901,718,1250,870,609,920,592,1202,686,310,203
1st Quarter 2025,NCD2024-Q1,C:\DATABASES\NCD2024-Q1\NCD\1d. Risk Factors SC.xlsx,City of Cebu,7215,1303,3257,1997,4444,3747,2630,3902,2751,3604,2268,2123,1420
1st Quarter 2025,NCD2024-Q1,C:\DATABASES\NCD2024-Q1\NCD\1d. Risk Factors SC.xlsx,City of Lapu-Lapu,1851,251,644,274,588,259,196,414,266,1007,676,166,103
1st Quarter 2025,NCD2024-Q1,C:\DATABASES\NCD2024-Q1\NCD\1d. Risk Factors SC.xlsx,City of Mandaue,3325,23,101,55,165,266,254,202,193,70,62,11,5
1st Quarter 2025,NCD2024-Q1,C:\DATABASES\NCD2024-Q1\NCD\1d. Risk Factors SC.xlsx,Region 8,70141,0,0,0,0,0,0,0,0,0,0,0,0
1st Quarter 2025,NCD2024-Q1,C:\DATABASES\NCD2024-Q1\NCD\1d. Risk Factors SC.xlsx,Biliran,1670,0,0,0,0,0,0,0,0,0,0,0,0
1st Quarter 2025,NCD2024-Q1,C:\DATABASES\NCD2024-Q1\NCD\1d. Risk Factors SC.xlsx,Eastern Samar,10013,0,0,0,0,0,0,0,0,0,0,0,0
1st Quarter 2025,NCD2024-Q1,C:\DATABASES\NCD2024-Q1\NCD\1d. Risk Factors SC.xlsx,Leyte,11708,0,0,0,0,0,0,0,0,0,0,0,0
1st Quarter 2025,NCD2024-Q1,C:\DATABASES\NCD2024-Q1\NCD\1d. Risk Factors SC.xlsx,Northern Samar,5365,0,0,0,0,0,0,0,0,0,0,0,0
1st Quarter 2025,NCD2024-Q1,C:\DATABASES\NCD2024-Q1\NCD\1d. Risk Factors SC.xlsx,Southern Leyte,20628,0,0,0,0,0,0,0,0,0,0,0,0
1st Quarter 2025,NCD2024-Q1,C:\DATABASES\NCD2024-Q1\NCD\1d. Risk Factors SC.xlsx,Samar,9565,0,0,0,0,0,0,0,0,0,0,0,0
1st Quarter 2025,NCD2024-Q1,C:\DATABASES\NCD2024-Q1\NCD\1d. Risk Factors SC.xlsx,Ormoc City,4891,0,0,0,0,0,0,0,0,0,0,0,0
1st Quarter 2025,NCD2024-Q1,C:\DATABASES\NCD2024-Q1\NCD\1d. Risk Factors SC.xlsx,City of Tacloban,6301,0,0,0,0,0,0,0,0,0,0,0,0
1st Quarter 2025,NCD2024-Q1,C:\DATABASES\NCD2024-Q1\NCD\1d. Risk Factors SC.xlsx,Region 9,34075,1071,3538,805,2777,1423,888,1967,1343,1327,857,311,214
1st Quarter 2025,NCD2024-Q1,C:\DATABASES\NCD2024-Q1\NCD\1d. Risk Factors SC.xlsx,Zamboanga del Norte,9966,251,886,214,728,1157,695,817,631,255,169,114,81
1st Quarter 2025,NCD2024-Q1,C:\DATABASES\NCD2024-Q1\NCD\1d. Risk Factors SC.xlsx,Zamboanga del Sur,9280,299,1118,294,967,249,175,611,348,435,270,55,23
1st Quarter 2025,NCD2024-Q1,C:\DATABASES\NCD2024-Q1\NCD\1d. Risk Factors SC.xlsx,Zamboanga Sibugay,9203,261,901,211,726,17,18,178,111,276,165,142,110
1st Quarter 2025,NCD2024-Q1,C:\DATABASES\NCD2024-Q1\NCD\1d. Risk Factors SC.xlsx,City of Isabela,1608,58,190,32,119,0,0,185,135,185,135,0,0
1st Quarter 2025,NCD2024-Q1,C:\DATABASES\NCD2024-Q1\NCD\1d. Risk Factors SC.xlsx,City of Zamboanga,4018,202,443,54,237,0,0,176,118,176,118,0,0
1st Quarter 2025,NCD2024-Q1,C:\DATABASES\NCD2024-Q1\NCD\1d. Risk Factors SC.xlsx,Region 10,38504,0,0,2512,6046,0,0,0,0,0,0,0,0
1st Quarter 2025,NCD2024-Q1,C:\DATABASES\NCD2024-Q1\NCD\1d. Risk Factors SC.xlsx,Bukidnon,10290,0,0,389,1224,0,0,0,0,0,0,0,0
1st Quarter 2025,NCD2024-Q1,C:\DATABASES\NCD2024-Q1\NCD\1d. Risk Factors SC.xlsx,Camiguin,853,0,0,22,86,0,0,0,0,0,0,0,0
1st Quarter 2025,NCD2024-Q1,C:\DATABASES\NCD2024-Q1\NCD\1d. Risk Factors SC.xlsx,Lanao del Norte,5011,0,0,102,332,0,0,0,0,0,0,0,0
1st Quarter 2025,NCD2024-Q1,C:\DATABASES\NCD2024-Q1\NCD\1d. Risk Factors SC.xlsx,Misamis Occidental,6845,0,0,327,525,0,0,0,0,0,0,0,0
1st Quarter 2025,NCD2024-Q1,C:\DATABASES\NCD2024-Q1\NCD\1d. Risk Factors SC.xlsx,Misamis Oriental,6378,0,0,1221,2656,0,0,0,0,0,0,0,0
1st Quarter 2025,NCD2024-Q1,C:\DATABASES\NCD2024-Q1\NCD\1d. Risk Factors SC.xlsx,City of Cagayan De Oro,5283,0,0,328,966,0,0,0,0,0,0,0,0
1st Quarter 2025,NCD2024-Q1,C:\DATABASES\NCD2024-Q1\NCD\1d. Risk Factors SC.xlsx,City of Iligan,3844,0,0,123,257,0,0,0,0,0,0,0,0
1st Quarter 2025,NCD2024-Q1,C:\DATABASES\NCD2024-Q1\NCD\1d. Risk Factors SC.xlsx,Region 11,85877,3166,8806,5609,11048,19390,13869,17170,12380,16533,10704,199,111
1st Quarter 2025,NCD2024-Q1,C:\DATABASES\NCD2024-Q1\NCD\1d. Risk Factors SC.xlsx,Davao de Oro,16585,415,1962,965,2248,0,0,0,0,4143,2784,0,0
1st Quarter 2025,NCD2024-Q1,C:\DATABASES\NCD2024-Q1\NCD\1d. Risk Factors SC.xlsx,Davao del Norte,22366,628,2225,1018,2761,5718,3914,5338,3672,5332,3497,0,0
1st Quarter 2025,NCD2024-Q1,C:\DATABASES\NCD2024-Q1\NCD\1d. Risk Factors SC.xlsx,Davao Oriental,10105,464,1254,784,1568,2711,1897,2613,2272,154,86,199,111
1st Quarter 2025,NCD2024-Q1,C:\DATABASES\NCD2024-Q1\NCD\1d. Risk Factors SC.xlsx,Davao del Sur,10276,472,1107,1002,1457,3550,2321,3221,2078,2107,1137,0,0
1st Quarter 2025,NCD2024-Q1,C:\DATABASES\NCD2024-Q1\NCD\1d. Risk Factors SC.xlsx,Davao Occidental,3488,175,482,180,484,669,633,668,591,825,371,0,0
1st Quarter 2025,NCD2024-Q1,C:\DATABASES\NCD2024-Q1\NCD\1d. Risk Factors SC.xlsx,City of Davao,23057,1012,1776,1660,2530,6742,5104,5330,3767,3972,2829,0,0
1st Quarter 2025,NCD2024-Q1,C:\DATABASES\NCD2024-Q1\NCD\1d. Risk Factors SC.xlsx,Region 12,45188,883,4258,566,2906,0,0,0,0,2119,1552,2258,1577
1st Quarter 2025,NCD2024-Q1,C:\DATABASES\NCD2024-Q1\NCD\1d. Risk Factors SC.xlsx,Cotabato,14701,375,2292,198,1128,0,0,0,0,705,532,706,531
1st Quarter 2025,NCD2024-Q1,C:\DATABASES\NCD2024-Q1\NCD\1d. Risk Factors SC.xlsx,Sarangani,6564,150,445,63,294,0,0,0,0,263,200,314,177
1st Quarter 2025,NCD2024-Q1,C:\DATABASES\NCD2024-Q1\NCD\1d. Risk Factors SC.xlsx,South Cotabato,7418,124,455,95,429,0,0,0,0,543,295,543,295
1st Quarter 2025,NCD2024-Q1,C:\DATABASES\NCD2024-Q1\NCD\1d. Risk Factors SC.xlsx,Sultan Kudarat,14325,226,1033,174,988,0,0,0,0,538,461,537,460
1st Quarter 2025,NCD2024-Q1,C:\DATABASES\NCD2024-Q1\NCD\1d. Risk Factors SC.xlsx,City of General Santos,2180,8,33,36,67,0,0,0,0,70,64,158,114
1st Quarter 2025,NCD2024-Q1,C:\DATABASES\NCD2024-Q1\NCD\1d. Risk Factors SC.xlsx,Caraga,40580,1397,3547,1949,3094,3799,2034,3844,2284,4153,2312,1402,759
1st Quarter 2025,NCD2024-Q1,C:\DATABASES\NCD2024-Q1\NCD\1d. Risk Factors SC.xlsx,Agusan del Norte,6902,198,528,292,664,882,590,941,650,750,471,465,284
1st Quarter 2025,NCD2024-Q1,C:\DATABASES\NCD2024-Q1\NCD\1d. Risk Factors SC.xlsx,Agusan del Sur,8504,345,1006,443,3,561,3,452,2,427,1,165,2
1st Quarter 2025,NCD2024-Q1,C:\DATABASES\NCD2024-Q1\NCD\1d. Risk Factors SC.xlsx,Surigao del Norte,11615,258,729,386,821,1402,812,1446,884,1071,687,383,180
1st Quarter 2025,NCD2024-Q1,C:\DATABASES\NCD2024-Q1\NCD\1d. Risk Factors SC.xlsx,Surigao del Sur,8189,457,992,650,1252,954,629,1005,748,1122,715,389,293
1st Quarter 2025,NCD2024-Q1,C:\DATABASES\NCD2024-Q1\NCD\1d. Risk Factors SC.xlsx,Dinagat Islands,1590,38,54,39,91,0,0,0,0,222,129,0,0
1st Quarter 2025,NCD2024-Q1,C:\DATABASES\NCD2024-Q1\NCD\1d. Risk Factors SC.xlsx,City of Butuan,3780,101,238,139,263,0,0,0,0,561,309,0,0
1st Quarter 2025,NCD2024-Q1,C:\DATABASES\NCD2024-Q1\NCD\1d. Risk Factors SC.xlsx,BARMM,1,1,1,1,1,1,1,1,1,1,1,1,1
1st Quarter 2025,NCD2024-Q1,C:\DATABASES\NCD2024-Q1\NCD\1d. Risk Factors SC.xlsx,Basilan,1,1,1,1,1,1,1,1,1,1,1,1,1
1st Quarter 2025,NCD2024-Q1,C:\DATABASES\NCD2024-Q1\NCD\1d. Risk Factors SC.xlsx,Lanao del Sur,1,1,1,1,1,1,1,1,1,1,1,1,1
1st Quarter 2025,NCD2024-Q1,C:\DATABASES\NCD2024-Q1\NCD\1d. Risk Factors SC.xlsx,Maguindanao del Norte,1,1,1,1,1,0,0,0,0,1,1,0,0
1st Quarter 2025,NCD2024-Q1,C:\DATABASES\NCD2024-Q1\NCD\1d. Risk Factors SC.xlsx,Maguindanao del Sur,1,1,1,1,1,0,0,0,0,1,1,0,0
1st Quarter 2025,NCD2024-Q1,C:\DATABASES\NCD2024-Q1\NCD\1d. Risk Factors SC.xlsx,Sulu,1,1,1,0,1,0,0,0,0,1,1,0,0
1st Quarter 2025,NCD2024-Q1,C:\DATABASES\NCD2024-Q1\NCD\1d. Risk Factors SC.xlsx,Tawi-Tawi,1,0,1,0,1,1,1,1,1,1,1,1,1
1st Quarter 2025,NCD2024-Q1,C:\DATABASES\NCD2024-Q1\NCD\1d. Risk Factors SC.xlsx,Special Geographic Area (SGA),1,1,1,1,1,1,1,1,1,1,1,1,1
1st Quarter 2025,NCD2024-Q1,C:\DATABASES\NCD2024-Q1\NCD\1d. Risk Factors SC.xlsx,City of Cotabato,1,1,1,1,1,0,0,0,0,1,1,0,0
1st Quarter 2025,NCD2024-Q1,C:\DATABASES\NCD2024-Q1\NCD\1d. Risk Factors SC.xlsx,NIR,47193,576,1674,1567,5419,749,496,0,0,3562,2583,449,233
1st Quarter 2025,NCD2024-Q1,C:\DATABASES\NCD2024-Q1\NCD\1d. Risk Factors SC.xlsx,Negros Occidental,35158,185,582,1110,4040,0,0,0,0,2253,1752,0,0
1st Quarter 2025,NCD2024-Q1,C:\DATABASES\NCD2024-Q1\NCD\1d. Risk Factors SC.xlsx,Negros Oriental,7383,275,761,314,897,749,496,0,0,511,383,449,233
1st Quarter 2025,NCD2024-Q1,C:\DATABASES\NCD2024-Q1\NCD\1d. Risk Factors SC.xlsx,Siquijor,1926,29,125,71,205,0,0,0,0,221,116,0,0
1st Quarter 2025,NCD2024-Q1,C:\DATABASES\NCD2024-Q1\NCD\1d. Risk Factors SC.xlsx,City of Bacolod,2726,87,206,72,277,0,0,0,0,577,332,0,0
2nd Quarter 2025,NCD2024-Q2,C:\DATABASES\NCD2024-Q2\NCD\1d. Risk Factors SC.xlsx,NCR,306756,1319,2806,2498,4626,11709,7815,7390,5218,12110,7979,6193,3766
2nd Quarter 2025,NCD2024-Q2,C:\DATABASES\NCD2024-Q2\NCD\1d. Risk Factors SC.xlsx,City of Malabon,7356,91,165,600,568,224,125,123,91,892,400,0,0
2nd Quarter 2025,NCD2024-Q2,C:\DATABASES\NCD2024-Q2\NCD\1d. Risk Factors SC.xlsx,City of Navotas,5121,74,157,80,207,593,399,392,258,347,250,354,226
2nd Quarter 2025,NCD2024-Q2,C:\DATABASES\NCD2024-Q2\NCD\1d. Risk Factors SC.xlsx,City of Valenzuela,18566,17,69,7,14,0,0,0,0,769,501,0,0
2nd Quarter 2025,NCD2024-Q2,C:\DATABASES\NCD2024-Q2\NCD\1d. Risk Factors SC.xlsx,City of Caloocan,24006,60,124,169,252,1410,685,1131,636,695,293,690,341
2nd Quarter 2025,NCD2024-Q2,C:\DATABASES\NCD2024-Q2\NCD\1d. Risk Factors SC.xlsx,City of Marikina,2476,35,91,38,93,397,244,286,209,172,93,275,165
2nd Quarter 2025,NCD2024-Q2,C:\DATABASES\NCD2024-Q2\NCD\1d. Risk Factors SC.xlsx,City of Pasig,23710,248,629,292,847,0,0,0,0,3475,2751,0,0
2nd Quarter 2025,NCD2024-Q2,C:\DATABASES\NCD2024-Q2\NCD\1d. Risk Factors SC.xlsx,Pateros,1882,1,16,2,17,23,17,23,15,18,10,29,24
2nd Quarter 2025,NCD2024-Q2,C:\DATABASES\NCD2024-Q2\NCD\1d. Risk Factors SC.xlsx,City of Taguig,38370,66,131,508,973,1471,1084,1036,769,1014,637,825,591
2nd Quarter 2025,NCD2024-Q2,C:\DATABASES\NCD2024-Q2\NCD\1d. Risk Factors SC.xlsx,Quezon City,98048,172,309,240,419,2495,1621,1027,817,958,621,1404,825
2nd Quarter 2025,NCD2024-Q2,C:\DATABASES\NCD2024-Q2\NCD\1d. Risk Factors SC.xlsx,City of Makati,7048,48,126,55,70,983,530,319,210,368,254,824,473
2nd Quarter 2025,NCD2024-Q2,C:\DATABASES\NCD2024-Q2\NCD\1d. Risk Factors SC.xlsx,City of Mandaluyong,9277,73,109,79,167,782,368,426,239,648,457,429,208
2nd Quarter 2025,NCD2024-Q2,C:\DATABASES\NCD2024-Q2\NCD\1d. Risk Factors SC.xlsx,City of San Juan,3935,44,41,43,89,312,136,131,45,622,313,154,78
2nd Quarter 2025,NCD2024-Q2,C:\DATABASES\NCD2024-Q2\NCD\1d. Risk Factors SC.xlsx,City of Manila,34936,56,137,87,268,1336,1314,1119,765,667,479,532,438
2nd Quarter 2025,NCD2024-Q2,C:\DATABASES\NCD2024-Q2\NCD\1d. Risk Factors SC.xlsx,City of Las Piñas,12504,249,582,219,523,1294,1053,1079,987,663,530,502,298
2nd Quarter 2025,NCD2024-Q2,C:\DATABASES\NCD2024-Q2\NCD\1d. Risk Factors SC.xlsx,City of Muntinlupa,4997,55,64,39,72,0,0,0,0,622,301,0,0
2nd Quarter 2025,NCD2024-Q2,C:\DATABASES\NCD2024-Q2\NCD\1d. Risk Factors SC.xlsx,City of Parañaque,8472,13,26,9,18,230,144,177,127,112,58,78,53
2nd Quarter 2025,NCD2024-Q2,C:\DATABASES\NCD2024-Q2\NCD\1d. Risk Factors SC.xlsx,Pasay City,6052,17,30,31,29,159,95,121,50,68,31,97,46
2nd Quarter 2025,NCD2024-Q2,C:\DATABASES\NCD2024-Q2\NCD\1d. Risk Factors SC.xlsx,CAR,85502,715,2068,703,2390,0,0,0,0,3689,3116,5885,3914
2nd Quarter 2025,NCD2024-Q2,C:\DATABASES\NCD2024-Q2\NCD\1d. Risk Factors SC.xlsx,Abra,14704,277,525,208,547,0,0,0,0,361,313,1857,1108
2nd Quarter 2025,NCD2024-Q2,C:\DATABASES\NCD2024-Q2\NCD\1d. Risk Factors SC.xlsx,Apayao,7662,47,150,38,220,0,0,0,0,237,245,187,150
2nd Quarter 2025,NCD2024-Q2,C:\DATABASES\NCD2024-Q2\NCD\1d. Risk Factors SC.xlsx,Benguet,22648,171,533,243,573,0,0,0,0,1262,832,1882,1328
2nd Quarter 2025,NCD2024-Q2,C:\DATABASES\NCD2024-Q2\NCD\1d. Risk Factors SC.xlsx,Ifugao,7338,27,85,64,121,0,0,0,0,291,218,445,295
2nd Quarter 2025,NCD2024-Q2,C:\DATABASES\NCD2024-Q2\NCD\1d. Risk Factors SC.xlsx,Kalinga,14475,119,414,61,420,0,0,0,0,514,585,683,528
2nd Quarter 2025,NCD2024-Q2,C:\DATABASES\NCD2024-Q2\NCD\1d. Risk Factors SC.xlsx,Mountain Province,10232,16,188,21,237,0,0,0,0,418,290,476,311
2nd Quarter 2025,NCD2024-Q2,C:\DATABASES\NCD2024-Q2\NCD\1d. Risk Factors SC.xlsx,City of Baguio,8443,58,173,68,272,0,0,0,0,606,633,355,194
2nd Quarter 2025,NCD2024-Q2,C:\DATABASES\NCD2024-Q2\NCD\1d. Risk Factors SC.xlsx,Region 1,119510,1612,4655,1194,4292,229,158,373,333,4687,3594,343,246
2nd Quarter 2025,NCD2024-Q2,C:\DATABASES\NCD2024-Q2\NCD\1d. Risk Factors SC.xlsx,Ilocos Norte,17009,183,291,102,241,0,0,0,0,376,376,0,0
2nd Quarter 2025,NCD2024-Q2,C:\DATABASES\NCD2024-Q2\NCD\1d. Risk Factors SC.xlsx,Ilocos Sur,42756,308,1119,156,645,0,0,0,0,1964,1208,0,0
2nd Quarter 2025,NCD2024-Q2,C:\DATABASES\NCD2024-Q2\NCD\1d. Risk Factors SC.xlsx,La Union,38501,266,726,258,965,229,158,373,333,544,456,343,246
2nd Quarter 2025,NCD2024-Q2,C:\DATABASES\NCD2024-Q2\NCD\1d. Risk Factors SC.xlsx,Pangasinan,17255,829,2426,655,2326,0,0,0,0,1782,1505,0,0
2nd Quarter 2025,NCD2024-Q2,C:\DATABASES\NCD2024-Q2\NCD\1d. Risk Factors SC.xlsx,City of Dagupan,3989,26,93,23,115,0,0,0,0,21,49,0,0
2nd Quarter 2025,NCD2024-Q2,C:\DATABASES\NCD2024-Q2\NCD\1d. Risk Factors SC.xlsx,Region 2,199427,4715,11052,3177,10767,9775,8555,11320,10079,6511,5153,2159,1335
2nd Quarter 2025,NCD2024-Q2,C:\DATABASES\NCD2024-Q2\NCD\1d. Risk Factors SC.xlsx,Batanes,1396,14,37,51,82,41,17,77,63,74,41,27,13
2nd Quarter 2025,NCD2024-Q2,C:\DATABASES\NCD2024-Q2\NCD\1d. Risk Factors SC.xlsx,Cagayan,61780,2486,4626,1563,4829,3047,2847,4134,3651,2787,2522,876,597
2nd Quarter 2025,NCD2024-Q2,C:\DATABASES\NCD2024-Q2\NCD\1d. Risk Factors SC.xlsx,Isabela,99947,1818,5339,1274,4944,5299,4440,5680,5120,2958,2111,1021,536
2nd Quarter 2025,NCD2024-Q2,C:\DATABASES\NCD2024-Q2\NCD\1d. Risk Factors SC.xlsx,Nueva Vizcaya,16807,168,375,134,336,553,393,554,361,363,186,90,60
2nd Quarter 2025,NCD2024-Q2,C:\DATABASES\NCD2024-Q2\NCD\1d. Risk Factors SC.xlsx,Quirino,11467,110,342,74,225,301,310,359,333,158,139,66,52
2nd Quarter 2025,NCD2024-Q2,C:\DATABASES\NCD2024-Q2\NCD\1d. Risk Factors SC.xlsx,City of Santiago,8030,119,333,81,351,534,548,516,551,171,154,79,77
2nd Quarter 2025,NCD2024-Q2,C:\DATABASES\NCD2024-Q2\NCD\1d. Risk Factors SC.xlsx,Region 3,561089,12205,23925,5850,18460,16020,12595,13385,11604,14505,11294,7098,5130
2nd Quarter 2025,NCD2024-Q2,C:\DATABASES\NCD2024-Q2\NCD\1d. Risk Factors SC.xlsx,Aurora,8057,189,394,297,534,958,621,946,796,561,414,469,269
2nd Quarter 2025,NCD2024-Q2,C:\DATABASES\NCD2024-Q2\NCD\1d. Risk Factors SC.xlsx,Bataan,41525,773,1276,124,637,855,624,870,649,1029,745,173,116
2nd Quarter 2025,NCD2024-Q2,C:\DATABASES\NCD2024-Q2\NCD\1d. Risk Factors SC.xlsx,Bulacan,174004,4149,7388,2465,6608,6842,5164,5202,4526,5901,4754,3059,2258
2nd Quarter 2025,NCD2024-Q2,C:\DATABASES\NCD2024-Q2\NCD\1d. Risk Factors SC.xlsx,Nueva Ecija,102602,2907,6761,1005,4921,2505,2240,1904,1909,2226,1719,1532,1037
2nd Quarter 2025,NCD2024-Q2,C:\DATABASES\NCD2024-Q2\NCD\1d. Risk Factors SC.xlsx,Pampanga,83839,997,2783,381,1980,2824,2354,2377,1956,1850,1375,739,589
2nd Quarter 2025,NCD2024-Q2,C:\DATABASES\NCD2024-Q2\NCD\1d. Risk Factors SC.xlsx,Tarlac,82870,1739,2685,933,1885,232,216,355,383,1371,1172,496,421
2nd Quarter 2025,NCD2024-Q2,C:\DATABASES\NCD2024-Q2\NCD\1d. Risk Factors SC.xlsx,Zambales,45910,1028,1869,486,1359,1125,855,1121,922,1049,780,442,318
2nd Quarter 2025,NCD2024-Q2,C:\DATABASES\NCD2024-Q2\NCD\1d. Risk Factors SC.xlsx,City of Angeles,12927,315,613,111,431,502,403,457,356,387,244,144,99
2nd Quarter 2025,NCD2024-Q2,C:\DATABASES\NCD2024-Q2\NCD\1d. Risk Factors SC.xlsx,City of Olongapo,9355,108,156,48,105,177,118,153,107,131,91,44,23
2nd Quarter 2025,NCD2024-Q2,C:\DATABASES\NCD2024-Q2\NCD\1d. Risk Factors SC.xlsx,Region 4A,148029,2014,7102,2903,5183,2910,5963,5512,5124,13566,11405,7153,13599
2nd Quarter 2025,NCD2024-Q2,C:\DATABASES\NCD2024-Q2\NCD\1d. Risk Factors SC.xlsx,Batangas,52518,677,2003,71,56,1081,1705,2789,194,5430,5673,1607,4490
2nd Quarter 2025,NCD2024-Q2,C:\DATABASES\NCD2024-Q2\NCD\1d. Risk Factors SC.xlsx,Cavite,39924,630,1386,497,3027,554,2360,1222,1548,4647,3408,3029,5723
2nd Quarter 2025,NCD2024-Q2,C:\DATABASES\NCD2024-Q2\NCD\1d. Risk Factors SC.xlsx,Laguna,17823,318,1565,677,1453,75,412,642,865,539,1114,662,2329
2nd Quarter 2025,NCD2024-Q2,C:\DATABASES\NCD2024-Q2\NCD\1d. Risk Factors SC.xlsx,Quezon,12927,297,805,651,3,534,365,385,612,1417,588,1249,479
2nd Quarter 2025,NCD2024-Q2,C:\DATABASES\NCD2024-Q2\NCD\1d. Risk Factors SC.xlsx,Rizal,18859,53,1067,959,465,603,848,260,1198,904,457,106,88
2nd Quarter 2025,NCD2024-Q2,C:\DATABASES\NCD2024-Q2\NCD\1d. Risk Factors SC.xlsx,City of Lucena,5978,39,276,48,179,63,273,214,707,629,165,500,490
2nd Quarter 2025,NCD2024-Q2,C:\DATABASES\NCD2024-Q2\NCD\1d. Risk Factors SC.xlsx,Region 4B,32305,858,2122,831,2266,862,630,1226,880,1928,1294,1158,681
2nd Quarter 2025,NCD2024-Q2,C:\DATABASES\NCD2024-Q2\NCD\1d. Risk Factors SC.xlsx,Marinduque,2605,9,51,28,89,1,0,1,0,68,57,53,41
2nd Quarter 2025,NCD2024-Q2,C:\DATABASES\NCD2024-Q2\NCD\1d. Risk Factors SC.xlsx,Occidental Mindoro,4973,178,540,102,415,246,163,252,162,112,83,110,59
2nd Quarter 2025,NCD2024-Q2,C:\DATABASES\NCD2024-Q2\NCD\1d. Risk Factors SC.xlsx,Oriental Mindoro,12196,256,657,331,768,221,191,354,287,521,428,346,250
2nd Quarter 2025,NCD2024-Q2,C:\DATABASES\NCD2024-Q2\NCD\1d. Risk Factors SC.xlsx,Palawan,5898,199,434,128,410,335,225,389,298,260,193,498,256
2nd Quarter 2025,NCD2024-Q2,C:\DATABASES\NCD2024-Q2\NCD\1d. Risk Factors SC.xlsx,Romblon,3652,172,271,143,387,59,51,230,133,572,309,40,17
2nd Quarter 2025,NCD2024-Q2,C:\DATABASES\NCD2024-Q2\NCD\1d. Risk Factors SC.xlsx,City of Puerto Princesa,2981,44,169,99,197,0,0,0,0,395,224,111,58
2nd Quarter 2025,NCD2024-Q2,C:\DATABASES\NCD2024-Q2\NCD\1d. Risk Factors SC.xlsx,Region 5,140763,2371,7642,2378,6529,9136,6554,9033,6653,7333,4821,2333,1447
2nd Quarter 2025,NCD2024-Q2,C:\DATABASES\NCD2024-Q2\NCD\1d. Risk Factors SC.xlsx,Albay,27484,375,1524,232,1057,2201,1511,1700,1307,1276,955,514,343
2nd Quarter 2025,NCD2024-Q2,C:\DATABASES\NCD2024-Q2\NCD\1d. Risk Factors SC.xlsx,Camarines Norte,8064,432,377,137,278,724,486,608,406,384,244,155,84
2nd Quarter 2025,NCD2024-Q2,C:\DATABASES\NCD2024-Q2\NCD\1d. Risk Factors SC.xlsx,Camarines Sur,49077,439,2271,601,1853,3645,2787,3366,2664,2214,1489,806,469
2nd Quarter 2025,NCD2024-Q2,C:\DATABASES\NCD2024-Q2\NCD\1d. Risk Factors SC.xlsx,Catanduanes,14158,127,688,243,907,707,552,587,434,866,566,492,380
2nd Quarter 2025,NCD2024-Q2,C:\DATABASES\NCD2024-Q2\NCD\1d. Risk Factors SC.xlsx,Masbate,11851,699,1400,842,1348,908,605,1997,1279,822,444,217,98
2nd Quarter 2025,NCD2024-Q2,C:\DATABASES\NCD2024-Q2\NCD\1d. Risk Factors SC.xlsx,Sorsogon,28629,264,1293,288,996,804,522,636,465,1656,1054,118,64
2nd Quarter 2025,NCD2024-Q2,C:\DATABASES\NCD2024-Q2\NCD\1d. Risk Factors SC.xlsx,City of Naga,1500,35,89,35,90,147,91,139,98,115,69,31,9
2nd Quarter 2025,NCD2024-Q2,C:\DATABASES\NCD2024-Q2\NCD\1d. Risk Factors SC.xlsx,Region 6,263410,2074,5848,1520,6084,3858,3068,3116,2950,3008,2230,1148,682
2nd Quarter 2025,NCD2024-Q2,C:\DATABASES\NCD2024-Q2\NCD\1d. Risk Factors SC.xlsx,Aklan,12964,60,298,56,310,455,313,314,252,140,89,77,45
2nd Quarter 2025,NCD2024-Q2,C:\DATABASES\NCD2024-Q2\NCD\1d. Risk Factors SC.xlsx,Antique,23751,385,970,207,862,451,351,598,482,268,187,97,102
2nd Quarter 2025,NCD2024-Q2,C:\DATABASES\NCD2024-Q2\NCD\1d. Risk Factors SC.xlsx,Capiz,46074,248,1337,296,1252,2000,1566,1201,1298,720,471,583,228
2nd Quarter 2025,NCD2024-Q2,C:\DATABASES\NCD2024-Q2\NCD\1d. Risk Factors SC.xlsx,Guimaras,80293,71,654,92,634,335,300,382,340,567,382,265,222
2nd Quarter 2025,NCD2024-Q2,C:\DATABASES\NCD2024-Q2\NCD\1d. Risk Factors SC.xlsx,Iloilo,80293,1156,2206,734,2635,11,23,117,125,945,779,0,0
2nd Quarter 2025,NCD2024-Q2,C:\DATABASES\NCD2024-Q2\NCD\1d. Risk Factors SC.xlsx,City of Iloilo,20035,154,383,135,391,606,515,504,453,368,322,126,85
2nd Quarter 2025,NCD2024-Q2,C:\DATABASES\NCD2024-Q2\NCD\1d. Risk Factors SC.xlsx,Region 7,115421,2574,5751,3579,7380,8055,5588,8971,6404,5630,4015,4173,2666
2nd Quarter 2025,NCD2024-Q2,C:\DATABASES\NCD2024-Q2\NCD\1d. Risk Factors SC.xlsx,Bohol,30092,826,1658,1153,2159,2504,1654,3356,2353,1739,1163,946,505
2nd Quarter 2025,NCD2024-Q2,C:\DATABASES\NCD2024-Q2\NCD\1d. Risk Factors SC.xlsx,Cebu,55797,1365,3124,1995,4238,3714,2498,3779,2649,2976,2220,2502,1645
2nd Quarter 2025,NCD2024-Q2,C:\DATABASES\NCD2024-Q2\NCD\1d. Risk Factors SC.xlsx,City of Cebu,11959,162,472,225,563,1140,793,1191,802,639,420,509,314
2nd Quarter 2025,NCD2024-Q2,C:\DATABASES\NCD2024-Q2\NCD\1d. Risk Factors SC.xlsx,City of Lapu-Lapu,10939,142,419,162,356,601,577,555,544,206,162,141,147
2nd Quarter 2025,NCD2024-Q2,C:\DATABASES\NCD2024-Q2\NCD\1d. Risk Factors SC.xlsx,City of Mandaue,6634,79,78,44,64,96,66,90,56,70,50,75,55
2nd Quarter 2025,NCD2024-Q2,C:\DATABASES\NCD2024-Q2\NCD\1d. Risk Factors SC.xlsx,Region 8,127544,1574,4064,3067,4427,989,697,2183,1499,3366,2401,331,366
2nd Quarter 2025,NCD2024-Q2,C:\DATABASES\NCD2024-Q2\NCD\1d. Risk Factors SC.xlsx,Biliran,5201,124,304,348,387,527,285,542,271,442,180,0,0
2nd Quarter 2025,NCD2024-Q2,C:\DATABASES\NCD2024-Q2\NCD\1d. Risk Factors SC.xlsx,Eastern Samar,18676,82,253,388,663,0,0,0,0,511,311,0,0
2nd Quarter 2025,NCD2024-Q2,C:\DATABASES\NCD2024-Q2\NCD\1d. Risk Factors SC.xlsx,Leyte,28132,406,1031,653,817,462,412,1641,1228,620,554,331,366
2nd Quarter 2025,NCD2024-Q2,C:\DATABASES\NCD2024-Q2\NCD\1d. Risk Factors SC.xlsx,Northern Samar,10595,239,492,294,425,0,0,0,0,563,314,0,0
2nd Quarter 2025,NCD2024-Q2,C:\DATABASES\NCD2024-Q2\NCD\1d. Risk Factors SC.xlsx,Southern Leyte,30504,130,474,254,578,0,0,0,0,652,559,0,0
2nd Quarter 2025,NCD2024-Q2,C:\DATABASES\NCD2024-Q2\NCD\1d. Risk Factors SC.xlsx,Samar,15360,411,874,461,650,0,0,0,0,310,209,0,0
2nd Quarter 2025,NCD2024-Q2,C:\DATABASES\NCD2024-Q2\NCD\1d. Risk Factors SC.xlsx,Ormoc City,7980,55,199,120,277,0,0,0,0,231,248,0,0
2nd Quarter 2025,NCD2024-Q2,C:\DATABASES\NCD2024-Q2\NCD\1d. Risk Factors SC.xlsx,City of Tacloban,11096,127,437,549,630,0,0,0,0,37,26,0,0
2nd Quarter 2025,NCD2024-Q2,C:\DATABASES\NCD2024-Q2\NCD\1d. Risk Factors SC.xlsx,Region 9,71666,1262,4221,861,2941,3143,2768,3806,3396,1436,1020,637,455
2nd Quarter 2025,NCD2024-Q2,C:\DATABASES\NCD2024-Q2\NCD\1d. Risk Factors SC.xlsx,Zamboanga del Norte,23152,432,1194,261,792,1579,1519,1833,1820,484,331,212,130
2nd Quarter 2025,NCD2024-Q2,C:\DATABASES\NCD2024-Q2\NCD\1d. Risk Factors SC.xlsx,Zamboanga del Sur,18707,344,1140,294,891,772,599,837,635,337,239,170,90
2nd Quarter 2025,NCD2024-Q2,C:\DATABASES\NCD2024-Q2\NCD\1d. Risk Factors SC.xlsx,Zamboanga Sibugay,18908,352,1347,240,930,623,531,787,686,350,268,201,198
2nd Quarter 2025,NCD2024-Q2,C:\DATABASES\NCD2024-Q2\NCD\1d. Risk Factors SC.xlsx,City of Isabela,2817,25,162,14,90,100,74,124,80,73,57,45,31
2nd Quarter 2025,NCD2024-Q2,C:\DATABASES\NCD2024-Q2\NCD\1d. Risk Factors SC.xlsx,City of Zamboanga,8082,109,378,52,238,69,45,225,175,192,125,9,6
2nd Quarter 2025,NCD2024-Q2,C:\DATABASES\NCD2024-Q2\NCD\1d. Risk Factors SC.xlsx,Region 10,80385,2236,4623,1582,4197,3512,3046,3242,2926,3707,2353,1036,719
2nd Quarter 2025,NCD2024-Q2,C:\DATABASES\NCD2024-Q2\NCD\1d. Risk Factors SC.xlsx,Bukidnon,22038,387,918,409,1225,1356,1321,1264,1363,1005,655,327,286
2nd Quarter 2025,NCD2024-Q2,C:\DATABASES\NCD2024-Q2\NCD\1d. Risk Factors SC.xlsx,Camiguin,1616,0,0,10,60,0,0,0,0,0,0,0,0
2nd Quarter 2025,NCD2024-Q2,C:\DATABASES\NCD2024-Q2\NCD\1d. Risk Factors SC.xlsx,Lanao del Norte,11024,167,469,188,341,652,455,653,442,485,274,142,70
2nd Quarter 2025,NCD2024-Q2,C:\DATABASES\NCD2024-Q2\NCD\1d. Risk Factors SC.xlsx,Misamis Occidental,13495,91,367,109,318,225,172,203,152,365,186,32,16
2nd Quarter 2025,NCD2024-Q2,C:\DATABASES\NCD2024-Q2\NCD\1d. Risk Factors SC.xlsx,Misamis Oriental,13444,763,1448,322,898,828,665,688,518,684,400,241,106
2nd Quarter 2025,NCD2024-Q2,C:\DATABASES\NCD2024-Q2\NCD\1d. Risk Factors SC.xlsx,City of Cagayan De Oro,11304,422,653,283,706,0,0,0,0,674,433,0,0
2nd Quarter 2025,NCD2024-Q2,C:\DATABASES\NCD2024-Q2\NCD\1d. Risk Factors SC.xlsx,City of Iligan,7464,406,768,261,649,451,433,434,451,494,405,294,241
2nd Quarter 2025,NCD2024-Q2,C:\DATABASES\NCD2024-Q2\NCD\1d. Risk Factors SC.xlsx,Region 11,147507,2275,6596,2829,7561,14687,11183,13677,10579,9657,7081,985,676
2nd Quarter 2025,NCD2024-Q2,C:\DATABASES\NCD2024-Q2\NCD\1d. Risk Factors SC.xlsx,Davao de Oro,25958,263,820,271,883,1619,1209,1702,1346,831,730,761,531
2nd Quarter 2025,NCD2024-Q2,C:\DATABASES\NCD2024-Q2\NCD\1d. Risk Factors SC.xlsx,Davao del Norte,36708,369,1513,555,1784,3066,2442,3443,2674,3252,2424,0,0
2nd Quarter 2025,NCD2024-Q2,C:\DATABASES\NCD2024-Q2\NCD\1d. Risk Factors SC.xlsx,Davao Oriental,18851,482,1250,633,1520,2525,1907,2548,2218,221,162,224,145
2nd Quarter 2025,NCD2024-Q2,C:\DATABASES\NCD2024-Q2\NCD\1d. Risk Factors SC.xlsx,Davao del Sur,17634,277,908,341,981,2293,1589,1968,1350,1337,918,0,0
2nd Quarter 2025,NCD2024-Q2,C:\DATABASES\NCD2024-Q2\NCD\1d. Risk Factors SC.xlsx,Davao Occidental,6248,126,353,132,313,396,392,273,285,369,244,0,0
2nd Quarter 2025,NCD2024-Q2,C:\DATABASES\NCD2024-Q2\NCD\1d. Risk Factors SC.xlsx,City of Davao,42108,758,1752,897,2080,4788,3644,3743,2706,3647,2603,0,0
2nd Quarter 2025,NCD2024-Q2,C:\DATABASES\NCD2024-Q2\NCD\1d. Risk Factors SC.xlsx,Region 12,91453,582,2958,428,2784,271,192,492,334,1987,1359,1857,1313
2nd Quarter 2025,NCD2024-Q2,C:\DATABASES\NCD2024-Q2\NCD\1d. Risk Factors SC.xlsx,Cotabato,27314,161,659,107,734,0,0,0,0,511,357,511,357
2nd Quarter 2025,NCD2024-Q2,C:\DATABASES\NCD2024-Q2\NCD\1d. Risk Factors SC.xlsx,Sarangani,14579,100,755,72,593,271,192,492,334,481,302,217,152
2nd Quarter 2025,NCD2024-Q2,C:\DATABASES\NCD2024-Q2\NCD\1d. Risk Factors SC.xlsx,South Cotabato,14402,92,473,72,429,0,0,0,0,317,164,315,162
2nd Quarter 2025,NCD2024-Q2,C:\DATABASES\NCD2024-Q2\NCD\1d. Risk Factors SC.xlsx,Sultan Kudarat,31566,221,1031,165,994,0,0,0,0,538,460,537,461
2nd Quarter 2025,NCD2024-Q2,C:\DATABASES\NCD2024-Q2\NCD\1d. Risk Factors SC.xlsx,City of General Santos,3592,8,40,12,34,0,0,0,0,140,76,277,181
2nd Quarter 2025,NCD2024-Q2,C:\DATABASES\NCD2024-Q2\NCD\1d. Risk Factors SC.xlsx,Caraga,78400,1177,3541,1423,3624,4267,3239,4467,3256,3089,2140,1483,966
2nd Quarter 2025,NCD2024-Q2,C:\DATABASES\NCD2024-Q2\NCD\1d. Risk Factors SC.xlsx,Agusan del Norte,15728,276,867,332,941,1234,940,1315,993,825,606,494,298
2nd Quarter 2025,NCD2024-Q2,C:\DATABASES\NCD2024-Q2\NCD\1d. Risk Factors SC.xlsx,Agusan del Sur,14643,265,895,233,758,561,494,486,427,318,249,174,145
2nd Quarter 2025,NCD2024-Q2,C:\DATABASES\NCD2024-Q2\NCD\1d. Risk Factors SC.xlsx,Surigao del Norte,17680,194,592,289,646,891,681,1046,708,649,363,285,150
2nd Quarter 2025,NCD2024-Q2,C:\DATABASES\NCD2024-Q2\NCD\1d. Risk Factors SC.xlsx,Surigao del Sur,19217,319,798,373,843,1037,765,1064,746,775,579,365,275
2nd Quarter 2025,NCD2024-Q2,C:\DATABASES\NCD2024-Q2\NCD\1d. Risk Factors SC.xlsx,Dinagat Islands,3520,58,109,90,143,269,177,242,164,140,77,75,39
2nd Quarter 2025,NCD2024-Q2,C:\DATABASES\NCD2024-Q2\NCD\1d. Risk Factors SC.xlsx,City of Butuan,7612,65,280,106,293,275,182,314,218,382,266,90,59
2nd Quarter 2025,NCD2024-Q2,C:\DATABASES\NCD2024-Q2\NCD\1d. Risk Factors SC.xlsx,BARMM,53398,913,3049,70,440,1707,1421,1639,1221,1933,1440,1293,915
2nd Quarter 2025,NCD2024-Q2,C:\DATABASES\NCD2024-Q2\NCD\1d. Risk Factors SC.xlsx,Basilan,3509,43,97,0,0,60,29,82,56,42,23,42,22
2nd Quarter 2025,NCD2024-Q2,C:\DATABASES\NCD2024-Q2\NCD\1d. Risk Factors SC.xlsx,Lanao del Sur,22742,458,1051,10,81,846,657,895,620,729,617,760,550
2nd Quarter 2025,NCD2024-Q2,C:\DATABASES\NCD2024-Q2\NCD\1d. Risk Factors SC.xlsx,Maguindanao del Norte,6674,76,276,2,65,0,0,0,0,200,175,0,0
2nd Quarter 2025,NCD2024-Q2,C:\DATABASES\NCD2024-Q2\NCD\1d. Risk Factors SC.xlsx,Maguindanao del Sur,8054,115,364,23,90,0,0,0,0,187,147,0,0
2nd Quarter 2025,NCD2024-Q2,C:\DATABASES\NCD2024-Q2\NCD\1d. Risk Factors SC.xlsx,Sulu,1115,25,166,0,1,0,0,0,0,114,47,0,0
2nd Quarter 2025,NCD2024-Q2,C:\DATABASES\NCD2024-Q2\NCD\1d. Risk Factors SC.xlsx,Tawi-Tawi,964,43,532,3,41,194,229,162,137,63,38,26,12
2nd Quarter 2025,NCD2024-Q2,C:\DATABASES\NCD2024-Q2\NCD\1d. Risk Factors SC.xlsx,Special Geographic Area (SGA),3416,71,212,0,0,99,96,76,78,128,84,101,66
2nd Quarter 2025,NCD2024-Q2,C:\DATABASES\NCD2024-Q2\NCD\1d. Risk Factors SC.xlsx,City of Cotabato,6924,82,351,32,162,508,410,424,330,470,309,364,265
2nd Quarter 2025,NCD2024-Q2,C:\DATABASES\NCD2024-Q2\NCD\1d. Risk Factors SC.xlsx,NIR,93548,772,2007,1402,4710,604,428,0,0,2537,2079,612,385
2nd Quarter 2025,NCD2024-Q2,C:\DATABASES\NCD2024-Q2\NCD\1d. Risk Factors SC.xlsx,Negros Occidental,67409,210,660,778,3123,0,0,0,0,1342,1276,0,0
2nd Quarter 2025,NCD2024-Q2,C:\DATABASES\NCD2024-Q2\NCD\1d. Risk Factors SC.xlsx,Negros Oriental,17120,393,948,403,1032,604,428,0,0,660,480,612,385
2nd Quarter 2025,NCD2024-Q2,C:\DATABASES\NCD2024-Q2\NCD\1d. Risk Factors SC.xlsx,Siquijor,4275,106,241,129,298,0,0,0,0,206,133,0,0
2nd Quarter 2025,NCD2024-Q2,C:\DATABASES\NCD2024-Q2\NCD\1d. Risk Factors SC.xlsx,City of Bacolod,4744,63,158,92,257,0,0,0,0,329,190,0,0
3rd Quarter 2025,NCD2024-Q3,C:\DATABASES\NCD2024-Q3\NCD\1d. Risk Factors SC.xlsx,NCR,1,0,0,0,0,0,0,0,0,0,0,0,0
3rd Quarter 2025,NCD2024-Q3,C:\DATABASES\NCD2024-Q3\NCD\1d. Risk Factors SC.xlsx,City of Malabon,9950,0,0,0,0,0,0,0,0,0,0,0,0
3rd Quarter 2025,NCD2024-Q3,C:\DATABASES\NCD2024-Q3\NCD\1d. Risk Factors SC.xlsx,City of Navotas,9950,0,0,0,0,0,0,0,0,0,0,0,0
3rd Quarter 2025,NCD2024-Q3,C:\DATABASES\NCD2024-Q3\NCD\1d. Risk Factors SC.xlsx,City of Valenzuela,9950,0,0,0,0,0,0,0,0,0,0,0,0
3rd Quarter 2025,NCD2024-Q3,C:\DATABASES\NCD2024-Q3\NCD\1d. Risk Factors SC.xlsx,City of Caloocan,9950,0,0,0,0,0,0,0,0,0,0,0,0
3rd Quarter 2025,NCD2024-Q3,C:\DATABASES\NCD2024-Q3\NCD\1d. Risk Factors SC.xlsx,City of Marikina,9950,0,0,0,0,0,0,0,0,0,0,0,0
3rd Quarter 2025,NCD2024-Q3,C:\DATABASES\NCD2024-Q3\NCD\1d. Risk Factors SC.xlsx,City of Pasig,9950,0,0,0,0,0,0,0,0,0,0,0,0
3rd Quarter 2025,NCD2024-Q3,C:\DATABASES\NCD2024-Q3\NCD\1d. Risk Factors SC.xlsx,Pateros,9950,0,0,0,0,0,0,0,0,0,0,0,0
3rd Quarter 2025,NCD2024-Q3,C:\DATABASES\NCD2024-Q3\NCD\1d. Risk Factors SC.xlsx,City of Taguig,9950,0,0,0,0,0,0,0,0,0,0,0,0
3rd Quarter 2025,NCD2024-Q3,C:\DATABASES\NCD2024-Q3\NCD\1d. Risk Factors SC.xlsx,Quezon City,9950,0,0,0,0,0,0,0,0,0,0,0,0
3rd Quarter 2025,NCD2024-Q3,C:\DATABASES\NCD2024-Q3\NCD\1d. Risk Factors SC.xlsx,City of Makati,9950,0,0,0,0,0,0,0,0,0,0,0,0
3rd Quarter 2025,NCD2024-Q3,C:\DATABASES\NCD2024-Q3\NCD\1d. Risk Factors SC.xlsx,City of Mandaluyong,9950,0,0,0,0,0,0,0,0,0,0,0,0
3rd Quarter 2025,NCD2024-Q3,C:\DATABASES\NCD2024-Q3\NCD\1d. Risk Factors SC.xlsx,City of San Juan,9950,0,0,0,0,0,0,0,0,0,0,0,0
3rd Quarter 2025,NCD2024-Q3,C:\DATABASES\NCD2024-Q3\NCD\1d. Risk Factors SC.xlsx,City of Manila,9950,0,0,0,0,0,0,0,0,0,0,0,0
3rd Quarter 2025,NCD2024-Q3,C:\DATABASES\NCD2024-Q3\NCD\1d. Risk Factors SC.xlsx,City of Las Piñas,9950,0,0,0,0,0,0,0,0,0,0,0,0
3rd Quarter 2025,NCD2024-Q3,C:\DATABASES\NCD2024-Q3\NCD\1d. Risk Factors SC.xlsx,City of Muntinlupa,9950,0,0,0,0,0,0,0,0,0,0,0,0
3rd Quarter 2025,NCD2024-Q3,C:\DATABASES\NCD2024-Q3\NCD\1d. Risk Factors SC.xlsx,City of Parañaque,9950,0,0,0,0,0,0,0,0,0,0,0,0
3rd Quarter 2025,NCD2024-Q3,C:\DATABASES\NCD2024-Q3\NCD\1d. Risk Factors SC.xlsx,Pasay City,9950,0,0,0,0,0,0,0,0,0,0,0,0
3rd Quarter 2025,NCD2024-Q3,C:\DATABASES\NCD2024-Q3\NCD\1d. Risk Factors SC.xlsx,CAR,1,0,0,0,0,0,0,0,0,0,0,0,0
3rd Quarter 2025,NCD2024-Q3,C:\DATABASES\NCD2024-Q3\NCD\1d. Risk Factors SC.xlsx,Abra,9950,0,0,0,0,0,0,0,0,0,0,0,0
3rd Quarter 2025,NCD2024-Q3,C:\DATABASES\NCD2024-Q3\NCD\1d. Risk Factors SC.xlsx,Apayao,9950,0,0,0,0,0,0,0,0,0,0,0,0
3rd Quarter 2025,NCD2024-Q3,C:\DATABASES\NCD2024-Q3\NCD\1d. Risk Factors SC.xlsx,Benguet,9950,0,0,0,0,0,0,0,0,0,0,0,0
3rd Quarter 2025,NCD2024-Q3,C:\DATABASES\NCD2024-Q3\NCD\1d. Risk Factors SC.xlsx,Ifugao,9950,0,0,0,0,0,0,0,0,0,0,0,0
3rd Quarter 2025,NCD2024-Q3,C:\DATABASES\NCD2024-Q3\NCD\1d. Risk Factors SC.xlsx,Kalinga,9950,0,0,0,0,0,0,0,0,0,0,0,0
3rd Quarter 2025,NCD2024-Q3,C:\DATABASES\NCD2024-Q3\NCD\1d. Risk Factors SC.xlsx,Mountain Province,9950,0,0,0,0,0,0,0,0,0,0,0,0
3rd Quarter 2025,NCD2024-Q3,C:\DATABASES\NCD2024-Q3\NCD\1d. Risk Factors SC.xlsx,City of Baguio,9950,0,0,0,0,0,0,0,0,0,0,0,0
3rd Quarter 2025,NCD2024-Q3,C:\DATABASES\NCD2024-Q3\NCD\1d. Risk Factors SC.xlsx,Region 1,1,0,0,0,0,0,0,0,0,0,0,0,0
3rd Quarter 2025,NCD2024-Q3,C:\DATABASES\NCD2024-Q3\NCD\1d. Risk Factors SC.xlsx,Ilocos Norte,9950,0,0,0,0,0,0,0,0,0,0,0,0
3rd Quarter 2025,NCD2024-Q3,C:\DATABASES\NCD2024-Q3\NCD\1d. Risk Factors SC.xlsx,Ilocos Sur,9950,0,0,0,0,0,0,0,0,0,0,0,0
3rd Quarter 2025,NCD2024-Q3,C:\DATABASES\NCD2024-Q3\NCD\1d. Risk Factors SC.xlsx,La Union,9950,0,0,0,0,0,0,0,0,0,0,0,0
3rd Quarter 2025,NCD2024-Q3,C:\DATABASES\NCD2024-Q3\NCD\1d. Risk Factors SC.xlsx,Pangasinan,9950,0,0,0,0,0,0,0,0,0,0,0,0
3rd Quarter 2025,NCD2024-Q3,C:\DATABASES\NCD2024-Q3\NCD\1d. Risk Factors SC.xlsx,City of Dagupan,9950,0,0,0,0,0,0,0,0,0,0,0,0
3rd Quarter 2025,NCD2024-Q3,C:\DATABASES\NCD2024-Q3\NCD\1d. Risk Factors SC.xlsx,Region 2,1,0,0,0,0,0,0,0,0,0,0,0,0
3rd Quarter 2025,NCD2024-Q3,C:\DATABASES\NCD2024-Q3\NCD\1d. Risk Factors SC.xlsx,Batanes,9950,0,0,0,0,0,0,0,0,0,0,0,0
3rd Quarter 2025,NCD2024-Q3,C:\DATABASES\NCD2024-Q3\NCD\1d. Risk Factors SC.xlsx,Cagayan,9950,0,0,0,0,0,0,0,0,0,0,0,0
3rd Quarter 2025,NCD2024-Q3,C:\DATABASES\NCD2024-Q3\NCD\1d. Risk Factors SC.xlsx,Isabela,9950,0,0,0,0,0,0,0,0,0,0,0,0
3rd Quarter 2025,NCD2024-Q3,C:\DATABASES\NCD2024-Q3\NCD\1d. Risk Factors SC.xlsx,Nueva Vizcaya,9950,0,0,0,0,0,0,0,0,0,0,0,0
3rd Quarter 2025,NCD2024-Q3,C:\DATABASES\NCD2024-Q3\NCD\1d. Risk Factors SC.xlsx,Quirino,9950,0,0,0,0,0,0,0,0,0,0,0,0
3rd Quarter 2025,NCD2024-Q3,C:\DATABASES\NCD2024-Q3\NCD\1d. Risk Factors SC.xlsx,City of Santiago,9950,0,0,0,0,0,0,0,0,0,0,0,0
3rd Quarter 2025,NCD2024-Q3,C:\DATABASES\NCD2024-Q3\NCD\1d. Risk Factors SC.xlsx,Region 3,1,0,0,0,0,0,0,0,0,0,0,0,0
3rd Quarter 2025,NCD2024-Q3,C:\DATABASES\NCD2024-Q3\NCD\1d. Risk Factors SC.xlsx,Aurora,9950,0,0,0,0,0,0,0,0,0,0,0,0
3rd Quarter 2025,NCD2024-Q3,C:\DATABASES\NCD2024-Q3\NCD\1d. Risk Factors SC.xlsx,Bataan,9950,0,0,0,0,0,0,0,0,0,0,0,0
3rd Quarter 2025,NCD2024-Q3,C:\DATABASES\NCD2024-Q3\NCD\1d. Risk Factors SC.xlsx,Bulacan,9950,0,0,0,0,0,0,0,0,0,0,0,0
3rd Quarter 2025,NCD2024-Q3,C:\DATABASES\NCD2024-Q3\NCD\1d. Risk Factors SC.xlsx,Nueva Ecija,9950,0,0,0,0,0,0,0,0,0,0,0,0
3rd Quarter 2025,NCD2024-Q3,C:\DATABASES\NCD2024-Q3\NCD\1d. Risk Factors SC.xlsx,Pampanga,9950,0,0,0,0,0,0,0,0,0,0,0,0
3rd Quarter 2025,NCD2024-Q3,C:\DATABASES\NCD2024-Q3\NCD\1d. Risk Factors SC.xlsx,Tarlac,9950,0,0,0,0,0,0,0,0,0,0,0,0
3rd Quarter 2025,NCD2024-Q3,C:\DATABASES\NCD2024-Q3\NCD\1d. Risk Factors SC.xlsx,Zambales,9950,0,0,0,0,0,0,0,0,0,0,0,0
3rd Quarter 2025,NCD2024-Q3,C:\DATABASES\NCD2024-Q3\NCD\1d. Risk Factors SC.xlsx,City of Angeles,9950,0,0,0,0,0,0,0,0,0,0,0,0
3rd Quarter 2025,NCD2024-Q3,C:\DATABASES\NCD2024-Q3\NCD\1d. Risk Factors SC.xlsx,City of Olongapo,9950,0,0,0,0,0,0,0,0,0,0,0,0
3rd Quarter 2025,NCD2024-Q3,C:\DATABASES\NCD2024-Q3\NCD\1d. Risk Factors SC.xlsx,Region 4A,1,0,0,0,0,0,0,0,0,0,0,0,0
3rd Quarter 2025,NCD2024-Q3,C:\DATABASES\NCD2024-Q3\NCD\1d. Risk Factors SC.xlsx,Batangas,9950,0,0,0,0,0,0,0,0,0,0,0,0
3rd Quarter 2025,NCD2024-Q3,C:\DATABASES\NCD2024-Q3\NCD\1d. Risk Factors SC.xlsx,Cavite,9950,0,0,0,0,0,0,0,0,0,0,0,0
3rd Quarter 2025,NCD2024-Q3,C:\DATABASES\NCD2024-Q3\NCD\1d. Risk Factors SC.xlsx,Laguna,9950,0,0,0,0,0,0,0,0,0,0,0,0
3rd Quarter 2025,NCD2024-Q3,C:\DATABASES\NCD2024-Q3\NCD\1d. Risk Factors SC.xlsx,Quezon,9950,0,0,0,0,0,0,0,0,0,0,0,0
3rd Quarter 2025,NCD2024-Q3,C:\DATABASES\NCD2024-Q3\NCD\1d. Risk Factors SC.xlsx,Rizal,9950,0,0,0,0,0,0,0,0,0,0,0,0
3rd Quarter 2025,NCD2024-Q3,C:\DATABASES\NCD2024-Q3\NCD\1d. Risk Factors SC.xlsx,City of Lucena,9950,0,0,0,0,0,0,0,0,0,0,0,0
3rd Quarter 2025,NCD2024-Q3,C:\DATABASES\NCD2024-Q3\NCD\1d. Risk Factors SC.xlsx,Region 4B,1,0,0,0,0,0,0,0,0,0,0,0,0
3rd Quarter 2025,NCD2024-Q3,C:\DATABASES\NCD2024-Q3\NCD\1d. Risk Factors SC.xlsx,Marinduque,9950,0,0,0,0,0,0,0,0,0,0,0,0
3rd Quarter 2025,NCD2024-Q3,C:\DATABASES\NCD2024-Q3\NCD\1d. Risk Factors SC.xlsx,Occidental Mindoro,9950,0,0,0,0,0,0,0,0,0,0,0,0
3rd Quarter 2025,NCD2024-Q3,C:\DATABASES\NCD2024-Q3\NCD\1d. Risk Factors SC.xlsx,Oriental Mindoro,9950,0,0,0,0,0,0,0,0,0,0,0,0
3rd Quarter 2025,NCD2024-Q3,C:\DATABASES\NCD2024-Q3\NCD\1d. Risk Factors SC.xlsx,Palawan,9950,0,0,0,0,0,0,0,0,0,0,0,0
3rd Quarter 2025,NCD2024-Q3,C:\DATABASES\NCD2024-Q3\NCD\1d. Risk Factors SC.xlsx,Romblon,9950,0,0,0,0,0,0,0,0,0,0,0,0
3rd Quarter 2025,NCD2024-Q3,C:\DATABASES\NCD2024-Q3\NCD\1d. Risk Factors SC.xlsx,City of Puerto Princesa,9950,0,0,0,0,0,0,0,0,0,0,0,0
3rd Quarter 2025,NCD2024-Q3,C:\DATABASES\NCD2024-Q3\NCD\1d. Risk Factors SC.xlsx,Region 5,1,0,0,0,0,0,0,0,0,0,0,0,0
3rd Quarter 2025,NCD2024-Q3,C:\DATABASES\NCD2024-Q3\NCD\1d. Risk Factors SC.xlsx,Albay,9950,0,0,0,0,0,0,0,0,0,0,0,0
3rd Quarter 2025,NCD2024-Q3,C:\DATABASES\NCD2024-Q3\NCD\1d. Risk Factors SC.xlsx,Camarines Norte,9950,0,0,0,0,0,0,0,0,0,0,0,0
3rd Quarter 2025,NCD2024-Q3,C:\DATABASES\NCD2024-Q3\NCD\1d. Risk Factors SC.xlsx,Camarines Sur,9950,0,0,0,0,0,0,0,0,0,0,0,0
3rd Quarter 2025,NCD2024-Q3,C:\DATABASES\NCD2024-Q3\NCD\1d. Risk Factors SC.xlsx,Catanduanes,9950,0,0,0,0,0,0,0,0,0,0,0,0
3rd Quarter 2025,NCD2024-Q3,C:\DATABASES\NCD2024-Q3\NCD\1d. Risk Factors SC.xlsx,Masbate,9950,0,0,0,0,0,0,0,0,0,0,0,0
3rd Quarter 2025,NCD2024-Q3,C:\DATABASES\NCD2024-Q3\NCD\1d. Risk Factors SC.xlsx,Sorsogon,9950,0,0,0,0,0,0,0,0,0,0,0,0
3rd Quarter 2025,NCD2024-Q3,C:\DATABASES\NCD2024-Q3\NCD\1d. Risk Factors SC.xlsx,City of Naga,9950,0,0,0,0,0,0,0,0,0,0,0,0
3rd Quarter 2025,NCD2024-Q3,C:\DATABASES\NCD2024-Q3\NCD\1d. Risk Factors SC.xlsx,Region 6,1,0,0,0,0,0,0,0,0,0,0,0,0
3rd Quarter 2025,NCD2024-Q3,C:\DATABASES\NCD2024-Q3\NCD\1d. Risk Factors SC.xlsx,Aklan,9950,0,0,0,0,0,0,0,0,0,0,0,0
3rd Quarter 2025,NCD2024-Q3,C:\DATABASES\NCD2024-Q3\NCD\1d. Risk Factors SC.xlsx,Antique,9950,0,0,0,0,0,0,0,0,0,0,0,0
3rd Quarter 2025,NCD2024-Q3,C:\DATABASES\NCD2024-Q3\NCD\1d. Risk Factors SC.xlsx,Capiz,9950,0,0,0,0,0,0,0,0,0,0,0,0
3rd Quarter 2025,NCD2024-Q3,C:\DATABASES\NCD2024-Q3\NCD\1d. Risk Factors SC.xlsx,Guimaras,9950,0,0,0,0,0,0,0,0,0,0,0,0
3rd Quarter 2025,NCD2024-Q3,C:\DATABASES\NCD2024-Q3\NCD\1d. Risk Factors SC.xlsx,Iloilo,9950,0,0,0,0,0,0,0,0,0,0,0,0
3rd Quarter 2025,NCD2024-Q3,C:\DATABASES\NCD2024-Q3\NCD\1d. Risk Factors SC.xlsx,City of Iloilo,9950,0,0,0,0,0,0,0,0,0,0,0,0
3rd Quarter 2025,NCD2024-Q3,C:\DATABASES\NCD2024-Q3\NCD\1d. Risk Factors SC.xlsx,Region 7,1,0,0,0,0,0,0,0,0,0,0,0,0
3rd Quarter 2025,NCD2024-Q3,C:\DATABASES\NCD2024-Q3\NCD\1d. Risk Factors SC.xlsx,Bohol,9950,0,0,0,0,0,0,0,0,0,0,0,0
3rd Quarter 2025,NCD2024-Q3,C:\DATABASES\NCD2024-Q3\NCD\1d. Risk Factors SC.xlsx,Cebu,9950,0,0,0,0,0,0,0,0,0,0,0,0
3rd Quarter 2025,NCD2024-Q3,C:\DATABASES\NCD2024-Q3\NCD\1d. Risk Factors SC.xlsx,City of Cebu,9950,0,0,0,0,0,0,0,0,0,0,0,0
3rd Quarter 2025,NCD2024-Q3,C:\DATABASES\NCD2024-Q3\NCD\1d. Risk Factors SC.xlsx,City of Lapu-Lapu,9950,0,0,0,0,0,0,0,0,0,0,0,0
3rd Quarter 2025,NCD2024-Q3,C:\DATABASES\NCD2024-Q3\NCD\1d. Risk Factors SC.xlsx,City of Mandaue,9950,0,0,0,0,0,0,0,0,0,0,0,0
3rd Quarter 2025,NCD2024-Q3,C:\DATABASES\NCD2024-Q3\NCD\1d. Risk Factors SC.xlsx,Region 8,1,0,0,0,0,0,0,0,0,0,0,0,0
3rd Quarter 2025,NCD2024-Q3,C:\DATABASES\NCD2024-Q3\NCD\1d. Risk Factors SC.xlsx,Biliran,9950,0,0,0,0,0,0,0,0,0,0,0,0
3rd Quarter 2025,NCD2024-Q3,C:\DATABASES\NCD2024-Q3\NCD\1d. Risk Factors SC.xlsx,Eastern Samar,9950,0,0,0,0,0,0,0,0,0,0,0,0
3rd Quarter 2025,NCD2024-Q3,C:\DATABASES\NCD2024-Q3\NCD\1d. Risk Factors SC.xlsx,Leyte,9950,0,0,0,0,0,0,0,0,0,0,0,0
3rd Quarter 2025,NCD2024-Q3,C:\DATABASES\NCD2024-Q3\NCD\1d. Risk Factors SC.xlsx,Northern Samar,9950,0,0,0,0,0,0,0,0,0,0,0,0
3rd Quarter 2025,NCD2024-Q3,C:\DATABASES\NCD2024-Q3\NCD\1d. Risk Factors SC.xlsx,Southern Leyte,9950,0,0,0,0,0,0,0,0,0,0,0,0
3rd Quarter 2025,NCD2024-Q3,C:\DATABASES\NCD2024-Q3\NCD\1d. Risk Factors SC.xlsx,Samar,9950,0,0,0,0,0,0,0,0,0,0,0,0
3rd Quarter 2025,NCD2024-Q3,C:\DATABASES\NCD2024-Q3\NCD\1d. Risk Factors SC.xlsx,Ormoc City,9950,0,0,0,0,0,0,0,0,0,0,0,0
3rd Quarter 2025,NCD2024-Q3,C:\DATABASES\NCD2024-Q3\NCD\1d. Risk Factors SC.xlsx,City of Tacloban,9950,0,0,0,0,0,0,0,0,0,0,0,0
3rd Quarter 2025,NCD2024-Q3,C:\DATABASES\NCD2024-Q3\NCD\1d. Risk Factors SC.xlsx,Region 9,1,0,0,0,0,0,0,0,0,0,0,0,0
3rd Quarter 2025,NCD2024-Q3,C:\DATABASES\NCD2024-Q3\NCD\1d. Risk Factors SC.xlsx,Zamboanga del Norte,9950,0,0,0,0,0,0,0,0,0,0,0,0
3rd Quarter 2025,NCD2024-Q3,C:\DATABASES\NCD2024-Q3\NCD\1d. Risk Factors SC.xlsx,Zamboanga del Sur,9950,0,0,0,0,0,0,0,0,0,0,0,0
3rd Quarter 2025,NCD2024-Q3,C:\DATABASES\NCD2024-Q3\NCD\1d. Risk Factors SC.xlsx,Zamboanga Sibugay,9950,0,0,0,0,0,0,0,0,0,0,0,0
3rd Quarter 2025,NCD2024-Q3,C:\DATABASES\NCD2024-Q3\NCD\1d. Risk Factors SC.xlsx,City of Isabela,9950,0,0,0,0,0,0,0,0,0,0,0,0
3rd Quarter 2025,NCD2024-Q3,C:\DATABASES\NCD2024-Q3\NCD\1d. Risk Factors SC.xlsx,City of Zamboanga,9950,0,0,0,0,0,0,0,0,0,0,0,0
3rd Quarter 2025,NCD2024-Q3,C:\DATABASES\NCD2024-Q3\NCD\1d. Risk Factors SC.xlsx,Region 10,1,0,0,0,0,0,0,0,0,0,0,0,0
3rd Quarter 2025,NCD2024-Q3,C:\DATABASES\NCD2024-Q3\NCD\1d. Risk Factors SC.xlsx,Bukidnon,9950,0,0,0,0,0,0,0,0,0,0,0,0
3rd Quarter 2025,NCD2024-Q3,C:\DATABASES\NCD2024-Q3\NCD\1d. Risk Factors SC.xlsx,Camiguin,9950,0,0,0,0,0,0,0,0,0,0,0,0
3rd Quarter 2025,NCD2024-Q3,C:\DATABASES\NCD2024-Q3\NCD\1d. Risk Factors SC.xlsx,Lanao del Norte,9950,0,0,0,0,0,0,0,0,0,0,0,0
3rd Quarter 2025,NCD2024-Q3,C:\DATABASES\NCD2024-Q3\NCD\1d. Risk Factors SC.xlsx,Misamis Occidental,9950,0,0,0,0,0,0,0,0,0,0,0,0
3rd Quarter 2025,NCD2024-Q3,C:\DATABASES\NCD2024-Q3\NCD\1d. Risk Factors SC.xlsx,Misamis Oriental,9950,0,0,0,0,0,0,0,0,0,0,0,0
3rd Quarter 2025,NCD2024-Q3,C:\DATABASES\NCD2024-Q3\NCD\1d. Risk Factors SC.xlsx,City of Cagayan De Oro,9950,0,0,0,0,0,0,0,0,0,0,0,0
3rd Quarter 2025,NCD2024-Q3,C:\DATABASES\NCD2024-Q3\NCD\1d. Risk Factors SC.xlsx,City of Iligan,9950,0,0,0,0,0,0,0,0,0,0,0,0
3rd Quarter 2025,NCD2024-Q3,C:\DATABASES\NCD2024-Q3\NCD\1d. Risk Factors SC.xlsx,Region 11,1,0,0,0,0,0,0,0,0,0,0,0,0
3rd Quarter 2025,NCD2024-Q3,C:\DATABASES\NCD2024-Q3\NCD\1d. Risk Factors SC.xlsx,Davao de Oro,9950,0,0,0,0,0,0,0,0,0,0,0,0
3rd Quarter 2025,NCD2024-Q3,C:\DATABASES\NCD2024-Q3\NCD\1d. Risk Factors SC.xlsx,Davao del Norte,9950,0,0,0,0,0,0,0,0,0,0,0,0
3rd Quarter 2025,NCD2024-Q3,C:\DATABASES\NCD2024-Q3\NCD\1d. Risk Factors SC.xlsx,Davao Oriental,9950,0,0,0,0,0,0,0,0,0,0,0,0
3rd Quarter 2025,NCD2024-Q3,C:\DATABASES\NCD2024-Q3\NCD\1d. Risk Factors SC.xlsx,Davao del Sur,9950,0,0,0,0,0,0,0,0,0,0,0,0
3rd Quarter 2025,NCD2024-Q3,C:\DATABASES\NCD2024-Q3\NCD\1d. Risk Factors SC.xlsx,Davao Occidental,9950,0,0,0,0,0,0,0,0,0,0,0,0
3rd Quarter 2025,NCD2024-Q3,C:\DATABASES\NCD2024-Q3\NCD\1d. Risk Factors SC.xlsx,City of Davao,9950,0,0,0,0,0,0,0,0,0,0,0,0
3rd Quarter 2025,NCD2024-Q3,C:\DATABASES\NCD2024-Q3\NCD\1d. Risk Factors SC.xlsx,Region 12,1,0,0,0,0,0,0,0,0,0,0,0,0
3rd Quarter 2025,NCD2024-Q3,C:\DATABASES\NCD2024-Q3\NCD\1d. Risk Factors SC.xlsx,Cotabato,9950,0,0,0,0,0,0,0,0,0,0,0,0
3rd Quarter 2025,NCD2024-Q3,C:\DATABASES\NCD2024-Q3\NCD\1d. Risk Factors SC.xlsx,Sarangani,9950,0,0,0,0,0,0,0,0,0,0,0,0
3rd Quarter 2025,NCD2024-Q3,C:\DATABASES\NCD2024-Q3\NCD\1d. Risk Factors SC.xlsx,South Cotabato,9950,0,0,0,0,0,0,0,0,0,0,0,0
3rd Quarter 2025,NCD2024-Q3,C:\DATABASES\NCD2024-Q3\NCD\1d. Risk Factors SC.xlsx,Sultan Kudarat,9950,0,0,0,0,0,0,0,0,0,0,0,0
3rd Quarter 2025,NCD2024-Q3,C:\DATABASES\NCD2024-Q3\NCD\1d. Risk Factors SC.xlsx,City of General Santos,9950,0,0,0,0,0,0,0,0,0,0,0,0
3rd Quarter 2025,NCD2024-Q3,C:\DATABASES\NCD2024-Q3\NCD\1d. Risk Factors SC.xlsx,Caraga,1,0,0,0,0,0,0,0,0,0,0,0,0
3rd Quarter 2025,NCD2024-Q3,C:\DATABASES\NCD2024-Q3\NCD\1d. Risk Factors SC.xlsx,Agusan del Norte,9950,0,0,0,0,0,0,0,0,0,0,0,0
3rd Quarter 2025,NCD2024-Q3,C:\DATABASES\NCD2024-Q3\NCD\1d. Risk Factors SC.xlsx,Agusan del Sur,9950,0,0,0,0,0,0,0,0,0,0,0,0
3rd Quarter 2025,NCD2024-Q3,C:\DATABASES\NCD2024-Q3\NCD\1d. Risk Factors SC.xlsx,Surigao del Norte,9950,0,0,0,0,0,0,0,0,0,0,0,0
3rd Quarter 2025,NCD2024-Q3,C:\DATABASES\NCD2024-Q3\NCD\1d. Risk Factors SC.xlsx,Surigao del Sur,9950,0,0,0,0,0,0,0,0,0,0,0,0
3rd Quarter 2025,NCD2024-Q3,C:\DATABASES\NCD2024-Q3\NCD\1d. Risk Factors SC.xlsx,Dinagat Islands,9950,0,0,0,0,0,0,0,0,0,0,0,0
3rd Quarter 2025,NCD2024-Q3,C:\DATABASES\NCD2024-Q3\NCD\1d. Risk Factors SC.xlsx,City of Butuan,9950,0,0,0,0,0,0,0,0,0,0,0,0
3rd Quarter 2025,NCD2024-Q3,C:\DATABASES\NCD2024-Q3\NCD\1d. Risk Factors SC.xlsx,BARMM,1,0,0,0,0,0,0,0,0,0,0,0,0
3rd Quarter 2025,NCD2024-Q3,C:\DATABASES\NCD2024-Q3\NCD\1d. Risk Factors SC.xlsx,Basilan,9950,0,0,0,0,0,0,0,0,0,0,0,0
3rd Quarter 2025,NCD2024-Q3,C:\DATABASES\NCD2024-Q3\NCD\1d. Risk Factors SC.xlsx,Lanao del Sur,9950,0,0,0,0,0,0,0,0,0,0,0,0
3rd Quarter 2025,NCD2024-Q3,C:\DATABASES\NCD2024-Q3\NCD\1d. Risk Factors SC.xlsx,Maguindanao del Norte,9950,0,0,0,0,0,0,0,0,0,0,0,0
3rd Quarter 2025,NCD2024-Q3,C:\DATABASES\NCD2024-Q3\NCD\1d. Risk Factors SC.xlsx,Maguindanao del Sur,9950,0,0,0,0,0,0,0,0,0,0,0,0
3rd Quarter 2025,NCD2024-Q3,C:\DATABASES\NCD2024-Q3\NCD\1d. Risk Factors SC.xlsx,Sulu,9950,0,0,0,0,0,0,0,0,0,0,0,0
3rd Quarter 2025,NCD2024-Q3,C:\DATABASES\NCD2024-Q3\NCD\1d. Risk Factors SC.xlsx,Tawi-Tawi,9950,0,0,0,0,0,0,0,0,0,0,0,0
3rd Quarter 2025,NCD2024-Q3,C:\DATABASES\NCD2024-Q3\NCD\1d. Risk Factors SC.xlsx,Special Geographic Area (SGA),9950,0,0,0,0,0,0,0,0,0,0,0,0
3rd Quarter 2025,NCD2024-Q3,C:\DATABASES\NCD2024-Q3\NCD\1d. Risk Factors SC.xlsx,City of Cotabato,9950,0,0,0,0,0,0,0,0,0,0,0,0
3rd Quarter 2025,NCD2024-Q3,C:\DATABASES\NCD2024-Q3\NCD\1d. Risk Factors SC.xlsx,NIR,1,0,0,0,0,0,0,0,0,0,0,0,0
3rd Quarter 2025,NCD2024-Q3,C:\DATABASES\NCD2024-Q3\NCD\1d. Risk Factors SC.xlsx,Negros Occidental,9950,0,0,0,0,0,0,0,0,0,0,0,0
3rd Quarter 2025,NCD2024-Q3,C:\DATABASES\NCD2024-Q3\NCD\1d. Risk Factors SC.xlsx,Negros Oriental,9950,0,0,0,0,0,0,0,0,0,0,0,0
3rd Quarter 2025,NCD2024-Q3,C:\DATABASES\NCD2024-Q3\NCD\1d. Risk Factors SC.xlsx,Siquijor,9950,0,0,0,0,0,0,0,0,0,0,0,0
3rd Quarter 2025,NCD2024-Q3,C:\DATABASES\NCD2024-Q3\NCD\1d. Risk Factors SC.xlsx,City of Bacolod,9950,0,0,0,0,0,0,0,0,0,0,0,0
1st Quarter 2025,2025Q1,C:\DATABASES\2025Q1Risk Factors SC Risk Assessed.xlsx,NCR,194101,837,1865,3461,5673,3199,1990,1948,1412,11060,6753,1932,1248
1st Quarter 2025,2025Q1,C:\DATABASES\2025Q1Risk Factors SC Risk Assessed.xlsx,City of Malabon,3678,140,128,309,330,0,0,0,0,0,0,0,0
1st Quarter 2025,2025Q1,C:\DATABASES\2025Q1Risk Factors SC Risk Assessed.xlsx,City of Navotas,3165,57,168,84,160,726,367,538,278,752,462,346,187
1st Quarter 2025,2025Q1,C:\DATABASES\2025Q1Risk Factors SC Risk Assessed.xlsx,City of Valenzuela,9606,0,0,0,0,0,0,0,0,0,0,0,0
1st Quarter 2025,2025Q1,C:\DATABASES\2025Q1Risk Factors SC Risk Assessed.xlsx,City of Caloocan,12658,0,0,480,622,0,0,0,0,2837,1683,0,0
1st Quarter 2025,2025Q1,C:\DATABASES\2025Q1Risk Factors SC Risk Assessed.xlsx,City of Marikina,1213,49,121,44,84,262,157,215,172,187,103,144,87
1st Quarter 2025,2025Q1,C:\DATABASES\2025Q1Risk Factors SC Risk Assessed.xlsx,City of Pasig,11926,235,652,320,905,0,0,0,0,3255,2006,0,0
1st Quarter 2025,2025Q1,C:\DATABASES\2025Q1Risk Factors SC Risk Assessed.xlsx,Pateros,1561,0,0,0,0,0,0,0,0,0,0,0,0
1st Quarter 2025,2025Q1,C:\DATABASES\2025Q1Risk Factors SC Risk Assessed.xlsx,City of Taguig,19305,0,0,702,1015,0,0,0,0,0,0,0,0
1st Quarter 2025,2025Q1,C:\DATABASES\2025Q1Risk Factors SC Risk Assessed.xlsx,Quezon City,86221,0,0,789,1125,0,0,0,0,0,0,0,0
1st Quarter 2025,2025Q1,C:\DATABASES\2025Q1Risk Factors SC Risk Assessed.xlsx,City of Makati,3866,59,135,32,73,1032,557,300,227,480,294,1065,674
1st Quarter 2025,2025Q1,C:\DATABASES\2025Q1Risk Factors SC Risk Assessed.xlsx,City of Mandaluyong,4632,68,152,106,170,171,70,172,77,984,655,41,33
1st Quarter 2025,2025Q1,C:\DATABASES\2025Q1Risk Factors SC Risk Assessed.xlsx,City of San Juan,2145,0,0,43,78,0,0,0,0,889,473,0,0
1st Quarter 2025,2025Q1,C:\DATABASES\2025Q1Risk Factors SC Risk Assessed.xlsx,City of Manila,16379,0,0,293,538,0,0,0,0,0,0,0,0
1st Quarter 2025,2025Q1,C:\DATABASES\2025Q1Risk Factors SC Risk Assessed.xlsx,City of Las Piñas,5446,159,405,171,418,1008,839,723,658,649,572,336,267
1st Quarter 2025,2025Q1,C:\DATABASES\2025Q1Risk Factors SC Risk Assessed.xlsx,City of Muntinlupa,3036,70,104,56,78,0,0,0,0,1027,505,0,0
1st Quarter 2025,2025Q1,C:\DATABASES\2025Q1Risk Factors SC Risk Assessed.xlsx,City of Parañaque,5408,0,0,32,77,0,0,0,0,0,0,0,0
1st Quarter 2025,2025Q1,C:\DATABASES\2025Q1Risk Factors SC Risk Assessed.xlsx,Pasay City,3856,0,0,0,0,0,0,0,0,0,0,0,0
1st Quarter 2025,2025Q1,C:\DATABASES\2025Q1Risk Factors SC Risk Assessed.xlsx,CAR,49547,945,2500,823,3332,0,0,0,0,6746,4858,347,203
1st Quarter 2025,2025Q1,C:\DATABASES\2025Q1Risk Factors SC Risk Assessed.xlsx,Abra,8035,317,540,233,660,0,0,0,0,555,541,0,0
1st Quarter 2025,2025Q1,C:\DATABASES\2025Q1Risk Factors SC Risk Assessed.xlsx,Apayao,4529,74,173,61,271,0,0,0,0,347,203,347,203
1st Quarter 2025,2025Q1,C:\DATABASES\2025Q1Risk Factors SC Risk Assessed.xlsx,Benguet,13205,168,454,192,537,0,0,0,0,2172,1433,0,0
1st Quarter 2025,2025Q1,C:\DATABASES\2025Q1Risk Factors SC Risk Assessed.xlsx,Ifugao,4229,70,111,97,257,0,0,0,0,513,543,0,0
1st Quarter 2025,2025Q1,C:\DATABASES\2025Q1Risk Factors SC Risk Assessed.xlsx,Kalinga,7205,208,663,113,807,0,0,0,0,726,669,0,0
1st Quarter 2025,2025Q1,C:\DATABASES\2025Q1Risk Factors SC Risk Assessed.xlsx,Mountain Province,7542,40,376,28,528,0,0,0,0,1075,513,0,0
1st Quarter 2025,2025Q1,C:\DATABASES\2025Q1Risk Factors SC Risk Assessed.xlsx,City of Baguio,4802,68,183,99,272,0,0,0,0,1358,956,0,0
1st Quarter 2025,2025Q1,C:\DATABASES\2025Q1Risk Factors SC Risk Assessed.xlsx,Region 1,97229,2086,6411,1766,6070,0,0,0,0,7263,5433,0,0
1st Quarter 2025,2025Q1,C:\DATABASES\2025Q1Risk Factors SC Risk Assessed.xlsx,Ilocos Norte,9516,83,398,103,314,0,0,0,0,663,524,0,0
1st Quarter 2025,2025Q1,C:\DATABASES\2025Q1Risk Factors SC Risk Assessed.xlsx,Ilocos Sur,23286,314,1202,162,644,0,0,0,0,2199,1306,0,0
1st Quarter 2025,2025Q1,C:\DATABASES\2025Q1Risk Factors SC Risk Assessed.xlsx,La Union,19369,469,1104,448,1593,0,0,0,0,2125,1894,0,0
1st Quarter 2025,2025Q1,C:\DATABASES\2025Q1Risk Factors SC Risk Assessed.xlsx,Pangasinan,42554,1167,3582,1006,3357,0,0,0,0,2211,1632,0,0
1st Quarter 2025,2025Q1,C:\DATABASES\2025Q1Risk Factors SC Risk Assessed.xlsx,City of Dagupan,2504,53,125,47,162,0,0,0,0,65,77,0,0
1st Quarter 2025,2025Q1,C:\DATABASES\2025Q1Risk Factors SC Risk Assessed.xlsx,Region 2,98892,3446,8619,2249,7934,8280,7260,10343,7996,5648,4359,1535,1131
1st Quarter 2025,2025Q1,C:\DATABASES\2025Q1Risk Factors SC Risk Assessed.xlsx,Batanes,962,30,80,79,129,80,35,98,63,134,78,80,27
1st Quarter 2025,2025Q1,C:\DATABASES\2025Q1Risk Factors SC Risk Assessed.xlsx,Cagayan,29332,1722,3835,1033,3508,2195,2001,3019,2151,2102,1827,596,505
1st Quarter 2025,2025Q1,C:\DATABASES\2025Q1Risk Factors SC Risk Assessed.xlsx,Isabela,48595,1249,3526,941,3324,5026,4394,6275,4989,2625,1798,732,511
1st Quarter 2025,2025Q1,C:\DATABASES\2025Q1Risk Factors SC Risk Assessed.xlsx,Nueva Vizcaya,9134,218,403,89,263,321,238,274,200,252,203,47,38
1st Quarter 2025,2025Q1,C:\DATABASES\2025Q1Risk Factors SC Risk Assessed.xlsx,Quirino,6530,110,394,43,303,367,347,411,364,285,245,64,38
1st Quarter 2025,2025Q1,C:\DATABASES\2025Q1Risk Factors SC Risk Assessed.xlsx,City of Santiago,4339,117,381,64,407,291,245,266,229,250,208,16,12
1st Quarter 2025,2025Q1,C:\DATABASES\2025Q1Risk Factors SC Risk Assessed.xlsx,Region 3,285253,7887,18677,5692,17054,6919,5215,6118,4764,14661,10168,3077,2117
1st Quarter 2025,2025Q1,C:\DATABASES\2025Q1Risk Factors SC Risk Assessed.xlsx,Aurora,2725,62,190,128,267,47,13,301,241,101,65,128,70
1st Quarter 2025,2025Q1,C:\DATABASES\2025Q1Risk Factors SC Risk Assessed.xlsx,Bataan,23542,205,896,129,633,16,12,14,8,1518,966,1,3
1st Quarter 2025,2025Q1,C:\DATABASES\2025Q1Risk Factors SC Risk Assessed.xlsx,Bulacan,88062,3546,7401,2926,7694,3426,2379,2896,2098,7569,5399,2019,1522
1st Quarter 2025,2025Q1,C:\DATABASES\2025Q1Risk Factors SC Risk Assessed.xlsx,Nueva Ecija,44611,1307,4341,1109,3957,1210,990,892,874,1964,1394,478,267
1st Quarter 2025,2025Q1,C:\DATABASES\2025Q1Risk Factors SC Risk Assessed.xlsx,Pampanga,48503,667,2509,385,2063,2194,1807,1951,1453,990,655,225,153
1st Quarter 2025,2025Q1,C:\DATABASES\2025Q1Risk Factors SC Risk Assessed.xlsx,Tarlac,42777,1542,2085,500,1111,16,8,64,90,1413,1023,102,40
1st Quarter 2025,2025Q1,C:\DATABASES\2025Q1Risk Factors SC Risk Assessed.xlsx,Zambales,22912,301,672,333,765,8,4,0,0,708,428,51,20
1st Quarter 2025,2025Q1,C:\DATABASES\2025Q1Risk Factors SC Risk Assessed.xlsx,City of Angeles,6459,201,431,106,407,2,2,0,0,284,166,73,42
1st Quarter 2025,2025Q1,C:\DATABASES\2025Q1Risk Factors SC Risk Assessed.xlsx,City of Olongapo,5662,56,152,76,157,0,0,0,0,114,72,0,0
1st Quarter 2025,2025Q1,C:\DATABASES\2025Q1Risk Factors SC Risk Assessed.xlsx,Region 4A,77835,2836,6800,3390,9251,3957,5567,5956,3371,5502,6311,6450,7790
1st Quarter 2025,2025Q1,C:\DATABASES\2025Q1Risk Factors SC Risk Assessed.xlsx,Batangas,27860,262,2219,971,7084,1361,1842,2079,748,2469,1922,2576,3786
1st Quarter 2025,2025Q1,C:\DATABASES\2025Q1Risk Factors SC Risk Assessed.xlsx,Cavite,20484,1020,2227,864,206,382,1687,2284,725,140,2495,393,1879
1st Quarter 2025,2025Q1,C:\DATABASES\2025Q1Risk Factors SC Risk Assessed.xlsx,Laguna,11155,394,822,822,365,1340,729,925,123,1740,199,1587,721
1st Quarter 2025,2025Q1,C:\DATABASES\2025Q1Risk Factors SC Risk Assessed.xlsx,Quezon,6217,388,994,275,851,335,608,407,719,762,752,732,370
1st Quarter 2025,2025Q1,C:\DATABASES\2025Q1Risk Factors SC Risk Assessed.xlsx,Rizal,9950,769,368,264,630,348,637,52,978,320,916,1067,849
1st Quarter 2025,2025Q1,C:\DATABASES\2025Q1Risk Factors SC Risk Assessed.xlsx,City of Lucena,2169,3,170,194,115,191,64,209,78,71,27,95,185
1st Quarter 2025,2025Q1,C:\DATABASES\2025Q1Risk Factors SC Risk Assessed.xlsx,Region 4B,35952,1064,2572,965,2796,980,819,905,672,2198,1456,1118,731
1st Quarter 2025,2025Q1,C:\DATABASES\2025Q1Risk Factors SC Risk Assessed.xlsx,Marinduque,1877,2,73,9,97,0,0,0,0,56,27,16,12
1st Quarter 2025,2025Q1,C:\DATABASES\2025Q1Risk Factors SC Risk Assessed.xlsx,Occidental Mindoro,4724,201,667,149,603,338,236,268,183,133,107,123,61
1st Quarter 2025,2025Q1,C:\DATABASES\2025Q1Risk Factors SC Risk Assessed.xlsx,Oriental Mindoro,15761,485,1166,527,1406,265,302,368,310,1028,756,639,451
1st Quarter 2025,2025Q1,C:\DATABASES\2025Q1Risk Factors SC Risk Assessed.xlsx,Palawan,5833,201,356,77,263,126,114,112,91,149,104,50,35
1st Quarter 2025,2025Q1,C:\DATABASES\2025Q1Risk Factors SC Risk Assessed.xlsx,Romblon,5897,130,174,125,268,251,167,157,88,417,252,175,108
1st Quarter 2025,2025Q1,C:\DATABASES\2025Q1Risk Factors SC Risk Assessed.xlsx,City of Puerto Princesa,1860,45,136,78,159,0,0,0,0,415,210,115,64
1st Quarter 2025,2025Q1,C:\DATABASES\2025Q1Risk Factors SC Risk Assessed.xlsx,Region 5,59568,1890,5896,2148,5214,2865,1658,2674,1599,8178,5085,593,369
1st Quarter 2025,2025Q1,C:\DATABASES\2025Q1Risk Factors SC Risk Assessed.xlsx,Albay,11990,37,204,27,139,156,91,67,59,141,56,34,27
1st Quarter 2025,2025Q1,C:\DATABASES\2025Q1Risk Factors SC Risk Assessed.xlsx,Camarines Norte,1982,366,807,301,462,66,25,48,24,1171,694,13,5
1st Quarter 2025,2025Q1,C:\DATABASES\2025Q1Risk Factors SC Risk Assessed.xlsx,Camarines Sur,20006,611,1756,447,1453,2623,1527,2546,1507,1829,1138,545,337
1st Quarter 2025,2025Q1,C:\DATABASES\2025Q1Risk Factors SC Risk Assessed.xlsx,Catanduanes,4301,95,672,461,1044,0,0,0,0,1693,1084,0,0
1st Quarter 2025,2025Q1,C:\DATABASES\2025Q1Risk Factors SC Risk Assessed.xlsx,Masbate,4753,470,1056,506,930,0,0,0,0,1192,831,0,0
1st Quarter 2025,2025Q1,C:\DATABASES\2025Q1Risk Factors SC Risk Assessed.xlsx,Sorsogon,15803,304,1395,406,1177,0,0,0,0,2145,1279,0,0
1st Quarter 2025,2025Q1,C:\DATABASES\2025Q1Risk Factors SC Risk Assessed.xlsx,City of Naga,733,7,6,0,9,20,15,13,9,7,3,1,0
1st Quarter 2025,2025Q1,C:\DATABASES\2025Q1Risk Factors SC Risk Assessed.xlsx,Region 6,105370,2085,5989,1914,6637,2733,1966,2760,1637,3617,2386,1242,607
1st Quarter 2025,2025Q1,C:\DATABASES\2025Q1Risk Factors SC Risk Assessed.xlsx,Aklan,6671,203,436,220,532,776,642,808,581,621,361,201,104
1st Quarter 2025,2025Q1,C:\DATABASES\2025Q1Risk Factors SC Risk Assessed.xlsx,Antique,14554,402,880,160,837,0,0,4,5,591,326,4,3
1st Quarter 2025,2025Q1,C:\DATABASES\2025Q1Risk Factors SC Risk Assessed.xlsx,Capiz,23374,288,1707,494,1665,1868,1250,1654,885,531,346,740,303
1st Quarter 2025,2025Q1,C:\DATABASES\2025Q1Risk Factors SC Risk Assessed.xlsx,Guimaras,7245,52,389,68,703,89,74,294,166,530,353,273,166
1st Quarter 2025,2025Q1,C:\DATABASES\2025Q1Risk Factors SC Risk Assessed.xlsx,Iloilo,39082,1054,2296,845,2572,0,0,0,0,1085,794,24,31
1st Quarter 2025,2025Q1,C:\DATABASES\2025Q1Risk Factors SC Risk Assessed.xlsx,City of Iloilo,14444,86,281,127,328,0,0,0,0,259,206,0,0
1st Quarter 2025,2025Q1,C:\DATABASES\2025Q1Risk Factors SC Risk Assessed.xlsx,Region 7,66087,2450,5472,3456,7187,8279,5844,8632,5937,6516,4178,3533,2364
1st Quarter 2025,2025Q1,C:\DATABASES\2025Q1Risk Factors SC Risk Assessed.xlsx,Bohol,13997,507,927,751,1286,919,655,1072,677,1268,713,348,226
1st Quarter 2025,2025Q1,C:\DATABASES\2025Q1Risk Factors SC Risk Assessed.xlsx,Cebu,35946,1436,3483,2109,4713,5657,3922,5803,4002,4178,2613,2811,1875
1st Quarter 2025,2025Q1,C:\DATABASES\2025Q1Risk Factors SC Risk Assessed.xlsx,City of Cebu,5607,189,478,223,518,689,402,805,463,718,531,213,113
1st Quarter 2025,2025Q1,C:\DATABASES\2025Q1Risk Factors SC Risk Assessed.xlsx,City of Lapu-Lapu,7212,298,551,357,632,973,825,910,773,321,287,131,121
1st Quarter 2025,2025Q1,C:\DATABASES\2025Q1Risk Factors SC Risk Assessed.xlsx,City of Mandaue,3325,20,33,16,38,41,40,42,22,31,34,30,29
1st Quarter 2025,2025Q1,C:\DATABASES\2025Q1Risk Factors SC Risk Assessed.xlsx,Region 8,70141,2138,4672,3036,4446,32,24,32,24,4057,2776,22,14
1st Quarter 2025,2025Q1,C:\DATABASES\2025Q1Risk Factors SC Risk Assessed.xlsx,Biliran,1670,16,88,88,123,32,24,32,24,132,72,22,14
1st Quarter 2025,2025Q1,C:\DATABASES\2025Q1Risk Factors SC Risk Assessed.xlsx,Eastern Samar,10013,33,192,370,477,0,0,0,0,567,387,0,0
1st Quarter 2025,2025Q1,C:\DATABASES\2025Q1Risk Factors SC Risk Assessed.xlsx,Leyte,11708,579,1313,681,909,0,0,0,0,656,362,0,0
1st Quarter 2025,2025Q1,C:\DATABASES\2025Q1Risk Factors SC Risk Assessed.xlsx,Northern Samar,5365,358,730,410,490,0,0,0,0,713,428,0,0
1st Quarter 2025,2025Q1,C:\DATABASES\2025Q1Risk Factors SC Risk Assessed.xlsx,Southern Leyte,20628,212,626,371,768,0,0,0,0,1222,848,0,0
1st Quarter 2025,2025Q1,C:\DATABASES\2025Q1Risk Factors SC Risk Assessed.xlsx,Samar,9565,752,1253,550,928,0,0,0,0,327,244,0,0
1st Quarter 2025,2025Q1,C:\DATABASES\2025Q1Risk Factors SC Risk Assessed.xlsx,Ormoc City,4891,52,118,132,196,0,0,0,0,378,390,0,0
1st Quarter 2025,2025Q1,C:\DATABASES\2025Q1Risk Factors SC Risk Assessed.xlsx,City of Tacloban,6301,136,352,434,555,0,0,0,0,62,45,0,0
1st Quarter 2025,2025Q1,C:\DATABASES\2025Q1Risk Factors SC Risk Assessed.xlsx,Region 9,34527,1070,3527,808,2746,1486,946,1892,1328,1471,983,353,245
1st Quarter 2025,2025Q1,C:\DATABASES\2025Q1Risk Factors SC Risk Assessed.xlsx,Zamboanga del Norte,10074,252,895,214,742,1157,695,817,631,436,311,114,81
1st Quarter 2025,2025Q1,C:\DATABASES\2025Q1Risk Factors SC Risk Assessed.xlsx,Zamboanga del Sur,9437,299,1115,294,967,249,175,611,348,435,270,55,23
1st Quarter 2025,2025Q1,C:\DATABASES\2025Q1Risk Factors SC Risk Assessed.xlsx,Zamboanga Sibugay,8754,257,889,214,688,44,48,128,87,267,162,166,125
1st Quarter 2025,2025Q1,C:\DATABASES\2025Q1Risk Factors SC Risk Assessed.xlsx,City of Isabela,1608,58,190,32,119,0,0,185,135,185,135,0,0
1st Quarter 2025,2025Q1,C:\DATABASES\2025Q1Risk Factors SC Risk Assessed.xlsx,City of Zamboanga,4654,204,438,54,230,36,28,151,127,148,105,18,16
1st Quarter 2025,2025Q1,C:\DATABASES\2025Q1Risk Factors SC Risk Assessed.xlsx,Region 10,38504,0,0,2512,6046,0,0,0,0,0,0,0,0
1st Quarter 2025,2025Q1,C:\DATABASES\2025Q1Risk Factors SC Risk Assessed.xlsx,Bukidnon,10290,0,0,389,1224,0,0,0,0,0,0,0,0
1st Quarter 2025,2025Q1,C:\DATABASES\2025Q1Risk Factors SC Risk Assessed.xlsx,Camiguin,853,0,0,22,86,0,0,0,0,0,0,0,0
1st Quarter 2025,2025Q1,C:\DATABASES\2025Q1Risk Factors SC Risk Assessed.xlsx,Lanao del Norte,5011,0,0,102,332,0,0,0,0,0,0,0,0
1st Quarter 2025,2025Q1,C:\DATABASES\2025Q1Risk Factors SC Risk Assessed.xlsx,Misamis Occidental,6845,0,0,327,525,0,0,0,0,0,0,0,0
1st Quarter 2025,2025Q1,C:\DATABASES\2025Q1Risk Factors SC Risk Assessed.xlsx,Misamis Oriental,6378,0,0,1221,2656,0,0,0,0,0,0,0,0
1st Quarter 2025,2025Q1,C:\DATABASES\2025Q1Risk Factors SC Risk Assessed.xlsx,City of Cagayan De Oro,5283,0,0,328,966,0,0,0,0,0,0,0,0
1st Quarter 2025,2025Q1,C:\DATABASES\2025Q1Risk Factors SC Risk Assessed.xlsx,City of Iligan,3844,0,0,123,257,0,0,0,0,0,0,0,0
1st Quarter 2025,2025Q1,C:\DATABASES\2025Q1Risk Factors SC Risk Assessed.xlsx,Region 11,87182,3129,8751,5397,10956,25588,18245,23384,16787,14500,9628,2128,1468
1st Quarter 2025,2025Q1,C:\DATABASES\2025Q1Risk Factors SC Risk Assessed.xlsx,Davao de Oro,17002,385,1917,778,2203,4876,3501,4866,3548,2429,1708,1929,1357
1st Quarter 2025,2025Q1,C:\DATABASES\2025Q1Risk Factors SC Risk Assessed.xlsx,Davao del Norte,22366,628,2225,1018,2761,5718,3914,5338,3672,5332,3497,0,0
1st Quarter 2025,2025Q1,C:\DATABASES\2025Q1Risk Factors SC Risk Assessed.xlsx,Davao Oriental,10437,462,1245,767,1527,3304,2355,3117,2692,154,86,199,111
1st Quarter 2025,2025Q1,C:\DATABASES\2025Q1Risk Factors SC Risk Assessed.xlsx,Davao del Sur,10722,472,1107,1002,1457,4279,2738,4065,2517,2107,1137,0,0
1st Quarter 2025,2025Q1,C:\DATABASES\2025Q1Risk Factors SC Risk Assessed.xlsx,Davao Occidental,3598,170,481,172,478,669,633,668,591,506,371,0,0
1st Quarter 2025,2025Q1,C:\DATABASES\2025Q1Risk Factors SC Risk Assessed.xlsx,City of Davao,23057,1012,1776,1660,2530,6742,5104,5330,3767,3972,2829,0,0
1st Quarter 2025,2025Q1,C:\DATABASES\2025Q1Risk Factors SC Risk Assessed.xlsx,Region 12,45611,934,4276,532,2760,375,288,449,319,1648,1205,1418,1252
1st Quarter 2025,2025Q1,C:\DATABASES\2025Q1Risk Factors SC Risk Assessed.xlsx,Cotabato,15663,417,2267,177,1020,15,30,26,39,505,364,303,218
1st Quarter 2025,2025Q1,C:\DATABASES\2025Q1Risk Factors SC Risk Assessed.xlsx,Sarangani,6437,148,442,60,281,223,152,296,178,467,280,95,90
1st Quarter 2025,2025Q1,C:\DATABASES\2025Q1Risk Factors SC Risk Assessed.xlsx,South Cotabato,6980,124,452,85,404,0,0,0,0,0,0,0,0
1st Quarter 2025,2025Q1,C:\DATABASES\2025Q1Risk Factors SC Risk Assessed.xlsx,Sultan Kudarat,14325,226,1033,174,988,0,0,0,0,538,461,537,460
1st Quarter 2025,2025Q1,C:\DATABASES\2025Q1Risk Factors SC Risk Assessed.xlsx,City of General Santos,2206,19,82,36,67,137,106,127,102,138,100,483,484
1st Quarter 2025,2025Q1,C:\DATABASES\2025Q1Risk Factors SC Risk Assessed.xlsx,Caraga,44037,1395,3546,1946,4063,3799,2535,3850,2707,4114,2666,1411,854
1st Quarter 2025,2025Q1,C:\DATABASES\2025Q1Risk Factors SC Risk Assessed.xlsx,Agusan del Norte,6904,197,531,291,667,891,601,943,649,736,463,474,291
1st Quarter 2025,2025Q1,C:\DATABASES\2025Q1Risk Factors SC Risk Assessed.xlsx,Agusan del Sur,8372,344,1002,441,969,552,496,456,426,384,352,165,90
1st Quarter 2025,2025Q1,C:\DATABASES\2025Q1Risk Factors SC Risk Assessed.xlsx,Surigao del Norte,11605,258,729,386,821,1402,809,1446,884,1071,687,383,180
1st Quarter 2025,2025Q1,C:\DATABASES\2025Q1Risk Factors SC Risk Assessed.xlsx,Surigao del Sur,11766,457,992,650,1252,954,629,1005,748,1140,726,389,293
1st Quarter 2025,2025Q1,C:\DATABASES\2025Q1Risk Factors SC Risk Assessed.xlsx,Dinagat Islands,1610,38,54,39,91,0,0,0,0,222,129,0,0
1st Quarter 2025,2025Q1,C:\DATABASES\2025Q1Risk Factors SC Risk Assessed.xlsx,City of Butuan,3780,101,238,139,263,0,0,0,0,561,309,0,0
1st Quarter 2025,2025Q1,C:\DATABASES\2025Q1Risk Factors SC Risk Assessed.xlsx,BARMM,29766,1004,2575,64,502,120,105,135,127,2259,1602,353,209
1st Quarter 2025,2025Q1,C:\DATABASES\2025Q1Risk Factors SC Risk Assessed.xlsx,Basilan,2346,149,176,2,7,69,56,83,81,77,42,62,31
1st Quarter 2025,2025Q1,C:\DATABASES\2025Q1Risk Factors SC Risk Assessed.xlsx,Lanao del Sur,12528,426,698,34,139,3,5,3,4,1134,827,100,91
1st Quarter 2025,2025Q1,C:\DATABASES\2025Q1Risk Factors SC Risk Assessed.xlsx,Maguindanao del Norte,3345,94,341,6,113,0,0,0,0,340,231,0,0
1st Quarter 2025,2025Q1,C:\DATABASES\2025Q1Risk Factors SC Risk Assessed.xlsx,Maguindanao del Sur,4424,168,590,10,153,0,0,0,0,257,199,0,0
1st Quarter 2025,2025Q1,C:\DATABASES\2025Q1Risk Factors SC Risk Assessed.xlsx,Sulu,1115,44,128,0,7,0,0,0,0,91,44,0,0
1st Quarter 2025,2025Q1,C:\DATABASES\2025Q1Risk Factors SC Risk Assessed.xlsx,Tawi-Tawi,964,0,227,0,7,31,30,38,30,21,25,73,45
1st Quarter 2025,2025Q1,C:\DATABASES\2025Q1Risk Factors SC Risk Assessed.xlsx,Special Geographic Area (SGA),1884,82,278,3,2,17,14,11,12,118,72,118,42
1st Quarter 2025,2025Q1,C:\DATABASES\2025Q1Risk Factors SC Risk Assessed.xlsx,City of Cotabato,3160,41,137,9,74,0,0,0,0,221,162,0,0
1st Quarter 2025,2025Q1,C:\DATABASES\2025Q1Risk Factors SC Risk Assessed.xlsx,NIR,45557,1778,5018,1682,5526,860,553,107,54,3378,2430,833,542
1st Quarter 2025,2025Q1,C:\DATABASES\2025Q1Risk Factors SC Risk Assessed.xlsx,Negros Occidental,33149,1366,3857,1174,4045,63,23,107,54,2007,1560,334,280
1st Quarter 2025,2025Q1,C:\DATABASES\2025Q1Risk Factors SC Risk Assessed.xlsx,Negros Oriental,7383,297,819,342,978,797,530,0,0,561,416,499,262
1st Quarter 2025,2025Q1,C:\DATABASES\2025Q1Risk Factors SC Risk Assessed.xlsx,Siquijor,2025,29,128,76,212,0,0,0,0,233,122,0,0
1st Quarter 2025,2025Q1,C:\DATABASES\2025Q1Risk Factors SC Risk Assessed.xlsx,City of Bacolod,3000,86,214,90,291,0,0,0,0,577,332,0,0
1st Quarter 2025,Synthetic,Risk Factor SC synthetic row 0001,Zamboanga Sibugay,9188,306,838,53,448,138,186,261,298,336,221,102,0
3rd Quarter 2025,Synthetic,Risk Factor SC synthetic row 0002,Marinduque,2526,0,133,33,123,0,0,28,19,0,31,64,0
1st Quarter 2025,Synthetic,Risk Factor SC synthetic row 0003,City of Pasig,12565,126,272,223,1066,0,0,0,0,55,1653,11,217
3rd Quarter 2025,Synthetic,Risk Factor SC synthetic row 0004,Region 9,31226,96,1744,1111,3233,1004,1056,1694,127,1886,1461,79,0
2nd Quarter 2025,Synthetic,Risk Factor SC synthetic row 0005,Biliran,1757,3,7,102,0,9,0,0,96,130,16,4,36
1st Quarter 2025,Synthetic,Risk Factor SC synthetic row 0006,Pasay City,2540,0,0,1,10,0,0,30,0,0,12,5,12
1st Quarter 2025,Synthetic,Risk Factor SC synthetic row 0007,La Union,18487,936,520,575,1519,0,99,2,47,277,0,0,183
2nd Quarter 2025,Synthetic,Risk Factor SC synthetic row 0008,City of Muntinlupa,3249,30,0,0,17,0,0,0,0,0,0,13,125
3rd Quarter 2025,Synthetic,Risk Factor SC synthetic row 0009,Sarangani,6451,227,426,143,252,28,215,0,174,179,127,0,30
2nd Quarter 2025,Synthetic,Risk Factor SC synthetic row 0010,Region 5,67653,2395,4897,1364,4706,3324,2858,3300,2867,3735,4801,446,0
3rd Quarter 2025,Synthetic,Risk Factor SC synthetic row 0011,Northern Samar,10098,80,0,0,0,0,174,0,84,337,1045,97,0
3rd Quarter 2025,Synthetic,Risk Factor SC synthetic row 0012,Zamboanga del Norte,24476,373,0,92,548,2122,213,1469,0,1336,305,136,136
2nd Quarter 2025,Synthetic,Risk Factor SC synthetic row 0013,Pateros,1638,0,0,21,0,17,53,15,0,6,0,0,0
3rd Quarter 2025,Synthetic,Risk Factor SC synthetic row 0014,Region 11,90826,2553,4313,3657,13996,6170,7245,0,8312,19012,11445,1610,188
3rd Quarter 2025,Synthetic,Risk Factor SC synthetic row 0015,Ilocos Sur,22641,0,779,239,771,191,98,204,29,2166,1214,55,110
2nd Quarter 2025,Synthetic,Risk Factor SC synthetic row 0016,City of Makati,3506,33,77,25,0,8,11,178,0,481,28,45,280
2nd Quarter 2025,Synthetic,Risk Factor SC synthetic row 0017,City of Puerto Princesa,848,30,0,48,97,17,2,0,6,205,57,44,23
2nd Quarter 2025,Synthetic,Risk Factor SC synthetic row 0018,Tarlac,40563,1448,2101,391,1608,0,653,133,0,1677,1399,0,27
3rd Quarter 2025,Synthetic,Risk Factor SC synthetic row 0019,Ilocos Norte,9884,99,116,110,287,194,0,180,91,0,341,0,21
3rd Quarter 2025,Synthetic,Risk Factor SC synthetic row 0020,City of Zamboanga,5435,276,611,0,354,54,51,167,171,6,95,0,23
2nd Quarter 2025,Synthetic,Risk Factor SC synthetic row 0021,Batangas,9515,32,665,399,2699,558,637,518,0,929,811,0,173
2nd Quarter 2025,Synthetic,Risk Factor SC synthetic row 0022,City of Parañaque,8892,7,30,8,0,0,0,0,0,140,14,0,0
2nd Quarter 2025,Synthetic,Risk Factor SC synthetic row 0023,Negros Occidental,30062,1002,138,667,1258,0,34,0,316,1875,1941,395,174
1st Quarter 2025,Synthetic,Risk Factor SC synthetic row 0024,Region 4A,88683,2460,4189,2509,8794,0,2638,0,3184,8642,5858,4766,703
3rd Quarter 2025,Synthetic,Risk Factor SC synthetic row 0025,City of Cebu,10408,1611,158,316,7163,1285,130,1266,80,5568,145,2850,0
2nd Quarter 2025,Synthetic,Risk Factor SC synthetic row 0026,City of Baguio,5252,0,0,86,182,0,34,0,0,12,790,0,0
3rd Quarter 2025,Synthetic,Risk Factor SC synthetic row 0027,NIR,46412,1047,4475,1224,5348,1474,0,883,99,1468,2196,0,1026
3rd Quarter 2025,Synthetic,Risk Factor SC synthetic row 0028,Laguna,7946,193,526,570,313,0,124,0,0,1232,0,1007,0
1st Quarter 2025,Synthetic,Risk Factor SC synthetic row 0029,Agusan del Norte,9040,316,757,147,290,1224,589,1003,852,1067,615,721,145
2nd Quarter 2025,Synthetic,Risk Factor SC synthetic row 0030,Davao Occidental,3355,0,17,143,408,1,664,152,605,155,43,32,7
1st Quarter 2025,Synthetic,Risk Factor SC synthetic row 0031,City of Puerto Princesa,943,34,4,89,51,0,17,0,0,469,115,42,21
2nd Quarter 2025,Synthetic,Risk Factor SC synthetic row 0032,Pampanga,91028,2117,5029,276,5446,660,1329,0,1854,0,2301,0,237
2nd Quarter 2025,Synthetic,Risk Factor SC synthetic row 0033,City of Iloilo,15046,0,381,0,226,6,0,222,150,415,289,56,239
2nd Quarter 2025,Synthetic,Risk Factor SC synthetic row 0034,Cebu,53921,0,4542,0,650,6406,2575,925,5397,0,1197,1264,244
1st Quarter 2025,Synthetic,Risk Factor SC synthetic row 0035,Cagayan,10025,423,1265,219,1491,786,17,651,0,710,622,144,81
1st Quarter 2025,Synthetic,Risk Factor SC synthetic row 0036,Leyte,10100,180,25,0,840,147,0,508,0,102,213,261,28
3rd Quarter 2025,Synthetic,Risk Factor SC synthetic row 0037,Negros Occidental,37812,124,0,0,5043,0,321,0,228,2423,1790,264,570
1st Quarter 2025,Synthetic,Risk Factor SC synthetic row 0038,Camarines Sur,11215,384,563,126,219,618,45,1566,1087,0,374,447,141
2nd Quarter 2025,Synthetic,Risk Factor SC synthetic row 0039,Zamboanga Sibugay,8759,267,72,27,744,0,153,80,190,59,105,69,135
3rd Quarter 2025,Synthetic,Risk Factor SC synthetic row 0040,Region 11,69924,0,5559,435,10341,16426,7073,6038,11976,14791,8204,0,286
1st Quarter 2025,Synthetic,Risk Factor SC synthetic row 0041,City of Cebu,11302,15,541,174,780,1134,0,0,893,669,3426,383,192
3rd Quarter 2025,Synthetic,Risk Factor SC synthetic row 0042,Dinagat Islands,3346,24,144,51,229,45,23,0,39,489,174,0,2
3rd Quarter 2025,Synthetic,Risk Factor SC synthetic row 0043,Caraga,40669,1981,3652,2197,1474,2510,2205,173,2498,271,3218,129,382
1st Quarter 2025,Synthetic,Risk Factor SC synthetic row 0044,City of Cebu,6817,0,218,47,0,816,431,94,1864,2631,165,0,186
3rd Quarter 2025,Synthetic,Risk Factor SC synthetic row 0045,City of Malabon,3791,153,19,306,262,0,0,56,0,411,197,36,59
3rd Quarter 2025,Synthetic,Risk Factor SC synthetic row 0046,Guimaras,81386,2670,605,308,2620,2203,110,4775,7,832,4428,147,273
2nd Quarter 2025,Synthetic,Risk Factor SC synthetic row 0047,Ifugao,7680,22,257,163,42,0,0,86,23,1189,249,0,0
1st Quarter 2025,Synthetic,Risk Factor SC synthetic row 0048,Romblon,3865,213,356,39,194,60,68,252,33,630,914,6,12
2nd Quarter 2025,Synthetic,Risk Factor SC synthetic row 0049,Eastern Samar,10757,0,136,0,386,18,28,118,63,153,215,0,8
3rd Quarter 2025,Synthetic,Risk Factor SC synthetic row 0050,Lanao del Norte,5234,31,0,26,341,0,2,31,11,327,98,0,0
3rd Quarter 2025,Synthetic,Risk Factor SC synthetic row 0051,City of Naga,619,0,28,15,3,5,5,54,0,0,0,16,0
1st Quarter 2025,Synthetic,Risk Factor SC synthetic row 0052,Region 10,95089,2846,0,7083,6264,4241,5664,3230,3461,0,49,1174,0
1st Quarter 2025,Synthetic,Risk Factor SC synthetic row 0053,Cagayan,8883,546,971,454,52,93,78,950,0,545,0,146,126
1st Quarter 2025,Synthetic,Risk Factor SC synthetic row 0054,City of Tacloban,5857,48,0,82,533,18,49,47,0,0,127,0,0
1st Quarter 2025,Synthetic,Risk Factor SC synthetic row 0055,South Cotabato,7407,0,461,104,293,19,0,0,0,134,159,0,0
2nd Quarter 2025,Synthetic,Risk Factor SC synthetic row 0056,NCR,311324,0,4389,0,3527,6319,3642,6226,0,4117,4057,0,5746
3rd Quarter 2025,Synthetic,Risk Factor SC synthetic row 0057,Zambales,43138,0,2096,170,1966,0,804,0,476,0,1073,0,357
1st Quarter 2025,Synthetic,Risk Factor SC synthetic row 0058,Tarlac,8629,242,583,132,152,18,0,53,0,338,0,0,73
3rd Quarter 2025,Synthetic,Risk Factor SC synthetic row 0059,Ifugao,4209,15,91,42,60,0,1,0,70,557,765,0,40
2nd Quarter 2025,Synthetic,Risk Factor SC synthetic row 0060,Pangasinan,17490,0,16284,4,1221,0,72,145,0,1860,1614,0,0
3rd Quarter 2025,Synthetic,Risk Factor SC synthetic row 0061,Nueva Vizcaya,11587,263,545,0,6,504,267,492,92,314,244,12,166
1st Quarter 2025,Synthetic,Risk Factor SC synthetic row 0062,Benguet,15370,142,660,480,559,0,8,178,253,2526,0,2589,1392
2nd Quarter 2025,Synthetic,Risk Factor SC synthetic row 0063,Region 4B,16427,381,1700,1134,1208,531,298,525,261,875,891,1039,412
2nd Quarter 2025,Synthetic,Risk Factor SC synthetic row 0064,City of Naga,11089,10,0,0,576,79,134,94,119,920,0,99,0
2nd Quarter 2025,Synthetic,Risk Factor SC synthetic row 0065,Ilocos Sur,11595,261,199,0,346,124,0,175,0,0,359,0,0
2nd Quarter 2025,Synthetic,Risk Factor SC synthetic row 0066,Romblon,5682,514,102,215,1680,54,48,0,0,968,207,116,85
2nd Quarter 2025,Synthetic,Risk Factor SC synthetic row 0067,Zambales,16682,344,409,0,483,0,101,0,32,251,26,0,91
1st Quarter 2025,Synthetic,Risk Factor SC synthetic row 0068,Lanao del Sur,1,0,0,0,0,0,0,0,0,1,0,1,0
3rd Quarter 2025,Synthetic,Risk Factor SC synthetic row 0069,City of Dagupan,12963,212,647,224,713,101,33,247,0,232,323,150,0
1st Quarter 2025,Synthetic,Risk Factor SC synthetic row 0070,Biliran,1608,11,75,72,109,4,0,0,59,140,75,0,0
1st Quarter 2025,Synthetic,Risk Factor SC synthetic row 0071,NCR,319343,2247,2961,6378,5585,11364,375,2500,0,14219,7612,3015,5540
2nd Quarter 2025,Synthetic,Risk Factor SC synthetic row 0072,City of Las Piñas,4101,19,409,0,64,0,604,112,306,204,190,182,193
1st Quarter 2025,Synthetic,Risk Factor SC synthetic row 0073,Quirino,6266,65,199,0,384,0,349,307,399,315,86,63,0
2nd Quarter 2025,Synthetic,Risk Factor SC synthetic row 0074,Sorsogon,15722,109,12,94,0,516,0,0,21,2991,0,35,242
1st Quarter 2025,Synthetic,Risk Factor SC synthetic row 0075,Capiz,54964,503,3039,658,0,2033,2930,1692,2507,0,0,1703,794
3rd Quarter 2025,Synthetic,Risk Factor SC synthetic row 0076,Region 9,75857,2121,7574,969,5738,2720,2967,4947,43,0,306,1070,1379
3rd Quarter 2025,Synthetic,Risk Factor SC synthetic row 0077,Lanao del Sur,8416,8416,24,0,72,0,358,131,8098,155,8416,0,316
2nd Quarter 2025,Synthetic,Risk Factor SC synthetic row 0078,City of Zamboanga,5563,66,528,80,17,88,25,211,0,0,185,25,0
3rd Quarter 2025,Synthetic,Risk Factor SC synthetic row 0079,Region 4A,74024,3415,6385,4740,10283,830,6523,1453,0,103,5569,7376,0
1st Quarter 2025,Synthetic,Risk Factor SC synthetic row 0080,Pangasinan,1,0,1,0,1,0,0,0,0,0,0,0,0
3rd Quarter 2025,Synthetic,Risk Factor SC synthetic row 0081,City of Bacolod,2852,0,105,56,157,0,42,0,50,595,163,0,0
2nd Quarter 2025,Synthetic,Risk Factor SC synthetic row 0082,Surigao del Sur,11585,378,854,0,1630,1402,44,580,871,1211,972,476,131
1st Quarter 2025,Synthetic,Risk Factor SC synthetic row 0083,Davao del Sur,11884,389,621,158,0,0,118,0,2710,0,1274,0,108
3rd Quarter 2025,Synthetic,Risk Factor SC synthetic row 0084,Misamis Oriental,5495,327,0,966,117,0,46,23,72,0,25,60,56
2nd Quarter 2025,Synthetic,Risk Factor SC synthetic row 0085,City of Zamboanga,3447,128,0,23,231,31,0,100,77,139,103,5,0
2nd Quarter 2025,Synthetic,Risk Factor SC synthetic row 0086,City of Makati,3787,80,136,40,11,945,0,0,283,171,851,483,245
2nd Quarter 2025,Synthetic,Risk Factor SC synthetic row 0087,City of San Juan,2286,0,5,29,46,157,0,71,15,0,211,9,53
1st Quarter 2025,Synthetic,Risk Factor SC synthetic row 0088,Eastern Samar,23266,681,0,588,26,0,436,274,340,557,393,0,96
2nd Quarter 2025,Synthetic,Risk Factor SC synthetic row 0089,Zamboanga del Norte,12068,272,1352,148,846,1,868,0,731,239,235,0,0
3rd Quarter 2025,Synthetic,Risk Factor SC synthetic row 0090,BARMM,1,0,0,0,1,0,0,0,1,1,0,0,0
3rd Quarter 2025,Synthetic,Risk Factor SC synthetic row 0091,Abra,16024,706,601,410,93,0,136,0,0,829,0,0,23
1st Quarter 2025,Synthetic,Risk Factor SC synthetic row 0092,Region 5,53398,1417,523,2490,3536,2007,2351,2911,0,8400,5048,489,0
1st Quarter 2025,Synthetic,Risk Factor SC synthetic row 0093,City of Muntinlupa,3089,45,0,23,0,2,15,2,15,38,74,49,0
3rd Quarter 2025,Synthetic,Risk Factor SC synthetic row 0094,City of Valenzuela,17743,133,0,0,0,164,30,22,0,1137,132,0,112
3rd Quarter 2025,Synthetic,Risk Factor SC synthetic row 0095,Special Geographic Area (SGA),1995,1499,12,11,0,9,36,77,17,139,78,1714,0
1st Quarter 2025,Synthetic,Risk Factor SC synthetic row 0096,Quirino,6151,0,222,99,178,94,0,0,13,253,157,101,8
3rd Quarter 2025,Synthetic,Risk Factor SC synthetic row 0097,Caraga,34058,1736,1318,12,3179,0,2107,2973,208,1638,0,1231,463
2nd Quarter 2025,Synthetic,Risk Factor SC synthetic row 0098,City of Cotabato,2977,3,2977,0,93,195,20,14,41,2977,2762,55,0
3rd Quarter 2025,Synthetic,Risk Factor SC synthetic row 0099,CAR,46178,780,2709,755,3266,0,0,0,35,0,4303,53,4931
2nd Quarter 2025,Synthetic,Risk Factor SC synthetic row 0100,Rizal,10675,0,407,291,15,0,280,0,703,32,3,28,33
1st Quarter 2025,Synthetic,Risk Factor SC synthetic row 0101,Cotabato,15590,0,0,112,430,84,0,0,0,761,314,292,622
3rd Quarter 2025,Synthetic,Risk Factor SC synthetic row 0102,Pasay City,6163,104,25,0,39,108,219,174,1,2,0,71,0
2nd Quarter 2025,Synthetic,Risk Factor SC synthetic row 0103,Batanes,1097,29,52,35,2,100,22,50,0,0,23,9,41
1st Quarter 2025,Synthetic,Risk Factor SC synthetic row 0104,City of Dagupan,2452,58,0,49,139,24,0,0,0,82,0,28,2
2nd Quarter 2025,Synthetic,Risk Factor SC synthetic row 0105,City of Tacloban,6190,72,0,0,58,0,0,30,55,48,0,144,0
1st Quarter 2025,Synthetic,Risk Factor SC synthetic row 0106,Ifugao,7579,159,221,0,222,38,67,0,0,0,0,0,99
1st Quarter 2025,Synthetic,Risk Factor SC synthetic row 0107,Region 10,82162,0,4625,1914,11193,2585,0,1513,0,458,2379,0,1768
1st Quarter 2025,Synthetic,Risk Factor SC synthetic row 0108,Region 3,240620,8295,1574,3415,0,7930,4008,2481,3581,1113,4917,2726,193
2nd Quarter 2025,Synthetic,Risk Factor SC synthetic row 0109,City of Pasig,25832,136,3,736,468,0,0,0,0,8622,0,176,363
2nd Quarter 2025,Synthetic,Risk Factor SC synthetic row 0110,City of Taguig,20502,370,20,0,90,196,0,35,0,0,0,68,300
2nd Quarter 2025,Synthetic,Risk Factor SC synthetic row 0111,City of Taguig,30250,0,268,11,233,636,510,246,0,0,0,439,203
1st Quarter 2025,Synthetic,Risk Factor SC synthetic row 0112,Catanduanes,4500,0,226,18,1305,0,76,0,38,1975,1072,7,0
2nd Quarter 2025,Synthetic,Risk Factor SC synthetic row 0113,Quezon,5442,0,0,181,51,243,492,0,253,0,264,736,324
3rd Quarter 2025,Synthetic,Risk Factor SC synthetic row 0114,Region 6,258587,5739,1948,3005,0,0,721,7671,8163,5881,5922,4761,1080
2nd Quarter 2025,Synthetic,Risk Factor SC synthetic row 0115,Romblon,954,42,149,0,290,43,26,76,0,6,86,22,9
1st Quarter 2025,Synthetic,Risk Factor SC synthetic row 0116,Catanduanes,4680,0,763,518,281,76,37,0,0,1837,1206,0,0
1st Quarter 2025,Synthetic,Risk Factor SC synthetic row 0117,City of Mandaluyong,5757,58,185,72,80,318,93,189,102,1275,737,183,218
2nd Quarter 2025,Synthetic,Risk Factor SC synthetic row 0118,Pampanga,39461,91,2281,68,1562,1549,559,0,313,1169,638,623,443
3rd Quarter 2025,Synthetic,Risk Factor SC synthetic row 0119,City of Malabon,3264,118,95,337,220,20,117,0,9,0,0,0,1
1st Quarter 2025,Synthetic,Risk Factor SC synthetic row 0120,Ilocos Norte,20355,79,0,20,448,57,140,9,79,1472,895,0,0
1st Quarter 2025,Synthetic,Risk Factor SC synthetic row 0121,Occidental Mindoro,2984,0,581,198,34,3,166,0,119,95,46,151,30
2nd Quarter 2025,Synthetic,Risk Factor SC synthetic row 0122,City of Butuan,3356,26,198,95,225,0,0,84,103,449,317,34,0
1st Quarter 2025,Synthetic,Risk Factor SC synthetic row 0123,Camarines Sur,10455,279,1093,300,0,1777,804,661,656,898,595,291,147
3rd Quarter 2025,Synthetic,Risk Factor SC synthetic row 0124,Region 6,1,0,0,0,0,0,0,0,0,0,0,0,0
3rd Quarter 2025,Synthetic,Risk Factor SC synthetic row 0125,Agusan del Sur,10786,0,0,50,75,0,589,692,0,104,147,81,0
3rd Quarter 2025,Synthetic,Risk Factor SC synthetic row 0126,Agusan del Sur,11795,189,1398,832,55,905,612,386,254,318,330,349,299
1st Quarter 2025,Synthetic,Risk Factor SC synthetic row 0127,Mountain Province,8961,46,418,0,27,113,146,162,0,300,0,0,593
3rd Quarter 2025,Synthetic,Risk Factor SC synthetic row 0128,Bohol,12976,381,0,776,841,1048,2758,5007,0,1029,450,3492,1753
2nd Quarter 2025,Synthetic,Risk Factor SC synthetic row 0129,City of Pasig,11430,0,513,272,340,107,224,0,143,3939,1849,0,35
2nd Quarter 2025,Synthetic,Risk Factor SC synthetic row 0130,Isabela,115248,1386,9168,3233,8680,0,1159,9252,15349,2191,0,2093,1254
2nd Quarter 2025,Synthetic,Risk Factor SC synthetic row 0131,Eastern Samar,12474,0,306,422,398,0,0,0,27,22,722,0,0
2nd Quarter 2025,Synthetic,Risk Factor SC synthetic row 0132,City of General Santos,4138,1,115,21,12,27,45,0,25,17,133,846,919
1st Quarter 2025,Synthetic,Risk Factor SC synthetic row 0133,Sulu,1,1,0,0,0,0,0,0,0,0,0,0,0
2nd Quarter 2025,Synthetic,Risk Factor SC synthetic row 0134,City of Olongapo,9626,141,148,294,101,0,0,53,109,0,216,216,159
3rd Quarter 2025,Synthetic,Risk Factor SC synthetic row 0135,Ifugao,3709,46,56,0,0,23,18,21,0,132,171,228,649
1st Quarter 2025,Synthetic,Risk Factor SC synthetic row 0136,Sulu,1159,14,226,0,4,0,0,9,11,144,1159,0,0
3rd Quarter 2025,Synthetic,Risk Factor SC synthetic row 0137,Misamis Oriental,10215,99,179,1814,4267,121,0,0,0,126,0,0,195
3rd Quarter 2025,Synthetic,Risk Factor SC synthetic row 0138,Nueva Vizcaya,13796,272,0,407,384,199,595,396,0,557,369,62,164
1st Quarter 2025,Synthetic,Risk Factor SC synthetic row 0139,Cebu,56032,452,0,2800,4761,912,6579,9999,5964,2624,1268,211,155
3rd Quarter 2025,Synthetic,Risk Factor SC synthetic row 0140,Region 11,90678,3481,858,5079,4710,18163,16276,21899,1311,0,12447,0,0
2nd Quarter 2025,Synthetic,Risk Factor SC synthetic row 0141,Camarines Norte,1693,83,99,36,537,0,17,0,0,68,7,41,0
2nd Quarter 2025,Synthetic,Risk Factor SC synthetic row 0142,Region 5,53812,661,204,2646,3858,2857,0,1944,2326,9815,173,0,843
2nd Quarter 2025,Synthetic,Risk Factor SC synthetic row 0143,Abra,8090,242,551,187,81,0,0,40,43,523,180,0,26
1st Quarter 2025,Synthetic,Risk Factor SC synthetic row 0144,Biliran,1854,0,0,92,142,0,9,194,112,149,5,0,17
2nd Quarter 2025,Synthetic,Risk Factor SC synthetic row 0145,City of Malabon,6769,0,118,691,648,30,0,0,51,115,92,66,71
1st Quarter 2025,Synthetic,Risk Factor SC synthetic row 0146,Mountain Province,7616,0,105,0,0,6,60,0,0,966,403,1234,261
2nd Quarter 2025,Synthetic,Risk Factor SC synthetic row 0147,City of Manila,8262,11,47,59,0,106,0,22,121,0,20,90,107
1st Quarter 2025,Synthetic,Risk Factor SC synthetic row 0148,Sarangani,11123,301,778,86,408,3,113,29,244,927,402,0,141
1st Quarter 2025,Synthetic,Risk Factor SC synthetic row 0149,Surigao del Sur,10920,57,377,957,1343,1036,549,1384,1008,1369,968,51,224
1st Quarter 2025,Synthetic,Risk Factor SC synthetic row 0150,Cotabato,14407,494,2740,364,133,0,8,0,39,488,321,536,523
1st Quarter 2025,Synthetic,Risk Factor SC synthetic row 0151,Laguna,7814,168,727,273,502,22,633,0,41,15,480,10,60
3rd Quarter 2025,Synthetic,Risk Factor SC synthetic row 0152,Davao Occidental,10189,284,1138,174,536,1964,1256,2005,0,411,409,0,0
1st Quarter 2025,Synthetic,Risk Factor SC synthetic row 0153,City of Pasig,22883,387,10,176,898,193,144,0,0,3539,3465,0,0
1st Quarter 2025,Synthetic,Risk Factor SC synthetic row 0154,Quezon,6424,382,926,311,28,345,161,106,316,683,755,521,396
2nd Quarter 2025,Synthetic,Risk Factor SC synthetic row 0155,City of Dagupan,2487,16,47,0,214,0,0,0,0,83,76,76,3
3rd Quarter 2025,Synthetic,Risk Factor SC synthetic row 0156,City of Isabela,9980,0,9,0,751,335,0,1323,938,210,193,54,0
2nd Quarter 2025,Synthetic,Risk Factor SC synthetic row 0157,Region 6,105202,3953,2344,2806,793,1685,1164,0,1170,1591,3008,439,60
3rd Quarter 2025,Synthetic,Risk Factor SC synthetic row 0158,Surigao del Norte,19341,607,1446,806,1072,2636,147,0,2286,845,603,116,327
1st Quarter 2025,Synthetic,Risk Factor SC synthetic row 0159,City of Valenzuela,7418,0,113,0,0,0,28,63,37,2,23,147,0
2nd Quarter 2025,Synthetic,Risk Factor SC synthetic row 0160,Occidental Mindoro,5469,247,777,16,0,448,171,517,91,162,194,127,6
1st Quarter 2025,Synthetic,Risk Factor SC synthetic row 0161,Aurora,2654,77,144,60,281,62,0,0,37,0,48,109,52
1st Quarter 2025,Synthetic,Risk Factor SC synthetic row 0162,Davao del Norte,9835,105,1050,434,0,1028,1476,2493,800,2289,0,45,0
2nd Quarter 2025,Synthetic,Risk Factor SC synthetic row 0163,City of Cebu,13122,0,451,0,0,0,6,1370,3601,0,463,529,578
3rd Quarter 2025,Synthetic,Risk Factor SC synthetic row 0164,Aklan,14086,171,0,688,226,883,308,437,0,223,532,185,55
3rd Quarter 2025,Synthetic,Risk Factor SC synthetic row 0165,Negros Occidental,37831,0,626,0,4899,4,198,158,367,1981,2433,383,0
1st Quarter 2025,Synthetic,Risk Factor SC synthetic row 0166,City of Pasig,21814,458,0,695,605,0,294,26,295,63,3140,3,0
2nd Quarter 2025,Synthetic,Risk Factor SC synthetic row 0167,Marinduque,2253,0,107,0,27,0,1,17,0,48,0,43,61
1st Quarter 2025,Synthetic,Risk Factor SC synthetic row 0168,Cotabato,8352,319,1170,156,0,0,120,72,86,471,301,255,82
2nd Quarter 2025,Synthetic,Risk Factor SC synthetic row 0169,City of Cagayan De Oro,6994,273,2,144,1425,47,40,0,0,448,4,26,85
1st Quarter 2025,Synthetic,Risk Factor SC synthetic row 0170,Leyte,10811,0,1179,160,0,234,98,0,255,261,228,52,53
1st Quarter 2025,Synthetic,Risk Factor SC synthetic row 0171,Zamboanga Sibugay,15267,459,164,149,1059,349,315,119,913,537,0,231,236
1st Quarter 2025,Synthetic,Risk Factor SC synthetic row 0172,Apayao,5492,0,249,98,245,7,0,0,0,482,276,411,67
3rd Quarter 2025,Synthetic,Risk Factor SC synthetic row 0173,Samar,8965,708,181,311,0,83,0,0,0,0,156,17,28
2nd Quarter 2025,Synthetic,Risk Factor SC synthetic row 0174,Davao del Sur,11308,185,637,877,642,3958,2601,0,2852,991,633,0,0
2nd Quarter 2025,Synthetic,Risk Factor SC synthetic row 0175,Bulacan,12761,487,923,273,840,328,612,646,275,1248,98,0,0
1st Quarter 2025,Synthetic,Risk Factor SC synthetic row 0176,City of General Santos,1840,23,21,0,46,0,72,0,85,93,77,3,18
1st Quarter 2025,Synthetic,Risk Factor SC synthetic row 0177,City of Olongapo,5839,44,122,111,81,0,0,0,0,0,0,0,0
2nd Quarter 2025,Synthetic,Risk Factor SC synthetic row 0178,Region 11,68702,3049,6649,4470,8331,14139,14085,12576,0,3625,276,1011,1161
2nd Quarter 2025,Synthetic,Risk Factor SC synthetic row 0179,Northern Samar,12110,119,0,0,536,141,101,81,331,221,395,202,118
3rd Quarter 2025,Synthetic,Risk Factor SC synthetic row 0180,Iloilo,41802,1890,67,502,1664,0,0,0,0,336,406,314,124
2nd Quarter 2025,Synthetic,Risk Factor SC synthetic row 0181,Davao Oriental,10408,0,709,636,1083,1421,184,1642,1366,80,146,0,8
1st Quarter 2025,Synthetic,Risk Factor SC synthetic row 0182,Camarines Norte,8245,1234,3047,1107,195,69,140,157,429,12,2961,121,0
3rd Quarter 2025,Synthetic,Risk Factor SC synthetic row 0183,Laguna,15964,412,989,0,510,0,0,1560,49,51,0,0,1421
2nd Quarter 2025,Synthetic,Risk Factor SC synthetic row 0184,Region 2,1,0,0,0,0,0,0,0,0,0,0,1,0
2nd Quarter 2025,Synthetic,Risk Factor SC synthetic row 0185,Bataan,25027,346,0,131,269,0,562,0,286,92,816,596,77
2nd Quarter 2025,Synthetic,Risk Factor SC synthetic row 0186,Davao Oriental,10697,230,0,674,776,4236,1075,2998,0,16,56,290,168
2nd Quarter 2025,Synthetic,Risk Factor SC synthetic row 0187,Quezon,6491,98,16,41,1039,77,0,22,0,800,1016,24,60
2nd Quarter 2025,Synthetic,Risk Factor SC synthetic row 0188,Siquijor,10603,290,787,416,1229,11,0,0,126,1224,487,0,0
3rd Quarter 2025,Synthetic,Risk Factor SC synthetic row 0189,City of Bacolod,10242,76,782,248,821,0,0,88,0,2006,0,142,0
3rd Quarter 2025,Synthetic,Risk Factor SC synthetic row 0190,Region 3,1,0,0,0,0,0,0,0,0,0,0,0,0
3rd Quarter 2025,Synthetic,Risk Factor SC synthetic row 0191,Occidental Mindoro,4235,0,0,0,915,388,234,8,173,62,96,18,77
3rd Quarter 2025,Synthetic,Risk Factor SC synthetic row 0192,Apayao,9747,35,0,14,523,0,125,0,0,914,0,767,390
3rd Quarter 2025,Synthetic,Risk Factor SC synthetic row 0193,Isabela,58009,2138,3986,0,3627,3613,258,3955,5846,371,2876,647,0
2nd Quarter 2025,Synthetic,Risk Factor SC synthetic row 0194,Bataan,20622,0,37,0,407,712,0,0,16,0,624,0,190
1st Quarter 2025,Synthetic,Risk Factor SC synthetic row 0195,Romblon,5731,300,367,0,560,19,33,402,69,0,503,43,47
1st Quarter 2025,Synthetic,Risk Factor SC synthetic row 0196,Zambales,10239,205,376,46,461,1,251,0,300,102,0,1,104
3rd Quarter 2025,Synthetic,Risk Factor SC synthetic row 0197,City of San Juan,10399,0,183,0,0,685,71,0,0,0,707,0,1
2nd Quarter 2025,Synthetic,Risk Factor SC synthetic row 0198,Eastern Samar,20576,0,16,550,0,16,0,215,0,0,1028,0,1
2nd Quarter 2025,Synthetic,Risk Factor SC synthetic row 0199,Leyte,11192,0,64,129,1009,313,0,0,472,187,220,110,0
2nd Quarter 2025,Synthetic,Risk Factor SC synthetic row 0200,City of Naga,1634,47,22,0,71,56,17,23,29,26,0,0,11
1st Quarter 2025,Synthetic,Risk Factor SC synthetic row 0201,City of Iligan,4073,0,42,155,253,50,26,199,53,4,0,12,6
3rd Quarter 2025,Synthetic,Risk Factor SC synthetic row 0202,City of San Juan,2247,10,8,43,0,16,0,0,38,1095,465,55,2
2nd Quarter 2025,Synthetic,Risk Factor SC synthetic row 0203,City of Zamboanga,3374,1,94,14,177,51,31,75,0,158,20,0,0
1st Quarter 2025,Synthetic,Risk Factor SC synthetic row 0204,Masbate,5007,565,524,342,528,19,93,0,20,1466,141,130,0
1st Quarter 2025,Synthetic,Risk Factor SC synthetic row 0205,Region 3,249632,7735,0,375,10162,5571,6114,3491,8380,0,3321,0,3638
3rd Quarter 2025,Synthetic,Risk Factor SC synthetic row 0206,City of Zamboanga,4653,303,538,105,158,89,0,225,173,180,138,0,46
3rd Quarter 2025,Synthetic,Risk Factor SC synthetic row 0207,Maguindanao del Norte,3658,97,0,20,18,35,0,32,0,231,74,54,50
3rd Quarter 2025,Synthetic,Risk Factor SC synthetic row 0208,Caraga,44463,1755,2245,495,2889,3984,2690,3165,1759,0,2355,675,618
2nd Quarter 2025,Synthetic,Risk Factor SC synthetic row 0209,City of Lucena,7560,72,0,17,265,119,83,624,332,772,70,0,28
2nd Quarter 2025,Synthetic,Risk Factor SC synthetic row 0210,Negros Oriental,18059,680,0,180,2645,2088,280,30,59,0,0,1418,427
3rd Quarter 2025,Synthetic,Risk Factor SC synthetic row 0211,Zambales,23883,0,1054,147,1049,546,499,353,0,115,195,539,82
1st Quarter 2025,Synthetic,Risk Factor SC synthetic row 0212,Bukidnon,23011,113,0,291,2821,1571,112,190,315,140,0,169,155
3rd Quarter 2025,Synthetic,Risk Factor SC synthetic row 0213,Rizal,9590,840,530,396,0,277,0,8,957,3,682,225,924
1st Quarter 2025,Synthetic,Risk Factor SC synthetic row 0214,City of Butuan,3978,39,121,1,2,0,70,0,39,236,321,67,30
1st Quarter 2025,Synthetic,Risk Factor SC synthetic row 0215,Cavite,10441,95,44,483,100,154,742,0,366,0,1283,865,0
2nd Quarter 2025,Synthetic,Risk Factor SC synthetic row 0216,Maguindanao del Sur,1,0,0,0,1,0,0,0,0,1,0,0,0
3rd Quarter 2025,Synthetic,Risk Factor SC synthetic row 0217,Region 11,133611,6679,0,2108,4972,26951,20633,30139,23834,8269,6591,0,2181
3rd Quarter 2025,Synthetic,Risk Factor SC synthetic row 0218,Albay,10619,0,397,0,544,260,679,676,0,93,0,56,0
2nd Quarter 2025,Synthetic,Risk Factor SC synthetic row 0219,Sorsogon,13349,172,129,469,1014,148,7,0,0,30,936,0,0
1st Quarter 2025,Synthetic,Risk Factor SC synthetic row 0220,Region 7,50305,1001,7980,1822,3725,3452,5524,3555,2269,12,166,1785,1893
2nd Quarter 2025,Synthetic,Risk Factor SC synthetic row 0221,City of Lapu-Lapu,12254,714,0,0,376,791,0,607,0,83,571,165,74
2nd Quarter 2025,Synthetic,Risk Factor SC synthetic row 0222,City of Mandaluyong,10344,74,80,0,309,408,9,315,166,877,0,120,101
1st Quarter 2025,Synthetic,Risk Factor SC synthetic row 0223,Zambales,7441,41,0,81,234,124,40,0,0,137,198,0,0
1st Quarter 2025,Synthetic,Risk Factor SC synthetic row 0224,Region 1,64684,1330,5891,2503,2549,0,0,1532,486,7686,7980,0,433
3rd Quarter 2025,Synthetic,Risk Factor SC synthetic row 0225,Antique,13873,534,100,158,465,0,38,734,0,342,167,52,312
2nd Quarter 2025,Synthetic,Risk Factor SC synthetic row 0226,CAR,70963,267,5051,1732,3342,471,0,656,283,9651,173,0,2694
3rd Quarter 2025,Synthetic,Risk Factor SC synthetic row 0227,La Union,41958,776,701,1498,0,250,140,0,558,680,701,546,49
2nd Quarter 2025,Synthetic,Risk Factor SC synthetic row 0228,City of Olongapo,5330,30,0,36,203,0,108,28,15,69,14,0,0
2nd Quarter 2025,Synthetic,Risk Factor SC synthetic row 0229,Nueva Ecija,107706,3550,7047,1820,10197,3163,428,3095,1723,4881,4408,1369,202
2nd Quarter 2025,Synthetic,Risk Factor SC synthetic row 0230,Abra,9416,434,419,0,0,169,77,0,6,388,143,1240,0
1st Quarter 2025,Synthetic,Risk Factor SC synthetic row 0231,Sorsogon,11070,163,1063,184,20,338,23,250,237,98,909,118,0
3rd Quarter 2025,Synthetic,Risk Factor SC synthetic row 0232,City of Las Piñas,9451,157,798,342,392,689,766,0,817,1022,0,598,39
2nd Quarter 2025,Synthetic,Risk Factor SC synthetic row 0233,Camarines Sur,22291,408,1270,52,2062,3572,0,1472,1338,2012,1285,789,0
3rd Quarter 2025,Synthetic,Risk Factor SC synthetic row 0234,Marinduque,9641,149,127,0,300,33,0,0,0,39,0,227,0
3rd Quarter 2025,Synthetic,Risk Factor SC synthetic row 0235,City of Zamboanga,4705,38,472,41,179,0,48,191,0,81,81,6,0
3rd Quarter 2025,Synthetic,Risk Factor SC synthetic row 0236,Nueva Vizcaya,16327,364,670,150,98,799,329,429,344,0,72,143,79
2nd Quarter 2025,Synthetic,Risk Factor SC synthetic row 0237,Region 1,1,0,0,0,1,0,0,0,0,0,0,0,0
1st Quarter 2025,Synthetic,Risk Factor SC synthetic row 0238,Sorsogon,16109,297,857,569,1149,153,0,281,0,2137,461,84,118
1st Quarter 2025,Synthetic,Risk Factor SC synthetic row 0239,Masbate,4871,252,1050,531,632,7,245,956,400,0,162,0,49
1st Quarter 2025,Synthetic,Risk Factor SC synthetic row 0240,Occidental Mindoro,5424,2,0,0,551,364,80,0,191,103,110,216,74
1st Quarter 2025,Synthetic,Risk Factor SC synthetic row 0241,Tawi-Tawi,988,0,988,0,38,191,292,35,183,988,60,7,957
1st Quarter 2025,Synthetic,Risk Factor SC synthetic row 0242,City of Caloocan,14529,0,0,302,215,1044,96,0,46,0,0,0,0
1st Quarter 2025,Synthetic,Risk Factor SC synthetic row 0243,Davao Occidental,6997,163,0,285,480,1403,1393,1527,414,452,0,64,36
1st Quarter 2025,Synthetic,Risk Factor SC synthetic row 0244,Quirino,6203,137,386,0,224,0,286,224,275,255,265,13,0
2nd Quarter 2025,Synthetic,Risk Factor SC synthetic row 0245,Region 5,1,0,0,0,0,0,0,0,0,0,1,0,0
2nd Quarter 2025,Synthetic,Risk Factor SC synthetic row 0246,Benguet,12780,60,68,1,275,0,66,47,0,0,0,2598,640
3rd Quarter 2025,Synthetic,Risk Factor SC synthetic row 0247,Sorsogon,32259,0,0,690,1674,0,94,0,108,0,2996,163,0
1st Quarter 2025,Synthetic,Risk Factor SC synthetic row 0248,NIR,49865,2175,4930,1362,5717,429,569,623,641,0,0,890,1334
3rd Quarter 2025,Synthetic,Risk Factor SC synthetic row 0249,Abra,7751,11,500,28,279,17,0,14,0,490,636,977,61
2nd Quarter 2025,Synthetic,Risk Factor SC synthetic row 0250,Ormoc City,5355,46,72,179,0,16,0,15,0,160,0,20,0
2nd Quarter 2025,Synthetic,Risk Factor SC synthetic row 0251,Davao Occidental,3410,179,162,0,462,0,605,799,0,148,151,0,0
2nd Quarter 2025,Synthetic,Risk Factor SC synthetic row 0252,Quezon,6490,542,1137,264,734,0,0,485,329,826,665,0,0
3rd Quarter 2025,Synthetic,Risk Factor SC synthetic row 0253,Cagayan,10381,47,805,343,1534,116,764,1331,840,724,0,411,0
3rd Quarter 2025,Synthetic,Risk Factor SC synthetic row 0254,Catanduanes,4330,0,0,417,235,0,0,144,0,1618,276,84,0
3rd Quarter 2025,Synthetic,Risk Factor SC synthetic row 0255,Benguet,12645,172,403,384,0,70,32,0,0,157,1489,0,0
1st Quarter 2025,Synthetic,Risk Factor SC synthetic row 0256,Cotabato,16329,0,0,0,215,75,226,108,111,26,32,19,238
3rd Quarter 2025,Synthetic,Risk Factor SC synthetic row 0257,Negros Occidental,10606,0,289,0,1241,10,0,129,0,42,521,86,0
1st Quarter 2025,Synthetic,Risk Factor SC synthetic row 0258,City of Valenzuela,16387,1,148,0,0,0,142,114,93,833,358,70,9
1st Quarter 2025,Synthetic,Risk Factor SC synthetic row 0259,City of Iloilo,15225,0,501,1,12,0,309,0,252,0,169,0,0
1st Quarter 2025,Synthetic,Risk Factor SC synthetic row 0260,Region 7,119143,2962,20183,9708,8414,12672,12334,19742,6909,11922,7103,10529,4167
3rd Quarter 2025,Synthetic,Risk Factor SC synthetic row 0261,Pasay City,4154,38,61,39,0,63,0,0,0,0,0,73,0
2nd Quarter 2025,Synthetic,Risk Factor SC synthetic row 0262,Aurora,11268,268,611,591,101,1257,1017,0,1078,337,485,379,319
1st Quarter 2025,Synthetic,Risk Factor SC synthetic row 0263,Tawi-Tawi,8525,56,14,0,18,0,2807,341,124,6674,481,302,6890
3rd Quarter 2025,Synthetic,Risk Factor SC synthetic row 0264,Ormoc City,7644,23,97,126,62,12,9,9,0,0,0,92,0
2nd Quarter 2025,Synthetic,Risk Factor SC synthetic row 0265,South Cotabato,9931,0,0,256,146,44,92,0,0,0,0,88,0
3rd Quarter 2025,Synthetic,Risk Factor SC synthetic row 0266,Isabela,9575,211,74,30,648,586,692,35,0,225,408,89,147
3rd Quarter 2025,Synthetic,Risk Factor SC synthetic row 0267,Sarangani,6111,98,506,15,301,0,164,248,16,341,23,316,58
3rd Quarter 2025,Synthetic,Risk Factor SC synthetic row 0268,Eastern Samar,10308,0,102,99,406,30,0,0,0,278,185,0,78
3rd Quarter 2025,Synthetic,Risk Factor SC synthetic row 0269,Southern Leyte,27414,233,213,121,0,0,163,291,379,407,351,0,520
1st Quarter 2025,Synthetic,Risk Factor SC synthetic row 0270,Bohol,10309,362,721,435,0,644,193,47,811,4122,0,249,1549
1st Quarter 2025,Synthetic,Risk Factor SC synthetic row 0271,Quezon,10662,800,755,397,204,0,0,251,0,1291,516,0,29
3rd Quarter 2025,Synthetic,Risk Factor SC synthetic row 0272,City of Olongapo,9715,198,275,85,321,0,78,0,80,64,123,0,133
2nd Quarter 2025,Synthetic,Risk Factor SC synthetic row 0273,Isabela,48560,574,3905,501,0,4994,0,597,5196,1513,1965,392,835
3rd Quarter 2025,Synthetic,Risk Factor SC synthetic row 0274,City of Taguig,10309,221,30,342,112,113,162,270,0,0,0,0,0
1st Quarter 2025,Synthetic,Risk Factor SC synthetic row 0275,Lanao del Norte,5390,76,197,0,366,2,0,0,15,272,88,0,0
3rd Quarter 2025,Synthetic,Risk Factor SC synthetic row 0276,City of Makati,2709,0,95,15,28,338,5,0,58,175,99,0,30
2nd Quarter 2025,Synthetic,Risk Factor SC synthetic row 0277,Antique,10317,51,389,30,715,0,3,181,0,243,70,86,0
2nd Quarter 2025,Synthetic,Risk Factor SC synthetic row 0278,Region 5,146854,3615,1530,4996,10338,6243,2125,5787,6566,5785,1675,541,544
2nd Quarter 2025,Synthetic,Risk Factor SC synthetic row 0279,City of Muntinlupa,2703,0,11,58,21,0,8,20,0,30,0,9,0
1st Quarter 2025,Synthetic,Risk Factor SC synthetic row 0280,La Union,22378,645,1452,0,1835,0,128,128,250,1941,46,0,0
3rd Quarter 2025,Synthetic,Risk Factor SC synthetic row 0281,City of Makati,4799,104,65,92,21,647,556,206,98,282,1370,1447,0
3rd Quarter 2025,Synthetic,Risk Factor SC synthetic row 0282,City of Naga,689,1,14,3,53,0,14,98,0,18,36,3,0
1st Quarter 2025,Synthetic,Risk Factor SC synthetic row 0283,Region 6,1,0,0,0,0,0,0,0,0,0,0,0,0
1st Quarter 2025,Synthetic,Risk Factor SC synthetic row 0284,Southern Leyte,19065,0,150,20,161,0,18,0,396,0,42,244,49
3rd Quarter 2025,Synthetic,Risk Factor SC synthetic row 0285,Isabela,54235,0,3636,875,3597,3441,4453,3300,2899,0,2102,22,43
2nd Quarter 2025,Synthetic,Risk Factor SC synthetic row 0286,Quezon,11787,298,664,318,2070,0,0,361,0,0,1668,1547,534
3rd Quarter 2025,Synthetic,Risk Factor SC synthetic row 0287,City of Angeles,5139,33,432,27,273,186,70,26,0,186,108,31,135
3rd Quarter 2025,Synthetic,Risk Factor SC synthetic row 0288,Catanduanes,4437,0,203,515,1083,0,103,0,9,1581,4,136,146
1st Quarter 2025,Synthetic,Risk Factor SC synthetic row 0289,City of Muntinlupa,8748,0,117,0,314,0,98,83,50,886,0,0,0
1st Quarter 2025,Synthetic,Risk Factor SC synthetic row 0290,Region 8,1,0,0,0,0,0,0,0,0,0,0,0,0
2nd Quarter 2025,Synthetic,Risk Factor SC synthetic row 0291,Agusan del Norte,9069,141,719,369,595,629,858,1453,834,1059,600,602,438
1st Quarter 2025,Synthetic,Risk Factor SC synthetic row 0292,Misamis Oriental,14163,177,175,2216,114,909,163,0,602,895,0,0,173
1st Quarter 2025,Synthetic,Risk Factor SC synthetic row 0293,Region 9,26595,969,83,202,1805,1313,384,1631,1775,999,273,60,247
1st Quarter 2025,Synthetic,Risk Factor SC synthetic row 0294,City of Cagayan De Oro,5533,0,0,0,1082,0,0,0,0,264,0,0,0
2nd Quarter 2025,Synthetic,Risk Factor SC synthetic row 0295,City of Caloocan,10067,36,0,55,0,127,0,100,255,269,0,0,216
2nd Quarter 2025,Synthetic,Risk Factor SC synthetic row 0296,Agusan del Norte,8303,219,355,293,13,999,0,765,565,293,138,501,287
3rd Quarter 2025,Synthetic,Risk Factor SC synthetic row 0297,Davao del Norte,8482,0,342,381,539,23,652,1772,636,615,1755,0,0
1st Quarter 2025,Synthetic,Risk Factor SC synthetic row 0298,Region 9,63887,1968,6406,2163,2808,2433,1745,4323,3083,315,2357,286,417
2nd Quarter 2025,Synthetic,Risk Factor SC synthetic row 0299,Aklan,6229,56,472,100,370,183,481,43,512,588,64,52,48
2nd Quarter 2025,Synthetic,Risk Factor SC synthetic row 0300,Masbate,3864,215,87,259,756,263,240,0,378,10,604,0,50
3rd Quarter 2025,Synthetic,Risk Factor SC synthetic row 0301,Siquijor,4152,0,0,107,422,21,37,9,0,0,41,38,0
3rd Quarter 2025,Synthetic,Risk Factor SC synthetic row 0302,Caraga,80484,2250,3671,490,7058,6082,4797,4013,3741,7059,5252,3822,173
2nd Quarter 2025,Synthetic,Risk Factor SC synthetic row 0303,Cebu,8803,166,625,150,1270,0,290,510,0,441,215,36,62
2nd Quarter 2025,Synthetic,Risk Factor SC synthetic row 0304,City of Lapu-Lapu,12332,629,3499,242,457,27,1581,578,0,303,461,92,71
3rd Quarter 2025,Synthetic,Risk Factor SC synthetic row 0305,Tawi-Tawi,1,0,1,0,0,0,0,0,0,0,0,0,1
3rd Quarter 2025,Synthetic,Risk Factor SC synthetic row 0306,La Union,9782,57,607,0,951,93,60,0,0,185,140,58,0
2nd Quarter 2025,Synthetic,Risk Factor SC synthetic row 0307,Romblon,10108,34,275,12,2859,549,157,702,269,0,2934,269,554
3rd Quarter 2025,Synthetic,Risk Factor SC synthetic row 0308,City of Cagayan De Oro,4984,0,0,201,845,0,68,80,41,0,0,31,0
3rd Quarter 2025,Synthetic,Risk Factor SC synthetic row 0309,City of Cagayan De Oro,11401,2,0,0,1850,76,0,4,128,799,7,69,0
1st Quarter 2025,Synthetic,Risk Factor SC synthetic row 0310,Ilocos Sur,9763,29,392,103,128,0,0,42,73,977,582,33,0
1st Quarter 2025,Synthetic,Risk Factor SC synthetic row 0311,Pasay City,3045,21,65,0,5,2,34,49,10,0,0,0,46
3rd Quarter 2025,Synthetic,Risk Factor SC synthetic row 0312,Sorsogon,9516,0,735,62,271,0,22,207,0,707,263,82,0
2nd Quarter 2025,Synthetic,Risk Factor SC synthetic row 0313,City of Olongapo,5375,0,0,24,53,136,0,0,41,30,87,49,0
2nd Quarter 2025,Synthetic,Risk Factor SC synthetic row 0314,Zamboanga del Norte,12945,33,979,0,0,106,820,1022,1166,71,103,32,82
1st Quarter 2025,Synthetic,Risk Factor SC synthetic row 0315,Bohol,13250,331,0,854,7017,6899,0,1357,1415,880,3986,354,0
2nd Quarter 2025,Synthetic,Risk Factor SC synthetic row 0316,Northern Samar,10589,774,1461,0,852,4,0,39,145,504,391,0,18
1st Quarter 2025,Synthetic,Risk Factor SC synthetic row 0317,Ifugao,2948,27,41,103,33,69,0,0,40,432,358,0,30
3rd Quarter 2025,Synthetic,Risk Factor SC synthetic row 0318,Davao Oriental,8985,70,713,144,1297,2833,1729,0,0,156,4,0,6
2nd Quarter 2025,Synthetic,Risk Factor SC synthetic row 0319,Bukidnon,10113,237,270,0,1120,0,0,630,2,0,18,0,0
3rd Quarter 2025,Synthetic,Risk Factor SC synthetic row 0320,Region 7,102306,809,1226,5334,22843,20493,1267,8815,11570,5500,8078,178,0
1st Quarter 2025,Synthetic,Risk Factor SC synthetic row 0321,Region 8,60112,580,0,0,0,640,508,0,0,3076,1544,0,0
3rd Quarter 2025,Synthetic,Risk Factor SC synthetic row 0322,Marinduque,1846,1,20,8,103,9,18,0,0,0,32,20,0
2nd Quarter 2025,Synthetic,Risk Factor SC synthetic row 0323,Bataan,8882,338,482,0,90,20,0,0,75,700,0,76,0
1st Quarter 2025,Synthetic,Risk Factor SC synthetic row 0324,Camiguin,8597,89,0,356,440,0,88,7,61,43,49,0,18
3rd Quarter 2025,Synthetic,Risk Factor SC synthetic row 0325,Samar,9418,655,520,384,0,16,0,0,32,60,0,63,0
1st Quarter 2025,Synthetic,Risk Factor SC synthetic row 0326,Lanao del Sur,1,0,0,0,1,0,1,0,0,1,0,1,0
2nd Quarter 2025,Synthetic,Risk Factor SC synthetic row 0327,Masbate,5561,550,1430,486,49,48,36,1023,558,150,135,0,0
2nd Quarter 2025,Synthetic,Risk Factor SC synthetic row 0328,City of Marikina,1291,0,48,33,51,10,103,0,85,97,0,0,91
3rd Quarter 2025,Synthetic,Risk Factor SC synthetic row 0329,Zamboanga Sibugay,17486,326,1736,207,0,0,122,134,334,513,365,660,407
2nd Quarter 2025,Synthetic,Risk Factor SC synthetic row 0330,Special Geographic Area (SGA),1839,86,297,38,1,0,33,24,18,43,0,0,8
2nd Quarter 2025,Synthetic,Risk Factor SC synthetic row 0331,Laguna,9743,284,927,702,311,1177,149,931,121,108,0,1831,17
2nd Quarter 2025,Synthetic,Risk Factor SC synthetic row 0332,Region 6,1,0,0,0,0,0,0,0,0,0,0,0,0
1st Quarter 2025,Synthetic,Risk Factor SC synthetic row 0333,BARMM,49322,1431,4120,31068,1357,49322,0,291,271,3882,1939,854,47288
2nd Quarter 2025,Synthetic,Risk Factor SC synthetic row 0334,City of Caloocan,15375,78,3,40,918,149,615,95,0,3017,357,143,135
1st Quarter 2025,Synthetic,Risk Factor SC synthetic row 0335,Siquijor,3880,42,216,0,295,0,18,0,0,129,250,123,38
3rd Quarter 2025,Synthetic,Risk Factor SC synthetic row 0336,Tawi-Tawi,1,0,0,0,1,0,0,0,1,0,0,1,0
2nd Quarter 2025,Synthetic,Risk Factor SC synthetic row 0337,Negros Occidental,8762,105,97,98,1230,0,0,0,0,448,54,146,0
3rd Quarter 2025,Synthetic,Risk Factor SC synthetic row 0338,City of Malabon,11585,241,364,1169,903,22,0,145,0,92,0,42,0
1st Quarter 2025,Synthetic,Risk Factor SC synthetic row 0339,Negros Oriental,10752,397,0,400,1575,1276,717,0,44,503,690,198,166
1st Quarter 2025,Synthetic,Risk Factor SC synthetic row 0340,Region 12,1,0,0,0,0,1,0,0,0,0,1,0,0
1st Quarter 2025,Synthetic,Risk Factor SC synthetic row 0341,City of Mandaluyong,10659,0,354,414,111,1050,560,103,177,0,0,134,24
3rd Quarter 2025,Synthetic,Risk Factor SC synthetic row 0342,Oriental Mindoro,12083,652,709,0,1161,331,0,37,418,1374,0,913,0
2nd Quarter 2025,Synthetic,Risk Factor SC synthetic row 0343,Camarines Sur,9714,200,113,155,0,752,0,9,605,302,658,122,203
2nd Quarter 2025,Synthetic,Risk Factor SC synthetic row 0344,Sulu,1080,38,152,3,0,0,10,23,8,80,52,0,0
1st Quarter 2025,Synthetic,Risk Factor SC synthetic row 0345,Misamis Occidental,7077,69,34,238,191,0,44,122,0,24,0,57,36
1st Quarter 2025,Synthetic,Risk Factor SC synthetic row 0346,Region 8,127258,0,5263,0,0,0,302,0,790,2831,245,121,0
3rd Quarter 2025,Synthetic,Risk Factor SC synthetic row 0347,City of Iloilo,11970,0,128,160,0,0,111,0,0,227,162,19,0
2nd Quarter 2025,Synthetic,Risk Factor SC synthetic row 0348,Sulu,1174,52,1174,2,1174,0,0,19,0,100,28,7,0
1st Quarter 2025,Synthetic,Risk Factor SC synthetic row 0349,Catanduanes,4314,68,184,570,68,255,0,0,1,2565,1034,0,138
1st Quarter 2025,Synthetic,Risk Factor SC synthetic row 0350,Cagayan,31156,650,3411,887,2962,1451,26,3016,2753,1962,723,162,137
3rd Quarter 2025,Synthetic,Risk Factor SC synthetic row 0351,Region 11,1,0,0,0,0,0,0,0,0,0,0,0,0
1st Quarter 2025,Synthetic,Risk Factor SC synthetic row 0352,Agusan del Norte,11164,309,1095,0,553,0,718,72,758,542,236,323,0
1st Quarter 2025,Synthetic,Risk Factor SC synthetic row 0353,City of Navotas,11097,160,574,0,454,0,856,744,0,196,1812,1047,813
3rd Quarter 2025,Synthetic,Risk Factor SC synthetic row 0354,Batanes,1649,0,39,66,95,131,36,225,65,185,149,7,18
3rd Quarter 2025,Synthetic,Risk Factor SC synthetic row 0355,City of Lapu-Lapu,7205,25,596,0,229,312,370,12,1138,3074,3155,99,322
1st Quarter 2025,Synthetic,Risk Factor SC synthetic row 0356,City of Las Piñas,4335,48,9,29,434,731,762,607,583,244,392,0,280
2nd Quarter 2025,Synthetic,Risk Factor SC synthetic row 0357,City of Zamboanga,10923,551,0,119,442,0,0,33,95,494,275,0,49
3rd Quarter 2025,Synthetic,Risk Factor SC synthetic row 0358,Marinduque,2334,14,88,30,93,4,0,16,8,5,12,86,74
3rd Quarter 2025,Synthetic,Risk Factor SC synthetic row 0359,City of Las Piñas,9683,232,770,321,344,991,157,851,0,1304,0,405,456
2nd Quarter 2025,Synthetic,Risk Factor SC synthetic row 0360,Marinduque,1761,15,68,5,26,28,25,0,0,50,26,21,0
2nd Quarter 2025,Synthetic,Risk Factor SC synthetic row 0361,Romblon,3144,91,63,0,276,88,87,66,0,216,42,106,102
2nd Quarter 2025,Synthetic,Risk Factor SC synthetic row 0362,Samar,9840,0,568,573,22,0,1,0,0,110,0,0,152
3rd Quarter 2025,Synthetic,Risk Factor SC synthetic row 0363,City of Baguio,4291,0,141,96,1,2,23,0,16,0,782,70,131
1st Quarter 2025,Synthetic,Risk Factor SC synthetic row 0364,City of Cotabato,1,0,0,0,0,0,0,0,0,0,0,0,0
2nd Quarter 2025,Synthetic,Risk Factor SC synthetic row 0365,Cavite,23086,811,321,125,2121,129,1910,481,68,0,2472,356,0
1st Quarter 2025,Synthetic,Risk Factor SC synthetic row 0366,Rizal,9916,788,0,576,416,0,522,0,0,430,852,123,159
2nd Quarter 2025,Synthetic,Risk Factor SC synthetic row 0367,Region 10,1,0,0,0,0,0,0,0,0,0,0,0,0
1st Quarter 2025,Synthetic,Risk Factor SC synthetic row 0368,City of Caloocan,7762,1,108,223,0,0,0,56,192,87,0,0,202
1st Quarter 2025,Synthetic,Risk Factor SC synthetic row 0369,City of Cotabato,8830,7560,0,25,30,7,483,123,0,763,80,0,293
3rd Quarter 2025,Synthetic,Risk Factor SC synthetic row 0370,Ilocos Sur,10943,254,130,96,278,0,0,26,144,405,643,98,77
1st Quarter 2025,Synthetic,Risk Factor SC synthetic row 0371,Region 10,42718,134,2057,0,2367,0,0,214,523,966,1269,524,201
1st Quarter 2025,Synthetic,Risk Factor SC synthetic row 0372,Basilan,1,1,1,1,0,0,0,0,0,0,0,0,0
3rd Quarter 2025,Synthetic,Risk Factor SC synthetic row 0373,Camarines Sur,16979,656,558,0,1487,1909,1247,2435,128,678,581,0,255
1st Quarter 2025,Synthetic,Risk Factor SC synthetic row 0374,City of Isabela,10875,334,514,184,785,271,311,1319,456,1109,758,153,34
1st Quarter 2025,Synthetic,Risk Factor SC synthetic row 0375,City of Mandaue,4040,0,0,25,60,39,20,21,3,49,112,0,3
2nd Quarter 2025,Synthetic,Risk Factor SC synthetic row 0376,BARMM,30199,1423,2812,24578,92,1415,26734,872,841,1365,498,30145,60
1st Quarter 2025,Synthetic,Risk Factor SC synthetic row 0377,Laguna,16362,24,63,357,300,18,625,1511,110,0,1017,66,269
3rd Quarter 2025,Synthetic,Risk Factor SC synthetic row 0378,Surigao del Norte,10724,158,344,0,324,266,559,105,496,1041,511,565,177
3rd Quarter 2025,Synthetic,Risk Factor SC synthetic row 0379,City of Mandaue,6133,5,83,201,128,0,79,38,55,147,0,101,13
2nd Quarter 2025,Synthetic,Risk Factor SC synthetic row 0380,Misamis Occidental,15238,67,0,0,1414,0,0,310,44,42,0,92,0
1st Quarter 2025,Synthetic,Risk Factor SC synthetic row 0381,City of Baguio,10346,23,249,0,573,22,172,0,0,623,647,0,0
3rd Quarter 2025,Synthetic,Risk Factor SC synthetic row 0382,Bohol,9181,19,3612,371,810,17,458,541,425,0,368,133,126
1st Quarter 2025,Synthetic,Risk Factor SC synthetic row 0383,City of Cotabato,2795,21,174,0,75,0,0,21,22,23,0,122,12
1st Quarter 2025,Synthetic,Risk Factor SC synthetic row 0384,Region 9,32436,0,1845,237,3137,1624,1468,0,661,319,729,267,0
2nd Quarter 2025,Synthetic,Risk Factor SC synthetic row 0385,Agusan del Sur,8588,122,1160,559,52,600,0,395,311,0,424,105,115
3rd Quarter 2025,Synthetic,Risk Factor SC synthetic row 0386,City of Puerto Princesa,3067,68,167,357,43,16,41,0,86,1552,261,127,27
3rd Quarter 2025,Synthetic,Risk Factor SC synthetic row 0387,Antique,12430,0,1037,73,654,0,192,70,81,448,0,186,19
3rd Quarter 2025,Synthetic,Risk Factor SC synthetic row 0388,Pasay City,10149,0,39,37,167,153,26,83,4,0,137,160,108
2nd Quarter 2025,Synthetic,Risk Factor SC synthetic row 0389,City of Zamboanga,5092,77,86,147,207,0,0,27,255,0,206,0,0
2nd Quarter 2025,Synthetic,Risk Factor SC synthetic row 0390,City of General Santos,2148,26,73,48,0,0,0,79,109,93,109,180,117
2nd Quarter 2025,Synthetic,Risk Factor SC synthetic row 0391,Region 9,72281,3317,9505,2094,5692,0,2386,3800,3515,0,2953,0,1418
1st Quarter 2025,Synthetic,Risk Factor SC synthetic row 0392,City of Tacloban,6558,88,266,23,281,0,0,35,63,0,0,100,0
1st Quarter 2025,Synthetic,Risk Factor SC synthetic row 0393,Davao de Oro,21938,288,2991,1135,3142,0,0,532,958,0,2496,715,573
2nd Quarter 2025,Synthetic,Risk Factor SC synthetic row 0394,Northern Samar,5382,350,0,403,0,72,165,56,0,474,538,139,30
3rd Quarter 2025,Synthetic,Risk Factor SC synthetic row 0395,Quezon City,73260,554,0,1440,1464,2041,0,0,0,817,0,0,1947
1st Quarter 2025,Synthetic,Risk Factor SC synthetic row 0396,Cagayan,27330,169,3563,1236,3498,0,2074,2442,2254,978,1667,218,611
2nd Quarter 2025,Synthetic,Risk Factor SC synthetic row 0397,Palawan,2767,170,235,44,0,161,50,178,71,71,82,51,10
2nd Quarter 2025,Synthetic,Risk Factor SC synthetic row 0398,Sarangani,7502,0,566,0,328,309,181,294,237,252,0,277,23
1st Quarter 2025,Synthetic,Risk Factor SC synthetic row 0399,Ormoc City,8991,0,0,0,37,174,0,0,138,34,21,35,35
3rd Quarter 2025,Synthetic,Risk Factor SC synthetic row 0400,Lanao del Sur,12712,55,0,0,181,476,403,524,10646,532,68,12712,287
1st Quarter 2025,Synthetic,Risk Factor SC synthetic row 0401,Biliran,10823,45,0,805,60,488,516,861,233,74,386,175,133
1st Quarter 2025,Synthetic,Risk Factor SC synthetic row 0402,Siquijor,2101,45,120,81,183,0,52,0,0,118,134,1,20
1st Quarter 2025,Synthetic,Risk Factor SC synthetic row 0403,Nueva Ecija,44896,824,4877,935,277,128,1214,0,436,1496,1420,572,0
1st Quarter 2025,Synthetic,Risk Factor SC synthetic row 0404,Maguindanao del Norte,6435,39,0,19,26,54,0,0,0,6435,36,94,0
1st Quarter 2025,Synthetic,Risk Factor SC synthetic row 0405,Region 2,97469,3284,6007,2056,7681,5761,4601,10642,8855,366,83,1672,968
1st Quarter 2025,Synthetic,Risk Factor SC synthetic row 0406,Quezon,8600,0,0,0,0,0,135,529,118,1019,9,0,558
2nd Quarter 2025,Synthetic,Risk Factor SC synthetic row 0407,City of Baguio,4138,44,109,0,200,0,82,0,9,1141,835,0,0
3rd Quarter 2025,Synthetic,Risk Factor SC synthetic row 0408,Sulu,1,0,0,0,0,0,0,0,0,1,1,0,0
3rd Quarter 2025,Synthetic,Risk Factor SC synthetic row 0409,Zambales,22399,856,817,0,145,0,0,0,512,339,9,395,0
2nd Quarter 2025,Synthetic,Risk Factor SC synthetic row 0410,Lanao del Norte,5452,88,0,181,222,0,89,282,189,0,4,30,120
1st Quarter 2025,Synthetic,Risk Factor SC synthetic row 0411,City of Davao,21671,521,22,317,2646,5803,2295,5510,3074,4783,1227,193,434
1st Quarter 2025,Synthetic,Risk Factor SC synthetic row 0412,Region 6,266834,7368,16813,1269,5722,0,2481,2757,3846,0,9977,5641,4560
2nd Quarter 2025,Synthetic,Risk Factor SC synthetic row 0413,Cebu,39762,487,4232,942,154,881,1478,0,3248,3701,3685,2114,1021
2nd Quarter 2025,Synthetic,Risk Factor SC synthetic row 0414,Davao Oriental,21257,1190,2541,1142,1880,7301,1989,413,299,80,0,706,419
1st Quarter 2025,Synthetic,Risk Factor SC synthetic row 0415,Rizal,20042,1536,489,90,936,183,287,75,1878,610,1562,2335,54
3rd Quarter 2025,Synthetic,Risk Factor SC synthetic row 0416,Region 1,58161,2388,1855,2185,3447,443,689,0,80,0,2960,48,75
3rd Quarter 2025,Synthetic,Risk Factor SC synthetic row 0417,City of Makati,3833,65,3,0,0,535,15,9,214,0,102,424,0
1st Quarter 2025,Synthetic,Risk Factor SC synthetic row 0418,Isabela,8798,173,736,162,23,58,861,1076,0,0,137,176,67
2nd Quarter 2025,Synthetic,Risk Factor SC synthetic row 0419,Antique,14570,785,648,316,1002,55,75,424,0,560,158,263,75
2nd Quarter 2025,Synthetic,Risk Factor SC synthetic row 0420,Maguindanao del Sur,9057,79,1280,64,9057,0,1,32,0,318,139,147,53
2nd Quarter 2025,Synthetic,Risk Factor SC synthetic row 0421,Sorsogon,12881,311,1491,285,825,215,334,47,223,1746,0,0,31
3rd Quarter 2025,Synthetic,Risk Factor SC synthetic row 0422,NIR,42762,1809,1409,0,4298,0,882,0,0,1348,1054,228,40
3rd Quarter 2025,Synthetic,Risk Factor SC synthetic row 0423,Siquijor,2237,0,154,1,252,0,0,50,0,297,4,0,0
1st Quarter 2025,Synthetic,Risk Factor SC synthetic row 0424,Quezon,13459,517,0,698,0,112,1359,0,1378,1732,774,144,0
3rd Quarter 2025,Synthetic,Risk Factor SC synthetic row 0425,Pateros,2091,11,8,9,30,0,0,0,0,0,0,0,23
1st Quarter 2025,Synthetic,Risk Factor SC synthetic row 0426,Pasay City,4153,24,11,0,0,0,125,0,0,12,32,62,15
3rd Quarter 2025,Synthetic,Risk Factor SC synthetic row 0427,Cagayan,26076,0,3038,1109,2685,2057,906,3006,2028,1563,1834,327,309
1st Quarter 2025,Synthetic,Risk Factor SC synthetic row 0428,Abra,14392,632,0,0,1120,94,0,0,35,0,523,1071,1106
3rd Quarter 2025,Synthetic,Risk Factor SC synthetic row 0429,Tarlac,32835,554,1611,398,620,371,0,0,62,230,0,0,141
3rd Quarter 2025,Synthetic,Risk Factor SC synthetic row 0430,Special Geographic Area (SGA),1,0,0,0,1,0,0,0,0,1,0,0,0
3rd Quarter 2025,Synthetic,Risk Factor SC synthetic row 0431,Negros Occidental,74297,0,372,1672,7503,716,0,652,0,5052,1679,1107,394
1st Quarter 2025,Synthetic,Risk Factor SC synthetic row 0432,Misamis Occidental,10166,209,37,109,741,146,15,0,0,0,63,0,0
3rd Quarter 2025,Synthetic,Risk Factor SC synthetic row 0433,Batangas,25864,441,1779,353,176,1519,0,1970,748,2387,2857,739,105
2nd Quarter 2025,Synthetic,Risk Factor SC synthetic row 0434,Pateros,1464,0,12,0,0,2,23,0,11,30,14,0,23
3rd Quarter 2025,Synthetic,Risk Factor SC synthetic row 0435,City of Cebu,11836,0,0,0,924,1012,3866,0,804,4603,980,3134,79
1st Quarter 2025,Synthetic,Risk Factor SC synthetic row 0436,Eastern Samar,8566,62,252,190,357,0,107,0,0,278,15,127,111
3rd Quarter 2025,Synthetic,Risk Factor SC synthetic row 0437,Region 3,249196,4022,11410,6910,21075,9292,10035,186,6123,11157,0,3423,4065
2nd Quarter 2025,Synthetic,Risk Factor SC synthetic row 0438,City of Isabela,2129,0,300,7,0,0,0,121,207,241,0,0,0
3rd Quarter 2025,Synthetic,Risk Factor SC synthetic row 0439,City of Puerto Princesa,9323,0,129,421,939,0,0,31,0,5281,44,967,286
3rd Quarter 2025,Synthetic,Risk Factor SC synthetic row 0440,Aurora,2925,89,226,137,0,275,63,264,243,190,0,2,60
3rd Quarter 2025,Synthetic,Risk Factor SC synthetic row 0441,Bohol,10617,479,769,536,0,748,702,0,772,0,3327,1450,0
2nd Quarter 2025,Synthetic,Risk Factor SC synthetic row 0442,Tawi-Tawi,715,0,0,0,7,715,170,140,715,17,0,0,636
1st Quarter 2025,Synthetic,Risk Factor SC synthetic row 0443,Region 2,203320,7031,16087,5360,4646,18426,0,19647,14784,3031,0,672,2411
1st Quarter 2025,Synthetic,Risk Factor SC synthetic row 0444,Leyte,8567,385,326,278,386,0,0,0,6,149,124,53,135
1st Quarter 2025,Synthetic,Risk Factor SC synthetic row 0445,Ilocos Norte,9181,136,170,101,286,0,116,24,3,98,601,50,110
2nd Quarter 2025,Synthetic,Risk Factor SC synthetic row 0446,Catanduanes,4699,0,0,0,3,15,145,0,66,337,1248,34,104
3rd Quarter 2025,Synthetic,Risk Factor SC synthetic row 0447,Aklan,10418,59,258,0,687,445,32,0,57,509,0,396,0
3rd Quarter 2025,Synthetic,Risk Factor SC synthetic row 0448,Northern Samar,10385,0,1828,216,336,136,0,93,0,0,0,25,8
1st Quarter 2025,Synthetic,Risk Factor SC synthetic row 0449,City of General Santos,2146,3,59,68,0,134,0,0,2,71,76,0,135
3rd Quarter 2025,Synthetic,Risk Factor SC synthetic row 0450,Batanes,9444,311,917,412,1413,149,0,818,464,1279,0,700,0
2nd Quarter 2025,Synthetic,Risk Factor SC synthetic row 0451,Southern Leyte,29710,290,1196,14,0,0,159,0,144,243,49,0,0
1st Quarter 2025,Synthetic,Risk Factor SC synthetic row 0452,Region 3,233058,6257,9998,3849,12944,9065,2066,5062,0,13715,11393,5682,0
2nd Quarter 2025,Synthetic,Risk Factor SC synthetic row 0453,City of Navotas,8618,84,436,364,391,2551,1241,55,343,640,1162,1219,291
2nd Quarter 2025,Synthetic,Risk Factor SC synthetic row 0454,Region 4A,1,0,0,0,0,0,0,0,0,0,0,0,0
2nd Quarter 2025,Synthetic,Risk Factor SC synthetic row 0455,Zamboanga Sibugay,9502,391,120,128,770,79,168,101,0,206,368,249,0
2nd Quarter 2025,Synthetic,Risk Factor SC synthetic row 0456,Eastern Samar,16736,86,231,638,733,531,0,0,0,807,0,0,0
3rd Quarter 2025,Synthetic,Risk Factor SC synthetic row 0457,CAR,1,0,0,0,0,0,0,0,0,0,0,0,0
3rd Quarter 2025,Synthetic,Risk Factor SC synthetic row 0458,Region 6,79715,0,5185,0,1123,1613,849,1186,0,1355,0,490,407
2nd Quarter 2025,Synthetic,Risk Factor SC synthetic row 0459,City of Lapu-Lapu,7802,399,437,1348,2549,1216,877,973,1393,56,48,719,261
3rd Quarter 2025,Synthetic,Risk Factor SC synthetic row 0460,Camarines Norte,8050,1729,405,58,168,700,89,0,374,292,151,44,0
1st Quarter 2025,Synthetic,Risk Factor SC synthetic row 0461,City of Lucena,10991,189,854,973,14,902,0,1192,123,1325,22,0,147
2nd Quarter 2025,Synthetic,Risk Factor SC synthetic row 0462,Negros Occidental,33913,1040,97,1347,4110,285,623,0,0,797,304,659,0
3rd Quarter 2025,Synthetic,Risk Factor SC synthetic row 0463,Cotabato,9983,190,230,11,377,0,0,0,0,0,236,0,192
1st Quarter 2025,Synthetic,Risk Factor SC synthetic row 0464,Sulu,9460,202,1240,0,0,0,11,0,65,170,307,192,0
1st Quarter 2025,Synthetic,Risk Factor SC synthetic row 0465,Catanduanes,10505,0,107,824,0,471,0,0,258,3437,686,197,139
2nd Quarter 2025,Synthetic,Risk Factor SC synthetic row 0466,Region 1,94668,1348,11453,2154,2006,1228,0,805,923,6998,1831,0,0
3rd Quarter 2025,Synthetic,Risk Factor SC synthetic row 0467,Masbate,4926,452,1016,518,971,354,159,29,57,1179,0,126,0
3rd Quarter 2025,Synthetic,Risk Factor SC synthetic row 0468,Northern Samar,8742,444,979,14,180,0,171,0,0,42,439,151,0
2nd Quarter 2025,Synthetic,Risk Factor SC synthetic row 0469,Iloilo,42197,147,0,0,435,0,413,0,513,1679,0,139,0
2nd Quarter 2025,Synthetic,Risk Factor SC synthetic row 0470,Agusan del Sur,8830,0,937,107,308,507,304,540,120,458,33,228,0
1st Quarter 2025,Synthetic,Risk Factor SC synthetic row 0471,Palawan,10243,717,282,185,578,0,309,427,627,14,431,202,0
1st Quarter 2025,Synthetic,Risk Factor SC synthetic row 0472,Kalinga,14854,617,1404,257,1278,0,112,0,0,1997,1163,0,694
2nd Quarter 2025,Synthetic,Risk Factor SC synthetic row 0473,Bohol,11802,320,44,131,5733,23,449,45,591,1076,499,129,0
2nd Quarter 2025,Synthetic,Risk Factor SC synthetic row 0474,Cagayan,36791,1035,4712,179,4381,2925,819,4117,2567,2554,1979,1067,534
2nd Quarter 2025,Synthetic,Risk Factor SC synthetic row 0475,Zamboanga Sibugay,8118,0,0,351,307,0,82,20,72,0,90,0,124
3rd Quarter 2025,Synthetic,Risk Factor SC synthetic row 0476,Kalinga,16739,0,1589,411,416,117,155,0,0,1545,666,0,147
2nd Quarter 2025,Synthetic,Risk Factor SC synthetic row 0477,Davao del Sur,9705,470,1066,109,1166,1171,2826,3447,0,0,590,9,0
3rd Quarter 2025,Synthetic,Risk Factor SC synthetic row 0478,Cavite,41039,1276,541,0,337,582,42,119,0,444,3945,0,0
3rd Quarter 2025,Synthetic,Risk Factor SC synthetic row 0479,Abra,14579,313,913,301,1222,0,0,0,0,1197,1048,1776,1067
1st Quarter 2025,Synthetic,Risk Factor SC synthetic row 0480,Camiguin,871,0,0,0,15,0,17,6,0,0,4,0,3
1st Quarter 2025,Synthetic,Risk Factor SC synthetic row 0481,Caraga,40282,530,3461,0,344,1999,2417,3312,2678,3017,2100,1272,773
2nd Quarter 2025,Synthetic,Risk Factor SC synthetic row 0482,Isabela,50038,1291,158,761,0,3093,1845,4380,5018,2331,0,116,0
1st Quarter 2025,Synthetic,Risk Factor SC synthetic row 0483,City of Dagupan,2380,17,118,68,62,40,0,0,32,45,8,0,0
3rd Quarter 2025,Synthetic,Risk Factor SC synthetic row 0484,City of Las Piñas,8484,219,716,279,569,1512,1662,725,0,465,925,391,130
3rd Quarter 2025,Synthetic,Risk Factor SC synthetic row 0485,City of Caloocan,11934,0,122,86,62,0,0,770,114,78,1385,38,0
1st Quarter 2025,Synthetic,Risk Factor SC synthetic row 0486,Southern Leyte,31487,0,0,0,1632,686,0,0,0,0,687,0,125
1st Quarter 2025,Synthetic,Risk Factor SC synthetic row 0487,Bataan,21053,266,360,0,15,134,782,0,211,0,896,198,109
2nd Quarter 2025,Synthetic,Risk Factor SC synthetic row 0488,City of Iloilo,18070,0,180,214,554,0,289,461,177,515,504,272,214
2nd Quarter 2025,Synthetic,Risk Factor SC synthetic row 0489,Sulu,1293,949,187,12,1293,12,0,0,25,1135,0,1,0
1st Quarter 2025,Synthetic,Risk Factor SC synthetic row 0490,City of Marikina,1028,24,75,37,0,0,110,143,109,3,31,115,89
2nd Quarter 2025,Synthetic,Risk Factor SC synthetic row 0491,City of Caloocan,10987,0,0,0,98,648,357,0,283,2611,0,146,0
2nd Quarter 2025,Synthetic,Risk Factor SC synthetic row 0492,Davao Oriental,19885,762,2427,1501,2231,215,0,5066,0,275,0,454,211
3rd Quarter 2025,Synthetic,Risk Factor SC synthetic row 0493,City of Olongapo,5889,45,78,0,0,37,0,121,48,0,103,0,0
3rd Quarter 2025,Synthetic,Risk Factor SC synthetic row 0494,Laguna,11178,373,777,953,843,0,272,0,548,1985,194,1513,1634
2nd Quarter 2025,Synthetic,Risk Factor SC synthetic row 0495,Tawi-Tawi,930,50,8,10,16,180,21,699,146,930,930,23,12
3rd Quarter 2025,Synthetic,Risk Factor SC synthetic row 0496,City of Lapu-Lapu,7186,0,2338,292,266,795,675,392,454,108,371,1,423
2nd Quarter 2025,Synthetic,Risk Factor SC synthetic row 0497,Sorsogon,15943,0,894,341,1461,347,515,82,76,973,1364,4,222
2nd Quarter 2025,Synthetic,Risk Factor SC synthetic row 0498,City of Bacolod,10829,340,35,19,761,0,23,189,246,621,558,0,17
3rd Quarter 2025,Synthetic,Risk Factor SC synthetic row 0499,Capiz,7042,0,520,0,180,688,364,79,308,187,202,0,0
3rd Quarter 2025,Synthetic,Risk Factor SC synthetic row 0500,Agusan del Norte,5679,107,338,79,34,312,560,615,630,670,367,0,314
3rd Quarter 2025,Synthetic,Risk Factor SC synthetic row 0501,Samar,15043,0,810,995,174,63,0,173,93,224,496,172,0
2nd Quarter 2025,Synthetic,Risk Factor SC synthetic row 0502,CAR,48566,0,851,228,1521,0,0,442,628,2013,1056,0,298
1st Quarter 2025,Synthetic,Risk Factor SC synthetic row 0503,Bataan,9852,7,420,119,0,459,45,0,15,61,474,0,0
3rd Quarter 2025,Synthetic,Risk Factor SC synthetic row 0504,City of Puerto Princesa,978,29,69,44,91,4,1,18,0,416,89,59,29
1st Quarter 2025,Synthetic,Risk Factor SC synthetic row 0505,City of Pasig,13340,131,696,75,1030,49,0,123,251,4010,2331,119,0
1st Quarter 2025,Synthetic,Risk Factor SC synthetic row 0506,Cagayan,7887,570,688,63,1123,829,574,614,515,525,400,112,175
3rd Quarter 2025,Synthetic,Risk Factor SC synthetic row 0507,City of Tacloban,5438,116,0,363,0,0,0,1,41,36,59,1,0
3rd Quarter 2025,Synthetic,Risk Factor SC synthetic row 0508,Oriental Mindoro,9839,153,860,788,1459,214,0,335,240,822,1064,8,593
1st Quarter 2025,Synthetic,Risk Factor SC synthetic row 0509,Occidental Mindoro,8027,0,1534,50,0,570,434,564,381,346,213,0,0
2nd Quarter 2025,Synthetic,Risk Factor SC synthetic row 0510,Negros Occidental,55680,1365,0,3258,510,78,341,0,0,3348,450,479,641
2nd Quarter 2025,Synthetic,Risk Factor SC synthetic row 0511,Agusan del Norte,8502,150,498,203,552,1004,590,819,1048,0,378,667,290
2nd Quarter 2025,Synthetic,Risk Factor SC synthetic row 0512,Sarangani,15430,245,1117,0,736,0,0,505,0,0,561,782,0
2nd Quarter 2025,Synthetic,Risk Factor SC synthetic row 0513,City of Iligan,5500,275,95,140,448,0,16,127,354,0,0,26,58
3rd Quarter 2025,Synthetic,Risk Factor SC synthetic row 0514,Davao de Oro,29359,1139,3052,0,147,6318,1928,259,1746,5804,5300,0,166
2nd Quarter 2025,Synthetic,Risk Factor SC synthetic row 0515,City of Dagupan,3848,96,165,39,292,0,9,0,61,0,3,0,0
1st Quarter 2025,Synthetic,Risk Factor SC synthetic row 0516,City of Muntinlupa,2730,0,96,0,37,0,0,0,49,0,0,50,7
3rd Quarter 2025,Synthetic,Risk Factor SC synthetic row 0517,Agusan del Sur,10857,23,0,564,19,198,193,646,137,191,166,171,163
3rd Quarter 2025,Synthetic,Risk Factor SC synthetic row 0518,Misamis Occidental,11256,15,23,117,802,0,0,145,0,0,0,36,79
2nd Quarter 2025,Synthetic,Risk Factor SC synthetic row 0519,Siquijor,3495,3,219,99,222,0,0,20,45,278,238,0,0
3rd Quarter 2025,Synthetic,Risk Factor SC synthetic row 0520,Ilocos Sur,9928,0,198,32,150,129,0,118,0,931,525,0,0
2nd Quarter 2025,Synthetic,Risk Factor SC synthetic row 0521,Region 9,28026,99,0,622,2339,1393,616,1436,1415,978,622,344,0
1st Quarter 2025,Synthetic,Risk Factor SC synthetic row 0522,Batangas,22751,0,1420,1450,0,508,534,1604,94,1608,84,1866,2431
3rd Quarter 2025,Synthetic,Risk Factor SC synthetic row 0523,La Union,9148,130,536,131,43,129,0,0,25,946,581,53,65
3rd Quarter 2025,Synthetic,Risk Factor SC synthetic row 0524,Davao del Norte,20088,197,1827,1234,289,3544,1176,5298,3252,1332,2866,0,0
1st Quarter 2025,Synthetic,Risk Factor SC synthetic row 0525,Region 2,248457,0,25255,0,15248,12951,2785,13699,0,16338,4731,461,5168
2nd Quarter 2025,Synthetic,Risk Factor SC synthetic row 0526,Aurora,8421,241,696,85,88,132,46,913,728,156,498,87,261
2nd Quarter 2025,Synthetic,Risk Factor SC synthetic row 0527,Sorsogon,16556,44,1220,610,232,221,161,448,0,1024,992,6,161
2nd Quarter 2025,Synthetic,Risk Factor SC synthetic row 0528,Lanao del Sur,16197,188,174,16197,13766,15366,139,14283,34,649,16197,16197,395
3rd Quarter 2025,Synthetic,Risk Factor SC synthetic row 0529,Negros Oriental,12286,275,0,550,0,1022,0,0,0,791,697,780,325
2nd Quarter 2025,Synthetic,Risk Factor SC synthetic row 0530,Sarangani,5850,5,348,70,230,54,0,24,0,0,84,347,88
3rd Quarter 2025,Synthetic,Risk Factor SC synthetic row 0531,Region 12,1,0,0,0,0,0,0,0,0,0,0,0,0
1st Quarter 2025,Synthetic,Risk Factor SC synthetic row 0532,City of Zamboanga,4284,212,18,42,120,42,38,104,11,165,41,65,0
3rd Quarter 2025,Synthetic,Risk Factor SC synthetic row 0533,Siquijor,4505,0,260,177,508,0,0,49,0,0,174,0,17
1st Quarter 2025,Synthetic,Risk Factor SC synthetic row 0534,BARMM,1,0,0,0,0,0,0,1,1,0,0,0,0
2nd Quarter 2025,Synthetic,Risk Factor SC synthetic row 0535,Palawan,6538,192,508,4,235,246,0,135,84,308,163,0,260
3rd Quarter 2025,Synthetic,Risk Factor SC synthetic row 0536,Abra,10015,238,347,243,0,1,0,0,0,965,307,0,782
3rd Quarter 2025,Synthetic,Risk Factor SC synthetic row 0537,Tarlac,33086,1264,1448,1002,1070,187,208,289,12,605,1002,154,0
2nd Quarter 2025,Synthetic,Risk Factor SC synthetic row 0538,Ormoc City,8313,144,0,146,0,42,0,173,0,555,686,7,0
1st Quarter 2025,Synthetic,Risk Factor SC synthetic row 0539,Aurora,2557,0,212,85,353,301,0,51,250,212,57,10,101
1st Quarter 2025,Synthetic,Risk Factor SC synthetic row 0540,Davao de Oro,18892,354,504,1078,2311,0,0,570,38,3630,3409,2100,1548
2nd Quarter 2025,Synthetic,Risk Factor SC synthetic row 0541,Palawan,9451,292,1116,135,562,316,129,268,261,372,244,0,105
1st Quarter 2025,Synthetic,Risk Factor SC synthetic row 0542,Region 10,77962,524,0,0,15192,0,1735,627,75,3063,276,0,828
2nd Quarter 2025,Synthetic,Risk Factor SC synthetic row 0543,Region 2,97853,2772,10250,4333,8049,9089,4811,10587,6203,0,1273,658,908
2nd Quarter 2025,Synthetic,Risk Factor SC synthetic row 0544,Tawi-Tawi,1,0,1,0,0,1,0,0,0,1,0,1,0
3rd Quarter 2025,Synthetic,Risk Factor SC synthetic row 0545,City of Taguig,18994,0,0,116,137,789,138,34,169,132,170,574,0
2nd Quarter 2025,Synthetic,Risk Factor SC synthetic row 0546,Bukidnon,9052,0,398,212,566,0,0,0,66,0,114,0,0
3rd Quarter 2025,Synthetic,Risk Factor SC synthetic row 0547,Region 2,191006,2400,14975,1640,0,21084,15542,20623,2572,7596,3542,2482,0
3rd Quarter 2025,Synthetic,Risk Factor SC synthetic row 0548,City of Puerto Princesa,2045,0,117,58,419,0,21,30,29,0,188,101,30
3rd Quarter 2025,Synthetic,Risk Factor SC synthetic row 0549,City of Puerto Princesa,3215,30,0,0,244,0,0,0,6,790,602,0,121
3rd Quarter 2025,Synthetic,Risk Factor SC synthetic row 0550,City of Makati,3904,73,107,21,26,1190,448,5,134,220,155,857,654
1st Quarter 2025,Synthetic,Risk Factor SC synthetic row 0551,Pampanga,45139,580,1716,0,946,1369,230,1540,577,0,926,181,292
1st Quarter 2025,Synthetic,Risk Factor SC synthetic row 0552,Surigao del Norte,10988,184,82,146,922,644,801,199,441,280,470,392,243
3rd Quarter 2025,Synthetic,Risk Factor SC synthetic row 0553,Quezon City,90251,928,448,1064,471,1311,0,0,1566,375,58,0,206
1st Quarter 2025,Synthetic,Risk Factor SC synthetic row 0554,NCR,1,0,0,0,0,0,0,0,0,0,0,0,0
3rd Quarter 2025,Synthetic,Risk Factor SC synthetic row 0555,Davao Occidental,3547,4,71,213,0,7,265,51,515,489,157,0,69
3rd Quarter 2025,Synthetic,Risk Factor SC synthetic row 0556,City of General Santos,2682,48,0,51,33,0,0,26,104,0,34,579,0
2nd Quarter 2025,Synthetic,Risk Factor SC synthetic row 0557,Quezon,9340,204,1177,0,198,553,381,0,10,1072,1246,961,0
2nd Quarter 2025,Synthetic,Risk Factor SC synthetic row 0558,City of Cotabato,7647,25,0,7647,223,588,530,485,87,520,7647,0,113
1st Quarter 2025,Synthetic,Risk Factor SC synthetic row 0559,Romblon,815,29,21,17,207,30,5,18,9,56,27,32,42
3rd Quarter 2025,Synthetic,Risk Factor SC synthetic row 0560,Ilocos Norte,8947,6,407,0,47,0,0,59,136,605,71,32,129
2nd Quarter 2025,Synthetic,Risk Factor SC synthetic row 0561,Lanao del Norte,11332,223,106,344,158,841,137,39,361,441,0,0,0
1st Quarter 2025,Synthetic,Risk Factor SC synthetic row 0562,City of Bacolod,5323,0,9,184,17,95,83,0,50,1134,711,0,90
1st Quarter 2025,Synthetic,Risk Factor SC synthetic row 0563,City of Caloocan,11712,355,47,0,77,661,411,502,0,55,0,125,0
2nd Quarter 2025,Synthetic,Risk Factor SC synthetic row 0564,Quirino,7056,86,6,95,310,46,241,369,219,315,273,29,63
1st Quarter 2025,Synthetic,Risk Factor SC synthetic row 0565,Masbate,5550,289,1109,627,865,0,3,0,120,389,234,57,0
2nd Quarter 2025,Synthetic,Risk Factor SC synthetic row 0566,City of Taguig,18438,0,0,0,1192,60,128,175,159,20,0,81,4
2nd Quarter 2025,Synthetic,Risk Factor SC synthetic row 0567,City of Olongapo,10816,87,363,24,236,57,0,141,0,60,191,0,0
2nd Quarter 2025,Synthetic,Risk Factor SC synthetic row 0568,City of Mandaluyong,5050,83,0,9,134,518,145,0,106,988,748,48,71
2nd Quarter 2025,Synthetic,Risk Factor SC synthetic row 0569,Region 1,1,0,0,0,0,0,0,0,0,0,0,0,0
3rd Quarter 2025,Synthetic,Risk Factor SC synthetic row 0570,Ormoc City,4037,59,0,112,24,0,0,0,0,218,0,0,28
2nd Quarter 2025,Synthetic,Risk Factor SC synthetic row 0571,City of Muntinlupa,8596,447,151,0,97,0,55,9,154,0,0,0,173
1st Quarter 2025,Synthetic,Risk Factor SC synthetic row 0572,City of Makati,6857,210,0,75,214,1132,0,625,0,398,660,0,0
2nd Quarter 2025,Synthetic,Risk Factor SC synthetic row 0573,Region 9,1,0,0,0,0,0,0,0,0,0,0,0,0
1st Quarter 2025,Synthetic,Risk Factor SC synthetic row 0574,Siquijor,2448,30,182,0,299,0,0,0,25,312,62,0,26
2nd Quarter 2025,Synthetic,Risk Factor SC synthetic row 0575,City of Mandaluyong,10505,382,309,249,556,1187,0,242,175,86,569,0,83
1st Quarter 2025,Synthetic,Risk Factor SC synthetic row 0576,Sultan Kudarat,31782,301,2328,219,0,62,26,0,0,1354,487,846,1086
2nd Quarter 2025,Synthetic,Risk Factor SC synthetic row 0577,City of Navotas,3421,31,90,20,122,837,0,709,224,964,388,354,204
1st Quarter 2025,Synthetic,Risk Factor SC synthetic row 0578,Pasay City,8710,82,0,69,0,195,55,89,38,3,65,121,0
2nd Quarter 2025,Synthetic,Risk Factor SC synthetic row 0579,Region 4B,36998,39,402,0,3287,1029,1299,490,1250,2187,1389,9,774
1st Quarter 2025,Synthetic,Risk Factor SC synthetic row 0580,Cagayan,26630,1553,174,807,3460,1996,2468,2707,1264,1762,1492,274,727
3rd Quarter 2025,Synthetic,Risk Factor SC synthetic row 0581,Isabela,48983,681,3143,695,3235,2725,4909,6311,5382,1439,1271,0,1540
3rd Quarter 2025,Synthetic,Risk Factor SC synthetic row 0582,City of San Juan,1962,0,0,40,80,0,0,0,0,379,9,67,20
3rd Quarter 2025,Synthetic,Risk Factor SC synthetic row 0583,Region 12,34046,0,1225,0,1600,0,473,8,112,235,30,432,0
2nd Quarter 2025,Synthetic,Risk Factor SC synthetic row 0584,Lanao del Norte,5624,89,0,0,0,0,0,0,50,22,0,25,25
1st Quarter 2025,Synthetic,Risk Factor SC synthetic row 0585,Region 7,1,0,0,0,0,0,0,1,0,0,0,0,0
1st Quarter 2025,Synthetic,Risk Factor SC synthetic row 0586,Region 9,28558,799,2925,429,2523,1224,508,1586,753,978,311,369,192
1st Quarter 2025,Synthetic,Risk Factor SC synthetic row 0587,Iloilo,37546,176,1333,869,105,0,0,0,135,1261,775,921,113
1st Quarter 2025,Synthetic,Risk Factor SC synthetic row 0588,Davao del Norte,31274,172,3597,584,1006,7899,1716,8443,5316,0,5655,0,0
1st Quarter 2025,Synthetic,Risk Factor SC synthetic row 0589,NCR,1,0,0,0,0,0,0,0,0,0,0,0,0
1st Quarter 2025,Synthetic,Risk Factor SC synthetic row 0590,Cavite,9412,67,7,0,104,10,622,1163,121,1081,1092,88,0
3rd Quarter 2025,Synthetic,Risk Factor SC synthetic row 0591,City of Taguig,16624,218,36,469,78,768,260,0,0,0,253,151,288
3rd Quarter 2025,Synthetic,Risk Factor SC synthetic row 0592,NCR,256619,2784,0,123,1253,0,5632,367,1031,15138,8197,4144,3854
1st Quarter 2025,Synthetic,Risk Factor SC synthetic row 0593,Ilocos Norte,14668,210,148,127,164,209,140,0,0,159,697,0,0
3rd Quarter 2025,Synthetic,Risk Factor SC synthetic row 0594,Batangas,23682,43,209,0,6,0,42,0,86,0,1416,1152,3408
1st Quarter 2025,Synthetic,Risk Factor SC synthetic row 0595,Aklan,9493,159,371,412,876,557,1078,1194,52,0,604,12,0
3rd Quarter 2025,Synthetic,Risk Factor SC synthetic row 0596,Batanes,927,16,3,12,33,59,45,89,2,0,20,88,24
3rd Quarter 2025,Synthetic,Risk Factor SC synthetic row 0597,Eastern Samar,8157,31,180,77,442,0,108,30,0,199,79,56,137
3rd Quarter 2025,Synthetic,Risk Factor SC synthetic row 0598,City of Butuan,10201,156,304,386,104,352,9,21,60,1631,917,122,0
1st Quarter 2025,Synthetic,Risk Factor SC synthetic row 0599,Occidental Mindoro,2418,86,246,59,203,168,23,0,119,61,23,42,37
2nd Quarter 2025,Synthetic,Risk Factor SC synthetic row 0600,Guimaras,9676,0,431,0,0,24,139,0,0,0,499,95,105
2nd Quarter 2025,Synthetic,Risk Factor SC synthetic row 0601,City of Mandaluyong,11745,139,73,296,458,640,161,580,385,2170,511,678,176
2nd Quarter 2025,Synthetic,Risk Factor SC synthetic row 0602,Pangasinan,11388,0,11260,11388,1038,0,0,99,153,661,11388,69,63
1st Quarter 2025,Synthetic,Risk Factor SC synthetic row 0603,Sarangani,13422,108,804,226,333,239,0,477,64,1188,532,135,417
1st Quarter 2025,Synthetic,Risk Factor SC synthetic row 0604,City of Isabela,1583,32,0,0,126,2,14,0,169,201,149,24,12
2nd Quarter 2025,Synthetic,Risk Factor SC synthetic row 0605,Ilocos Norte,10290,0,498,0,383,35,0,26,0,112,593,0,27
2nd Quarter 2025,Synthetic,Risk Factor SC synthetic row 0606,Ormoc City,9366,153,181,31,16,65,20,0,133,0,682,26,0
1st Quarter 2025,Synthetic,Risk Factor SC synthetic row 0607,City of Muntinlupa,8971,113,0,176,197,0,6,0,12,50,517,0,152
2nd Quarter 2025,Synthetic,Risk Factor SC synthetic row 0608,NIR,1,0,0,0,0,0,0,0,0,0,0,0,0
1st Quarter 2025,Synthetic,Risk Factor SC synthetic row 0609,Catanduanes,14426,376,2359,0,3732,671,185,180,638,0,0,249,108
1st Quarter 2025,Synthetic,Risk Factor SC synthetic row 0610,NCR,404874,695,7280,0,5684,5952,0,3677,0,22818,11165,2181,208
1st Quarter 2025,Synthetic,Risk Factor SC synthetic row 0611,Sultan Kudarat,14315,185,1006,137,866,0,126,102,0,504,585,52,71
1st Quarter 2025,Synthetic,Risk Factor SC synthetic row 0612,Iloilo,95596,1060,2766,1044,6286,0,0,1025,0,1628,2490,0,0
3rd Quarter 2025,Synthetic,Risk Factor SC synthetic row 0613,South Cotabato,8267,163,206,93,544,89,20,148,0,10,22,637,41
3rd Quarter 2025,Synthetic,Risk Factor SC synthetic row 0614,Nueva Vizcaya,18948,88,427,66,240,319,278,445,444,0,475,34,0
2nd Quarter 2025,Synthetic,Risk Factor SC synthetic row 0615,Tarlac,8593,127,363,182,0,31,98,182,72,101,54,0,45
3rd Quarter 2025,Synthetic,Risk Factor SC synthetic row 0616,Nueva Vizcaya,10583,0,549,60,392,61,206,219,324,298,80,0,122
1st Quarter 2025,Synthetic,Risk Factor SC synthetic row 0617,Maguindanao del Norte,1,0,0,0,0,0,0,0,0,1,1,0,0
2nd Quarter 2025,Synthetic,Risk Factor SC synthetic row 0618,Samar,7365,479,528,198,714,23,28,187,0,247,130,64,87
2nd Quarter 2025,Synthetic,Risk Factor SC synthetic row 0619,Region 7,64952,2426,5133,3747,4184,9484,8825,8771,205,3037,8901,645,2392
3rd Quarter 2025,Synthetic,Risk Factor SC synthetic row 0620,Zambales,9099,176,302,0,362,55,0,0,135,8,315,22,73
2nd Quarter 2025,Synthetic,Risk Factor SC synthetic row 0621,Marinduque,2624,0,77,0,106,0,0,0,3,110,78,24,0
1st Quarter 2025,Synthetic,Risk Factor SC synthetic row 0622,Tawi-Tawi,889,54,216,0,681,35,28,139,20,8,0,65,3
2nd Quarter 2025,Synthetic,Risk Factor SC synthetic row 0623,Caraga,84450,1397,6269,3983,7617,8712,5567,7052,5098,7905,4708,1570,1637
1st Quarter 2025,Synthetic,Risk Factor SC synthetic row 0624,Batangas,8981,175,642,275,64,498,0,16,161,81,825,6,0
2nd Quarter 2025,Synthetic,Risk Factor SC synthetic row 0625,Pasay City,8076,0,0,0,0,0,0,55,42,12,0,0,8
2nd Quarter 2025,Synthetic,Risk Factor SC synthetic row 0626,Misamis Oriental,10871,0,1261,106,565,283,30,0,50,0,321,159,49
1st Quarter 2025,Synthetic,Risk Factor SC synthetic row 0627,Sorsogon,18351,233,169,0,7,65,398,0,190,381,1669,0,140
2nd Quarter 2025,Synthetic,Risk Factor SC synthetic row 0628,City of Marikina,1356,5,11,57,106,206,122,195,125,104,60,145,9
1st Quarter 2025,Synthetic,Risk Factor SC synthetic row 0629,Nueva Vizcaya,9568,233,398,45,0,267,269,0,150,168,75,116,44
3rd Quarter 2025,Synthetic,Risk Factor SC synthetic row 0630,Cagayan,52256,3074,8055,1363,5509,0,4835,5725,2808,3253,3232,817,1053
2nd Quarter 2025,Synthetic,Risk Factor SC synthetic row 0631,City of Makati,7060,81,19,57,140,37,1120,561,0,3159,603,755,50
2nd Quarter 2025,Synthetic,Risk Factor SC synthetic row 0632,Dinagat Islands,11014,168,389,0,43,833,0,782,0,11,906,0,0
2nd Quarter 2025,Synthetic,Risk Factor SC synthetic row 0633,City of Mandaluyong,11493,0,390,0,495,464,441,262,380,0,0,445,397
3rd Quarter 2025,Synthetic,Risk Factor SC synthetic row 0634,Zamboanga del Sur,9624,129,467,106,486,335,92,0,8,0,248,108,0
1st Quarter 2025,Synthetic,Risk Factor SC synthetic row 0635,City of Valenzuela,8925,63,0,0,6,0,50,0,12,359,301,81,116
1st Quarter 2025,Synthetic,Risk Factor SC synthetic row 0636,City of Naga,9584,242,0,178,93,33,747,256,172,531,0,0,0
2nd Quarter 2025,Synthetic,Risk Factor SC synthetic row 0637,Samar,14682,445,2600,0,450,153,80,190,0,729,483,0,171
2nd Quarter 2025,Synthetic,Risk Factor SC synthetic row 0638,Zamboanga del Sur,9078,12,1225,118,1016,392,243,632,360,114,0,76,0
2nd Quarter 2025,Synthetic,Risk Factor SC synthetic row 0639,City of Cebu,11880,359,44,504,1102,4291,734,1287,3819,645,990,0,491
2nd Quarter 2025,Synthetic,Risk Factor SC synthetic row 0640,City of Lapu-Lapu,9839,312,106,515,906,32,1012,2160,1193,4825,88,0,577
2nd Quarter 2025,Synthetic,Risk Factor SC synthetic row 0641,Nueva Ecija,38492,176,0,376,0,0,878,692,377,1794,1693,460,246
1st Quarter 2025,Synthetic,Risk Factor SC synthetic row 0642,Quezon City,102349,0,623,0,2384,0,357,0,823,0,0,312,0
3rd Quarter 2025,Synthetic,Risk Factor SC synthetic row 0643,Bulacan,74950,2085,3477,2469,7126,4104,2905,0,2813,0,5260,1286,1816
1st Quarter 2025,Synthetic,Risk Factor SC synthetic row 0644,Region 4B,34797,385,5150,235,2303,0,1102,1530,724,815,1142,753,1495
1st Quarter 2025,Synthetic,Risk Factor SC synthetic row 0645,Zamboanga del Sur,20522,565,0,711,2304,1232,648,0,710,0,550,489,44
2nd Quarter 2025,Synthetic,Risk Factor SC synthetic row 0646,City of Las Piñas,4848,14,351,206,300,984,674,0,355,0,637,271,220
3rd Quarter 2025,Synthetic,Risk Factor SC synthetic row 0647,Sarangani,11077,451,713,0,347,187,0,0,343,121,333,371,0
3rd Quarter 2025,Synthetic,Risk Factor SC synthetic row 0648,Surigao del Sur,11316,212,0,679,409,1546,865,9,81,434,822,258,0
3rd Quarter 2025,Synthetic,Risk Factor SC synthetic row 0649,Tawi-Tawi,964,0,859,3,0,0,202,964,39,60,2,11,27
1st Quarter 2025,Synthetic,Risk Factor SC synthetic row 0650,Zambales,8634,149,340,12,332,29,64,56,0,387,63,0,91
2nd Quarter 2025,Synthetic,Risk Factor SC synthetic row 0651,Basilan,2300,0,14,0,2000,30,25,0,10,0,73,6,56
2nd Quarter 2025,Synthetic,Risk Factor SC synthetic row 0652,Negros Occidental,38370,0,0,0,277,0,1294,0,458,2095,1155,0,0
1st Quarter 2025,Synthetic,Risk Factor SC synthetic row 0653,City of Marikina,2452,16,129,2,148,25,311,0,198,419,0,32,116
1st Quarter 2025,Synthetic,Risk Factor SC synthetic row 0654,Siquijor,4517,82,238,132,511,28,0,0,0,661,257,9,11
1st Quarter 2025,Synthetic,Risk Factor SC synthetic row 0655,Samar,9098,40,136,16,0,0,20,0,0,0,101,0,49
1st Quarter 2025,Synthetic,Risk Factor SC synthetic row 0656,Aurora,3235,63,0,101,31,0,0,551,254,199,114,0,129
1st Quarter 2025,Synthetic,Risk Factor SC synthetic row 0657,Batangas,24666,311,1789,1164,6125,579,1348,1540,0,342,2152,2024,3358
3rd Quarter 2025,Synthetic,Risk Factor SC synthetic row 0658,Capiz,21246,444,1482,315,1453,969,964,166,295,0,305,137,520
2nd Quarter 2025,Synthetic,Risk Factor SC synthetic row 0659,City of Davao,10846,549,325,164,831,3578,0,2154,586,850,46,0,65
3rd Quarter 2025,Synthetic,Risk Factor SC synthetic row 0660,Capiz,29477,0,955,101,855,1274,0,906,1088,1035,213,303,164
1st Quarter 2025,Synthetic,Risk Factor SC synthetic row 0661,Tarlac,81713,0,1962,1443,563,0,1188,498,0,0,1346,1422,397
2nd Quarter 2025,Synthetic,Risk Factor SC synthetic row 0662,Davao del Norte,8712,0,396,0,45,2204,715,1900,161,0,546,6,112
2nd Quarter 2025,Synthetic,Risk Factor SC synthetic row 0663,Pasay City,3830,28,4,0,0,45,0,0,69,69,0,57,38
3rd Quarter 2025,Synthetic,Risk Factor SC synthetic row 0664,Ilocos Sur,22459,398,383,0,696,140,41,131,0,1869,759,193,0
1st Quarter 2025,Synthetic,Risk Factor SC synthetic row 0665,Bohol,30232,5439,1946,220,2937,2305,0,157,2264,646,64,6891,427
3rd Quarter 2025,Synthetic,Risk Factor SC synthetic row 0666,City of San Juan,2084,4,0,0,87,128,56,11,18,13,439,0,0
3rd Quarter 2025,Synthetic,Risk Factor SC synthetic row 0667,City of Zamboanga,3763,11,399,54,16,35,6,80,54,146,0,94,33
2nd Quarter 2025,Synthetic,Risk Factor SC synthetic row 0668,Pampanga,52009,1072,893,0,0,888,190,2024,575,622,0,60,557
1st Quarter 2025,Synthetic,Risk Factor SC synthetic row 0669,Rizal,9555,0,343,302,570,213,38,120,0,22,931,130,790
1st Quarter 2025,Synthetic,Risk Factor SC synthetic row 0670,Lanao del Norte,5562,59,0,41,209,0,30,394,302,282,57,62,0
2nd Quarter 2025,Synthetic,Risk Factor SC synthetic row 0671,City of Parañaque,10517,14,48,4,118,105,69,135,49,3,129,0,47
3rd Quarter 2025,Synthetic,Risk Factor SC synthetic row 0672,Pangasinan,49898,402,49898,2605,2643,206,26,355,602,5228,0,0,0
2nd Quarter 2025,Synthetic,Risk Factor SC synthetic row 0673,Negros Occidental,78354,0,169,2428,8383,109,0,1620,0,5733,2517,0,2040
2nd Quarter 2025,Synthetic,Risk Factor SC synthetic row 0674,Leyte,12254,183,0,171,133,310,12,0,523,0,0,13,253
1st Quarter 2025,Synthetic,Risk Factor SC synthetic row 0675,City of Dagupan,2715,31,71,0,206,0,5,34,22,25,15,31,0
1st Quarter 2025,Synthetic,Risk Factor SC synthetic row 0676,Bataan,45538,220,0,415,1338,173,307,328,0,0,1563,554,269
1st Quarter 2025,Synthetic,Risk Factor SC synthetic row 0677,Special Geographic Area (SGA),8402,37,8402,166,0,230,130,4,0,262,258,8402,152
2nd Quarter 2025,Synthetic,Risk Factor SC synthetic row 0678,Negros Occidental,73382,796,9924,0,2463,611,0,516,382,1707,3677,0,1027
3rd Quarter 2025,Synthetic,Risk Factor SC synthetic row 0679,Sulu,8128,185,866,0,0,95,0,2,78,800,360,3,0
1st Quarter 2025,Synthetic,Risk Factor SC synthetic row 0680,Benguet,8553,2,364,74,257,0,0,56,120,611,0,106,54
1st Quarter 2025,Synthetic,Risk Factor SC synthetic row 0681,Region 7,1,0,0,0,0,0,1,0,0,0,0,0,0
1st Quarter 2025,Synthetic,Risk Factor SC synthetic row 0682,Pampanga,46451,719,766,0,1098,0,164,1522,611,374,1129,0,543
3rd Quarter 2025,Synthetic,Risk Factor SC synthetic row 0683,Davao de Oro,17535,0,671,109,754,1171,721,1171,0,680,3081,240,0
3rd Quarter 2025,Synthetic,Risk Factor SC synthetic row 0684,City of Iligan,7685,6,12,298,379,494,575,17,433,32,133,0,0
2nd Quarter 2025,Synthetic,Risk Factor SC synthetic row 0685,Laguna,8937,80,0,485,324,7,8,575,33,1671,196,1576,1043
3rd Quarter 2025,Synthetic,Risk Factor SC synthetic row 0686,Sultan Kudarat,14066,306,0,124,618,0,35,0,0,544,329,181,6
1st Quarter 2025,Synthetic,Risk Factor SC synthetic row 0687,City of Butuan,7236,87,111,52,256,56,72,47,95,270,652,0,60
3rd Quarter 2025,Synthetic,Risk Factor SC synthetic row 0688,Region 3,228522,7360,0,0,9473,4042,2463,7275,1262,2501,2064,4202,1470
1st Quarter 2025,Synthetic,Risk Factor SC synthetic row 0689,Maguindanao del Sur,4796,102,4417,48,29,58,51,15,35,287,4796,18,0
3rd Quarter 2025,Synthetic,Risk Factor SC synthetic row 0690,Quirino,6179,74,359,0,93,354,257,308,379,314,149,0,6
1st Quarter 2025,Synthetic,Risk Factor SC synthetic row 0691,Southern Leyte,17518,0,0,91,69,194,145,164,387,1283,337,149,0
1st Quarter 2025,Synthetic,Risk Factor SC synthetic row 0692,City of General Santos,3438,30,33,70,4,242,125,0,146,0,0,802,241
2nd Quarter 2025,Synthetic,Risk Factor SC synthetic row 0693,CAR,50950,1553,2399,849,2829,51,17,30,0,6817,6094,578,4805
3rd Quarter 2025,Synthetic,Risk Factor SC synthetic row 0694,Antique,12848,70,940,278,420,0,0,0,98,566,0,62,140
3rd Quarter 2025,Synthetic,Risk Factor SC synthetic row 0695,Region 6,158462,4865,1886,0,3379,0,3422,0,0,883,3610,1394,1895
3rd Quarter 2025,Synthetic,Risk Factor SC synthetic row 0696,City of San Juan,2087,29,0,15,12,10,39,0,63,32,0,0,0
1st Quarter 2025,Synthetic,Risk Factor SC synthetic row 0697,Region 11,93795,3431,11621,6537,14644,23830,0,0,13036,14969,13501,422,0
2nd Quarter 2025,Synthetic,Risk Factor SC synthetic row 0698,Isabela,79713,2815,6467,1330,4059,8444,841,3529,7627,555,1338,2124,0
1st Quarter 2025,Synthetic,Risk Factor SC synthetic row 0699,City of Isabela,2098,49,313,0,155,38,0,128,69,87,19,0,10
3rd Quarter 2025,Synthetic,Risk Factor SC synthetic row 0700,City of Dagupan,4004,10,35,157,267,0,17,0,12,0,0,31,0
2nd Quarter 2025,Synthetic,Risk Factor SC synthetic row 0701,Romblon,4230,585,298,143,279,68,94,75,47,1943,0,337,279
3rd Quarter 2025,Synthetic,Risk Factor SC synthetic row 0702,Rizal,10550,312,371,208,294,0,639,135,168,482,769,0,0
3rd Quarter 2025,Synthetic,Risk Factor SC synthetic row 0703,South Cotabato,13266,341,0,7,19,159,0,0,169,1124,313,139,40
1st Quarter 2025,Synthetic,Risk Factor SC synthetic row 0704,Albay,13091,172,722,62,37,203,0,0,64,790,43,0,108
2nd Quarter 2025,Synthetic,Risk Factor SC synthetic row 0705,Pangasinan,1,1,0,0,0,0,0,0,0,1,0,0,0
2nd Quarter 2025,Synthetic,Risk Factor SC synthetic row 0706,Biliran,1662,26,89,0,99,33,3,177,107,34,62,12,0
3rd Quarter 2025,Synthetic,Risk Factor SC synthetic row 0707,Cotabato,11072,0,0,82,1095,34,0,0,89,129,0,0,0
1st Quarter 2025,Synthetic,Risk Factor SC synthetic row 0708,City of Angeles,12006,332,616,0,739,646,0,0,0,122,285,0,68
1st Quarter 2025,Synthetic,Risk Factor SC synthetic row 0709,Region 9,36844,682,3586,928,2440,1943,531,1477,1753,949,0,260,425
2nd Quarter 2025,Synthetic,Risk Factor SC synthetic row 0710,Isabela,49998,1339,5306,0,2966,0,3285,7277,1641,1255,725,0,787
1st Quarter 2025,Synthetic,Risk Factor SC synthetic row 0711,Davao Oriental,21007,793,1808,1851,0,5524,5417,6096,5630,0,0,183,367
1st Quarter 2025,Synthetic,Risk Factor SC synthetic row 0712,Southern Leyte,20792,214,0,173,270,0,65,179,313,1277,231,250,0
3rd Quarter 2025,Synthetic,Risk Factor SC synthetic row 0713,Davao del Norte,19599,185,2246,124,793,0,1308,4251,0,4936,0,291,0
3rd Quarter 2025,Synthetic,Risk Factor SC synthetic row 0714,Romblon,837,28,0,0,190,36,0,12,8,70,20,0,12
2nd Quarter 2025,Synthetic,Risk Factor SC synthetic row 0715,Ilocos Sur,9134,254,6,23,372,0,47,0,27,1005,437,0,0
1st Quarter 2025,Synthetic,Risk Factor SC synthetic row 0716,Davao de Oro,9937,116,1059,509,1348,0,447,634,2685,7,1340,195,122
1st Quarter 2025,Synthetic,Risk Factor SC synthetic row 0717,City of Malabon,2718,130,105,170,171,106,3,34,0,0,19,0,0
1st Quarter 2025,Synthetic,Risk Factor SC synthetic row 0718,Batangas,8409,70,530,296,101,333,327,556,280,963,763,0,1392
2nd Quarter 2025,Synthetic,Risk Factor SC synthetic row 0719,Batanes,847,21,32,0,39,73,26,11,38,2,69,15,0
2nd Quarter 2025,Synthetic,Risk Factor SC synthetic row 0720,Region 7,52509,0,129,0,3400,561,2168,0,3532,7841,0,1376,1399
3rd Quarter 2025,Synthetic,Risk Factor SC synthetic row 0721,City of Puerto Princesa,1161,38,73,7,71,32,0,15,26,7,276,76,117
2nd Quarter 2025,Synthetic,Risk Factor SC synthetic row 0722,City of General Santos,2528,36,16,92,27,0,0,18,0,0,102,216,505
3rd Quarter 2025,Synthetic,Risk Factor SC synthetic row 0723,Aklan,5916,0,301,53,116,197,92,134,92,0,35,158,37
2nd Quarter 2025,Synthetic,Risk Factor SC synthetic row 0724,Quirino,9378,157,251,35,0,0,457,318,361,0,129,163,46
1st Quarter 2025,Synthetic,Risk Factor SC synthetic row 0725,Batanes,1026,15,0,63,122,80,0,114,59,71,17,18,23
1st Quarter 2025,Synthetic,Risk Factor SC synthetic row 0726,Quirino,8344,60,459,134,0,343,224,539,0,432,95,9,22
2nd Quarter 2025,Synthetic,Risk Factor SC synthetic row 0727,Sulu,1096,59,131,0,1096,0,0,0,5,1066,18,0,18
2nd Quarter 2025,Synthetic,Risk Factor SC synthetic row 0728,Cagayan,32735,60,98,709,5279,2373,2632,4075,439,1256,1198,0,268
3rd Quarter 2025,Synthetic,Risk Factor SC synthetic row 0729,Quezon,12543,359,140,0,0,0,956,799,14,1547,1297,169,0
2nd Quarter 2025,Synthetic,Risk Factor SC synthetic row 0730,Kalinga,15612,342,1344,185,1502,26,62,365,151,0,293,630,27
2nd Quarter 2025,Synthetic,Risk Factor SC synthetic row 0731,City of Iloilo,19920,255,442,346,556,0,0,0,0,185,330,0,0
1st Quarter 2025,Synthetic,Risk Factor SC synthetic row 0732,Aklan,10971,219,395,92,0,433,0,136,255,26,641,74,0
1st Quarter 2025,Synthetic,Risk Factor SC synthetic row 0733,Region 1,54483,2280,4725,621,4268,0,199,544,0,0,4939,317,0
3rd Quarter 2025,Synthetic,Risk Factor SC synthetic row 0734,City of Lapu-Lapu,10301,557,468,48,1013,628,1228,1745,37,433,365,278,89
1st Quarter 2025,Synthetic,Risk Factor SC synthetic row 0735,Davao del Norte,22515,850,2769,892,287,1423,4326,5088,0,6297,116,0,0
2nd Quarter 2025,Synthetic,Risk Factor SC synthetic row 0736,Region 6,117637,0,7494,1864,5492,3426,622,1895,0,4329,3738,0,0
3rd Quarter 2025,Synthetic,Risk Factor SC synthetic row 0737,Laguna,8994,222,681,318,236,1247,102,0,269,1548,141,83,958
1st Quarter 2025,Synthetic,Risk Factor SC synthetic row 0738,Quezon City,11656,103,1,334,37,0,0,64,194,0,0,313,0
1st Quarter 2025,Synthetic,Risk Factor SC synthetic row 0739,Agusan del Norte,16426,0,1343,714,2124,2186,1004,1,1801,1630,1071,812,0
1st Quarter 2025,Synthetic,Risk Factor SC synthetic row 0740,Palawan,6160,0,731,33,398,0,299,5,145,165,319,209,247
2nd Quarter 2025,Synthetic,Risk Factor SC synthetic row 0741,Surigao del Sur,21757,1186,703,1586,22,188,2013,1187,797,0,0,675,437
2nd Quarter 2025,Synthetic,Risk Factor SC synthetic row 0742,BARMM,30367,560,2427,30367,303,0,26424,90,39,2373,982,30367,0
1st Quarter 2025,Synthetic,Risk Factor SC synthetic row 0743,Oriental Mindoro,14713,111,2139,590,1700,236,326,563,779,0,801,542,353
3rd Quarter 2025,Synthetic,Risk Factor SC synthetic row 0744,Bulacan,9234,55,97,147,675,103,0,209,44,274,0,14,244
2nd Quarter 2025,Synthetic,Risk Factor SC synthetic row 0745,City of Muntinlupa,4217,91,7,35,0,32,3,12,0,14,762,51,0
1st Quarter 2025,Synthetic,Risk Factor SC synthetic row 0746,Occidental Mindoro,4929,118,692,230,653,0,489,285,0,228,0,34,60
2nd Quarter 2025,Synthetic,Risk Factor SC synthetic row 0747,Quezon,10974,817,1750,21,1401,347,1206,0,643,1322,910,0,0
2nd Quarter 2025,Synthetic,Risk Factor SC synthetic row 0748,Aurora,8859,372,691,308,978,141,208,748,881,560,127,445,324
1st Quarter 2025,Synthetic,Risk Factor SC synthetic row 0749,Agusan del Sur,8179,267,565,348,0,377,389,267,135,434,195,55,15
1st Quarter 2025,Synthetic,Risk Factor SC synthetic row 0750,Sultan Kudarat,15044,210,61,5,407,72,144,28,0,374,166,125,0
3rd Quarter 2025,Synthetic,Risk Factor SC synthetic row 0751,Davao Occidental,3317,54,210,203,162,2,215,701,20,242,4,53,65
3rd Quarter 2025,Synthetic,Risk Factor SC synthetic row 0752,City of Caloocan,23669,0,0,0,506,1759,0,0,0,1074,75,0,0
1st Quarter 2025,Synthetic,Risk Factor SC synthetic row 0753,Ilocos Sur,21946,0,657,140,852,273,221,0,0,1746,1198,124,0
1st Quarter 2025,Synthetic,Risk Factor SC synthetic row 0754,Negros Occidental,35822,1333,355,0,0,140,0,231,0,784,1560,0,2
1st Quarter 2025,Synthetic,Risk Factor SC synthetic row 0755,Davao Occidental,6698,134,936,0,980,0,1083,1560,1059,172,632,0,9
2nd Quarter 2025,Synthetic,Risk Factor SC synthetic row 0756,Quezon,8015,0,477,142,1090,443,913,549,895,102,1057,0,0
3rd Quarter 2025,Synthetic,Risk Factor SC synthetic row 0757,Camiguin,788,0,1,0,0,13,1,1,0,0,0,6,15
2nd Quarter 2025,Synthetic,Risk Factor SC synthetic row 0758,Caraga,1,0,0,0,0,0,0,0,0,0,0,0,0
2nd Quarter 2025,Synthetic,Risk Factor SC synthetic row 0759,Mountain Province,8363,0,461,104,577,0,107,26,3,1244,598,1385,340
2nd Quarter 2025,Synthetic,Risk Factor SC synthetic row 0760,Biliran,1272,9,17,68,90,0,70,14,45,117,8,8,0
3rd Quarter 2025,Synthetic,Risk Factor SC synthetic row 0761,Nueva Ecija,11217,345,1040,202,1046,415,259,441,59,410,98,145,0
2nd Quarter 2025,Synthetic,Risk Factor SC synthetic row 0762,Abra,9382,438,336,89,766,0,2,13,0,585,792,12,752
3rd Quarter 2025,Synthetic,Risk Factor SC synthetic row 0763,Eastern Samar,10193,0,88,433,3,0,0,0,150,81,569,0,73
3rd Quarter 2025,Synthetic,Risk Factor SC synthetic row 0764,CAR,58104,632,3800,1964,1158,359,1101,0,0,0,0,4445,5671
3rd Quarter 2025,Synthetic,Risk Factor SC synthetic row 0765,Davao Oriental,14207,233,1279,484,1119,2354,0,2666,4597,206,213,355,247
2nd Quarter 2025,Synthetic,Risk Factor SC synthetic row 0766,CAR,95493,1656,1375,1247,6780,1598,0,0,134,668,0,314,4172
3rd Quarter 2025,Synthetic,Risk Factor SC synthetic row 0767,City of Butuan,3763,97,216,187,212,66,0,0,127,448,67,0,20
3rd Quarter 2025,Synthetic,Risk Factor SC synthetic row 0768,Camarines Norte,7018,1720,2544,0,1771,235,26,239,31,70,1606,97,63
1st Quarter 2025,Synthetic,Risk Factor SC synthetic row 0769,Lanao del Norte,9160,180,0,0,0,546,0,41,59,426,293,0,0
2nd Quarter 2025,Synthetic,Risk Factor SC synthetic row 0770,Agusan del Sur,12458,224,39,0,579,791,0,910,676,253,199,15,166
3rd Quarter 2025,Synthetic,Risk Factor SC synthetic row 0771,City of Malabon,8457,93,92,0,0,50,89,0,0,49,479,14,0
1st Quarter 2025,Synthetic,Risk Factor SC synthetic row 0772,City of Muntinlupa,2822,1,38,0,36,3,48,0,0,895,5,20,25
3rd Quarter 2025,Synthetic,Risk Factor SC synthetic row 0773,Camiguin,1610,0,16,39,3,21,7,5,0,0,0,0,8
1st Quarter 2025,Synthetic,Risk Factor SC synthetic row 0774,Quezon City,9468,0,0,0,120,14,108,41,29,140,97,25,35
1st Quarter 2025,Synthetic,Risk Factor SC synthetic row 0775,Bataan,9369,0,132,78,87,0,6,178,8,271,461,0,83
2nd Quarter 2025,Synthetic,Risk Factor SC synthetic row 0776,City of Santiago,9525,348,72,184,1165,746,549,467,634,265,610,0,0
3rd Quarter 2025,Synthetic,Risk Factor SC synthetic row 0777,NIR,1,0,0,0,0,0,0,0,0,0,0,0,0
3rd Quarter 2025,Synthetic,Risk Factor SC synthetic row 0778,Region 4B,17481,230,136,0,2769,117,343,618,535,2374,745,0,547
1st Quarter 2025,Synthetic,Risk Factor SC synthetic row 0779,City of Cagayan De Oro,4706,176,0,18,369,19,0,24,0,315,0,0,0
3rd Quarter 2025,Synthetic,Risk Factor SC synthetic row 0780,City of Baguio,9587,169,35,98,463,0,0,168,0,0,0,418,167
2nd Quarter 2025,Synthetic,Risk Factor SC synthetic row 0781,Ilocos Norte,9286,1,272,143,240,213,0,0,224,241,583,186,0
3rd Quarter 2025,Synthetic,Risk Factor SC synthetic row 0782,Region 4B,1,0,0,0,0,0,0,0,0,0,0,0,0
1st Quarter 2025,Synthetic,Risk Factor SC synthetic row 0783,City of Bacolod,1861,65,88,22,214,3,15,0,0,222,17,0,0
3rd Quarter 2025,Synthetic,Risk Factor SC synthetic row 0784,Davao Occidental,5904,316,246,284,0,1020,1110,1406,1062,385,193,63,0
1st Quarter 2025,Synthetic,Risk Factor SC synthetic row 0785,Southern Leyte,18507,392,332,357,0,0,0,263,0,523,0,0,0
3rd Quarter 2025,Synthetic,Risk Factor SC synthetic row 0786,Region 2,80772,1759,8437,490,7195,7674,0,8041,6217,6252,781,1225,1819
1st Quarter 2025,Synthetic,Risk Factor SC synthetic row 0787,City of Taguig,17739,97,0,949,1107,173,0,279,0,9,176,69,0
3rd Quarter 2025,Synthetic,Risk Factor SC synthetic row 0788,Pasay City,4046,58,7,45,0,41,0,45,7,12,12,119,32
1st Quarter 2025,Synthetic,Risk Factor SC synthetic row 0789,Batangas,53864,162,0,0,14531,3371,2501,230,186,0,0,4308,0
2nd Quarter 2025,Synthetic,Risk Factor SC synthetic row 0790,Rizal,9140,0,0,167,679,180,431,115,99,340,872,0,0
1st Quarter 2025,Synthetic,Risk Factor SC synthetic row 0791,Zambales,8281,161,61,7,318,30,120,0,82,250,63,34,115
1st Quarter 2025,Synthetic,Risk Factor SC synthetic row 0792,City of Lapu-Lapu,11219,0,1046,208,424,0,1282,625,539,5920,54,180,429
2nd Quarter 2025,Synthetic,Risk Factor SC synthetic row 0793,Camarines Norte,10718,1829,469,199,2126,26,146,652,81,7748,2731,80,0
1st Quarter 2025,Synthetic,Risk Factor SC synthetic row 0794,Dinagat Islands,1462,34,61,51,93,0,28,0,15,0,124,11,5
1st Quarter 2025,Synthetic,Risk Factor SC synthetic row 0795,Sarangani,6361,10,0,59,312,112,0,2,181,24,0,50,157
3rd Quarter 2025,Synthetic,Risk Factor SC synthetic row 0796,Davao Oriental,10101,0,28,905,1409,1430,2212,2894,0,0,191,255,167
2nd Quarter 2025,Synthetic,Risk Factor SC synthetic row 0797,Region 12,75942,844,3131,724,697,758,0,1159,0,4284,3590,3678,2911
2nd Quarter 2025,Synthetic,Risk Factor SC synthetic row 0798,Dinagat Islands,9595,329,296,0,40,66,54,824,9,100,230,0,0
3rd Quarter 2025,Synthetic,Risk Factor SC synthetic row 0799,Kalinga,14891,250,1145,361,886,184,0,114,140,1407,1553,1654,1486
1st Quarter 2025,Synthetic,Risk Factor SC synthetic row 0800,Guimaras,75069,501,759,1587,1629,0,357,0,111,0,5593,1407,878
2nd Quarter 2025,Synthetic,Risk Factor SC synthetic row 0801,Dinagat Islands,1666,60,58,31,73,0,7,0,8,30,128,16,12
1st Quarter 2025,Synthetic,Risk Factor SC synthetic row 0802,CAR,56065,0,651,1240,4415,0,0,245,394,7886,0,0,1420
3rd Quarter 2025,Synthetic,Risk Factor SC synthetic row 0803,Zamboanga Sibugay,11944,281,1135,337,606,157,34,31,300,0,195,0,304
1st Quarter 2025,Synthetic,Risk Factor SC synthetic row 0804,Samar,12577,790,787,695,519,0,0,0,92,148,127,19,0
2nd Quarter 2025,Synthetic,Risk Factor SC synthetic row 0805,Caraga,92474,2865,7153,3509,4541,4750,581,7207,5193,7007,1582,3529,70
1st Quarter 2025,Synthetic,Risk Factor SC synthetic row 0806,Pateros,1294,6,0,0,1,26,10,14,26,45,0,0,38
3rd Quarter 2025,Synthetic,Risk Factor SC synthetic row 0807,Negros Oriental,7584,263,548,101,958,195,489,51,80,0,451,480,179
3rd Quarter 2025,Synthetic,Risk Factor SC synthetic row 0808,Pampanga,9114,35,555,181,0,305,145,60,298,255,88,118,80
3rd Quarter 2025,Synthetic,Risk Factor SC synthetic row 0809,Eastern Samar,9069,12,238,359,411,4,0,0,0,231,312,125,99
3rd Quarter 2025,Synthetic,Risk Factor SC synthetic row 0810,Bohol,14807,0,1088,741,5694,1034,168,1270,441,1176,4295,567,1999
1st Quarter 2025,Synthetic,Risk Factor SC synthetic row 0811,Cagayan,27260,196,3688,1060,2687,2372,1809,2696,2196,1784,86,442,844
3rd Quarter 2025,Synthetic,Risk Factor SC synthetic row 0812,Camarines Norte,11379,0,146,1894,549,125,583,252,190,674,4651,495,0
3rd Quarter 2025,Synthetic,Risk Factor SC synthetic row 0813,Surigao del Norte,12784,125,859,99,34,202,533,0,342,472,842,628,284
2nd Quarter 2025,Synthetic,Risk Factor SC synthetic row 0814,City of Pasig,9338,114,264,0,339,0,6,140,104,1366,1317,0,57
3rd Quarter 2025,Synthetic,Risk Factor SC synthetic row 0815,City of Baguio,11693,137,199,64,634,37,0,61,190,974,2227,105,0
2nd Quarter 2025,Synthetic,Risk Factor SC synthetic row 0816,Region 2,99808,5505,8113,1173,2239,7248,641,8383,7936,4872,769,0,286
2nd Quarter 2025,Synthetic,Risk Factor SC synthetic row 0817,Zamboanga del Norte,7840,65,609,165,541,876,508,684,18,161,0,86,53
2nd Quarter 2025,Synthetic,Risk Factor SC synthetic row 0818,Region 12,41867,425,1750,245,2794,0,223,620,0,1794,985,2688,798
2nd Quarter 2025,Synthetic,Risk Factor SC synthetic row 0819,Region 4B,39619,7,2696,646,0,1596,1770,1295,611,2057,0,31,928
1st Quarter 2025,Synthetic,Risk Factor SC synthetic row 0820,Bataan,10036,39,524,127,352,250,107,0,0,0,152,0,0
1st Quarter 2025,Synthetic,Risk Factor SC synthetic row 0821,Capiz,10312,267,821,115,152,543,0,280,462,383,0,239,175
3rd Quarter 2025,Synthetic,Risk Factor SC synthetic row 0822,Pampanga,52434,900,2631,349,873,1404,1047,2254,1793,1498,0,0,0
1st Quarter 2025,Synthetic,Risk Factor SC synthetic row 0823,City of Cagayan De Oro,4349,0,0,102,72,41,3,0,68,0,138,26,15
3rd Quarter 2025,Synthetic,Risk Factor SC synthetic row 0824,Davao Oriental,10051,492,1109,845,1409,2951,843,2781,2802,194,84,21,115
2nd Quarter 2025,Synthetic,Risk Factor SC synthetic row 0825,Albay,12484,111,111,0,239,894,65,878,481,200,581,35,0
2nd Quarter 2025,Synthetic,Risk Factor SC synthetic row 0826,Davao Oriental,22448,511,3777,729,3587,0,305,245,4501,443,232,430,68
2nd Quarter 2025,Synthetic,Risk Factor SC synthetic row 0827,Aklan,9560,409,182,104,161,0,0,75,924,748,0,94,0
3rd Quarter 2025,Synthetic,Risk Factor SC synthetic row 0828,City of Mandaue,3076,61,44,57,172,0,53,161,2,7,0,10,0
3rd Quarter 2025,Synthetic,Risk Factor SC synthetic row 0829,Region 2,102642,4854,0,3981,8406,7647,7769,0,6554,3063,3182,0,1005
2nd Quarter 2025,Synthetic,Risk Factor SC synthetic row 0830,City of Valenzuela,11557,0,0,0,0,0,53,7,0,517,56,113,90
1st Quarter 2025,Synthetic,Risk Factor SC synthetic row 0831,Region 12,36378,152,667,0,2555,0,175,490,0,1362,1240,961,270
3rd Quarter 2025,Synthetic,Risk Factor SC synthetic row 0832,Pampanga,44429,554,1303,0,2402,1387,507,1794,652,408,236,194,415
1st Quarter 2025,Synthetic,Risk Factor SC synthetic row 0833,City of Angeles,4198,0,244,67,0,48,17,33,125,164,7,3,69
1st Quarter 2025,Synthetic,Risk Factor SC synthetic row 0834,Zambales,10060,434,57,288,180,0,0,0,0,174,136,43,0
2nd Quarter 2025,Synthetic,Risk Factor SC synthetic row 0835,City of Iligan,10227,0,22,322,128,0,0,776,0,53,34,8,103
3rd Quarter 2025,Synthetic,Risk Factor SC synthetic row 0836,Davao Oriental,10123,417,583,0,1716,2585,1097,43,2930,32,88,109,16
1st Quarter 2025,Synthetic,Risk Factor SC synthetic row 0837,Davao del Norte,22122,985,1992,167,2898,6182,1085,2052,1812,1592,4176,313,375
3rd Quarter 2025,Synthetic,Risk Factor SC synthetic row 0838,Isabela,111542,3963,10056,3049,1177,5083,344,13740,8802,3716,3485,137,600
2nd Quarter 2025,Synthetic,Risk Factor SC synthetic row 0839,Pateros,8679,0,52,60,0,0,0,0,0,0,0,144,0
1st Quarter 2025,Synthetic,Risk Factor SC synthetic row 0840,Northern Samar,5244,105,664,51,0,76,21,0,65,0,127,61,0
2nd Quarter 2025,Synthetic,Risk Factor SC synthetic row 0841,Nueva Vizcaya,9135,200,498,0,275,372,225,0,262,245,0,277,0
1st Quarter 2025,Synthetic,Risk Factor SC synthetic row 0842,City of Navotas,9877,125,425,185,527,0,976,821,897,488,552,1154,538
2nd Quarter 2025,Synthetic,Risk Factor SC synthetic row 0843,Batanes,9488,0,159,383,0,310,356,0,0,293,678,10,51
1st Quarter 2025,Synthetic,Risk Factor SC synthetic row 0844,Camiguin,10923,0,0,0,890,14,177,0,145,6,68,8,0
1st Quarter 2025,Synthetic,Risk Factor SC synthetic row 0845,Sulu,1,0,1,0,1,0,0,0,0,0,0,0,0
3rd Quarter 2025,Synthetic,Risk Factor SC synthetic row 0846,Bataan,20505,0,612,341,4,0,0,224,0,159,192,0,31
2nd Quarter 2025,Synthetic,Risk Factor SC synthetic row 0847,Benguet,8292,0,260,112,282,3,8,62,0,1413,937,846,585
1st Quarter 2025,Synthetic,Risk Factor SC synthetic row 0848,Palawan,5362,168,466,34,0,0,0,64,247,67,52,65,0
2nd Quarter 2025,Synthetic,Risk Factor SC synthetic row 0849,NIR,43965,1698,1096,1098,4804,12,837,0,0,3057,2385,227,0
3rd Quarter 2025,Synthetic,Risk Factor SC synthetic row 0850,City of Marikina,1309,16,150,30,103,123,0,8,0,7,115,0,75
3rd Quarter 2025,Synthetic,Risk Factor SC synthetic row 0851,Kalinga,14531,0,587,34,49,0,40,0,0,0,0,0,1358
1st Quarter 2025,Synthetic,Risk Factor SC synthetic row 0852,Caraga,77688,0,2803,4860,3606,5277,1181,8965,3321,3326,2382,577,2163
1st Quarter 2025,Synthetic,Risk Factor SC synthetic row 0853,Davao Oriental,18939,916,1311,1059,2945,112,3444,0,4434,318,0,86,0
3rd Quarter 2025,Synthetic,Risk Factor SC synthetic row 0854,Pampanga,91772,801,0,2305,453,2821,440,2593,1529,0,0,0,1092
1st Quarter 2025,Synthetic,Risk Factor SC synthetic row 0855,Nueva Ecija,44270,1559,3628,0,0,1222,0,1073,650,1821,811,1272,623
2nd Quarter 2025,Synthetic,Risk Factor SC synthetic row 0856,City of Las Piñas,5518,155,48,148,172,0,989,817,400,642,34,21,198
2nd Quarter 2025,Synthetic,Risk Factor SC synthetic row 0857,Iloilo,9355,0,67,65,581,26,0,10,0,158,131,0,163
2nd Quarter 2025,Synthetic,Risk Factor SC synthetic row 0858,City of Iloilo,21405,0,71,123,218,124,231,0,0,241,0,62,0
3rd Quarter 2025,Synthetic,Risk Factor SC synthetic row 0859,Cotabato,13206,91,305,256,142,0,120,50,16,272,544,231,551
3rd Quarter 2025,Synthetic,Risk Factor SC synthetic row 0860,Aurora,2225,56,192,138,126,0,0,40,240,155,154,16,66
2nd Quarter 2025,Synthetic,Risk Factor SC synthetic row 0861,Quezon,12407,681,2461,112,254,0,16,107,1418,1737,528,192,0
2nd Quarter 2025,Synthetic,Risk Factor SC synthetic row 0862,Sultan Kudarat,9354,51,729,17,85,65,6,0,19,338,228,385,248
1st Quarter 2025,Synthetic,Risk Factor SC synthetic row 0863,Misamis Oriental,12963,0,1009,436,787,0,582,145,166,0,18,0,0
1st Quarter 2025,Synthetic,Risk Factor SC synthetic row 0864,Lanao del Sur,23799,0,23799,0,0,21874,22857,1039,749,21014,1403,196,475
3rd Quarter 2025,Synthetic,Risk Factor SC synthetic row 0865,City of Dagupan,2625,17,113,39,47,0,0,33,53,121,13,14,0
1st Quarter 2025,Synthetic,Risk Factor SC synthetic row 0866,City of Las Piñas,11156,136,0,243,0,0,1605,1677,1378,0,1458,310,703
1st Quarter 2025,Synthetic,Risk Factor SC synthetic row 0867,Aklan,9792,0,102,303,194,1260,61,908,209,210,552,0,223
2nd Quarter 2025,Synthetic,Risk Factor SC synthetic row 0868,Occidental Mindoro,4327,254,515,141,312,37,445,1,88,76,100,183,81
1st Quarter 2025,Synthetic,Risk Factor SC synthetic row 0869,Pangasinan,39383,32301,6172,1134,37503,279,400,398,143,187,3566,0,21
2nd Quarter 2025,Synthetic,Risk Factor SC synthetic row 0870,Aklan,10761,16,2,272,816,579,328,192,0,168,562,0,128
1st Quarter 2025,Synthetic,Risk Factor SC synthetic row 0871,Camarines Sur,17912,178,0,176,1126,2047,0,1200,681,1751,1307,657,130
2nd Quarter 2025,Synthetic,Risk Factor SC synthetic row 0872,Camiguin,864,0,6,15,0,0,3,0,0,0,11,0,0
1st Quarter 2025,Synthetic,Risk Factor SC synthetic row 0873,Region 4B,30634,314,3652,268,1,545,0,934,666,0,2339,204,647
2nd Quarter 2025,Synthetic,Risk Factor SC synthetic row 0874,Region 12,37931,357,3858,0,864,0,0,965,134,2160,1924,104,91
1st Quarter 2025,Synthetic,Risk Factor SC synthetic row 0875,City of Olongapo,5907,11,247,25,0,60,0,74,96,121,0,11,15
3rd Quarter 2025,Synthetic,Risk Factor SC synthetic row 0876,Batanes,1043,35,109,92,41,0,7,46,67,37,11,8,19
3rd Quarter 2025,Synthetic,Risk Factor SC synthetic row 0877,South Cotabato,13289,11,965,240,192,14,0,0,0,48,277,35,0
1st Quarter 2025,Synthetic,Risk Factor SC synthetic row 0878,City of General Santos,2072,0,0,76,0,121,58,7,12,0,93,132,543
2nd Quarter 2025,Synthetic,Risk Factor SC synthetic row 0879,City of Olongapo,5461,135,151,103,206,0,64,0,0,0,49,35,114
2nd Quarter 2025,Synthetic,Risk Factor SC synthetic row 0880,Region 4B,35294,0,2544,1583,1913,1069,160,85,59,1973,1167,0,900
1st Quarter 2025,Synthetic,Risk Factor SC synthetic row 0881,Guimaras,34973,0,1753,0,3987,0,240,1528,1147,767,227,0,358
3rd Quarter 2025,Synthetic,Risk Factor SC synthetic row 0882,Davao Occidental,3194,177,395,217,168,635,226,76,191,633,422,0,45
2nd Quarter 2025,Synthetic,Risk Factor SC synthetic row 0883,Cotabato,13605,304,0,210,0,0,57,0,51,607,445,156,47
2nd Quarter 2025,Synthetic,Risk Factor SC synthetic row 0884,City of Marikina,1140,13,100,26,42,186,1,3,77,82,27,7,98
3rd Quarter 2025,Synthetic,Risk Factor SC synthetic row 0885,Zamboanga del Sur,9955,243,1194,198,600,244,203,748,300,524,29,75,26
2nd Quarter 2025,Synthetic,Risk Factor SC synthetic row 0886,City of Angeles,5991,162,63,0,183,0,154,0,86,98,30,129,0
3rd Quarter 2025,Synthetic,Risk Factor SC synthetic row 0887,Camiguin,9670,0,224,332,16,0,22,0,0,35,12,0,129
2nd Quarter 2025,Synthetic,Risk Factor SC synthetic row 0888,Batanes,886,11,59,40,50,25,51,27,0,135,22,16,12
3rd Quarter 2025,Synthetic,Risk Factor SC synthetic row 0889,Lanao del Norte,10813,119,0,171,516,514,459,26,0,97,25,162,0
2nd Quarter 2025,Synthetic,Risk Factor SC synthetic row 0890,Sorsogon,17476,341,1735,464,1410,332,273,83,0,0,1366,0,330
2nd Quarter 2025,Synthetic,Risk Factor SC synthetic row 0891,Quezon City,92228,0,709,168,2439,2993,614,1377,1076,954,126,679,523
2nd Quarter 2025,Synthetic,Risk Factor SC synthetic row 0892,Northern Samar,4092,118,8,243,0,20,34,0,0,0,0,11,2
2nd Quarter 2025,Synthetic,Risk Factor SC synthetic row 0893,Davao Oriental,11664,364,1357,646,1713,69,0,3122,244,211,422,290,160
1st Quarter 2025,Synthetic,Risk Factor SC synthetic row 0894,City of Marikina,2665,138,18,17,152,504,14,262,0,402,0,225,199
3rd Quarter 2025,Synthetic,Risk Factor SC synthetic row 0895,Tarlac,42369,1292,0,0,1542,454,73,337,0,1193,1153,0,356
1st Quarter 2025,Synthetic,Risk Factor SC synthetic row 0896,Zamboanga del Norte,11032,60,601,131,391,1247,865,922,565,35,0,161,1
3rd Quarter 2025,Synthetic,Risk Factor SC synthetic row 0897,City of Butuan,6566,0,0,27,193,0,41,0,189,1073,35,8,85
3rd Quarter 2025,Synthetic,Risk Factor SC synthetic row 0898,Zamboanga Sibugay,7556,310,487,55,530,4,0,14,259,303,239,172,151
1st Quarter 2025,Synthetic,Risk Factor SC synthetic row 0899,City of Makati,8967,85,453,90,154,0,1252,475,9,556,2038,0,1564
1st Quarter 2025,Synthetic,Risk Factor SC synthetic row 0900,City of Lucena,2211,0,240,0,101,0,0,94,0,231,49,0,216
2nd Quarter 2025,Synthetic,Risk Factor SC synthetic row 0901,City of Olongapo,4751,50,81,0,61,13,17,102,9,84,0,0,0
3rd Quarter 2025,Synthetic,Risk Factor SC synthetic row 0902,Negros Oriental,20008,540,2308,821,2164,2236,336,0,0,1504,0,758,99
1st Quarter 2025,Synthetic,Risk Factor SC synthetic row 0903,Camarines Norte,10019,2202,3980,1673,75,456,0,8,0,3941,3624,212,90
2nd Quarter 2025,Synthetic,Risk Factor SC synthetic row 0904,City of Cebu,8811,54,388,135,959,777,3,4390,3484,4579,340,382,341
1st Quarter 2025,Synthetic,Risk Factor SC synthetic row 0905,Region 5,144757,0,16610,2456,12850,6585,5051,6343,5810,19988,0,1031,1464
3rd Quarter 2025,Synthetic,Risk Factor SC synthetic row 0906,Pangasinan,1,0,0,0,0,0,0,0,0,0,0,0,0
2nd Quarter 2025,Synthetic,Risk Factor SC synthetic row 0907,City of Puerto Princesa,11110,12,277,316,654,216,25,0,0,1455,92,1280,483
1st Quarter 2025,Synthetic,Risk Factor SC synthetic row 0908,City of Butuan,3695,2,250,56,130,14,10,0,0,69,109,0,16
1st Quarter 2025,Synthetic,Risk Factor SC synthetic row 0909,Zamboanga Sibugay,10749,270,653,20,761,0,169,310,112,151,99,0,1
2nd Quarter 2025,Synthetic,Risk Factor SC synthetic row 0910,Misamis Occidental,8871,0,0,466,644,0,0,145,180,29,0,49,89
3rd Quarter 2025,Synthetic,Risk Factor SC synthetic row 0911,Davao de Oro,22404,675,2611,0,740,314,787,0,4941,5032,3582,69,0
1st Quarter 2025,Synthetic,Risk Factor SC synthetic row 0912,City of Davao,26031,600,1825,175,2330,5647,6585,2168,0,2586,3152,137,0
3rd Quarter 2025,Synthetic,Risk Factor SC synthetic row 0913,Northern Samar,6194,85,303,264,84,0,0,56,38,425,439,0,0
1st Quarter 2025,Synthetic,Risk Factor SC synthetic row 0914,City of Marikina,1243,29,91,7,67,198,109,145,87,99,107,117,79
3rd Quarter 2025,Synthetic,Risk Factor SC synthetic row 0915,Davao Oriental,9178,0,657,718,1335,3143,1846,1293,1975,206,1,0,68
1st Quarter 2025,Synthetic,Risk Factor SC synthetic row 0916,City of Muntinlupa,4379,192,19,22,0,52,0,30,0,1499,213,0,8
1st Quarter 2025,Synthetic,Risk Factor SC synthetic row 0917,NCR,1,0,0,0,0,0,0,0,0,0,0,0,0
3rd Quarter 2025,Synthetic,Risk Factor SC synthetic row 0918,City of Cebu,10310,288,771,567,492,1,824,1006,507,0,370,86,370
1st Quarter 2025,Synthetic,Risk Factor SC synthetic row 0919,City of Naga,815,0,8,8,15,1,7,68,46,3,0,26,0
3rd Quarter 2025,Synthetic,Risk Factor SC synthetic row 0920,Ilocos Sur,10321,0,654,0,321,0,0,24,201,0,0,0,77
3rd Quarter 2025,Synthetic,Risk Factor SC synthetic row 0921,Davao del Sur,9423,465,456,992,56,1312,1939,4431,2571,654,1002,5,63
3rd Quarter 2025,Synthetic,Risk Factor SC synthetic row 0922,Biliran,1943,63,93,22,128,188,123,174,22,153,72,0,0
1st Quarter 2025,Synthetic,Risk Factor SC synthetic row 0923,Bukidnon,22537,0,699,327,2695,1612,157,1712,0,425,0,0,403
2nd Quarter 2025,Synthetic,Risk Factor SC synthetic row 0924,City of Lapu-Lapu,1607,318,356,38,16,0,24,124,0,66,32,2,0
1st Quarter 2025,Synthetic,Risk Factor SC synthetic row 0925,Region 4B,31403,896,4445,1931,4486,673,1819,1267,0,0,1202,1749,1058
3rd Quarter 2025,Synthetic,Risk Factor SC synthetic row 0926,Romblon,730,7,9,30,18,0,22,21,13,99,0,4,16
2nd Quarter 2025,Synthetic,Risk Factor SC synthetic row 0927,City of Las Piñas,5317,65,455,119,365,0,817,773,0,253,309,306,310
2nd Quarter 2025,Synthetic,Risk Factor SC synthetic row 0928,City of Santiago,3056,55,303,31,225,224,192,0,274,118,139,0,14
1st Quarter 2025,Synthetic,Risk Factor SC synthetic row 0929,Sarangani,6959,173,0,51,225,0,10,35,33,204,151,63,16
2nd Quarter 2025,Synthetic,Risk Factor SC synthetic row 0930,Sorsogon,8829,52,718,35,689,139,0,47,119,1159,389,0,0
2nd Quarter 2025,Synthetic,Risk Factor SC synthetic row 0931,Apayao,6811,84,54,112,0,0,0,43,0,224,0,15,282
2nd Quarter 2025,Synthetic,Risk Factor SC synthetic row 0932,Negros Occidental,10968,433,142,44,651,104,0,0,25,678,376,0,14
2nd Quarter 2025,Synthetic,Risk Factor SC synthetic row 0933,Rizal,9976,853,794,390,676,381,482,0,44,243,0,1397,23
3rd Quarter 2025,Synthetic,Risk Factor SC synthetic row 0934,Bukidnon,10105,338,0,435,379,0,20,63,625,533,102,0,0
2nd Quarter 2025,Synthetic,Risk Factor SC synthetic row 0935,Bohol,11164,0,665,42,679,51,479,191,25,882,22,0,0
2nd Quarter 2025,Synthetic,Risk Factor SC synthetic row 0936,Quezon City,82127,0,538,170,1874,439,0,635,0,0,0,2022,0
3rd Quarter 2025,Synthetic,Risk Factor SC synthetic row 0937,Palawan,3090,157,285,64,7,139,113,203,4,69,0,176,116
1st Quarter 2025,Synthetic,Risk Factor SC synthetic row 0938,Lanao del Sur,9198,135,0,57,50,341,9198,0,133,896,679,382,0
1st Quarter 2025,Synthetic,Risk Factor SC synthetic row 0939,Bulacan,176646,4169,9999,6859,14223,7016,6804,2547,0,17138,10431,818,0
2nd Quarter 2025,Synthetic,Risk Factor SC synthetic row 0940,City of Zamboanga,4357,14,18,73,206,33,101,54,110,24,66,14,4
2nd Quarter 2025,Synthetic,Risk Factor SC synthetic row 0941,Region 4A,78257,0,7311,1147,30,0,0,47,3255,4717,6479,3747,6636
1st Quarter 2025,Synthetic,Risk Factor SC synthetic row 0942,Batanes,1024,52,20,38,59,55,33,77,0,38,32,71,19
3rd Quarter 2025,Synthetic,Risk Factor SC synthetic row 0943,Aurora,3003,3,0,133,229,31,25,0,325,7,91,111,0
3rd Quarter 2025,Synthetic,Risk Factor SC synthetic row 0944,Abra,7490,230,171,0,602,0,14,0,0,56,500,525,546
3rd Quarter 2025,Synthetic,Risk Factor SC synthetic row 0945,Sorsogon,7950,0,275,9,75,237,24,52,93,951,0,0,51
2nd Quarter 2025,Synthetic,Risk Factor SC synthetic row 0946,Negros Oriental,7633,0,707,229,90,308,550,0,0,524,372,265,164
1st Quarter 2025,Synthetic,Risk Factor SC synthetic row 0947,Batangas,8546,291,0,53,73,0,0,28,0,723,564,111,77
1st Quarter 2025,Synthetic,Risk Factor SC synthetic row 0948,Northern Samar,4854,0,281,64,508,19,11,7,0,263,67,88,101
1st Quarter 2025,Synthetic,Risk Factor SC synthetic row 0949,Region 4B,31013,1198,1963,995,2669,991,371,0,953,1935,0,956,0
3rd Quarter 2025,Synthetic,Risk Factor SC synthetic row 0950,Siquijor,11257,73,563,299,237,0,100,139,0,1545,187,29,141
3rd Quarter 2025,Synthetic,Risk Factor SC synthetic row 0951,Siquijor,1806,34,123,58,184,0,0,0,16,124,85,16,18
3rd Quarter 2025,Synthetic,Risk Factor SC synthetic row 0952,Aurora,2691,81,66,103,291,269,131,365,214,112,133,62,0
1st Quarter 2025,Synthetic,Risk Factor SC synthetic row 0953,City of Pasig,9315,130,443,197,691,0,38,0,108,0,1407,0,0
3rd Quarter 2025,Synthetic,Risk Factor SC synthetic row 0954,City of Iligan,3965,0,0,7,421,0,3,0,201,0,19,69,0
2nd Quarter 2025,Synthetic,Risk Factor SC synthetic row 0955,Leyte,32286,807,1243,48,1857,370,318,9,419,2563,61,0,705
3rd Quarter 2025,Synthetic,Risk Factor SC synthetic row 0956,South Cotabato,9126,115,660,150,501,0,26,0,0,59,163,142,28
2nd Quarter 2025,Synthetic,Risk Factor SC synthetic row 0957,Apayao,9227,80,12,0,0,0,113,62,0,0,12,260,66
1st Quarter 2025,Synthetic,Risk Factor SC synthetic row 0958,City of Muntinlupa,2820,0,43,54,0,0,0,0,45,0,420,0,0
1st Quarter 2025,Synthetic,Risk Factor SC synthetic row 0959,Region 9,35966,944,2160,83,3498,626,1737,301,0,1500,389,220,258
1st Quarter 2025,Synthetic,Risk Factor SC synthetic row 0960,Maguindanao del Norte,8457,117,287,12,0,0,77,136,0,233,8457,196,24
3rd Quarter 2025,Synthetic,Risk Factor SC synthetic row 0961,Zamboanga del Sur,9514,293,877,247,355,0,0,308,338,2,83,169,0
1st Quarter 2025,Synthetic,Risk Factor SC synthetic row 0962,Mountain Province,10965,133,405,0,878,123,113,219,116,302,832,0,485
1st Quarter 2025,Synthetic,Risk Factor SC synthetic row 0963,Biliran,1541,23,0,81,104,0,88,138,28,105,19,25,3
3rd Quarter 2025,Synthetic,Risk Factor SC synthetic row 0964,City of Mandaluyong,5041,103,145,203,0,156,62,207,47,341,485,95,122
2nd Quarter 2025,Synthetic,Risk Factor SC synthetic row 0965,Sultan Kudarat,16175,4,712,201,0,295,0,218,62,378,438,704,98
1st Quarter 2025,Synthetic,Risk Factor SC synthetic row 0966,Tawi-Tawi,1,0,1,0,0,1,0,0,0,0,0,1,0
3rd Quarter 2025,Synthetic,Risk Factor SC synthetic row 0967,City of Pasig,20314,576,584,448,586,131,164,137,121,6017,2992,76,0
1st Quarter 2025,Synthetic,Risk Factor SC synthetic row 0968,Mountain Province,7156,158,66,55,0,0,5,78,23,23,446,672,151
3rd Quarter 2025,Synthetic,Risk Factor SC synthetic row 0969,CAR,50265,885,2747,0,0,0,408,243,586,526,856,0,5507
3rd Quarter 2025,Synthetic,Risk Factor SC synthetic row 0970,Isabela,53461,335,0,1411,2841,3790,0,7737,1800,2946,1331,0,0
1st Quarter 2025,Synthetic,Risk Factor SC synthetic row 0971,Pangasinan,11361,530,24,10038,742,0,42,0,0,634,1118,1,226
2nd Quarter 2025,Synthetic,Risk Factor SC synthetic row 0972,Ilocos Norte,10709,0,251,0,364,16,80,247,0,245,427,0,0
2nd Quarter 2025,Synthetic,Risk Factor SC synthetic row 0973,Zamboanga del Sur,19748,0,2406,0,1606,644,464,0,877,907,477,89,0
2nd Quarter 2025,Synthetic,Risk Factor SC synthetic row 0974,City of Parañaque,5115,0,0,82,13,9,0,0,22,24,22,1,0
2nd Quarter 2025,Synthetic,Risk Factor SC synthetic row 0975,Bulacan,182568,7503,1916,5143,17607,6675,8722,6360,0,14646,14099,5233,6164
3rd Quarter 2025,Synthetic,Risk Factor SC synthetic row 0976,City of Lapu-Lapu,6363,302,268,0,266,431,0,588,268,193,64,8,129
3rd Quarter 2025,Synthetic,Risk Factor SC synthetic row 0977,Pangasinan,40090,1711,3777,0,630,0,889,0,316,3934,40090,0,0
3rd Quarter 2025,Synthetic,Risk Factor SC synthetic row 0978,Southern Leyte,20853,158,653,479,0,0,0,0,0,0,12,248,0
1st Quarter 2025,Synthetic,Risk Factor SC synthetic row 0979,Benguet,11453,188,522,153,456,53,0,9,0,1918,447,0,0
3rd Quarter 2025,Synthetic,Risk Factor SC synthetic row 0980,Maguindanao del Sur,9731,62,523,8066,455,91,86,22,135,594,0,5,0
1st Quarter 2025,Synthetic,Risk Factor SC synthetic row 0981,City of Cagayan De Oro,4852,10,0,254,244,35,47,0,0,52,0,0,0
2nd Quarter 2025,Synthetic,Risk Factor SC synthetic row 0982,Benguet,21303,0,218,194,883,142,308,0,0,3689,2108,81,0
1st Quarter 2025,Synthetic,Risk Factor SC synthetic row 0983,Iloilo,9872,101,340,157,0,0,2,161,45,217,78,0,38
1st Quarter 2025,Synthetic,Risk Factor SC synthetic row 0984,Region 5,58941,1921,1163,0,4286,4000,2319,4160,1710,0,4325,1178,528
2nd Quarter 2025,Synthetic,Risk Factor SC synthetic row 0985,Lanao del Norte,3501,40,0,48,124,225,120,231,178,0,0,25,62
2nd Quarter 2025,Synthetic,Risk Factor SC synthetic row 0986,Romblon,5978,102,1266,246,462,95,170,385,51,401,118,68,0
3rd Quarter 2025,Synthetic,Risk Factor SC synthetic row 0987,Sarangani,8941,19,528,0,308,224,40,470,293,397,141,127,0
1st Quarter 2025,Synthetic,Risk Factor SC synthetic row 0988,City of Santiago,4477,142,463,49,248,308,250,270,190,0,275,0,0
2nd Quarter 2025,Synthetic,Risk Factor SC synthetic row 0989,NIR,97988,1585,0,3145,947,2810,1293,0,877,692,4365,671,432
1st Quarter 2025,Synthetic,Risk Factor SC synthetic row 0990,Sulu,8699,8225,1170,40,0,9,0,0,0,939,0,0,63
2nd Quarter 2025,Synthetic,Risk Factor SC synthetic row 0991,City of Bacolod,8515,232,156,0,595,0,120,0,27,1560,0,17,0
1st Quarter 2025,Synthetic,Risk Factor SC synthetic row 0992,Rizal,10153,835,365,244,694,176,106,140,681,84,761,0,157
1st Quarter 2025,Synthetic,Risk Factor SC synthetic row 0993,Pangasinan,11111,29,57,490,11111,0,84,0,0,0,467,0,0
1st Quarter 2025,Synthetic,Risk Factor SC synthetic row 0994,City of Marikina,1121,15,114,42,69,195,0,138,72,82,4,129,67
2nd Quarter 2025,Synthetic,Risk Factor SC synthetic row 0995,Catanduanes,3809,9,427,115,834,208,0,19,9,1674,119,0,0
2nd Quarter 2025,Synthetic,Risk Factor SC synthetic row 0996,City of Olongapo,6132,0,72,98,72,9,47,0,66,162,0,115,0
2nd Quarter 2025,Synthetic,Risk Factor SC synthetic row 0997,Kalinga,6350,55,0,22,694,0,71,17,0,549,202,0,58
1st Quarter 2025,Synthetic,Risk Factor SC synthetic row 0998,Negros Oriental,8285,65,45,325,1221,977,145,0,0,395,0,476,410
2nd Quarter 2025,Synthetic,Risk Factor SC synthetic row 0999,Region 3,266654,6045,5972,2332,16808,8823,3448,6127,1396,11982,5866,3707,0
2nd Quarter 2025,Synthetic,Risk Factor SC synthetic row 1000,City of Iloilo,24300,143,64,0,268,0,103,548,434,532,0,196,145
2nd Quarter 2025,Synthetic,Risk Factor SC synthetic row 1001,Davao del Norte,22233,749,1722,400,1224,3790,3333,5659,3359,5946,4166,0,0
2nd Quarter 2025,Synthetic,Risk Factor SC synthetic row 1002,NCR,315385,564,3887,0,2227,0,6606,11096,9858,16137,0,421,2185
3rd Quarter 2025,Synthetic,Risk Factor SC synthetic row 1003,Ifugao,10168,136,269,256,142,0,0,9,72,336,1540,0,1296
3rd Quarter 2025,Synthetic,Risk Factor SC synthetic row 1004,NIR,48443,2218,872,1657,5574,390,862,0,27,3569,3269,1144,866
1st Quarter 2025,Synthetic,Risk Factor SC synthetic row 1005,BARMM,30031,203,0,30031,73,85,0,275,0,2383,26867,444,733
2nd Quarter 2025,Synthetic,Risk Factor SC synthetic row 1006,City of Makati,3700,13,66,20,26,466,25,24,0,6,890,1049,624
1st Quarter 2025,Synthetic,Risk Factor SC synthetic row 1007,Biliran,1659,0,0,0,135,172,15,4,7,0,0,30,52
1st Quarter 2025,Synthetic,Risk Factor SC synthetic row 1008,Marinduque,1802,0,73,14,78,27,0,0,4,34,36,23,17
2nd Quarter 2025,Synthetic,Risk Factor SC synthetic row 1009,City of Caloocan,12228,203,91,36,0,0,0,0,16,416,123,0,0
1st Quarter 2025,Synthetic,Risk Factor SC synthetic row 1010,City of Manila,9042,0,11,0,140,31,185,0,197,110,65,0,104
2nd Quarter 2025,Synthetic,Risk Factor SC synthetic row 1011,Agusan del Norte,9301,166,878,314,986,1279,542,1607,586,922,660,630,374
2nd Quarter 2025,Synthetic,Risk Factor SC synthetic row 1012,City of Cagayan De Oro,12074,379,131,680,0,0,0,0,20,31,449,0,0
1st Quarter 2025,Synthetic,Risk Factor SC synthetic row 1013,Laguna,10368,0,11,803,390,1277,292,462,95,41,218,0,1234
1st Quarter 2025,Synthetic,Risk Factor SC synthetic row 1014,Davao del Norte,21239,473,1008,257,2849,0,0,0,3636,109,286,259,69
3rd Quarter 2025,Synthetic,Risk Factor SC synthetic row 1015,Tarlac,9541,440,56,45,0,0,2,0,26,108,205,123,0
1st Quarter 2025,Synthetic,Risk Factor SC synthetic row 1016,City of Pasig,11631,157,674,374,899,119,0,0,0,3441,2207,169,250
2nd Quarter 2025,Synthetic,Risk Factor SC synthetic row 1017,City of Makati,3742,131,150,39,63,0,0,173,1,1799,0,1391,0
2nd Quarter 2025,Synthetic,Risk Factor SC synthetic row 1018,Sorsogon,31396,287,2543,855,849,0,93,0,0,3651,2679,0,160
1st Quarter 2025,Synthetic,Risk Factor SC synthetic row 1019,Region 6,147124,2733,3614,1452,3907,5358,26,410,2100,3054,2546,2769,1246
2nd Quarter 2025,Synthetic,Risk Factor SC synthetic row 1020,Apayao,8665,141,40,273,0,62,53,41,0,385,509,924,0
2nd Quarter 2025,Synthetic,Risk Factor SC synthetic row 1021,City of Olongapo,9652,157,197,47,349,54,228,0,119,6,0,13,72
3rd Quarter 2025,Synthetic,Risk Factor SC synthetic row 1022,Iloilo,7902,422,279,29,687,0,0,0,126,103,218,9,41
3rd Quarter 2025,Synthetic,Risk Factor SC synthetic row 1023,Quirino,12079,157,581,180,695,237,332,235,714,0,460,103,25
3rd Quarter 2025,Synthetic,Risk Factor SC synthetic row 1024,Pangasinan,35978,35978,26548,421,34618,0,229,0,0,3415,3611,437,0
3rd Quarter 2025,Synthetic,Risk Factor SC synthetic row 1025,City of Parañaque,9060,67,89,41,94,0,0,0,190,173,126,144,226
3rd Quarter 2025,Synthetic,Risk Factor SC synthetic row 1026,Sorsogon,14376,12,584,249,1025,28,0,0,0,0,997,0,0
2nd Quarter 2025,Synthetic,Risk Factor SC synthetic row 1027,Region 7,70538,5228,15696,2885,344,0,10154,0,0,5856,4318,7232,4367
2nd Quarter 2025,Synthetic,Risk Factor SC synthetic row 1028,Iloilo,38618,1014,0,1114,2133,75,449,348,217,1038,0,253,27
3rd Quarter 2025,Synthetic,Risk Factor SC synthetic row 1029,Region 5,63514,2709,3799,561,467,4122,2154,3278,2134,8635,3064,0,117
2nd Quarter 2025,Synthetic,Risk Factor SC synthetic row 1030,Negros Occidental,8488,0,980,345,887,14,77,54,1,0,340,157,62
2nd Quarter 2025,Synthetic,Risk Factor SC synthetic row 1031,Laguna,14454,495,0,319,25,190,694,1262,97,2876,443,304,182
2nd Quarter 2025,Synthetic,Risk Factor SC synthetic row 1032,Region 5,1,0,0,0,0,0,0,0,0,0,0,0,0
3rd Quarter 2025,Synthetic,Risk Factor SC synthetic row 1033,Aurora,2440,34,100,119,0,59,28,238,252,176,103,0,45
3rd Quarter 2025,Synthetic,Risk Factor SC synthetic row 1034,Marinduque,1859,25,100,0,112,7,0,0,30,20,9,0,0
1st Quarter 2025,Synthetic,Risk Factor SC synthetic row 1035,City of Caloocan,10872,0,169,219,103,46,388,452,103,85,23,0,88
1st Quarter 2025,Synthetic,Risk Factor SC synthetic row 1036,Region 5,62349,886,0,1276,1759,301,2021,3248,2306,4344,6328,0,0
2nd Quarter 2025,Synthetic,Risk Factor SC synthetic row 1037,Region 1,1,0,0,0,0,0,0,0,0,0,0,0,0
3rd Quarter 2025,Synthetic,Risk Factor SC synthetic row 1038,Negros Occidental,9705,0,1083,285,1229,0,0,113,0,584,507,116,103
1st Quarter 2025,Synthetic,Risk Factor SC synthetic row 1039,Cotabato,24881,793,931,554,1357,161,276,625,0,1134,40,0,0
2nd Quarter 2025,Synthetic,Risk Factor SC synthetic row 1040,Batanes,1492,19,53,113,95,91,66,121,12,10,17,121,22
2nd Quarter 2025,Synthetic,Risk Factor SC synthetic row 1041,City of Lucena,2355,30,156,178,123,13,53,0,58,0,0,0,205
2nd Quarter 2025,Synthetic,Risk Factor SC synthetic row 1042,Sultan Kudarat,13766,130,993,133,1042,160,0,0,19,154,419,367,253
3rd Quarter 2025,Synthetic,Risk Factor SC synthetic row 1043,Tawi-Tawi,803,6,803,8,8,33,221,123,7,25,0,10,15
1st Quarter 2025,Synthetic,Risk Factor SC synthetic row 1044,Region 9,1,1,0,0,0,0,0,0,0,0,0,0,0
3rd Quarter 2025,Synthetic,Risk Factor SC synthetic row 1045,City of Cebu,8662,319,210,0,5313,3703,0,1035,3595,416,2236,317,1891
3rd Quarter 2025,Synthetic,Risk Factor SC synthetic row 1046,Lanao del Sur,1,1,0,0,0,0,1,0,0,0,1,0,0
3rd Quarter 2025,Synthetic,Risk Factor SC synthetic row 1047,CAR,55440,932,0,16,2170,249,219,601,117,7776,743,0,270
3rd Quarter 2025,Synthetic,Risk Factor SC synthetic row 1048,Negros Oriental,8253,314,533,393,62,78,321,0,58,638,164,278,238
2nd Quarter 2025,Synthetic,Risk Factor SC synthetic row 1049,City of Dagupan,2513,30,77,17,66,8,26,23,58,6,21,7,0
3rd Quarter 2025,Synthetic,Risk Factor SC synthetic row 1050,City of Puerto Princesa,944,8,76,109,72,0,0,0,0,419,196,54,34
2nd Quarter 2025,Synthetic,Risk Factor SC synthetic row 1051,City of Lapu-Lapu,11760,109,4454,2092,390,205,689,379,0,472,3862,40,527
3rd Quarter 2025,Synthetic,Risk Factor SC synthetic row 1052,Northern Samar,10374,252,0,0,18,0,62,88,0,19,54,131,0
3rd Quarter 2025,Synthetic,Risk Factor SC synthetic row 1053,Oriental Mindoro,7085,0,0,179,0,192,156,227,2,0,229,492,163
2nd Quarter 2025,Synthetic,Risk Factor SC synthetic row 1054,Catanduanes,14294,446,2102,1451,349,863,0,432,482,136,3944,171,0
1st Quarter 2025,Synthetic,Risk Factor SC synthetic row 1055,City of Valenzuela,10893,249,45,0,0,12,0,177,0,0,0,4,47
2nd Quarter 2025,Synthetic,Risk Factor SC synthetic row 1056,Cotabato,17242,747,2226,214,0,408,61,0,0,485,227,519,0
1st Quarter 2025,Synthetic,Risk Factor SC synthetic row 1057,Zamboanga Sibugay,8797,109,758,245,497,19,101,502,229,104,234,184,217
2nd Quarter 2025,Synthetic,Risk Factor SC synthetic row 1058,Davao de Oro,17643,458,1845,31,547,1405,0,0,36,0,3187,110,23
3rd Quarter 2025,Synthetic,Risk Factor SC synthetic row 1059,Dinagat Islands,1286,14,19,25,71,97,13,22,13,68,114,10,27
3rd Quarter 2025,Synthetic,Risk Factor SC synthetic row 1060,City of Mandaue,6597,90,220,71,197,632,624,361,81,0,66,0,107
2nd Quarter 2025,Synthetic,Risk Factor SC synthetic row 1061,City of Malabon,3753,0,159,4,0,115,0,19,58,35,25,41,0
1st Quarter 2025,Synthetic,Risk Factor SC synthetic row 1062,NIR,77795,367,9932,0,7662,878,2,589,463,103,5389,0,596
3rd Quarter 2025,Synthetic,Risk Factor SC synthetic row 1063,Zamboanga del Norte,8467,303,739,115,542,113,0,684,522,329,199,42,0
1st Quarter 2025,Synthetic,Risk Factor SC synthetic row 1064,Benguet,25648,0,0,492,564,0,29,0,377,4068,3178,228,1386
1st Quarter 2025,Synthetic,Risk Factor SC synthetic row 1065,City of Navotas,9728,0,615,358,443,2088,38,1581,0,2801,1416,1158,499
2nd Quarter 2025,Synthetic,Risk Factor SC synthetic row 1066,Region 12,38599,559,3237,0,1638,0,0,620,423,0,915,2033,935
2nd Quarter 2025,Synthetic,Risk Factor SC synthetic row 1067,Region 8,123966,1166,2072,6435,307,2262,2006,0,0,6824,0,901,0
3rd Quarter 2025,Synthetic,Risk Factor SC synthetic row 1068,Special Geographic Area (SGA),10345,76,630,10345,9375,0,116,0,0,10345,323,336,197
1st Quarter 2025,Synthetic,Risk Factor SC synthetic row 1069,Region 4B,18145,0,2333,694,1285,821,0,291,708,1836,961,558,452
3rd Quarter 2025,Synthetic,Risk Factor SC synthetic row 1070,Northern Samar,9866,187,0,565,1091,0,0,0,0,138,641,98,15
3rd Quarter 2025,Synthetic,Risk Factor SC synthetic row 1071,City of Malabon,3594,43,0,21,386,0,0,53,0,0,0,0,51
1st Quarter 2025,Synthetic,Risk Factor SC synthetic row 1072,Benguet,12675,0,515,43,385,0,0,0,13,2446,1778,0,1196
2nd Quarter 2025,Synthetic,Risk Factor SC synthetic row 1073,Palawan,3782,169,197,46,11,175,227,14,168,198,32,313,68
1st Quarter 2025,Synthetic,Risk Factor SC synthetic row 1074,Apayao,3383,105,74,10,27,0,9,7,15,0,0,252,0
3rd Quarter 2025,Synthetic,Risk Factor SC synthetic row 1075,City of Valenzuela,6421,0,112,0,0,0,0,89,59,326,0,0,24
1st Quarter 2025,Synthetic,Risk Factor SC synthetic row 1076,Sorsogon,31501,765,2351,171,2070,445,0,449,0,1285,0,0,201
3rd Quarter 2025,Synthetic,Risk Factor SC synthetic row 1077,Bataan,8724,285,279,0,171,33,2,237,0,0,81,82,0
1st Quarter 2025,Synthetic,Risk Factor SC synthetic row 1078,Zamboanga del Sur,10059,211,652,321,1099,182,236,638,391,417,310,0,38
1st Quarter 2025,Synthetic,Risk Factor SC synthetic row 1079,City of Lapu-Lapu,7298,700,94,0,270,84,964,111,871,69,2927,70,119
3rd Quarter 2025,Synthetic,Risk Factor SC synthetic row 1080,Aurora,2738,0,74,0,41,374,30,328,230,0,0,146,84
1st Quarter 2025,Synthetic,Risk Factor SC synthetic row 1081,Region 12,103647,1614,9033,1896,2080,976,0,0,1174,672,3898,59,1806
1st Quarter 2025,Synthetic,Risk Factor SC synthetic row 1082,Aklan,7771,124,466,13,184,229,168,129,608,835,0,0,52
2nd Quarter 2025,Synthetic,Risk Factor SC synthetic row 1083,Region 11,80098,0,3867,5627,10393,26121,12781,19712,5570,0,3917,502,604
3rd Quarter 2025,Synthetic,Risk Factor SC synthetic row 1084,NCR,207250,385,1406,3053,5944,6152,3111,3357,898,13648,6992,6468,0
3rd Quarter 2025,Synthetic,Risk Factor SC synthetic row 1085,Iloilo,7903,54,0,236,652,0,0,0,95,141,60,110,106
2nd Quarter 2025,Synthetic,Risk Factor SC synthetic row 1086,City of Bacolod,4859,183,360,209,67,0,103,7,92,955,190,29,46
1st Quarter 2025,Synthetic,Risk Factor SC synthetic row 1087,Zamboanga del Norte,11180,92,1155,147,0,1401,84,470,57,174,438,6,0
2nd Quarter 2025,Synthetic,Risk Factor SC synthetic row 1088,Bulacan,73620,461,6342,1829,7440,2614,0,3571,0,1133,2908,0,91
1st Quarter 2025,Synthetic,Risk Factor SC synthetic row 1089,City of Dagupan,2249,58,51,35,29,23,0,0,3,78,48,7,0
3rd Quarter 2025,Synthetic,Risk Factor SC synthetic row 1090,Region 6,83578,0,0,1300,4724,0,0,606,1307,3620,1718,0,0
2nd Quarter 2025,Synthetic,Risk Factor SC synthetic row 1091,Rizal,9610,672,421,314,581,297,0,171,826,0,824,1054,921
1st Quarter 2025,Synthetic,Risk Factor SC synthetic row 1092,City of Angeles,6008,158,422,61,387,132,240,0,57,243,35,18,9
1st Quarter 2025,Synthetic,Risk Factor SC synthetic row 1093,City of Cebu,5482,938,0,236,190,114,352,2950,0,584,2127,145,86
3rd Quarter 2025,Synthetic,Risk Factor SC synthetic row 1094,CAR,50068,1101,1219,527,2441,0,0,98,343,492,5898,2948,493
2nd Quarter 2025,Synthetic,Risk Factor SC synthetic row 1095,Kalinga,7943,100,127,112,0,0,0,0,0,891,283,416,54
3rd Quarter 2025,Synthetic,Risk Factor SC synthetic row 1096,Special Geographic Area (SGA),10701,8744,0,10701,10241,188,0,0,213,680,10701,760,351
1st Quarter 2025,Synthetic,Risk Factor SC synthetic row 1097,Romblon,803,25,76,119,111,0,7,29,1,0,0,53,0
2nd Quarter 2025,Synthetic,Risk Factor SC synthetic row 1098,Marinduque,2485,17,93,0,90,0,0,24,35,0,26,36,26
3rd Quarter 2025,Synthetic,Risk Factor SC synthetic row 1099,Benguet,8289,59,327,130,0,0,55,7,41,1570,333,1333,891
3rd Quarter 2025,Synthetic,Risk Factor SC synthetic row 1100,Negros Oriental,19903,11,2057,451,1126,949,1697,97,0,567,359,1116,509
1st Quarter 2025,Synthetic,Risk Factor SC synthetic row 1101,City of Malabon,9582,73,144,155,0,0,0,0,0,0,629,61,71
3rd Quarter 2025,Synthetic,Risk Factor SC synthetic row 1102,Region 2,93162,233,1509,0,4210,9234,6020,7940,4656,4,2766,748,1577
1st Quarter 2025,Synthetic,Risk Factor SC synthetic row 1103,Region 4B,1,0,0,0,0,0,0,0,0,0,0,0,0
3rd Quarter 2025,Synthetic,Risk Factor SC synthetic row 1104,Cavite,10320,0,1134,425,0,132,27,0,0,1141,0,116,1610
2nd Quarter 2025,Synthetic,Risk Factor SC synthetic row 1105,Surigao del Sur,9021,1,1178,793,333,0,354,1374,802,0,0,332,286
3rd Quarter 2025,Synthetic,Risk Factor SC synthetic row 1106,Dinagat Islands,3298,54,154,84,0,56,29,221,152,465,304,0,34
1st Quarter 2025,Synthetic,Risk Factor SC synthetic row 1107,City of Puerto Princesa,3073,110,168,0,192,24,0,0,33,1320,259,377,66
2nd Quarter 2025,Synthetic,Risk Factor SC synthetic row 1108,Cebu,31121,15,0,926,0,0,3464,1699,0,0,2258,689,0
3rd Quarter 2025,Synthetic,Risk Factor SC synthetic row 1109,Oriental Mindoro,14528,344,0,438,1118,127,0,366,327,701,378,1268,310
2nd Quarter 2025,Synthetic,Risk Factor SC synthetic row 1110,Zamboanga del Norte,10003,333,802,152,836,1195,0,924,683,439,162,130,181
1st Quarter 2025,Synthetic,Risk Factor SC synthetic row 1111,Bataan,26422,353,693,524,609,0,267,370,364,192,1053,7,223
1st Quarter 2025,Synthetic,Risk Factor SC synthetic row 1112,Cavite,22300,43,3000,1011,196,0,1474,351,0,2890,1991,46,40
3rd Quarter 2025,Synthetic,Risk Factor SC synthetic row 1113,City of Tacloban,7022,100,5,37,454,0,0,71,0,223,0,101,0
3rd Quarter 2025,Synthetic,Risk Factor SC synthetic row 1114,Sultan Kudarat,11059,243,146,0,793,0,63,103,73,619,0,132,243
1st Quarter 2025,Synthetic,Risk Factor SC synthetic row 1115,Region 12,46494,0,4927,558,2645,0,1362,514,858,2046,0,0,1476
2nd Quarter 2025,Synthetic,Risk Factor SC synthetic row 1116,Pasay City,4163,38,49,5,57,92,0,0,9,91,0,44,0
1st Quarter 2025,Synthetic,Risk Factor SC synthetic row 1117,Pateros,1378,1,5,0,9,14,4,0,27,0,17,0,0
2nd Quarter 2025,Synthetic,Risk Factor SC synthetic row 1118,Region 6,1,0,0,0,0,0,0,0,0,0,0,0,0
3rd Quarter 2025,Synthetic,Risk Factor SC synthetic row 1119,City of Isabela,1527,15,216,1,117,3,0,125,0,114,117,0,0
3rd Quarter 2025,Synthetic,Risk Factor SC synthetic row 1120,Dinagat Islands,1562,6,81,55,42,6,0,1,4,50,33,2,20
1st Quarter 2025,Synthetic,Risk Factor SC synthetic row 1121,Agusan del Norte,7847,237,0,116,577,958,552,1182,763,585,332,0,360
3rd Quarter 2025,Synthetic,Risk Factor SC synthetic row 1122,Bohol,14212,49,897,777,1415,102,0,6905,3160,1034,0,2385,0
2nd Quarter 2025,Synthetic,Risk Factor SC synthetic row 1123,Masbate,5472,14,1406,565,1375,0,74,79,0,387,745,0,85
1st Quarter 2025,Synthetic,Risk Factor SC synthetic row 1124,City of Angeles,5910,184,382,94,423,58,4,0,15,165,133,32,80
1st Quarter 2025,Synthetic,Risk Factor SC synthetic row 1125,City of Davao,25561,1024,1878,1735,1308,2215,5506,2281,4393,4253,0,387,0
2nd Quarter 2025,Synthetic,Risk Factor SC synthetic row 1126,City of San Juan,1816,34,64,50,46,6,0,61,1,677,110,121,15
1st Quarter 2025,Synthetic,Risk Factor SC synthetic row 1127,City of Davao,23824,1126,77,2092,3238,2578,4491,0,4826,2550,1174,0,42
3rd Quarter 2025,Synthetic,Risk Factor SC synthetic row 1128,Caraga,42654,1682,0,0,4387,832,0,2984,2327,4731,2136,1502,416
1st Quarter 2025,Synthetic,Risk Factor SC synthetic row 1129,Quezon City,8386,149,0,162,185,199,0,0,0,0,60,153,0
2nd Quarter 2025,Synthetic,Risk Factor SC synthetic row 1130,Nueva Vizcaya,14273,380,0,136,500,652,0,742,7,395,200,18,0
1st Quarter 2025,Synthetic,Risk Factor SC synthetic row 1131,Iloilo,31343,551,2911,889,1412,0,20,69,370,806,816,0,0
2nd Quarter 2025,Synthetic,Risk Factor SC synthetic row 1132,Region 3,275076,6217,18412,0,14731,0,0,8214,7386,0,10741,0,0
2nd Quarter 2025,Synthetic,Risk Factor SC synthetic row 1133,Pampanga,66580,1475,2008,0,0,4234,1994,2414,2052,1837,1359,0,0
1st Quarter 2025,Synthetic,Risk Factor SC synthetic row 1134,City of Mandaluyong,9232,0,373,0,331,342,112,76,302,0,1391,184,69
3rd Quarter 2025,Synthetic,Risk Factor SC synthetic row 1135,City of Davao,19152,0,1289,539,1793,2111,3965,4337,3268,3513,2199,0,103
1st Quarter 2025,Synthetic,Risk Factor SC synthetic row 1136,Region 7,46873,3739,8079,863,23,3874,73,0,0,10065,0,0,3278
1st Quarter 2025,Synthetic,Risk Factor SC synthetic row 1137,Masbate,4197,387,873,353,433,235,276,0,8,1030,841,0,78
3rd Quarter 2025,Synthetic,Risk Factor SC synthetic row 1138,Basilan,9391,7932,8627,0,173,8985,58,302,205,0,9391,39,178
2nd Quarter 2025,Synthetic,Risk Factor SC synthetic row 1139,Occidental Mindoro,11931,595,1315,77,1643,355,0,586,267,193,515,86,83
2nd Quarter 2025,Synthetic,Risk Factor SC synthetic row 1140,Batangas,27847,231,2379,891,0,0,1339,224,265,2964,3119,0,82
3rd Quarter 2025,Synthetic,Risk Factor SC synthetic row 1141,Occidental Mindoro,5059,106,608,210,0,306,245,579,26,238,159,187,140
2nd Quarter 2025,Synthetic,Risk Factor SC synthetic row 1142,Pangasinan,19537,397,1638,56,2377,0,0,0,0,140,115,0,0
1st Quarter 2025,Synthetic,Risk Factor SC synthetic row 1143,Siquijor,9834,0,735,429,910,0,127,43,122,458,337,217,26
2nd Quarter 2025,Synthetic,Risk Factor SC synthetic row 1144,La Union,12976,79,84,465,47,0,0,157,17,1327,0,0,44
2nd Quarter 2025,Synthetic,Risk Factor SC synthetic row 1145,Lanao del Sur,20200,1163,16686,17544,20200,0,17177,697,0,1458,20074,802,0
3rd Quarter 2025,Synthetic,Risk Factor SC synthetic row 1146,Ilocos Sur,26240,276,39,0,1336,90,279,241,18,212,0,0,0
1st Quarter 2025,Synthetic,Risk Factor SC synthetic row 1147,Northern Samar,8446,602,0,0,134,50,0,121,0,0,601,11,0
3rd Quarter 2025,Synthetic,Risk Factor SC synthetic row 1148,Region 6,216468,5212,2507,242,3528,1703,0,4245,4074,4247,5232,0,391
3rd Quarter 2025,Synthetic,Risk Factor SC synthetic row 1149,Laguna,14676,468,1191,1204,271,1961,364,1242,101,1973,1039,0,1092
1st Quarter 2025,Synthetic,Risk Factor SC synthetic row 1150,City of Muntinlupa,3446,0,112,0,0,0,0,0,0,511,16,28,0
3rd Quarter 2025,Synthetic,Risk Factor SC synthetic row 1151,Davao Oriental,9152,0,1106,489,1322,0,1415,0,1937,35,277,140,109
1st Quarter 2025,Synthetic,Risk Factor SC synthetic row 1152,Nueva Ecija,108510,0,9141,3925,9372,1744,1682,3287,2729,898,1131,1172,664
2nd Quarter 2025,Synthetic,Risk Factor SC synthetic row 1153,Pasay City,5799,0,0,27,0,38,0,122,15,35,44,126,0
1st Quarter 2025,Synthetic,Risk Factor SC synthetic row 1154,City of Tacloban,6595,0,0,0,35,0,0,103,35,0,15,18,92
1st Quarter 2025,Synthetic,Risk Factor SC synthetic row 1155,Misamis Oriental,7636,0,5,0,3655,0,43,337,225,31,22,54,0
2nd Quarter 2025,Synthetic,Risk Factor SC synthetic row 1156,Pateros,10621,0,266,43,50,0,0,31,0,0,161,189,129
2nd Quarter 2025,Synthetic,Risk Factor SC synthetic row 1157,Region 4B,34441,687,111,77,229,946,0,1555,1041,331,250,1345,410
2nd Quarter 2025,Synthetic,Risk Factor SC synthetic row 1158,Masbate,11607,146,2675,1487,2022,3,0,99,1521,784,0,238,24
2nd Quarter 2025,Synthetic,Risk Factor SC synthetic row 1159,Mountain Province,10589,116,0,29,806,68,51,28,7,1563,0,393,608
2nd Quarter 2025,Synthetic,Risk Factor SC synthetic row 1160,City of Angeles,5942,3,308,52,0,37,0,0,56,201,122,32,28
3rd Quarter 2025,Synthetic,Risk Factor SC synthetic row 1161,South Cotabato,15538,269,5,64,761,0,124,227,106,153,822,409,439
1st Quarter 2025,Synthetic,Risk Factor SC synthetic row 1162,Antique,10511,0,746,314,62,0,0,0,19,0,285,122,0
2nd Quarter 2025,Synthetic,Risk Factor SC synthetic row 1163,Catanduanes,4798,170,756,0,889,0,2,0,106,321,1118,19,16
2nd Quarter 2025,Synthetic,Risk Factor SC synthetic row 1164,City of Pasig,10403,143,0,71,853,0,0,47,0,0,0,0,192
1st Quarter 2025,Synthetic,Risk Factor SC synthetic row 1165,Negros Occidental,35080,223,4819,0,4218,258,256,0,0,2488,2045,801,317
1st Quarter 2025,Synthetic,Risk Factor SC synthetic row 1166,Masbate,9850,0,1963,764,2367,678,580,0,0,27,278,0,0
3rd Quarter 2025,Synthetic,Risk Factor SC synthetic row 1167,Pateros,1731,26,12,0,16,0,0,0,3,0,10,14,0
2nd Quarter 2025,Synthetic,Risk Factor SC synthetic row 1168,City of Dagupan,2473,50,140,64,169,17,0,12,21,31,96,0,10
1st Quarter 2025,Synthetic,Risk Factor SC synthetic row 1169,City of Cebu,9472,1587,811,0,5312,1171,3567,936,756,1202,594,366,0
3rd Quarter 2025,Synthetic,Risk Factor SC synthetic row 1170,Lanao del Sur,1,1,1,0,0,0,0,0,0,0,0,1,0
1st Quarter 2025,Synthetic,Risk Factor SC synthetic row 1171,NIR,49075,359,4670,1227,0,1152,217,187,86,260,2502,0,0
2nd Quarter 2025,Synthetic,Risk Factor SC synthetic row 1172,Aurora,11863,242,579,0,1353,211,112,155,0,753,0,0,0
3rd Quarter 2025,Synthetic,Risk Factor SC synthetic row 1173,City of Valenzuela,10351,0,0,0,54,0,3,0,0,159,0,61,81
3rd Quarter 2025,Synthetic,Risk Factor SC synthetic row 1174,City of Malabon,3721,0,160,0,244,98,17,40,32,29,0,0,0
1st Quarter 2025,Synthetic,Risk Factor SC synthetic row 1175,Palawan,6441,254,417,195,296,407,113,278,139,118,269,0,0
1st Quarter 2025,Synthetic,Risk Factor SC synthetic row 1176,Zamboanga del Sur,17060,320,66,225,114,511,384,624,547,982,495,39,0
1st Quarter 2025,Synthetic,Risk Factor SC synthetic row 1177,City of Makati,3888,35,47,26,119,0,26,0,0,1687,82,917,310
3rd Quarter 2025,Synthetic,Risk Factor SC synthetic row 1178,Lanao del Sur,1,1,0,0,0,0,1,0,0,0,1,0,0
3rd Quarter 2025,Synthetic,Risk Factor SC synthetic row 1179,Region 6,124208,0,6488,1489,1530,1284,0,394,0,5197,0,2711,1149
1st Quarter 2025,Synthetic,Risk Factor SC synthetic row 1180,Quirino,11860,35,103,0,492,228,772,825,475,40,109,262,0
3rd Quarter 2025,Synthetic,Risk Factor SC synthetic row 1181,Zamboanga del Norte,10534,270,1152,0,15,52,796,0,0,546,219,76,0
2nd Quarter 2025,Synthetic,Risk Factor SC synthetic row 1182,Region 7,1,0,0,0,0,0,0,0,0,0,0,0,0
3rd Quarter 2025,Synthetic,Risk Factor SC synthetic row 1183,Quirino,9172,269,0,0,193,379,122,265,656,11,296,27,0
3rd Quarter 2025,Synthetic,Risk Factor SC synthetic row 1184,Davao de Oro,17958,333,0,765,2461,5513,152,1108,48,233,447,1959,1225
1st Quarter 2025,Synthetic,Risk Factor SC synthetic row 1185,Marinduque,1739,23,0,21,94,0,1,0,0,35,83,32,48
1st Quarter 2025,Synthetic,Risk Factor SC synthetic row 1186,City of Naga,884,21,42,23,14,16,18,99,6,3,32,0,0
3rd Quarter 2025,Synthetic,Risk Factor SC synthetic row 1187,Camarines Sur,21248,606,192,732,1673,2627,1744,1753,1109,2149,1073,574,0
1st Quarter 2025,Synthetic,Risk Factor SC synthetic row 1188,Bataan,10614,125,369,196,341,133,0,0,50,0,477,0,41
2nd Quarter 2025,Synthetic,Risk Factor SC synthetic row 1189,Davao de Oro,15010,508,2014,758,1704,195,172,11,0,415,0,0,151
3rd Quarter 2025,Synthetic,Risk Factor SC synthetic row 1190,Quezon,7230,241,1043,385,1224,81,623,41,363,678,182,575,435
2nd Quarter 2025,Synthetic,Risk Factor SC synthetic row 1191,Iloilo,33783,1411,1926,540,2318,152,0,121,0,0,1020,296,0
1st Quarter 2025,Synthetic,Risk Factor SC synthetic row 1192,Lanao del Sur,10009,403,416,10009,10009,137,0,9571,347,619,371,16,429
1st Quarter 2025,Synthetic,Risk Factor SC synthetic row 1193,Cotabato,10756,334,184,84,728,0,126,0,169,611,455,428,69
1st Quarter 2025,Synthetic,Risk Factor SC synthetic row 1194,City of Cotabato,3602,30,207,3410,48,16,0,176,0,196,0,168,0
2nd Quarter 2025,Synthetic,Risk Factor SC synthetic row 1195,Quezon,9000,649,1281,452,0,517,915,6,1154,921,549,832,58
2nd Quarter 2025,Synthetic,Risk Factor SC synthetic row 1196,City of Tacloban,7494,91,258,610,154,0,25,24,0,0,0,0,17
1st Quarter 2025,Synthetic,Risk Factor SC synthetic row 1197,Biliran,9225,155,133,0,665,0,254,0,621,1018,110,0,55
2nd Quarter 2025,Synthetic,Risk Factor SC synthetic row 1198,Nueva Ecija,110146,3906,11066,1545,908,2097,1512,2333,1578,4923,1825,1029,1481
3rd Quarter 2025,Synthetic,Risk Factor SC synthetic row 1199,Pateros,2027,0,2,0,0,0,0,6,0,0,33,13,26
1st Quarter 2025,Synthetic,Risk Factor SC synthetic row 1200,Pateros,1572,11,3,13,0,15,23,0,0,16,36,0,9
3rd Quarter 2025,Synthetic,Risk Factor SC synthetic row 1201,CAR,58472,1032,627,389,0,1072,0,0,224,10685,5429,8898,622
2nd Quarter 2025,Synthetic,Risk Factor SC synthetic row 1202,Batangas,35030,895,3132,1135,0,1644,478,1669,0,4008,0,3111,3960
2nd Quarter 2025,Synthetic,Risk Factor SC synthetic row 1203,City of Marikina,1370,21,150,24,80,0,37,0,12,274,146,0,64
1st Quarter 2025,Synthetic,Risk Factor SC synthetic row 1204,Maguindanao del Norte,3733,112,3733,0,3733,0,0,0,11,0,28,0,0
3rd Quarter 2025,Synthetic,Risk Factor SC synthetic row 1205,Quezon City,84395,2768,1512,0,555,0,370,1071,0,0,77,213,0
1st Quarter 2025,Synthetic,Risk Factor SC synthetic row 1206,Surigao del Sur,19330,552,782,879,200,0,102,244,328,730,662,142,668
2nd Quarter 2025,Synthetic,Risk Factor SC synthetic row 1207,Region 12,37145,1212,0,57,690,0,0,824,0,378,194,1369,180
2nd Quarter 2025,Synthetic,Risk Factor SC synthetic row 1208,Quezon,12705,156,90,432,2287,445,1406,14,618,1690,2037,194,45
2nd Quarter 2025,Synthetic,Risk Factor SC synthetic row 1209,Masbate,4346,0,427,374,681,240,10,54,0,1117,610,0,0
1st Quarter 2025,Synthetic,Risk Factor SC synthetic row 1210,City of Manila,14693,271,98,0,71,30,104,556,25,47,44,281,295
2nd Quarter 2025,Synthetic,Risk Factor SC synthetic row 1211,Bohol,14015,0,626,417,1163,6130,3642,0,88,1049,446,2,187
3rd Quarter 2025,Synthetic,Risk Factor SC synthetic row 1212,Zamboanga del Sur,10830,270,1168,379,0,357,247,688,57,310,157,0,172
3rd Quarter 2025,Synthetic,Risk Factor SC synthetic row 1213,Apayao,6417,97,117,0,321,33,57,5,0,130,152,19,151
1st Quarter 2025,Synthetic,Risk Factor SC synthetic row 1214,Eastern Samar,9843,0,110,187,530,0,0,29,74,163,208,49,177
3rd Quarter 2025,Synthetic,Risk Factor SC synthetic row 1215,City of Taguig,16261,2,9,0,932,96,55,0,248,0,124,263,30
1st Quarter 2025,Synthetic,Risk Factor SC synthetic row 1216,Sulu,1139,0,216,17,1069,18,0,0,24,1099,45,0,13
1st Quarter 2025,Synthetic,Risk Factor SC synthetic row 1217,Region 6,141974,1269,8819,352,4170,3597,0,479,1175,2921,0,0,0
1st Quarter 2025,Synthetic,Risk Factor SC synthetic row 1218,Quezon City,95943,568,0,2037,1563,4334,1837,2730,1460,0,257,785,0
3rd Quarter 2025,Synthetic,Risk Factor SC synthetic row 1219,Camarines Norte,10169,2113,4442,1478,2181,332,57,0,32,7471,3853,0,22
2nd Quarter 2025,Synthetic,Risk Factor SC synthetic row 1220,NCR,207609,1427,4522,0,4254,9006,8062,5165,4149,11180,0,0,2637
2nd Quarter 2025,Synthetic,Risk Factor SC synthetic row 1221,Region 8,63615,586,1615,163,4021,1404,27,0,1246,0,1109,506,1657
2nd Quarter 2025,Synthetic,Risk Factor SC synthetic row 1222,Region 1,110107,179,7565,651,2090,0,706,1655,299,2474,0,2179,0
3rd Quarter 2025,Synthetic,Risk Factor SC synthetic row 1223,City of Lucena,1873,18,114,166,103,10,31,65,82,61,26,79,0
1st Quarter 2025,Synthetic,Risk Factor SC synthetic row 1224,Region 12,49749,400,273,56,1495,0,567,0,852,2074,0,0,1454
1st Quarter 2025,Synthetic,Risk Factor SC synthetic row 1225,City of Bacolod,5701,261,385,191,609,0,11,67,32,0,697,0,0
3rd Quarter 2025,Synthetic,Risk Factor SC synthetic row 1226,City of Makati,4275,21,182,44,76,6,0,163,0,467,305,51,52
1st Quarter 2025,Synthetic,Risk Factor SC synthetic row 1227,City of Pasig,22883,183,1058,730,204,0,0,0,83,6201,4232,272,84
1st Quarter 2025,Synthetic,Risk Factor SC synthetic row 1228,City of Malabon,3603,2,0,6,0,19,21,0,15,432,0,0,6
1st Quarter 2025,Synthetic,Risk Factor SC synthetic row 1229,City of Malabon,3610,186,0,0,393,5,0,34,71,27,191,0,36
1st Quarter 2025,Synthetic,Risk Factor SC synthetic row 1230,City of Valenzuela,9101,5,150,0,170,0,44,24,0,91,221,0,34
1st Quarter 2025,Synthetic,Risk Factor SC synthetic row 1231,Region 3,1,0,0,0,0,0,0,0,0,0,0,0,0
2nd Quarter 2025,Synthetic,Risk Factor SC synthetic row 1232,Quezon City,121106,2380,322,1803,1672,4079,974,0,2366,1617,2484,0,0
1st Quarter 2025,Synthetic,Risk Factor SC synthetic row 1233,Davao del Norte,10758,0,353,468,1294,3172,871,1055,1374,2815,1785,0,141
3rd Quarter 2025,Synthetic,Risk Factor SC synthetic row 1234,Abra,15115,270,1081,53,1148,44,148,110,0,1043,981,90,53
1st Quarter 2025,Synthetic,Risk Factor SC synthetic row 1235,Special Geographic Area (SGA),1,1,0,0,0,0,0,1,1,0,0,0,0
3rd Quarter 2025,Synthetic,Risk Factor SC synthetic row 1236,City of Lucena,10648,61,676,975,501,0,198,0,326,971,207,135,39
3rd Quarter 2025,Synthetic,Risk Factor SC synthetic row 1237,Region 8,109396,760,0,3985,2767,1284,1003,1160,0,6853,388,0,157
2nd Quarter 2025,Synthetic,Risk Factor SC synthetic row 1238,City of Puerto Princesa,1675,0,83,16,238,0,0,0,0,749,3,0,142
1st Quarter 2025,Synthetic,Risk Factor SC synthetic row 1239,City of Muntinlupa,4965,92,161,0,159,0,0,36,0,1187,88,0,48
1st Quarter 2025,Synthetic,Risk Factor SC synthetic row 1240,Negros Occidental,11777,498,0,67,643,0,0,0,151,726,0,34,33
1st Quarter 2025,Synthetic,Risk Factor SC synthetic row 1241,Dinagat Islands,9439,282,153,160,0,110,0,164,0,1000,587,169,0
2nd Quarter 2025,Synthetic,Risk Factor SC synthetic row 1242,Region 9,33236,460,3030,767,844,613,4,2234,1774,1151,97,325,248
1st Quarter 2025,Synthetic,Risk Factor SC synthetic row 1243,Misamis Occidental,6380,0,117,19,83,41,139,0,31,82,140,0,0
1st Quarter 2025,Synthetic,Risk Factor SC synthetic row 1244,Cotabato,29005,471,1035,61,0,0,42,0,0,0,1135,659,465
3rd Quarter 2025,Synthetic,Risk Factor SC synthetic row 1245,Ifugao,7081,0,129,253,151,0,125,0,0,285,859,503,207
2nd Quarter 2025,Synthetic,Risk Factor SC synthetic row 1246,Davao del Sur,11162,619,948,183,1173,111,2547,21,2602,2182,0,0,0
1st Quarter 2025,Synthetic,Risk Factor SC synthetic row 1247,La Union,37645,525,1883,905,2878,0,0,0,0,788,3790,5,0
2nd Quarter 2025,Synthetic,Risk Factor SC synthetic row 1248,Ilocos Sur,8359,197,11,0,0,7,0,0,62,692,537,0,92
1st Quarter 2025,Synthetic,Risk Factor SC synthetic row 1249,City of Davao,23439,0,1992,1870,2691,7315,53,1372,0,3432,3109,146,0
1st Quarter 2025,Synthetic,Risk Factor SC synthetic row 1250,Lanao del Sur,26733,24837,20986,26733,93,948,0,1414,271,2311,1032,24834,0
3rd Quarter 2025,Synthetic,Risk Factor SC synthetic row 1251,Apayao,3425,49,70,0,146,14,0,77,0,291,132,83,207
2nd Quarter 2025,Synthetic,Risk Factor SC synthetic row 1252,Negros Oriental,16531,542,2133,0,2314,1615,840,0,178,1204,340,0,459
2nd Quarter 2025,Synthetic,Risk Factor SC synthetic row 1253,Iloilo,32851,1794,1877,0,1912,0,0,0,73,422,1223,0,496
2nd Quarter 2025,Synthetic,Risk Factor SC synthetic row 1254,Palawan,5213,0,392,46,433,68,65,121,41,101,164,79,35
3rd Quarter 2025,Synthetic,Risk Factor SC synthetic row 1255,City of Lucena,6655,56,509,736,313,19,125,164,707,275,103,12,550
3rd Quarter 2025,Synthetic,Risk Factor SC synthetic row 1256,Masbate,5668,551,31,0,684,36,44,8,26,353,655,0,0
2nd Quarter 2025,Synthetic,Risk Factor SC synthetic row 1257,City of Lapu-Lapu,13279,90,817,0,4686,2043,0,0,1569,244,198,217,643
3rd Quarter 2025,Synthetic,Risk Factor SC synthetic row 1258,CAR,98186,214,2624,2611,5046,412,0,0,127,16156,9119,12542,0
3rd Quarter 2025,Synthetic,Risk Factor SC synthetic row 1259,Palawan,7066,0,338,22,472,77,218,186,108,13,224,82,0
2nd Quarter 2025,Synthetic,Risk Factor SC synthetic row 1260,City of Santiago,9895,409,928,26,881,644,504,691,0,564,688,0,183
2nd Quarter 2025,Synthetic,Risk Factor SC synthetic row 1261,Region 2,85245,2946,3680,0,3219,7865,6605,4229,6806,4949,1353,1450,0
2nd Quarter 2025,Synthetic,Risk Factor SC synthetic row 1262,Region 2,1,0,0,0,0,0,0,0,0,0,0,0,0
1st Quarter 2025,Synthetic,Risk Factor SC synthetic row 1263,Guimaras,40196,0,740,0,395,543,46,957,860,0,121,189,0
1st Quarter 2025,Synthetic,Risk Factor SC synthetic row 1264,City of Cagayan De Oro,9905,8,716,448,2033,81,31,167,20,0,120,25,43
1st Quarter 2025,Synthetic,Risk Factor SC synthetic row 1265,City of Naga,1138,0,16,36,0,17,1,7,63,98,60,10,16
1st Quarter 2025,Synthetic,Risk Factor SC synthetic row 1266,Agusan del Sur,9558,0,1116,268,1215,698,362,22,364,361,541,145,0
2nd Quarter 2025,Synthetic,Risk Factor SC synthetic row 1267,City of Butuan,9354,343,0,277,335,10,101,103,264,1060,776,103,131
3rd Quarter 2025,Synthetic,Risk Factor SC synthetic row 1268,La Union,21650,646,404,351,1275,247,29,238,284,0,114,0,0
3rd Quarter 2025,Synthetic,Risk Factor SC synthetic row 1269,Isabela,46366,1503,2100,0,3181,5482,5052,3533,131,481,1312,0,654
2nd Quarter 2025,Synthetic,Risk Factor SC synthetic row 1270,City of Navotas,10862,228,431,86,464,43,0,2029,884,2428,495,1261,748
1st Quarter 2025,Synthetic,Risk Factor SC synthetic row 1271,City of Taguig,20494,0,312,86,193,1080,0,497,0,0,0,244,0
1st Quarter 2025,Synthetic,Risk Factor SC synthetic row 1272,Aurora,3005,86,169,88,210,87,16,301,345,117,71,127,13
1st Quarter 2025,Synthetic,Risk Factor SC synthetic row 1273,Quirino,6907,137,251,128,276,344,335,148,279,124,50,11,0
3rd Quarter 2025,Synthetic,Risk Factor SC synthetic row 1274,City of Makati,3802,63,76,0,54,0,351,186,9,207,218,0,687
3rd Quarter 2025,Synthetic,Risk Factor SC synthetic row 1275,Pasay City,3963,0,0,36,0,0,0,16,18,34,0,29,0
1st Quarter 2025,Synthetic,Risk Factor SC synthetic row 1276,Region 5,1,0,0,0,0,0,0,0,0,0,0,0,0
3rd Quarter 2025,Synthetic,Risk Factor SC synthetic row 1277,Nueva Ecija,10456,390,752,203,623,414,253,40,116,268,0,58,0
1st Quarter 2025,Synthetic,Risk Factor SC synthetic row 1278,Agusan del Norte,11042,85,769,387,658,887,1042,1396,1159,1020,740,629,671
1st Quarter 2025,Synthetic,Risk Factor SC synthetic row 1279,Cebu,31147,1165,0,1348,4351,737,2416,922,1438,1635,1004,1229,399
2nd Quarter 2025,Synthetic,Risk Factor SC synthetic row 1280,Pasay City,6111,0,0,0,0,170,128,0,0,16,49,62,126
1st Quarter 2025,Synthetic,Risk Factor SC synthetic row 1281,Bukidnon,11306,0,53,58,1534,62,613,791,61,813,291,52,7
3rd Quarter 2025,Synthetic,Risk Factor SC synthetic row 1282,NIR,50742,1787,840,372,5233,818,0,0,0,147,3247,1637,467
3rd Quarter 2025,Synthetic,Risk Factor SC synthetic row 1283,Pasay City,9995,0,80,74,87,0,0,0,0,51,50,58,0
1st Quarter 2025,Synthetic,Risk Factor SC synthetic row 1284,City of Puerto Princesa,10203,424,57,491,1591,0,70,63,0,4763,2165,1521,7
1st Quarter 2025,Synthetic,Risk Factor SC synthetic row 1285,Sulu,1,1,1,0,0,0,0,0,0,0,0,0,0
1st Quarter 2025,Synthetic,Risk Factor SC synthetic row 1286,Ilocos Sur,24269,319,456,594,351,438,0,105,0,2254,0,323,214
1st Quarter 2025,Synthetic,Risk Factor SC synthetic row 1287,Region 10,1,0,0,0,0,0,0,0,0,0,0,0,0
3rd Quarter 2025,Synthetic,Risk Factor SC synthetic row 1288,Region 12,39374,435,1359,986,2605,446,0,0,673,0,1166,970,59
2nd Quarter 2025,Synthetic,Risk Factor SC synthetic row 1289,Apayao,8309,133,31,0,192,40,95,24,0,180,0,694,335
2nd Quarter 2025,Synthetic,Risk Factor SC synthetic row 1290,Agusan del Sur,8061,111,1157,457,5,11,358,369,0,46,250,11,0
3rd Quarter 2025,Synthetic,Risk Factor SC synthetic row 1291,Basilan,1,0,0,0,0,0,1,0,0,1,1,0,0
2nd Quarter 2025,Synthetic,Risk Factor SC synthetic row 1292,Tarlac,10006,45,537,2,158,149,0,186,0,0,360,0,176
2nd Quarter 2025,Synthetic,Risk Factor SC synthetic row 1293,Region 10,46048,460,0,413,1697,0,0,0,0,0,0,489,0
1st Quarter 2025,Synthetic,Risk Factor SC synthetic row 1294,Region 9,29757,287,55,540,2587,0,1170,98,707,655,750,736,446
2nd Quarter 2025,Synthetic,Risk Factor SC synthetic row 1295,Davao de Oro,16998,0,1410,325,0,0,491,957,3770,3130,1296,455,1074
2nd Quarter 2025,Synthetic,Risk Factor SC synthetic row 1296,Basilan,3512,170,168,77,50,2741,2846,0,23,37,65,3,0
2nd Quarter 2025,Synthetic,Risk Factor SC synthetic row 1297,Masbate,4917,506,1079,0,25,0,0,46,27,0,975,0,38
3rd Quarter 2025,Synthetic,Risk Factor SC synthetic row 1298,Oriental Mindoro,17341,420,1452,925,1131,260,895,405,672,651,0,0,148
3rd Quarter 2025,Synthetic,Risk Factor SC synthetic row 1299,Surigao del Norte,9939,113,507,202,536,1208,567,18,831,6,600,201,54
2nd Quarter 2025,Synthetic,Risk Factor SC synthetic row 1300,BARMM,1,0,1,0,0,0,0,0,0,0,0,1,0
2nd Quarter 2025,Synthetic,Risk Factor SC synthetic row 1301,Ilocos Norte,18096,311,0,0,304,99,0,207,0,948,0,120,0
2nd Quarter 2025,Synthetic,Risk Factor SC synthetic row 1302,City of Parañaque,5858,16,7,101,92,24,0,0,0,15,0,96,0
2nd Quarter 2025,Synthetic,Risk Factor SC synthetic row 1303,City of Santiago,4329,76,520,98,0,261,321,85,246,146,38,0,52
1st Quarter 2025,Synthetic,Risk Factor SC synthetic row 1304,Nueva Ecija,49572,1577,3354,475,2983,529,1446,0,1505,993,806,0,0
3rd Quarter 2025,Synthetic,Risk Factor SC synthetic row 1305,Quezon City,61729,0,0,1905,241,1309,566,0,865,609,0,0,168
2nd Quarter 2025,Synthetic,Risk Factor SC synthetic row 1306,Region 7,105287,120,8003,0,6910,5194,622,11611,5240,475,12037,6190,912
3rd Quarter 2025,Synthetic,Risk Factor SC synthetic row 1307,Region 11,84100,1131,8740,5305,0,542,18504,17717,12992,10484,11816,0,647
1st Quarter 2025,Synthetic,Risk Factor SC synthetic row 1308,Davao del Norte,9567,212,1111,142,1664,909,1403,0,1864,787,1470,7,0
3rd Quarter 2025,Synthetic,Risk Factor SC synthetic row 1309,Ilocos Norte,9030,76,100,0,0,0,0,0,175,22,373,33,0
2nd Quarter 2025,Synthetic,Risk Factor SC synthetic row 1310,City of Isabela,1425,22,175,5,43,0,0,213,32,151,162,20,7
3rd Quarter 2025,Synthetic,Risk Factor SC synthetic row 1311,Kalinga,10777,240,1068,342,892,172,187,0,14,499,0,499,128
2nd Quarter 2025,Synthetic,Risk Factor SC synthetic row 1312,CAR,49475,1050,1149,15,4045,930,214,367,0,0,963,470,2655
3rd Quarter 2025,Synthetic,Risk Factor SC synthetic row 1313,City of Muntinlupa,12090,185,108,140,275,23,68,29,0,1623,0,54,0
2nd Quarter 2025,Synthetic,Risk Factor SC synthetic row 1314,Region 7,70439,1870,11058,1536,15812,8442,6402,0,7553,0,4225,4928,635
3rd Quarter 2025,Synthetic,Risk Factor SC synthetic row 1315,City of Angeles,7475,74,642,0,448,0,66,266,0,327,247,47,18
1st Quarter 2025,Synthetic,Risk Factor SC synthetic row 1316,Region 6,285215,9612,8530,7878,9965,3489,0,2453,6288,5481,1827,5154,1859
2nd Quarter 2025,Synthetic,Risk Factor SC synthetic row 1317,City of Navotas,10833,40,245,152,559,1332,966,1702,123,2883,1070,779,51
2nd Quarter 2025,Synthetic,Risk Factor SC synthetic row 1318,Davao Occidental,10163,229,1594,375,1594,1880,114,2553,1762,440,338,0,37
1st Quarter 2025,Synthetic,Risk Factor SC synthetic row 1319,Region 9,1,0,0,0,0,0,0,1,0,0,0,0,0
3rd Quarter 2025,Synthetic,Risk Factor SC synthetic row 1320,CAR,54292,1203,1340,321,1676,0,208,0,0,142,5493,0,4536
1st Quarter 2025,Synthetic,Risk Factor SC synthetic row 1321,Albay,13878,336,0,110,247,0,0,918,0,185,498,285,0
3rd Quarter 2025,Synthetic,Risk Factor SC synthetic row 1322,Bataan,22756,558,713,88,90,145,133,16,365,1670,655,95,57
3rd Quarter 2025,Synthetic,Risk Factor SC synthetic row 1323,Capiz,49921,823,3051,0,2199,90,3063,0,2506,793,643,0,1255
3rd Quarter 2025,Synthetic,Risk Factor SC synthetic row 1324,Region 4A,73641,3171,6945,627,9248,0,4717,2540,1567,0,6098,3455,850
3rd Quarter 2025,Synthetic,Risk Factor SC synthetic row 1325,Lanao del Sur,1,1,0,0,1,0,0,0,0,0,0,0,0
3rd Quarter 2025,Synthetic,Risk Factor SC synthetic row 1326,Antique,14403,503,802,242,55,159,196,154,290,661,0,84,199
2nd Quarter 2025,Synthetic,Risk Factor SC synthetic row 1327,City of General Santos,2201,0,40,4,94,131,88,17,110,64,34,442,78
1st Quarter 2025,Synthetic,Risk Factor SC synthetic row 1328,Ilocos Norte,17483,112,381,0,143,10,0,0,0,1358,0,51,0
3rd Quarter 2025,Synthetic,Risk Factor SC synthetic row 1329,City of Mandaue,3372,44,91,0,52,16,0,9,283,60,0,27,42
1st Quarter 2025,Synthetic,Risk Factor SC synthetic row 1330,City of Malabon,10276,0,499,13,830,3,0,62,6,0,0,0,18
3rd Quarter 2025,Synthetic,Risk Factor SC synthetic row 1331,Region 11,99877,4097,429,0,5761,29265,20752,0,14587,24147,13738,1333,201
3rd Quarter 2025,Synthetic,Risk Factor SC synthetic row 1332,CAR,46314,445,623,327,359,0,433,0,223,6162,2697,7385,0
3rd Quarter 2025,Synthetic,Risk Factor SC synthetic row 1333,City of Zamboanga,4048,89,424,7,105,51,2,55,131,0,131,0,19
1st Quarter 2025,Synthetic,Risk Factor SC synthetic row 1334,Aklan,14978,231,435,0,48,636,1300,104,231,178,225,0,0
3rd Quarter 2025,Synthetic,Risk Factor SC synthetic row 1335,City of Mandaue,9298,0,311,150,45,216,75,0,491,247,29,279,204
3rd Quarter 2025,Synthetic,Risk Factor SC synthetic row 1336,Cavite,9791,424,1086,342,0,276,0,54,400,90,102,0,0
2nd Quarter 2025,Synthetic,Risk Factor SC synthetic row 1337,La Union,25515,191,107,17,2351,266,367,285,0,2810,599,17,0
3rd Quarter 2025,Synthetic,Risk Factor SC synthetic row 1338,Kalinga,7990,102,0,17,0,0,102,22,0,64,824,688,0
3rd Quarter 2025,Synthetic,Risk Factor SC synthetic row 1339,City of Parañaque,5781,174,43,52,132,174,124,0,0,0,0,3,68
3rd Quarter 2025,Synthetic,Risk Factor SC synthetic row 1340,City of Iligan,4081,9,410,177,0,27,0,9,2,0,169,0,0
2nd Quarter 2025,Synthetic,Risk Factor SC synthetic row 1341,Region 5,147344,0,11725,2802,13907,10223,1502,9249,4991,2053,1953,3445,1667
3rd Quarter 2025,Synthetic,Risk Factor SC synthetic row 1342,City of San Juan,2248,0,1,29,0,6,11,0,30,0,0,54,13
1st Quarter 2025,Synthetic,Risk Factor SC synthetic row 1343,CAR,68478,1156,3585,210,4795,0,130,2402,0,10470,2257,11425,2700
3rd Quarter 2025,Synthetic,Risk Factor SC synthetic row 1344,Davao Oriental,10660,436,0,919,1861,1235,159,3035,0,0,70,183,0
1st Quarter 2025,Synthetic,Risk Factor SC synthetic row 1345,Isabela,39902,316,186,1237,2561,3448,2373,496,2301,1942,1657,658,87
2nd Quarter 2025,Synthetic,Risk Factor SC synthetic row 1346,City of Iligan,4044,36,21,164,314,0,0,22,266,213,0,0,61
3rd Quarter 2025,Synthetic,Risk Factor SC synthetic row 1347,Mountain Province,6957,42,123,0,494,0,1,0,47,1150,3,57,0
2nd Quarter 2025,Synthetic,Risk Factor SC synthetic row 1348,Kalinga,9461,272,491,0,833,19,31,0,0,696,799,401,338
1st Quarter 2025,Synthetic,Risk Factor SC synthetic row 1349,Rizal,10867,760,423,0,417,90,539,97,0,331,111,945,1060
1st Quarter 2025,Synthetic,Risk Factor SC synthetic row 1350,Cotabato,9869,85,319,170,298,65,34,0,172,374,0,0,299
1st Quarter 2025,Synthetic,Risk Factor SC synthetic row 1351,Quezon,10144,41,1754,0,0,128,436,662,478,1275,366,75,47
3rd Quarter 2025,Synthetic,Risk Factor SC synthetic row 1352,Zambales,23485,296,555,0,790,123,41,315,0,470,148,459,104
3rd Quarter 2025,Synthetic,Risk Factor SC synthetic row 1353,Lanao del Sur,20173,705,131,0,7,464,55,418,416,20173,103,150,0
2nd Quarter 2025,Synthetic,Risk Factor SC synthetic row 1354,Apayao,9792,98,403,118,269,0,28,143,107,277,220,64,374
1st Quarter 2025,Synthetic,Risk Factor SC synthetic row 1355,Cavite,22158,938,2638,566,0,0,1512,193,881,0,1843,0,342
1st Quarter 2025,Synthetic,Risk Factor SC synthetic row 1356,Camarines Sur,22827,0,178,394,1377,1430,1212,3336,1598,1630,5,0,0
2nd Quarter 2025,Synthetic,Risk Factor SC synthetic row 1357,City of Iloilo,21187,0,351,0,62,407,148,200,0,193,0,44,464
2nd Quarter 2025,Synthetic,Risk Factor SC synthetic row 1358,Lanao del Norte,11252,124,0,122,0,0,0,705,376,81,201,0,0
2nd Quarter 2025,Synthetic,Risk Factor SC synthetic row 1359,BARMM,1,0,1,1,0,0,0,0,1,0,0,1,1
1st Quarter 2025,Synthetic,Risk Factor SC synthetic row 1360,Oriental Mindoro,8340,177,626,268,670,285,131,77,139,4,401,0,188
1st Quarter 2025,Synthetic,Risk Factor SC synthetic row 1361,Eastern Samar,8834,0,27,265,105,0,1,109,0,434,97,0,66
1st Quarter 2025,Synthetic,Risk Factor SC synthetic row 1362,Cavite,9731,463,1033,0,0,112,536,0,261,68,1409,13,884
2nd Quarter 2025,Synthetic,Risk Factor SC synthetic row 1363,Albay,10644,104,54,177,191,875,103,642,66,43,411,27,25
1st Quarter 2025,Synthetic,Risk Factor SC synthetic row 1364,Caraga,81447,0,2374,3374,0,7894,3706,8440,4466,2523,3499,1968,526
2nd Quarter 2025,Synthetic,Risk Factor SC synthetic row 1365,Quirino,6548,73,338,38,94,119,262,0,524,304,0,0,69
2nd Quarter 2025,Synthetic,Risk Factor SC synthetic row 1366,Agusan del Sur,7447,214,995,451,0,0,0,380,29,314,94,0,86
1st Quarter 2025,Synthetic,Risk Factor SC synthetic row 1367,City of Cebu,6647,240,41,112,621,4056,378,1102,543,3629,509,181,147
1st Quarter 2025,Synthetic,Risk Factor SC synthetic row 1368,Camarines Sur,23363,518,1885,1037,464,2843,0,2212,1461,2235,394,906,261
2nd Quarter 2025,Synthetic,Risk Factor SC synthetic row 1369,Bohol,11550,444,590,498,892,0,456,932,0,590,61,364,1616
2nd Quarter 2025,Synthetic,Risk Factor SC synthetic row 1370,Region 10,1,0,0,0,0,0,0,0,0,0,0,0,0
2nd Quarter 2025,Synthetic,Risk Factor SC synthetic row 1371,Region 4B,34299,0,0,1122,4684,469,634,600,1396,1986,1209,2130,1429
1st Quarter 2025,Synthetic,Risk Factor SC synthetic row 1372,City of Santiago,6699,0,8,66,734,403,384,23,0,531,298,38,50
2nd Quarter 2025,Synthetic,Risk Factor SC synthetic row 1373,City of Bacolod,10230,0,761,262,129,66,71,0,0,59,1395,0,103
1st Quarter 2025,Synthetic,Risk Factor SC synthetic row 1374,Misamis Oriental,7171,0,0,1776,3128,0,0,0,59,266,250,160,84
1st Quarter 2025,Synthetic,Risk Factor SC synthetic row 1375,Maguindanao del Norte,11306,0,1221,9095,0,163,0,0,92,9481,876,144,0
2nd Quarter 2025,Synthetic,Risk Factor SC synthetic row 1376,BARMM,1,0,0,0,0,0,0,0,0,0,0,0,1
1st Quarter 2025,Synthetic,Risk Factor SC synthetic row 1377,Zamboanga Sibugay,7656,131,779,149,133,0,30,156,281,163,0,67,206
3rd Quarter 2025,Synthetic,Risk Factor SC synthetic row 1378,Isabela,51869,1070,348,72,0,0,4776,7274,4386,2806,2188,502,420
3rd Quarter 2025,Synthetic,Risk Factor SC synthetic row 1379,Ormoc City,5759,0,50,99,185,0,1,88,0,247,523,0,81
2nd Quarter 2025,Synthetic,Risk Factor SC synthetic row 1380,Davao del Sur,8037,332,88,115,1295,1116,736,2175,1554,1345,398,0,26
2nd Quarter 2025,Synthetic,Risk Factor SC synthetic row 1381,Negros Oriental,9448,266,461,53,0,226,0,32,0,396,104,738,403
3rd Quarter 2025,Synthetic,Risk Factor SC synthetic row 1382,Batanes,1000,12,0,31,59,82,15,69,51,12,75,0,0
1st Quarter 2025,Synthetic,Risk Factor SC synthetic row 1383,Region 4A,102079,0,4623,2667,3797,3039,7264,0,3587,0,7290,8381,0
3rd Quarter 2025,Synthetic,Risk Factor SC synthetic row 1384,Pasay City,11270,229,16,15,0,0,181,0,0,0,0,79,0
3rd Quarter 2025,Synthetic,Risk Factor SC synthetic row 1385,Marinduque,1711,17,32,8,75,25,27,0,19,43,41,37,0
2nd Quarter 2025,Synthetic,Risk Factor SC synthetic row 1386,City of General Santos,8891,0,82,107,388,36,0,15,17,365,248,1614,39
1st Quarter 2025,Synthetic,Risk Factor SC synthetic row 1387,Dinagat Islands,3805,77,141,1,239,0,223,40,51,483,304,22,40
3rd Quarter 2025,Synthetic,Risk Factor SC synthetic row 1388,Davao Oriental,11059,121,883,392,940,4546,2723,0,0,144,0,252,25
2nd Quarter 2025,Synthetic,Risk Factor SC synthetic row 1389,Catanduanes,7477,100,1504,0,1706,349,41,146,0,0,1902,0,4
1st Quarter 2025,Synthetic,Risk Factor SC synthetic row 1390,Negros Occidental,32380,122,3916,367,1614,0,625,250,733,2040,906,396,0
2nd Quarter 2025,Synthetic,Risk Factor SC synthetic row 1391,Oriental Mindoro,12902,245,1811,0,1058,0,418,353,369,1089,372,907,1
2nd Quarter 2025,Synthetic,Risk Factor SC synthetic row 1392,Davao del Norte,8701,186,15,327,20,75,1293,0,126,1118,645,0,52
2nd Quarter 2025,Synthetic,Risk Factor SC synthetic row 1393,Region 12,69064,1898,2724,815,4863,0,0,0,680,737,3117,0,0
2nd Quarter 2025,Synthetic,Risk Factor SC synthetic row 1394,Region 4A,77088,2535,403,2983,10032,338,2953,2314,2460,5120,5355,4112,484
3rd Quarter 2025,Synthetic,Risk Factor SC synthetic row 1395,Ifugao,4257,38,182,160,98,1,0,0,56,647,421,1,0
1st Quarter 2025,Synthetic,Risk Factor SC synthetic row 1396,City of Pasig,12221,235,451,390,1065,0,74,44,0,0,2645,0,15
3rd Quarter 2025,Synthetic,Risk Factor SC synthetic row 1397,Masbate,4977,14,648,380,958,0,0,0,571,293,0,0,129
3rd Quarter 2025,Synthetic,Risk Factor SC synthetic row 1398,City of Pasig,24829,593,1106,0,0,0,0,43,11,6740,0,0,395
2nd Quarter 2025,Synthetic,Risk Factor SC synthetic row 1399,City of Navotas,3717,133,218,44,209,763,558,295,221,0,632,360,128
1st Quarter 2025,Synthetic,Risk Factor SC synthetic row 1400,Region 5,1,0,0,0,0,1,0,0,0,0,0,0,0
1st Quarter 2025,Synthetic,Risk Factor SC synthetic row 1401,Siquijor,4449,0,340,33,443,0,38,18,31,479,254,14,1
2nd Quarter 2025,Synthetic,Risk Factor SC synthetic row 1402,Basilan,12542,263,12500,12505,12542,12542,185,500,249,242,0,60,101
3rd Quarter 2025,Synthetic,Risk Factor SC synthetic row 1403,City of Manila,13633,0,0,0,255,24,0,0,136,0,0,199,43
3rd Quarter 2025,Synthetic,Risk Factor SC synthetic row 1404,Camiguin,762,20,5,9,41,0,0,0,0,0,1,0,15
3rd Quarter 2025,Synthetic,Risk Factor SC synthetic row 1405,Leyte,12475,0,157,0,25,22,76,13,0,286,0,0,243
2nd Quarter 2025,Synthetic,Risk Factor SC synthetic row 1406,Sulu,10852,372,1982,0,10852,0,56,91,0,9782,0,0,168
1st Quarter 2025,Synthetic,Risk Factor SC synthetic row 1407,Guimaras,9088,131,65,148,127,198,0,0,0,617,6,0,0
2nd Quarter 2025,Synthetic,Risk Factor SC synthetic row 1408,Oriental Mindoro,10937,0,1465,350,40,195,372,386,184,638,579,507,636
1st Quarter 2025,Synthetic,Risk Factor SC synthetic row 1409,Oriental Mindoro,6507,195,351,410,434,117,166,286,198,0,592,317,298
3rd Quarter 2025,Synthetic,Risk Factor SC synthetic row 1410,Davao de Oro,11250,192,1385,15,419,0,253,8,0,0,1945,0,808
1st Quarter 2025,Synthetic,Risk Factor SC synthetic row 1411,City of Taguig,19599,0,540,276,632,851,109,107,163,0,128,189,0
2nd Quarter 2025,Synthetic,Risk Factor SC synthetic row 1412,Region 2,110557,3478,0,1808,6400,11288,0,10361,0,0,4190,976,1958
3rd Quarter 2025,Synthetic,Risk Factor SC synthetic row 1413,City of Navotas,4631,45,171,0,224,15,0,6,0,356,659,526,359
2nd Quarter 2025,Synthetic,Risk Factor SC synthetic row 1414,City of Iligan,6681,408,0,232,567,325,341,308,0,369,0,80,139
2nd Quarter 2025,Synthetic,Risk Factor SC synthetic row 1415,City of Olongapo,9372,248,334,121,0,205,84,155,151,246,121,33,19
3rd Quarter 2025,Synthetic,Risk Factor SC synthetic row 1416,Cavite,17036,785,2113,532,0,428,988,2003,519,0,1673,0,1651
2nd Quarter 2025,Synthetic,Risk Factor SC synthetic row 1417,Aurora,11554,248,774,80,50,111,68,1636,1035,464,235,481,368
2nd Quarter 2025,Synthetic,Risk Factor SC synthetic row 1418,City of Parañaque,5640,0,0,52,104,0,58,0,50,0,0,147,0
1st Quarter 2025,Synthetic,Risk Factor SC synthetic row 1419,Guimaras,79378,0,4821,558,1784,46,893,757,0,1031,358,781,558
1st Quarter 2025,Synthetic,Risk Factor SC synthetic row 1420,Quezon City,63667,297,486,499,1126,968,197,343,0,0,1122,0,0
2nd Quarter 2025,Synthetic,Risk Factor SC synthetic row 1421,City of Butuan,5039,3,0,149,306,73,200,0,116,728,425,82,55
3rd Quarter 2025,Synthetic,Risk Factor SC synthetic row 1422,Tarlac,54705,1443,3262,0,1708,783,0,0,170,2365,903,0,392
3rd Quarter 2025,Synthetic,Risk Factor SC synthetic row 1423,City of Angeles,13003,23,882,65,833,83,0,623,77,34,170,56,122
1st Quarter 2025,Synthetic,Risk Factor SC synthetic row 1424,Zamboanga del Norte,9647,237,937,484,856,1130,721,692,653,276,416,196,152
3rd Quarter 2025,Synthetic,Risk Factor SC synthetic row 1425,Romblon,1081,0,85,16,122,50,10,45,0,315,89,65,22
2nd Quarter 2025,Synthetic,Risk Factor SC synthetic row 1426,City of Makati,11382,0,0,0,203,0,40,915,50,3427,841,3756,2445
2nd Quarter 2025,Synthetic,Risk Factor SC synthetic row 1427,La Union,9840,23,272,207,48,0,29,0,54,0,132,122,0
3rd Quarter 2025,Synthetic,Risk Factor SC synthetic row 1428,La Union,18241,402,203,271,605,0,28,0,0,2305,1709,0,0
1st Quarter 2025,Synthetic,Risk Factor SC synthetic row 1429,Camarines Sur,9788,230,25,103,273,1074,0,562,65,366,565,78,85
3rd Quarter 2025,Synthetic,Risk Factor SC synthetic row 1430,Region 10,1,0,0,0,0,0,0,0,0,0,0,0,0
2nd Quarter 2025,Synthetic,Risk Factor SC synthetic row 1431,City of Cotabato,3827,114,163,0,124,202,22,209,0,0,13,159,46
1st Quarter 2025,Synthetic,Risk Factor SC synthetic row 1432,Surigao del Norte,13595,379,0,254,162,1864,1013,1037,1103,11,817,364,69
3rd Quarter 2025,Synthetic,Risk Factor SC synthetic row 1433,City of Dagupan,10716,0,24,154,191,0,0,0,0,250,172,0,41
3rd Quarter 2025,Synthetic,Risk Factor SC synthetic row 1434,Siquijor,2026,25,131,67,161,4,0,42,0,107,37,0,35
3rd Quarter 2025,Synthetic,Risk Factor SC synthetic row 1435,Abra,9764,106,396,275,205,187,0,168,0,756,267,0,0
1st Quarter 2025,Synthetic,Risk Factor SC synthetic row 1436,Davao del Norte,10459,98,658,0,24,2285,571,942,1758,2670,660,63,0
1st Quarter 2025,Synthetic,Risk Factor SC synthetic row 1437,Bukidnon,10354,0,297,0,0,782,0,530,0,108,367,90,0
2nd Quarter 2025,Synthetic,Risk Factor SC synthetic row 1438,Davao Occidental,4151,136,185,0,195,8,308,775,174,234,409,0,0
2nd Quarter 2025,Synthetic,Risk Factor SC synthetic row 1439,Sorsogon,13127,382,998,259,977,0,0,357,36,1730,1350,0,33
1st Quarter 2025,Synthetic,Risk Factor SC synthetic row 1440,Region 9,38584,1235,0,837,3369,1490,2110,0,2154,1617,1363,102,424
3rd Quarter 2025,Synthetic,Risk Factor SC synthetic row 1441,Bohol,10014,315,83,399,0,950,544,1323,3865,851,385,98,1030
3rd Quarter 2025,Synthetic,Risk Factor SC synthetic row 1442,Mountain Province,9612,28,0,0,615,0,0,12,0,41,0,116,0
1st Quarter 2025,Synthetic,Risk Factor SC synthetic row 1443,City of Iligan,7014,401,0,153,496,105,328,0,0,477,0,301,73
3rd Quarter 2025,Synthetic,Risk Factor SC synthetic row 1444,Region 10,1,0,0,0,0,0,0,0,0,0,0,0,0
2nd Quarter 2025,Synthetic,Risk Factor SC synthetic row 1445,Bulacan,9489,462,0,104,119,23,199,141,187,39,594,105,325
2nd Quarter 2025,Synthetic,Risk Factor SC synthetic row 1446,Misamis Oriental,12809,0,0,148,0,100,531,0,567,642,32,189,107
3rd Quarter 2025,Synthetic,Risk Factor SC synthetic row 1447,Misamis Oriental,5819,0,608,1189,336,40,484,0,30,0,25,25,19
2nd Quarter 2025,Synthetic,Risk Factor SC synthetic row 1448,City of Pasig,10339,158,489,0,114,212,0,0,148,75,91,0,0
3rd Quarter 2025,Synthetic,Risk Factor SC synthetic row 1449,Basilan,9948,734,36,15,138,2,170,9948,184,0,0,86,9948
1st Quarter 2025,Synthetic,Risk Factor SC synthetic row 1450,City of Valenzuela,11918,103,38,15,0,56,0,24,0,493,433,0,149
1st Quarter 2025,Synthetic,Risk Factor SC synthetic row 1451,City of Parañaque,4870,0,0,0,0,0,61,0,0,0,30,0,7
1st Quarter 2025,Synthetic,Risk Factor SC synthetic row 1452,Cebu,40512,901,4451,1698,2623,2588,228,0,378,0,951,122,1448
3rd Quarter 2025,Synthetic,Risk Factor SC synthetic row 1453,City of Angeles,5926,8,0,78,380,40,17,5,0,198,32,0,0
2nd Quarter 2025,Synthetic,Risk Factor SC synthetic row 1454,City of General Santos,3292,29,0,0,0,32,9,124,0,36,49,0,170
1st Quarter 2025,Synthetic,Risk Factor SC synthetic row 1455,Antique,25378,279,146,71,76,0,98,216,69,1061,0,0,0
1st Quarter 2025,Synthetic,Risk Factor SC synthetic row 1456,Sorsogon,9453,318,887,69,422,214,149,0,0,685,400,0,0
3rd Quarter 2025,Synthetic,Risk Factor SC synthetic row 1457,Ifugao,4345,79,144,112,266,60,35,0,0,597,7,235,436
2nd Quarter 2025,Synthetic,Risk Factor SC synthetic row 1458,Camarines Sur,20984,766,0,214,121,2856,195,1832,145,223,957,0,136
2nd Quarter 2025,Synthetic,Risk Factor SC synthetic row 1459,City of Lapu-Lapu,6695,361,219,387,658,68,936,0,514,23,223,111,363
2nd Quarter 2025,Synthetic,Risk Factor SC synthetic row 1460,Surigao del Sur,21677,237,1839,604,2342,2015,933,2669,1402,2143,492,586,189
3rd Quarter 2025,Synthetic,Risk Factor SC synthetic row 1461,Pampanga,48241,1223,921,284,2356,1867,1581,197,197,1330,455,368,981
3rd Quarter 2025,Synthetic,Risk Factor SC synthetic row 1462,Northern Samar,5518,112,932,0,283,16,0,37,0,300,0,0,52
1st Quarter 2025,Synthetic,Risk Factor SC synthetic row 1463,Caraga,40003,1123,2282,1427,1460,0,2331,3888,1416,1443,0,53,457
2nd Quarter 2025,Synthetic,Risk Factor SC synthetic row 1464,City of Makati,7720,40,337,51,108,0,1189,569,305,150,0,0,526
3rd Quarter 2025,Synthetic,Risk Factor SC synthetic row 1465,City of Cebu,12073,172,1215,262,7654,1244,966,1637,896,1258,0,298,2901
2nd Quarter 2025,Synthetic,Risk Factor SC synthetic row 1466,Kalinga,7824,435,717,0,10,35,59,12,39,766,213,0,0
2nd Quarter 2025,Synthetic,Risk Factor SC synthetic row 1467,City of Marikina,1244,45,105,16,68,244,105,8,205,43,106,11,67
1st Quarter 2025,Synthetic,Risk Factor SC synthetic row 1468,Region 1,1,0,0,0,0,0,0,0,0,0,0,0,0
2nd Quarter 2025,Synthetic,Risk Factor SC synthetic row 1469,Dinagat Islands,1482,41,0,30,0,115,0,13,93,183,0,0,0
1st Quarter 2025,Synthetic,Risk Factor SC synthetic row 1470,City of Muntinlupa,4839,45,0,49,118,20,0,0,0,545,283,0,0
2nd Quarter 2025,Synthetic,Risk Factor SC synthetic row 1471,City of Lapu-Lapu,11434,0,928,184,0,1261,1227,1110,1273,431,4345,964,147
3rd Quarter 2025,Synthetic,Risk Factor SC synthetic row 1472,Misamis Occidental,12683,0,417,185,830,0,229,36,0,341,225,0,181
3rd Quarter 2025,Synthetic,Risk Factor SC synthetic row 1473,NIR,41796,100,228,649,288,659,0,189,382,3270,2868,143,0
3rd Quarter 2025,Synthetic,Risk Factor SC synthetic row 1474,City of General Santos,9709,0,329,0,179,415,0,484,0,620,35,882,2212
1st Quarter 2025,Synthetic,Risk Factor SC synthetic row 1475,Agusan del Sur,8437,84,510,397,273,14,561,438,452,450,0,259,0
1st Quarter 2025,Synthetic,Risk Factor SC synthetic row 1476,Dinagat Islands,1835,45,49,46,88,9,0,16,0,245,6,21,3
1st Quarter 2025,Synthetic,Risk Factor SC synthetic row 1477,City of Cotabato,7543,227,391,0,289,0,28,85,14,719,87,0,10
3rd Quarter 2025,Synthetic,Risk Factor SC synthetic row 1478,Samar,14114,360,214,609,494,0,0,209,0,193,395,94,0
3rd Quarter 2025,Synthetic,Risk Factor SC synthetic row 1479,City of Butuan,3917,74,327,100,151,153,198,0,29,748,95,0,0
2nd Quarter 2025,Synthetic,Risk Factor SC synthetic row 1480,Cagayan,34744,2079,0,1146,5827,1498,1916,4912,2424,0,1896,559,419
3rd Quarter 2025,Synthetic,Risk Factor SC synthetic row 1481,City of Manila,35710,212,0,139,571,0,364,0,1676,0,570,0,177
3rd Quarter 2025,Synthetic,Risk Factor SC synthetic row 1482,City of Dagupan,3702,32,197,21,242,4,45,0,10,0,13,0,62
2nd Quarter 2025,Synthetic,Risk Factor SC synthetic row 1483,Masbate,3611,359,495,199,18,299,147,0,0,8,21,0,0
1st Quarter 2025,Synthetic,Risk Factor SC synthetic row 1484,Camarines Norte,2081,14,748,21,60,0,113,5,8,1344,71,19,19
3rd Quarter 2025,Synthetic,Risk Factor SC synthetic row 1485,Masbate,4525,375,543,0,1090,80,0,0,16,1445,816,0,48
3rd Quarter 2025,Synthetic,Risk Factor SC synthetic row 1486,Region 1,53488,1079,2319,707,1496,0,12,399,0,1621,2135,443,104
2nd Quarter 2025,Synthetic,Risk Factor SC synthetic row 1487,Ilocos Norte,7504,108,37,207,166,67,0,0,0,480,169,0,0
1st Quarter 2025,Synthetic,Risk Factor SC synthetic row 1488,Camarines Norte,2071,0,77,6,459,54,0,0,12,1133,691,0,6
1st Quarter 2025,Synthetic,Risk Factor SC synthetic row 1489,Negros Oriental,8410,356,1093,0,400,47,517,120,58,265,641,608,382
1st Quarter 2025,Synthetic,Risk Factor SC synthetic row 1490,Ilocos Norte,9858,114,350,170,227,69,88,175,0,0,114,189,74
2nd Quarter 2025,Synthetic,Risk Factor SC synthetic row 1491,Cagayan,32899,1750,2506,1039,3564,2319,1623,3343,1670,1401,1591,148,568
1st Quarter 2025,Synthetic,Risk Factor SC synthetic row 1492,Samar,9579,33,693,522,1117,0,0,0,0,255,306,0,30
1st Quarter 2025,Synthetic,Risk Factor SC synthetic row 1493,Benguet,11879,5,436,49,385,0,0,0,0,81,408,1159,78
1st Quarter 2025,Synthetic,Risk Factor SC synthetic row 1494,Region 1,91405,1623,3228,1874,8807,0,0,0,0,2437,0,1001,0
1st Quarter 2025,Synthetic,Risk Factor SC synthetic row 1495,Zamboanga Sibugay,10175,374,943,0,388,0,0,162,0,453,96,279,113
2nd Quarter 2025,Synthetic,Risk Factor SC synthetic row 1496,Misamis Oriental,5702,0,0,1070,0,57,28,247,43,10,0,0,175
3rd Quarter 2025,Synthetic,Risk Factor SC synthetic row 1497,City of Marikina,1156,10,40,60,70,144,0,187,108,94,108,97,0
2nd Quarter 2025,Synthetic,Risk Factor SC synthetic row 1498,City of San Juan,2149,0,0,0,0,0,0,54,31,24,0,99,31
2nd Quarter 2025,Synthetic,Risk Factor SC synthetic row 1499,Bulacan,92341,4218,8724,0,7238,4227,3302,4058,1471,0,5937,2962,426
2nd Quarter 2025,Synthetic,Risk Factor SC synthetic row 1500,City of Marikina,1881,7,4,55,17,335,151,250,236,161,90,183,102
2nd Quarter 2025,Synthetic,Risk Factor SC synthetic row 1501,City of Olongapo,4866,0,181,99,116,8,45,0,44,159,31,106,72
2nd Quarter 2025,Synthetic,Risk Factor SC synthetic row 1502,Masbate,3892,385,63,434,541,0,102,17,376,0,0,35,0
3rd Quarter 2025,Synthetic,Risk Factor SC synthetic row 1503,Maguindanao del Sur,11612,483,1632,0,605,0,0,0,0,301,11612,0,8
3rd Quarter 2025,Synthetic,Risk Factor SC synthetic row 1504,NCR,1,0,0,0,0,0,0,0,0,0,0,0,0
2nd Quarter 2025,Synthetic,Risk Factor SC synthetic row 1505,Lanao del Sur,9995,75,0,0,47,0,225,377,263,936,801,315,94
3rd Quarter 2025,Synthetic,Risk Factor SC synthetic row 1506,Misamis Oriental,6040,0,24,890,1652,0,0,57,0,77,44,72,0
1st Quarter 2025,Synthetic,Risk Factor SC synthetic row 1507,Capiz,28685,267,2343,0,223,2535,590,184,1608,368,537,513,269
1st Quarter 2025,Synthetic,Risk Factor SC synthetic row 1508,Quirino,10084,131,659,171,30,562,640,411,102,332,181,110,264
2nd Quarter 2025,Synthetic,Risk Factor SC synthetic row 1509,Region 4A,1,0,0,0,0,0,0,0,0,0,0,0,1
1st Quarter 2025,Synthetic,Risk Factor SC synthetic row 1510,Southern Leyte,21894,113,527,0,0,110,250,0,0,0,787,125,0
1st Quarter 2025,Synthetic,Risk Factor SC synthetic row 1511,Davao de Oro,17582,535,1725,0,2424,3,57,189,0,3964,2581,265,392
1st Quarter 2025,Synthetic,Risk Factor SC synthetic row 1512,Ilocos Sur,40379,0,869,333,1497,0,46,283,0,2807,1716,0,0
2nd Quarter 2025,Synthetic,Risk Factor SC synthetic row 1513,Region 9,32909,1429,4323,845,1339,1329,1456,662,1044,0,906,256,0
3rd Quarter 2025,Synthetic,Risk Factor SC synthetic row 1514,City of Pasig,15691,146,0,0,1134,0,0,33,51,48,2106,0,1
3rd Quarter 2025,Synthetic,Risk Factor SC synthetic row 1515,Misamis Oriental,6449,240,0,1279,409,0,75,29,0,412,74,190,0
3rd Quarter 2025,Synthetic,Risk Factor SC synthetic row 1516,Misamis Oriental,13929,0,1473,377,6248,51,0,714,0,86,0,182,0
1st Quarter 2025,Synthetic,Risk Factor SC synthetic row 1517,City of Valenzuela,17283,0,142,234,0,0,41,0,161,909,0,0,134
2nd Quarter 2025,Synthetic,Risk Factor SC synthetic row 1518,Region 1,49435,1408,2152,1507,3636,0,256,0,100,0,4952,239,0
1st Quarter 2025,Synthetic,Risk Factor SC synthetic row 1519,Leyte,12674,706,125,157,405,53,108,0,0,573,0,23,0
3rd Quarter 2025,Synthetic,Risk Factor SC synthetic row 1520,Eastern Samar,20216,192,299,340,0,159,0,400,312,0,202,0,27
2nd Quarter 2025,Synthetic,Risk Factor SC synthetic row 1521,City of Olongapo,6840,71,176,96,173,0,0,0,0,86,27,26,92
1st Quarter 2025,Synthetic,Risk Factor SC synthetic row 1522,Region 11,92277,2371,8824,6308,9526,30047,0,1752,0,18467,7797,0,2331
3rd Quarter 2025,Synthetic,Risk Factor SC synthetic row 1523,Northern Samar,11824,907,85,55,606,5,35,132,0,1706,183,82,0
1st Quarter 2025,Synthetic,Risk Factor SC synthetic row 1524,Zamboanga del Norte,9486,273,716,27,698,1417,643,855,62,0,0,1,96
2nd Quarter 2025,Synthetic,Risk Factor SC synthetic row 1525,City of San Juan,10345,234,90,8,315,0,504,220,0,1485,0,21,129
3rd Quarter 2025,Synthetic,Risk Factor SC synthetic row 1526,BARMM,1,0,0,1,0,0,0,0,0,0,0,0,0
3rd Quarter 2025,Synthetic,Risk Factor SC synthetic row 1527,Sultan Kudarat,29820,717,1993,167,845,375,0,0,0,1330,682,58,699
2nd Quarter 2025,Synthetic,Risk Factor SC synthetic row 1528,Region 5,56309,1943,3088,1045,4995,2397,2157,2537,0,2867,2274,133,1189
3rd Quarter 2025,Synthetic,Risk Factor SC synthetic row 1529,Batangas,53922,739,4000,2511,0,419,1146,4588,960,4527,4793,0,5310
3rd Quarter 2025,Synthetic,Risk Factor SC synthetic row 1530,Marinduque,2044,0,86,0,94,0,12,9,0,39,50,11,27
1st Quarter 2025,Synthetic,Risk Factor SC synthetic row 1531,Pangasinan,18883,348,1525,0,49,0,205,0,0,18883,16557,221,316
2nd Quarter 2025,Synthetic,Risk Factor SC synthetic row 1532,Bukidnon,8938,259,391,260,0,0,0,0,0,0,188,97,2
1st Quarter 2025,Synthetic,Risk Factor SC synthetic row 1533,City of Cebu,10876,190,977,134,923,1096,4252,1431,4391,4208,3237,3157,2546
2nd Quarter 2025,Synthetic,Risk Factor SC synthetic row 1534,City of Tacloban,8286,0,193,568,0,0,0,22,0,0,0,12,0
3rd Quarter 2025,Synthetic,Risk Factor SC synthetic row 1535,Oriental Mindoro,15194,337,1850,1012,1529,285,211,251,0,926,798,802,434
2nd Quarter 2025,Synthetic,Risk Factor SC synthetic row 1536,City of Baguio,9863,52,504,250,704,0,133,0,0,3820,1872,3264,452
2nd Quarter 2025,Synthetic,Risk Factor SC synthetic row 1537,Leyte,9628,0,916,0,11,0,0,566,0,0,291,0,273
2nd Quarter 2025,Synthetic,Risk Factor SC synthetic row 1538,City of Las Piñas,14482,0,0,513,0,109,2128,0,1879,2343,628,0,921
1st Quarter 2025,Synthetic,Risk Factor SC synthetic row 1539,City of Pasig,19297,540,671,557,1757,0,0,170,0,4897,3186,50,53
3rd Quarter 2025,Synthetic,Risk Factor SC synthetic row 1540,NCR,208091,895,0,5605,1727,1532,0,724,3578,6431,3294,2195,0
2nd Quarter 2025,Synthetic,Risk Factor SC synthetic row 1541,Pasay City,3709,0,59,0,9,38,92,51,39,0,0,79,2
3rd Quarter 2025,Synthetic,Risk Factor SC synthetic row 1542,Romblon,2464,342,654,95,792,73,45,114,43,941,546,32,61
3rd Quarter 2025,Synthetic,Risk Factor SC synthetic row 1543,City of Makati,4581,85,150,0,120,643,313,328,43,570,0,438,0
2nd Quarter 2025,Synthetic,Risk Factor SC synthetic row 1544,Biliran,5377,0,371,360,418,0,0,0,18,404,234,112,43
3rd Quarter 2025,Synthetic,Risk Factor SC synthetic row 1545,Basilan,2456,2456,163,0,2407,70,2401,87,107,92,2456,2456,2413
2nd Quarter 2025,Synthetic,Risk Factor SC synthetic row 1546,Zambales,45337,1162,1933,0,672,0,820,503,401,0,1485,333,382
3rd Quarter 2025,Synthetic,Risk Factor SC synthetic row 1547,Quezon,11707,712,32,326,101,134,1217,676,0,1515,1308,226,0
3rd Quarter 2025,Synthetic,Risk Factor SC synthetic row 1548,BARMM,59456,350,129,924,239,0,0,53961,266,59456,384,52220,126
3rd Quarter 2025,Synthetic,Risk Factor SC synthetic row 1549,City of Isabela,10811,43,1153,0,797,0,0,1375,983,1277,788,256,0
2nd Quarter 2025,Synthetic,Risk Factor SC synthetic row 1550,City of Malabon,3524,0,132,276,0,0,4,36,76,475,30,0,23
3rd Quarter 2025,Synthetic,Risk Factor SC synthetic row 1551,City of Las Piñas,11424,185,200,651,594,72,916,964,1400,0,1618,670,548
1st Quarter 2025,Synthetic,Risk Factor SC synthetic row 1552,Zambales,20560,483,216,362,84,0,607,73,0,82,460,44,211
2nd Quarter 2025,Synthetic,Risk Factor SC synthetic row 1553,Camarines Sur,20989,718,1596,0,89,2942,1590,70,1810,1718,1372,270,229
3rd Quarter 2025,Synthetic,Risk Factor SC synthetic row 1554,City of Baguio,4623,0,59,0,90,0,34,0,37,1382,320,938,42
1st Quarter 2025,Synthetic,Risk Factor SC synthetic row 1555,Occidental Mindoro,3000,0,658,137,0,205,0,167,144,92,16,0,17
1st Quarter 2025,Synthetic,Risk Factor SC synthetic row 1556,Nueva Ecija,7173,224,465,11,590,212,58,168,101,405,47,121,108
2nd Quarter 2025,Synthetic,Risk Factor SC synthetic row 1557,City of Mandaue,4466,109,0,129,254,2,0,0,5,111,20,0,80
2nd Quarter 2025,Synthetic,Risk Factor SC synthetic row 1558,Dinagat Islands,1689,0,21,15,75,156,96,139,0,58,23,0,42
3rd Quarter 2025,Synthetic,Risk Factor SC synthetic row 1559,Camiguin,735,3,4,38,2,15,9,12,0,0,0,5,0
3rd Quarter 2025,Synthetic,Risk Factor SC synthetic row 1560,City of Iloilo,11286,6,0,251,0,33,0,4,75,0,106,0,78
3rd Quarter 2025,Synthetic,Risk Factor SC synthetic row 1561,City of Pasig,11833,353,628,443,852,99,78,0,83,1757,0,0,0
2nd Quarter 2025,Synthetic,Risk Factor SC synthetic row 1562,Aurora,7717,0,488,372,862,136,136,1038,932,22,256,269,167
2nd Quarter 2025,Synthetic,Risk Factor SC synthetic row 1563,Region 5,1,0,0,0,0,0,0,0,0,0,0,0,0
2nd Quarter 2025,Synthetic,Risk Factor SC synthetic row 1564,Sulu,10582,291,0,46,20,0,33,95,0,80,0,103,0
1st Quarter 2025,Synthetic,Risk Factor SC synthetic row 1565,City of Malabon,9466,448,0,986,706,0,0,35,0,59,91,231,0
1st Quarter 2025,Synthetic,Risk Factor SC synthetic row 1566,City of Naga,1285,0,0,9,76,19,81,8,23,81,8,50,0
2nd Quarter 2025,Synthetic,Risk Factor SC synthetic row 1567,Pangasinan,18572,569,197,1156,2033,237,282,0,0,1529,18154,61,52
1st Quarter 2025,Synthetic,Risk Factor SC synthetic row 1568,City of Olongapo,9002,0,195,0,291,0,168,6,0,183,106,0,0
1st Quarter 2025,Synthetic,Risk Factor SC synthetic row 1569,Special Geographic Area (SGA),3131,2917,22,3131,0,24,2812,50,0,3131,147,3092,0
1st Quarter 2025,Synthetic,Risk Factor SC synthetic row 1570,Region 4A,1,0,0,0,0,0,0,0,0,1,0,0,0
2nd Quarter 2025,Synthetic,Risk Factor SC synthetic row 1571,Masbate,4527,242,631,277,972,74,0,0,496,327,146,27,0
3rd Quarter 2025,Synthetic,Risk Factor SC synthetic row 1572,Caraga,80803,2246,5616,2036,8258,6233,4765,7107,4108,6068,2654,1346,2149
1st Quarter 2025,Synthetic,Risk Factor SC synthetic row 1573,City of Puerto Princesa,1023,27,50,2,69,0,1,0,0,183,133,60,55
3rd Quarter 2025,Synthetic,Risk Factor SC synthetic row 1574,City of Las Piñas,4956,57,345,37,0,918,441,443,376,475,242,214,224
2nd Quarter 2025,Synthetic,Risk Factor SC synthetic row 1575,City of Davao,21428,708,1662,1695,0,2198,1944,0,4027,88,48,372,0
1st Quarter 2025,Synthetic,Risk Factor SC synthetic row 1576,City of Malabon,3008,7,100,20,23,20,55,0,51,38,0,0,16
1st Quarter 2025,Synthetic,Risk Factor SC synthetic row 1577,Negros Oriental,7416,156,0,32,185,838,540,0,0,581,205,461,198
3rd Quarter 2025,Synthetic,Risk Factor SC synthetic row 1578,Davao del Norte,22503,786,7,884,891,80,4203,5560,136,198,56,128,234
3rd Quarter 2025,Synthetic,Risk Factor SC synthetic row 1579,City of General Santos,9769,0,0,321,171,93,361,0,416,631,95,972,637
2nd Quarter 2025,Synthetic,Risk Factor SC synthetic row 1580,Albay,12537,0,411,0,202,72,97,9,170,902,128,159,53
2nd Quarter 2025,Synthetic,Risk Factor SC synthetic row 1581,La Union,21708,594,514,0,1865,24,0,0,0,317,0,0,27
1st Quarter 2025,Synthetic,Risk Factor SC synthetic row 1582,Batangas,9389,100,18,6,63,58,604,62,0,183,633,0,88
1st Quarter 2025,Synthetic,Risk Factor SC synthetic row 1583,Misamis Occidental,6668,75,288,62,601,10,61,0,0,0,0,6,0
2nd Quarter 2025,Synthetic,Risk Factor SC synthetic row 1584,City of San Juan,10766,0,0,64,0,149,112,0,0,1872,720,386,23
1st Quarter 2025,Synthetic,Risk Factor SC synthetic row 1585,City of Puerto Princesa,2157,57,141,75,167,24,3,0,44,436,0,164,96
1st Quarter 2025,Synthetic,Risk Factor SC synthetic row 1586,City of Lapu-Lapu,2086,27,178,300,167,0,26,15,4,549,2,130,112
2nd Quarter 2025,Synthetic,Risk Factor SC synthetic row 1587,Nueva Vizcaya,9677,131,443,253,307,279,9,312,130,296,278,47,103
2nd Quarter 2025,Synthetic,Risk Factor SC synthetic row 1588,Catanduanes,9716,0,1276,0,2392,62,0,42,0,618,2299,0,66
2nd Quarter 2025,Synthetic,Risk Factor SC synthetic row 1589,Catanduanes,11614,290,1783,0,2527,230,584,20,127,691,2730,561,450
2nd Quarter 2025,Synthetic,Risk Factor SC synthetic row 1590,Region 2,100316,569,9598,1969,9094,6053,3992,11623,8066,3819,3650,539,2240
3rd Quarter 2025,Synthetic,Risk Factor SC synthetic row 1591,Bataan,19225,59,785,0,525,529,333,0,0,1391,668,54,0
2nd Quarter 2025,Synthetic,Risk Factor SC synthetic row 1592,NIR,1,1,0,0,0,0,0,0,0,0,0,0,0
1st Quarter 2025,Synthetic,Risk Factor SC synthetic row 1593,Pasay City,6249,24,0,33,0,153,3,149,51,0,78,0,65
2nd Quarter 2025,Synthetic,Risk Factor SC synthetic row 1594,Camiguin,1697,29,3,20,47,0,0,0,12,11,0,2,0
2nd Quarter 2025,Synthetic,Risk Factor SC synthetic row 1595,Agusan del Sur,9665,33,604,211,0,154,4,508,0,453,265,83,0
1st Quarter 2025,Synthetic,Risk Factor SC synthetic row 1596,Bukidnon,12134,6,0,0,1493,44,0,0,0,0,0,0,168
3rd Quarter 2025,Synthetic,Risk Factor SC synthetic row 1597,Dinagat Islands,1881,28,63,53,27,115,0,0,0,22,0,33,38
1st Quarter 2025,Synthetic,Risk Factor SC synthetic row 1598,Benguet,10752,178,441,173,386,63,82,0,0,746,0,1653,22
3rd Quarter 2025,Synthetic,Risk Factor SC synthetic row 1599,Siquijor,10542,64,576,407,952,79,154,0,89,1212,423,23,0
3rd Quarter 2025,Synthetic,Risk Factor SC synthetic row 1600,Quezon,6604,454,83,217,44,38,234,139,0,0,676,735,198
2nd Quarter 2025,Synthetic,Risk Factor SC synthetic row 1601,Misamis Occidental,9676,16,0,62,555,28,0,86,41,41,0,155,79
3rd Quarter 2025,Synthetic,Risk Factor SC synthetic row 1602,Masbate,5991,323,1295,0,81,53,0,1000,19,1673,0,32,108
2nd Quarter 2025,Synthetic,Risk Factor SC synthetic row 1603,Cebu,30034,1682,1181,1147,174,697,739,4289,324,1299,1440,0,757
3rd Quarter 2025,Synthetic,Risk Factor SC synthetic row 1604,Ifugao,11515,49,110,66,453,0,43,206,0,225,280,809,0
1st Quarter 2025,Synthetic,Risk Factor SC synthetic row 1605,Occidental Mindoro,9133,538,1104,470,650,964,549,481,200,8,95,374,63
3rd Quarter 2025,Synthetic,Risk Factor SC synthetic row 1606,City of Bacolod,4613,24,0,0,381,0,15,0,0,285,616,6,0
1st Quarter 2025,Synthetic,Risk Factor SC synthetic row 1607,Marinduque,3276,17,89,15,78,0,0,2,0,3,41,117,87
1st Quarter 2025,Synthetic,Risk Factor SC synthetic row 1608,City of Cebu,10644,12,470,0,0,1199,0,963,0,1327,0,594,0
2nd Quarter 2025,Synthetic,Risk Factor SC synthetic row 1609,City of Bacolod,2786,61,0,57,169,11,0,0,42,11,0,6,0
2nd Quarter 2025,Synthetic,Risk Factor SC synthetic row 1610,Caraga,44860,138,3676,383,3541,4821,2994,4287,1861,3521,2663,1201,315
2nd Quarter 2025,Synthetic,Risk Factor SC synthetic row 1611,Region 7,1,0,1,0,0,0,0,0,0,0,0,0,0
2nd Quarter 2025,Synthetic,Risk Factor SC synthetic row 1612,Cotabato,23049,671,0,508,1373,0,0,41,0,288,0,149,802
2nd Quarter 2025,Synthetic,Risk Factor SC synthetic row 1613,Region 8,110261,1617,2898,4378,7827,1242,0,0,779,3265,0,0,177
2nd Quarter 2025,Synthetic,Risk Factor SC synthetic row 1614,Region 9,30326,727,0,563,2441,0,109,1991,1559,542,872,517,0
3rd Quarter 2025,Synthetic,Risk Factor SC synthetic row 1615,Region 9,32625,409,3958,160,3077,1015,2010,2083,0,125,571,809,233
3rd Quarter 2025,Synthetic,Risk Factor SC synthetic row 1616,Northern Samar,5050,0,255,134,272,32,21,3,0,338,0,3,17
2nd Quarter 2025,Synthetic,Risk Factor SC synthetic row 1617,Camarines Norte,2237,133,926,339,566,175,19,36,48,92,107,45,0
1st Quarter 2025,Synthetic,Risk Factor SC synthetic row 1618,City of Lapu-Lapu,8993,470,286,35,769,400,698,1910,99,311,0,0,185
2nd Quarter 2025,Synthetic,Risk Factor SC synthetic row 1619,Southern Leyte,13408,368,89,240,4,98,0,0,0,54,516,0,81
1st Quarter 2025,Synthetic,Risk Factor SC synthetic row 1620,Zambales,19186,641,382,682,615,179,177,9,129,792,0,364,0
3rd Quarter 2025,Synthetic,Risk Factor SC synthetic row 1621,Region 9,29354,28,1540,508,1048,123,748,1536,221,849,838,0,0
3rd Quarter 2025,Synthetic,Risk Factor SC synthetic row 1622,City of Cagayan De Oro,4748,153,0,71,665,13,0,10,0,306,149,0,88
1st Quarter 2025,Synthetic,Risk Factor SC synthetic row 1623,Marinduque,1861,0,58,0,73,0,0,0,3,0,14,0,0
1st Quarter 2025,Synthetic,Risk Factor SC synthetic row 1624,Rizal,8647,0,253,242,485,0,358,94,93,27,143,1004,800
3rd Quarter 2025,Synthetic,Risk Factor SC synthetic row 1625,Misamis Occidental,7514,0,169,60,633,152,0,28,0,7,94,0,0
1st Quarter 2025,Synthetic,Risk Factor SC synthetic row 1626,City of Marikina,1314,64,77,0,19,282,134,141,3,0,99,118,45
3rd Quarter 2025,Synthetic,Risk Factor SC synthetic row 1627,City of Davao,27760,1119,2210,0,1770,3277,2137,0,4975,0,3962,0,234
1st Quarter 2025,Synthetic,Risk Factor SC synthetic row 1628,Sultan Kudarat,26258,0,1099,355,1730,132,299,0,0,1321,722,805,1006
1st Quarter 2025,Synthetic,Risk Factor SC synthetic row 1629,City of Cotabato,1,1,0,0,0,0,0,0,0,0,1,0,0
3rd Quarter 2025,Synthetic,Risk Factor SC synthetic row 1630,Ormoc City,4271,160,69,38,29,31,54,50,0,0,244,0,23
2nd Quarter 2025,Synthetic,Risk Factor SC synthetic row 1631,Capiz,26724,0,1747,421,92,0,1465,0,767,0,652,0,220
1st Quarter 2025,Synthetic,Risk Factor SC synthetic row 1632,City of Naga,1911,17,9,51,121,26,46,77,25,67,0,0,23
2nd Quarter 2025,Synthetic,Risk Factor SC synthetic row 1633,Pampanga,78406,1046,1876,0,0,2623,4285,1778,167,665,1958,649,210
2nd Quarter 2025,Synthetic,Risk Factor SC synthetic row 1634,Basilan,1,0,1,0,0,0,0,0,0,0,0,1,1
2nd Quarter 2025,Synthetic,Risk Factor SC synthetic row 1635,Zamboanga Sibugay,9552,0,1139,139,899,0,191,0,384,230,309,0,135
3rd Quarter 2025,Synthetic,Risk Factor SC synthetic row 1636,Agusan del Sur,7700,0,937,45,27,0,155,188,34,312,54,179,90
2nd Quarter 2025,Synthetic,Risk Factor SC synthetic row 1637,Biliran,1476,43,120,80,81,36,12,156,76,0,87,46,12
2nd Quarter 2025,Synthetic,Risk Factor SC synthetic row 1638,Occidental Mindoro,3002,138,347,132,305,254,132,184,197,82,60,83,0
3rd Quarter 2025,Synthetic,Risk Factor SC synthetic row 1639,Region 4A,79062,2681,0,2241,1653,1586,2795,0,3244,6640,7049,0,7735
1st Quarter 2025,Synthetic,Risk Factor SC synthetic row 1640,City of Naga,12411,259,0,0,691,257,599,260,0,0,365,295,0
3rd Quarter 2025,Synthetic,Risk Factor SC synthetic row 1641,City of Olongapo,5303,27,168,59,56,0,30,59,0,52,21,20,32
1st Quarter 2025,Synthetic,Risk Factor SC synthetic row 1642,Region 8,66252,746,0,0,0,0,96,0,0,545,1576,0,0
1st Quarter 2025,Synthetic,Risk Factor SC synthetic row 1643,City of Iligan,10391,464,1084,0,119,13,211,196,564,112,0,152,0
1st Quarter 2025,Synthetic,Risk Factor SC synthetic row 1644,Sarangani,8134,25,64,0,161,239,23,153,96,528,0,123,185
3rd Quarter 2025,Synthetic,Risk Factor SC synthetic row 1645,Bataan,24912,0,341,112,74,528,415,0,379,977,331,467,0
3rd Quarter 2025,Synthetic,Risk Factor SC synthetic row 1646,Zamboanga del Norte,9852,79,68,167,330,1363,0,895,442,316,452,32,0
2nd Quarter 2025,Synthetic,Risk Factor SC synthetic row 1647,Marinduque,1683,29,77,18,33,1,10,2,0,9,29,0,10
1st Quarter 2025,Synthetic,Risk Factor SC synthetic row 1648,Sorsogon,15687,0,1744,0,1328,660,0,164,104,854,616,52,54
3rd Quarter 2025,Synthetic,Risk Factor SC synthetic row 1649,Zamboanga del Norte,10288,160,941,0,629,581,845,780,718,103,123,154,0
1st Quarter 2025,Synthetic,Risk Factor SC synthetic row 1650,South Cotabato,14376,350,584,77,0,81,0,115,18,1210,0,856,0
2nd Quarter 2025,Synthetic,Risk Factor SC synthetic row 1651,City of Bacolod,2817,26,167,116,149,0,23,29,5,1,294,0,0
1st Quarter 2025,Synthetic,Risk Factor SC synthetic row 1652,Quezon City,11877,19,0,0,166,0,0,0,0,163,0,6,0
3rd Quarter 2025,Synthetic,Risk Factor SC synthetic row 1653,BARMM,56436,1035,3374,1188,663,287,51701,352,53159,0,56436,970,0
3rd Quarter 2025,Synthetic,Risk Factor SC synthetic row 1654,City of Marikina,1145,57,0,11,63,2,0,134,161,19,117,0,80
1st Quarter 2025,Synthetic,Risk Factor SC synthetic row 1655,NIR,45073,1923,1608,2007,3386,0,368,0,0,3722,1747,663,0
2nd Quarter 2025,Synthetic,Risk Factor SC synthetic row 1656,Zamboanga Sibugay,9399,292,0,85,631,0,0,0,0,44,196,44,22
2nd Quarter 2025,Synthetic,Risk Factor SC synthetic row 1657,Agusan del Sur,7535,134,800,0,392,0,55,386,219,404,239,123,184
2nd Quarter 2025,Synthetic,Risk Factor SC synthetic row 1658,Ifugao,3831,0,0,38,218,0,13,14,53,171,94,310,120
1st Quarter 2025,Synthetic,Risk Factor SC synthetic row 1659,Antique,11505,306,790,309,0,0,0,52,28,0,0,0,0
3rd Quarter 2025,Synthetic,Risk Factor SC synthetic row 1660,Nueva Vizcaya,10489,0,0,24,213,11,285,227,16,362,0,97,0
1st Quarter 2025,Synthetic,Risk Factor SC synthetic row 1661,Camarines Norte,1619,115,809,14,275,3,12,15,50,0,0,0,10
3rd Quarter 2025,Synthetic,Risk Factor SC synthetic row 1662,Davao del Norte,32859,221,0,1967,0,7657,3738,2906,4599,3983,5336,160,451
2nd Quarter 2025,Synthetic,Risk Factor SC synthetic row 1663,City of Marikina,899,29,21,11,45,236,83,0,0,82,0,138,42
3rd Quarter 2025,Synthetic,Risk Factor SC synthetic row 1664,City of Davao,47892,2145,3363,1476,6408,12830,3569,12837,7543,7519,7296,0,0
3rd Quarter 2025,Synthetic,Risk Factor SC synthetic row 1665,Region 1,128018,6386,10247,0,7420,89,280,435,0,6325,2061,0,0
2nd Quarter 2025,Synthetic,Risk Factor SC synthetic row 1666,Benguet,10276,305,433,55,153,0,81,51,183,486,984,94,23
3rd Quarter 2025,Synthetic,Risk Factor SC synthetic row 1667,Occidental Mindoro,3363,0,16,92,16,27,0,164,224,0,95,131,0
3rd Quarter 2025,Synthetic,Risk Factor SC synthetic row 1668,Kalinga,8312,110,703,0,276,0,43,0,0,247,0,0,681
2nd Quarter 2025,Synthetic,Risk Factor SC synthetic row 1669,Region 5,62917,1326,5726,0,5853,3497,2396,0,0,10969,2317,182,377
3rd Quarter 2025,Synthetic,Risk Factor SC synthetic row 1670,Maguindanao del Norte,1,0,1,0,0,0,0,0,0,1,0,0,0
1st Quarter 2025,Synthetic,Risk Factor SC synthetic row 1671,Pangasinan,19796,40,0,362,0,0,0,133,0,149,1800,0,0
3rd Quarter 2025,Synthetic,Risk Factor SC synthetic row 1672,Nueva Vizcaya,15902,0,329,0,613,516,522,0,0,536,0,0,123
2nd Quarter 2025,Synthetic,Risk Factor SC synthetic row 1673,City of General Santos,3845,39,36,0,159,0,0,0,142,144,171,953,212
2nd Quarter 2025,Synthetic,Risk Factor SC synthetic row 1674,Special Geographic Area (SGA),3614,0,286,39,0,90,41,157,28,3614,3273,70,3614
1st Quarter 2025,Synthetic,Risk Factor SC synthetic row 1675,Quirino,6120,16,89,51,263,356,226,183,0,45,67,0,5
1st Quarter 2025,Synthetic,Risk Factor SC synthetic row 1676,Davao de Oro,15434,292,599,0,2049,247,718,946,206,0,1437,1560,0
3rd Quarter 2025,Synthetic,Risk Factor SC synthetic row 1677,Dinagat Islands,10922,171,0,231,549,27,0,0,42,1577,0,125,31
3rd Quarter 2025,Synthetic,Risk Factor SC synthetic row 1678,City of Makati,4087,54,66,0,153,1266,40,251,0,482,1114,419,310
2nd Quarter 2025,Synthetic,Risk Factor SC synthetic row 1679,Ilocos Sur,9973,128,296,67,181,117,0,25,0,5,285,21,128
3rd Quarter 2025,Synthetic,Risk Factor SC synthetic row 1680,Antique,13208,347,527,495,140,246,0,323,0,485,306,20,52
1st Quarter 2025,Synthetic,Risk Factor SC synthetic row 1681,Pateros,1456,3,50,0,0,0,20,0,33,0,0,1,4
3rd Quarter 2025,Synthetic,Risk Factor SC synthetic row 1682,Bataan,17640,247,0,0,556,16,0,0,101,1046,605,134,208
2nd Quarter 2025,Synthetic,Risk Factor SC synthetic row 1683,Davao del Norte,25595,684,2715,968,3019,7254,1904,2550,1776,257,2543,0,51
1st Quarter 2025,Synthetic,Risk Factor SC synthetic row 1684,Region 2,83532,655,1776,2022,7530,3608,0,9714,6489,2312,669,860,723
3rd Quarter 2025,Synthetic,Risk Factor SC synthetic row 1685,Siquijor,10293,198,612,334,895,171,0,0,0,1441,577,7,7
2nd Quarter 2025,Synthetic,Risk Factor SC synthetic row 1686,Region 1,1,0,0,0,0,0,0,0,0,0,0,0,0
3rd Quarter 2025,Synthetic,Risk Factor SC synthetic row 1687,City of Mandaue,7625,132,0,70,77,178,0,302,37,143,85,0,0
3rd Quarter 2025,Synthetic,Risk Factor SC synthetic row 1688,Kalinga,14321,640,1416,238,0,0,0,0,0,1613,0,438,1400
3rd Quarter 2025,Synthetic,Risk Factor SC synthetic row 1689,City of Las Piñas,5051,31,343,0,342,627,962,0,701,236,32,239,205
2nd Quarter 2025,Synthetic,Risk Factor SC synthetic row 1690,Davao Oriental,9145,182,0,35,0,2748,1492,2295,1955,191,3,138,130
1st Quarter 2025,Synthetic,Risk Factor SC synthetic row 1691,CAR,78492,1366,2865,2398,4011,112,0,0,1337,9389,9380,676,1094
3rd Quarter 2025,Synthetic,Risk Factor SC synthetic row 1692,Region 11,75021,923,0,413,11016,15922,5031,26372,14360,11450,6629,0,502
1st Quarter 2025,Synthetic,Risk Factor SC synthetic row 1693,Southern Leyte,30656,234,326,126,1033,32,9,0,97,0,702,28,269
2nd Quarter 2025,Synthetic,Risk Factor SC synthetic row 1694,Ilocos Norte,7486,210,349,0,0,0,66,30,0,91,333,102,83
1st Quarter 2025,Synthetic,Risk Factor SC synthetic row 1695,City of Muntinlupa,4934,0,121,0,0,0,18,23,4,1099,87,0,34
3rd Quarter 2025,Synthetic,Risk Factor SC synthetic row 1696,Pangasinan,16295,16173,16295,16295,12696,34,0,211,0,1656,11886,0,406
3rd Quarter 2025,Synthetic,Risk Factor SC synthetic row 1697,Zamboanga del Norte,11084,489,863,0,867,1162,775,790,622,451,162,157,0
2nd Quarter 2025,Synthetic,Risk Factor SC synthetic row 1698,Pampanga,61482,980,0,805,666,2134,1355,1536,1591,184,1473,1443,740
2nd Quarter 2025,Synthetic,Risk Factor SC synthetic row 1699,Region 2,1,0,0,0,0,0,0,0,0,0,0,0,0
2nd Quarter 2025,Synthetic,Risk Factor SC synthetic row 1700,Antique,17874,573,813,167,978,0,0,0,0,713,198,210,14
1st Quarter 2025,Synthetic,Risk Factor SC synthetic row 1701,NCR,179140,0,388,209,1121,0,0,5247,1891,6227,2888,1797,0
2nd Quarter 2025,Synthetic,Risk Factor SC synthetic row 1702,Cagayan,29372,1136,3428,889,3540,1574,2214,18,2249,2694,142,815,478
1st Quarter 2025,Synthetic,Risk Factor SC synthetic row 1703,Maguindanao del Norte,3485,0,0,0,3485,0,0,0,0,3485,152,0,0
3rd Quarter 2025,Synthetic,Risk Factor SC synthetic row 1704,Marinduque,2879,0,12,31,0,39,0,0,0,0,0,124,48
2nd Quarter 2025,Synthetic,Risk Factor SC synthetic row 1705,Region 4B,36175,842,2125,1859,5083,978,1484,0,507,0,1442,942,1168
3rd Quarter 2025,Synthetic,Risk Factor SC synthetic row 1706,City of Tacloban,8964,0,0,0,0,31,0,79,90,0,0,0,8
2nd Quarter 2025,Synthetic,Risk Factor SC synthetic row 1707,Ilocos Norte,10624,275,509,124,6,79,88,4,0,80,572,54,23
1st Quarter 2025,Synthetic,Risk Factor SC synthetic row 1708,Special Geographic Area (SGA),7808,6037,7808,0,7456,7192,7508,74,0,283,172,279,7808
1st Quarter 2025,Synthetic,Risk Factor SC synthetic row 1709,City of Caloocan,11612,0,337,130,669,0,0,0,405,0,176,84,61
3rd Quarter 2025,Synthetic,Risk Factor SC synthetic row 1710,Caraga,1,0,0,0,1,0,1,0,0,0,0,0,0
1st Quarter 2025,Synthetic,Risk Factor SC synthetic row 1711,La Union,17409,85,856,626,1642,0,42,0,160,347,128,0,0
3rd Quarter 2025,Synthetic,Risk Factor SC synthetic row 1712,Surigao del Sur,10091,225,1019,160,155,847,686,0,0,1614,200,424,389
2nd Quarter 2025,Synthetic,Risk Factor SC synthetic row 1713,City of Puerto Princesa,9277,178,684,0,1230,150,27,50,0,3610,677,576,32
1st Quarter 2025,Synthetic,Risk Factor SC synthetic row 1714,Ifugao,4443,49,103,62,284,0,0,0,0,487,504,28,245
2nd Quarter 2025,Synthetic,Risk Factor SC synthetic row 1715,Basilan,1,0,0,0,0,0,0,1,0,1,0,0,0
2nd Quarter 2025,Synthetic,Risk Factor SC synthetic row 1716,Tarlac,64163,2486,1558,1480,0,1038,724,270,1023,0,0,0,0
3rd Quarter 2025,Synthetic,Risk Factor SC synthetic row 1717,Region 4B,1,0,0,0,0,0,0,0,0,0,0,0,0
2nd Quarter 2025,Synthetic,Risk Factor SC synthetic row 1718,Laguna,10885,428,0,585,302,0,0,0,0,0,660,64,0
1st Quarter 2025,Synthetic,Risk Factor SC synthetic row 1719,Surigao del Sur,12760,32,1802,1055,550,1702,606,140,84,669,0,0,151
2nd Quarter 2025,Synthetic,Risk Factor SC synthetic row 1720,Dinagat Islands,1716,33,39,39,84,25,20,0,51,199,42,3,0
1st Quarter 2025,Synthetic,Risk Factor SC synthetic row 1721,City of Angeles,5396,0,470,0,169,8,121,0,54,203,0,80,63
1st Quarter 2025,Synthetic,Risk Factor SC synthetic row 1722,Palawan,9550,562,678,234,498,687,376,143,441,445,0,0,18
2nd Quarter 2025,Synthetic,Risk Factor SC synthetic row 1723,Basilan,10470,667,949,38,31,0,297,169,222,10470,271,5,36
3rd Quarter 2025,Synthetic,Risk Factor SC synthetic row 1724,Zamboanga Sibugay,10072,365,918,0,855,210,50,78,0,263,101,149,19
1st Quarter 2025,Synthetic,Risk Factor SC synthetic row 1725,Eastern Samar,11997,0,108,24,0,79,0,0,0,938,0,0,151
3rd Quarter 2025,Synthetic,Risk Factor SC synthetic row 1726,Camiguin,786,17,1,3,67,10,0,2,2,0,0,0,0
3rd Quarter 2025,Synthetic,Risk Factor SC synthetic row 1727,City of Malabon,7767,128,202,733,3,0,65,36,0,44,33,15,0
2nd Quarter 2025,Synthetic,Risk Factor SC synthetic row 1728,Region 1,1,0,0,0,0,0,0,0,0,0,0,0,0
3rd Quarter 2025,Synthetic,Risk Factor SC synthetic row 1729,Quezon,18059,1299,139,255,32,902,159,582,905,1879,1979,184,1197
2nd Quarter 2025,Synthetic,Risk Factor SC synthetic row 1730,Albay,10132,94,167,0,331,164,0,709,21,97,0,148,92
3rd Quarter 2025,Synthetic,Risk Factor SC synthetic row 1731,Camarines Sur,24800,449,2142,716,0,2075,72,4023,1364,1409,1588,346,487
3rd Quarter 2025,Synthetic,Risk Factor SC synthetic row 1732,Quirino,6381,110,0,95,94,0,136,406,378,279,169,174,59
1st Quarter 2025,Synthetic,Risk Factor SC synthetic row 1733,Misamis Occidental,8374,78,5,323,404,79,138,92,210,79,15,0,0
3rd Quarter 2025,Synthetic,Risk Factor SC synthetic row 1734,City of Angeles,6070,0,495,0,405,263,116,20,204,374,68,76,21
1st Quarter 2025,Synthetic,Risk Factor SC synthetic row 1735,City of Cotabato,1,1,0,0,0,0,0,0,0,1,1,0,0
1st Quarter 2025,Synthetic,Risk Factor SC synthetic row 1736,Batanes,1105,16,16,0,7,0,0,115,40,163,11,13,24
3rd Quarter 2025,Synthetic,Risk Factor SC synthetic row 1737,Bukidnon,9940,173,17,99,1194,0,20,496,63,348,36,0,0
1st Quarter 2025,Synthetic,Risk Factor SC synthetic row 1738,City of Valenzuela,10964,0,0,2,0,0,0,164,0,0,224,243,0
3rd Quarter 2025,Synthetic,Risk Factor SC synthetic row 1739,Davao del Sur,9330,82,0,27,631,1045,1984,26,827,716,0,81,0
2nd Quarter 2025,Synthetic,Risk Factor SC synthetic row 1740,Biliran,1648,16,0,13,136,0,17,191,3,142,0,1,0
2nd Quarter 2025,Synthetic,Risk Factor SC synthetic row 1741,Quirino,6584,89,324,0,0,364,403,431,404,76,153,0,150
2nd Quarter 2025,Synthetic,Risk Factor SC synthetic row 1742,Batangas,30504,9,0,1037,6061,0,2015,0,400,3066,2424,0,143
1st Quarter 2025,Synthetic,Risk Factor SC synthetic row 1743,City of Bacolod,3927,78,1,57,430,0,0,43,0,259,0,0,74
1st Quarter 2025,Synthetic,Risk Factor SC synthetic row 1744,Guimaras,35912,323,818,97,251,0,0,670,967,213,0,1616,208
3rd Quarter 2025,Synthetic,Risk Factor SC synthetic row 1745,City of Makati,11369,62,481,333,0,0,888,72,631,43,739,37,31
1st Quarter 2025,Synthetic,Risk Factor SC synthetic row 1746,Aurora,2111,43,148,95,195,0,155,0,202,109,109,15,24
1st Quarter 2025,Synthetic,Risk Factor SC synthetic row 1747,CAR,48285,1058,2996,965,922,0,0,0,0,600,4287,515,0
1st Quarter 2025,Synthetic,Risk Factor SC synthetic row 1748,Mountain Province,7042,70,262,0,463,0,0,74,0,335,92,293,551
2nd Quarter 2025,Synthetic,Risk Factor SC synthetic row 1749,Misamis Oriental,7115,54,0,155,3079,46,0,0,0,349,149,189,0
2nd Quarter 2025,Synthetic,Risk Factor SC synthetic row 1750,Palawan,9277,365,579,156,457,634,221,21,114,268,329,82,1
3rd Quarter 2025,Synthetic,Risk Factor SC synthetic row 1751,City of Iloilo,9629,99,11,0,157,371,0,34,0,182,2,0,148
1st Quarter 2025,Synthetic,Risk Factor SC synthetic row 1752,Agusan del Sur,8762,279,817,0,363,491,0,78,0,37,408,172,92
2nd Quarter 2025,Synthetic,Risk Factor SC synthetic row 1753,Southern Leyte,18710,0,0,346,0,0,309,17,0,1234,383,0,0
2nd Quarter 2025,Synthetic,Risk Factor SC synthetic row 1754,Kalinga,11138,135,0,215,1415,0,122,25,117,934,774,1475,474
2nd Quarter 2025,Synthetic,Risk Factor SC synthetic row 1755,Negros Oriental,6493,21,478,336,1008,243,438,0,76,0,17,201,97
1st Quarter 2025,Synthetic,Risk Factor SC synthetic row 1756,Masbate,4282,388,33,494,608,4,0,10,0,24,117,46,107
2nd Quarter 2025,Synthetic,Risk Factor SC synthetic row 1757,Nueva Ecija,53487,0,4784,0,2181,897,795,694,937,535,603,395,1087
1st Quarter 2025,Synthetic,Risk Factor SC synthetic row 1758,Laguna,16845,495,1218,1435,0,1539,262,1336,61,2854,1334,543,1291
1st Quarter 2025,Synthetic,Risk Factor SC synthetic row 1759,City of Navotas,3116,97,202,54,204,363,0,461,108,853,379,383,171
1st Quarter 2025,Synthetic,Risk Factor SC synthetic row 1760,Lanao del Sur,23175,761,23175,0,359,213,23175,20769,0,46,703,572,23175
3rd Quarter 2025,Synthetic,Risk Factor SC synthetic row 1761,Bukidnon,19363,483,265,949,1303,1458,1129,241,0,1098,27,314,262
3rd Quarter 2025,Synthetic,Risk Factor SC synthetic row 1762,City of Naga,7920,35,486,69,74,620,0,235,440,96,0,227,30
2nd Quarter 2025,Synthetic,Risk Factor SC synthetic row 1763,Surigao del Sur,12242,466,924,141,44,0,850,653,685,0,499,438,52
2nd Quarter 2025,Synthetic,Risk Factor SC synthetic row 1764,Maguindanao del Norte,3470,33,3470,0,39,44,0,11,16,46,83,0,38
1st Quarter 2025,Synthetic,Risk Factor SC synthetic row 1765,Lanao del Norte,12146,225,0,0,52,665,0,643,459,159,137,127,0
1st Quarter 2025,Synthetic,Risk Factor SC synthetic row 1766,Sarangani,6246,124,607,79,208,138,16,33,0,170,30,0,211
3rd Quarter 2025,Synthetic,Risk Factor SC synthetic row 1767,Misamis Oriental,12227,264,0,41,828,0,0,7,0,0,83,0,0
2nd Quarter 2025,Synthetic,Risk Factor SC synthetic row 1768,Batangas,56522,0,2195,1188,17397,1871,116,0,873,5122,0,5738,0
2nd Quarter 2025,Synthetic,Risk Factor SC synthetic row 1769,Ilocos Sur,24393,307,259,299,389,0,192,366,0,2806,1504,196,48
3rd Quarter 2025,Synthetic,Risk Factor SC synthetic row 1770,Misamis Occidental,13673,0,0,513,852,26,152,111,99,203,71,0,0
1st Quarter 2025,Synthetic,Risk Factor SC synthetic row 1771,City of Dagupan,2110,34,105,23,13,16,11,0,20,0,39,0,6
2nd Quarter 2025,Synthetic,Risk Factor SC synthetic row 1772,Davao Oriental,14013,605,1700,450,2543,3533,0,3929,3791,0,296,329,0
3rd Quarter 2025,Synthetic,Risk Factor SC synthetic row 1773,City of Dagupan,9333,189,581,110,10,66,0,197,0,0,264,191,0
2nd Quarter 2025,Synthetic,Risk Factor SC synthetic row 1774,City of Dagupan,3600,111,0,106,151,30,0,0,0,81,90,19,0
2nd Quarter 2025,Synthetic,Risk Factor SC synthetic row 1775,Zamboanga Sibugay,10728,319,1009,93,929,465,0,376,283,571,239,189,0
1st Quarter 2025,Synthetic,Risk Factor SC synthetic row 1776,Camiguin,7634,0,36,16,691,0,0,169,0,26,117,0,9
1st Quarter 2025,Synthetic,Risk Factor SC synthetic row 1777,Lanao del Sur,16872,150,1129,0,0,13944,14267,472,259,14635,15626,124,153
1st Quarter 2025,Synthetic,Risk Factor SC synthetic row 1778,Aklan,5217,57,0,265,558,0,568,726,509,6,29,232,22
1st Quarter 2025,Synthetic,Risk Factor SC synthetic row 1779,City of General Santos,3726,21,0,0,80,0,0,228,0,202,144,0,0
2nd Quarter 2025,Synthetic,Risk Factor SC synthetic row 1780,Nueva Ecija,46318,707,943,1722,4572,1139,0,1833,170,1276,2658,669,1055
1st Quarter 2025,Synthetic,Risk Factor SC synthetic row 1781,City of Olongapo,6468,30,0,140,140,13,0,44,0,289,0,103,0
3rd Quarter 2025,Synthetic,Risk Factor SC synthetic row 1782,City of Makati,10469,41,450,0,0,0,0,538,276,331,1962,1402,838
2nd Quarter 2025,Synthetic,Risk Factor SC synthetic row 1783,City of Iloilo,13999,130,133,249,177,31,508,0,0,0,229,277,107
1st Quarter 2025,Synthetic,Risk Factor SC synthetic row 1784,City of Puerto Princesa,1080,61,0,37,70,0,4,0,0,6,227,163,11
2nd Quarter 2025,Synthetic,Risk Factor SC synthetic row 1785,Abra,8873,0,0,289,759,0,42,0,32,793,715,0,0
2nd Quarter 2025,Synthetic,Risk Factor SC synthetic row 1786,City of Dagupan,7661,110,365,79,245,0,0,0,26,184,30,0,50
3rd Quarter 2025,Synthetic,Risk Factor SC synthetic row 1787,City of Isabela,1710,0,240,29,32,4,0,184,136,27,165,6,17
2nd Quarter 2025,Synthetic,Risk Factor SC synthetic row 1788,Pangasinan,18571,838,1683,369,98,144,0,157,0,0,1513,99,0
3rd Quarter 2025,Synthetic,Risk Factor SC synthetic row 1789,Davao Occidental,4368,202,0,201,641,936,716,809,528,25,426,0,18
2nd Quarter 2025,Synthetic,Risk Factor SC synthetic row 1790,City of General Santos,10698,129,209,0,0,621,750,0,0,859,420,892,567
3rd Quarter 2025,Synthetic,Risk Factor SC synthetic row 1791,Oriental Mindoro,11487,276,1819,0,904,384,116,324,135,653,36,1119,725
3rd Quarter 2025,Synthetic,Risk Factor SC synthetic row 1792,City of Bacolod,2323,10,71,27,261,8,3,0,0,399,140,4,0
1st Quarter 2025,Synthetic,Risk Factor SC synthetic row 1793,City of Parañaque,5093,9,17,77,64,94,141,0,0,106,84,14,59
3rd Quarter 2025,Synthetic,Risk Factor SC synthetic row 1794,NIR,49532,0,0,204,0,0,0,208,181,3435,0,368,0
1st Quarter 2025,Synthetic,Risk Factor SC synthetic row 1795,Catanduanes,14659,354,0,1359,1024,0,552,0,71,975,3702,476,7
1st Quarter 2025,Synthetic,Risk Factor SC synthetic row 1796,Antique,13408,145,767,0,472,574,139,55,0,335,185,0,0
3rd Quarter 2025,Synthetic,Risk Factor SC synthetic row 1797,Camiguin,921,2,15,17,93,0,1,0,19,11,0,0,0
3rd Quarter 2025,Synthetic,Risk Factor SC synthetic row 1798,Davao Occidental,3439,62,29,65,556,712,518,752,586,472,390,18,7
3rd Quarter 2025,Synthetic,Risk Factor SC synthetic row 1799,Pangasinan,44002,42590,4115,2185,5409,189,38,273,0,2022,37583,24,0
3rd Quarter 2025,Synthetic,Risk Factor SC synthetic row 1800,City of Mandaue,12764,245,0,148,711,62,54,0,0,211,0,175,176
2nd Quarter 2025,Synthetic,Risk Factor SC synthetic row 1801,City of Manila,31190,135,0,0,436,34,154,1097,492,0,731,438,0
3rd Quarter 2025,Synthetic,Risk Factor SC synthetic row 1802,Occidental Mindoro,4887,124,859,31,438,231,421,235,158,80,0,17,79
1st Quarter 2025,Synthetic,Risk Factor SC synthetic row 1803,Quezon,9636,220,1727,0,175,0,195,240,441,1363,872,0,124
2nd Quarter 2025,Synthetic,Risk Factor SC synthetic row 1804,Cebu,23958,919,0,0,3437,0,1254,577,1041,1074,556,177,1333
3rd Quarter 2025,Synthetic,Risk Factor SC synthetic row 1805,Biliran,1986,37,0,91,171,163,32,33,146,0,0,30,0
1st Quarter 2025,Synthetic,Risk Factor SC synthetic row 1806,La Union,20498,228,0,413,1726,0,0,0,164,409,1476,102,276
2nd Quarter 2025,Synthetic,Risk Factor SC synthetic row 1807,Bulacan,180399,0,10451,720,15431,9458,520,7640,3463,17580,1305,0,5062
2nd Quarter 2025,Synthetic,Risk Factor SC synthetic row 1808,Region 12,1,0,1,0,0,0,0,0,0,0,0,0,0
3rd Quarter 2025,Synthetic,Risk Factor SC synthetic row 1809,City of Baguio,9656,112,173,92,327,24,0,0,0,662,673,25,2269
1st Quarter 2025,Synthetic,Risk Factor SC synthetic row 1810,Eastern Samar,16411,0,0,191,0,273,158,102,17,0,257,0,263
3rd Quarter 2025,Synthetic,Risk Factor SC synthetic row 1811,Region 9,40737,1424,2846,0,2542,2477,440,264,0,259,969,0,0
3rd Quarter 2025,Synthetic,Risk Factor SC synthetic row 1812,Pasay City,3960,64,56,10,0,119,30,191,0,0,12,114,0
1st Quarter 2025,Synthetic,Risk Factor SC synthetic row 1813,Tawi-Tawi,878,0,811,0,0,199,14,878,878,55,878,0,0
1st Quarter 2025,Synthetic,Risk Factor SC synthetic row 1814,City of Butuan,3833,26,246,160,236,42,85,0,9,12,304,0,0
2nd Quarter 2025,Synthetic,Risk Factor SC synthetic row 1815,Davao Occidental,6960,281,986,74,77,415,600,1406,1281,1474,312,18,0
3rd Quarter 2025,Synthetic,Risk Factor SC synthetic row 1816,Pasay City,9194,0,0,106,0,42,0,144,10,97,116,0,0
1st Quarter 2025,Synthetic,Risk Factor SC synthetic row 1817,Quezon,5697,409,389,268,64,0,586,183,15,766,241,749,67
1st Quarter 2025,Synthetic,Risk Factor SC synthetic row 1818,Benguet,12930,0,277,194,686,93,0,0,0,645,0,2434,16
2nd Quarter 2025,Synthetic,Risk Factor SC synthetic row 1819,Ormoc City,4997,0,188,0,150,39,5,0,11,356,63,0,0
1st Quarter 2025,Synthetic,Risk Factor SC synthetic row 1820,Davao Oriental,11694,0,1315,0,1888,1573,1245,3024,1709,0,0,16,245
1st Quarter 2025,Synthetic,Risk Factor SC synthetic row 1821,Cagayan,25390,185,2587,550,3906,1070,0,3162,1722,864,777,129,563
3rd Quarter 2025,Synthetic,Risk Factor SC synthetic row 1822,Aurora,6860,0,250,280,16,159,0,1044,668,265,207,330,27
1st Quarter 2025,Synthetic,Risk Factor SC synthetic row 1823,Region 2,272261,11283,23978,7682,19883,18392,20320,4409,14322,1391,11429,5463,1619
2nd Quarter 2025,Synthetic,Risk Factor SC synthetic row 1824,Tarlac,8782,211,603,193,298,0,0,192,0,63,90,0,0
3rd Quarter 2025,Synthetic,Risk Factor SC synthetic row 1825,Sorsogon,26916,128,2773,292,2119,408,485,424,101,221,2867,0,15
2nd Quarter 2025,Synthetic,Risk Factor SC synthetic row 1826,Zamboanga Sibugay,9746,235,0,0,795,0,0,153,338,233,60,57,48
1st Quarter 2025,Synthetic,Risk Factor SC synthetic row 1827,Batangas,61782,511,4136,0,1016,3581,0,0,372,5492,3813,6946,6094
3rd Quarter 2025,Synthetic,Risk Factor SC synthetic row 1828,Capiz,26227,329,1895,0,142,1401,172,0,36,0,299,0,542
3rd Quarter 2025,Synthetic,Risk Factor SC synthetic row 1829,Southern Leyte,26917,0,347,397,379,0,0,40,0,1162,0,40,0
2nd Quarter 2025,Synthetic,Risk Factor SC synthetic row 1830,Pampanga,52532,690,2440,338,0,1832,2023,2545,1205,1092,956,131,0
2nd Quarter 2025,Synthetic,Risk Factor SC synthetic row 1831,NCR,201467,2096,2239,970,2848,3062,0,0,0,0,9342,1163,4408
3rd Quarter 2025,Synthetic,Risk Factor SC synthetic row 1832,City of Lapu-Lapu,7609,36,0,1072,0,38,0,961,989,3894,1918,0,245
3rd Quarter 2025,Synthetic,Risk Factor SC synthetic row 1833,Capiz,11242,0,9,69,147,729,83,879,215,57,208,407,91
3rd Quarter 2025,Synthetic,Risk Factor SC synthetic row 1834,Misamis Occidental,7952,0,8,48,258,0,14,47,0,1,0,0,36
1st Quarter 2025,Synthetic,Risk Factor SC synthetic row 1835,Surigao del Norte,12169,0,0,273,720,2136,1133,0,16,734,0,143,139
2nd Quarter 2025,Synthetic,Risk Factor SC synthetic row 1836,Biliran,1673,14,80,72,0,172,97,21,0,9,86,5,18
2nd Quarter 2025,Synthetic,Risk Factor SC synthetic row 1837,Quezon,12713,785,1891,513,2024,0,226,819,655,1278,1440,940,0
3rd Quarter 2025,Synthetic,Risk Factor SC synthetic row 1838,Pasay City,5053,20,36,2,2,31,105,132,103,0,70,70,56
2nd Quarter 2025,Synthetic,Risk Factor SC synthetic row 1839,City of Baguio,8550,63,171,125,4,0,0,91,0,2216,36,4,269
2nd Quarter 2025,Synthetic,Risk Factor SC synthetic row 1840,City of Valenzuela,11073,132,8,107,0,0,0,0,21,288,0,1,32
2nd Quarter 2025,Synthetic,Risk Factor SC synthetic row 1841,City of Manila,38118,320,158,0,1041,0,296,640,375,368,313,0,574
2nd Quarter 2025,Synthetic,Risk Factor SC synthetic row 1842,City of Davao,22945,979,441,1455,1194,1602,1500,4761,0,267,2776,152,56
2nd Quarter 2025,Synthetic,Risk Factor SC synthetic row 1843,Siquijor,2070,43,164,112,147,4,8,25,2,47,99,0,27
1st Quarter 2025,Synthetic,Risk Factor SC synthetic row 1844,Romblon,895,145,36,29,0,12,0,53,27,132,60,81,19
2nd Quarter 2025,Synthetic,Risk Factor SC synthetic row 1845,Caraga,1,0,0,0,0,0,0,0,0,0,0,0,0
2nd Quarter 2025,Synthetic,Risk Factor SC synthetic row 1846,Tarlac,50063,2405,1814,330,711,536,0,1167,30,443,1755,468,460
2nd Quarter 2025,Synthetic,Risk Factor SC synthetic row 1847,Lanao del Norte,5181,88,94,152,306,0,0,0,0,70,0,0,26
3rd Quarter 2025,Synthetic,Risk Factor SC synthetic row 1848,Ilocos Norte,17651,425,253,0,351,0,0,0,78,1162,36,0,0
3rd Quarter 2025,Synthetic,Risk Factor SC synthetic row 1849,City of Isabela,1512,49,162,33,97,6,45,186,103,212,151,40,0
1st Quarter 2025,Synthetic,Risk Factor SC synthetic row 1850,Region 7,61530,0,11718,0,7792,6728,0,14405,4239,5602,1488,4148,585
1st Quarter 2025,Synthetic,Risk Factor SC synthetic row 1851,City of Santiago,3889,142,367,17,36,281,317,217,225,236,0,0,0
3rd Quarter 2025,Synthetic,Risk Factor SC synthetic row 1852,Quezon,13359,299,2593,228,2138,725,120,512,626,1526,709,0,0
1st Quarter 2025,Synthetic,Risk Factor SC synthetic row 1853,City of Iligan,3187,0,392,94,285,7,36,16,10,89,0,0,100
2nd Quarter 2025,Synthetic,Risk Factor SC synthetic row 1854,Nueva Ecija,113031,355,10825,2863,10349,1651,2120,1271,1397,5441,1134,1442,1837
2nd Quarter 2025,Synthetic,Risk Factor SC synthetic row 1855,Davao del Norte,12552,248,1022,646,0,3628,864,898,751,1233,1583,0,140
2nd Quarter 2025,Synthetic,Risk Factor SC synthetic row 1856,Region 5,1,0,0,0,0,0,0,0,0,0,0,0,0
1st Quarter 2025,Synthetic,Risk Factor SC synthetic row 1857,City of Mandaluyong,4121,0,101,33,21,77,102,76,25,6,195,0,133
2nd Quarter 2025,Synthetic,Risk Factor SC synthetic row 1858,Antique,15075,542,697,24,0,109,42,0,160,383,230,37,0
2nd Quarter 2025,Synthetic,Risk Factor SC synthetic row 1859,Tarlac,11348,431,131,141,212,112,0,181,38,0,652,27,74
1st Quarter 2025,Synthetic,Risk Factor SC synthetic row 1860,Davao de Oro,21304,367,0,950,894,1548,949,6628,0,337,84,2368,1050
2nd Quarter 2025,Synthetic,Risk Factor SC synthetic row 1861,Quezon City,11265,0,214,299,0,0,151,0,47,0,152,11,31
3rd Quarter 2025,Synthetic,Risk Factor SC synthetic row 1862,Davao Oriental,6905,259,384,558,994,8,51,0,1462,68,56,90,122
1st Quarter 2025,Synthetic,Risk Factor SC synthetic row 1863,Northern Samar,4043,0,95,0,218,58,0,0,0,12,176,0,0
3rd Quarter 2025,Synthetic,Risk Factor SC synthetic row 1864,City of Lucena,2060,22,104,208,0,199,77,179,84,259,17,10,220
1st Quarter 2025,Synthetic,Risk Factor SC synthetic row 1865,City of Parañaque,4341,1,12,33,14,0,18,0,0,40,17,0,69
1st Quarter 2025,Synthetic,Risk Factor SC synthetic row 1866,Misamis Oriental,11021,0,1,1585,718,770,97,459,4,574,441,51,0
3rd Quarter 2025,Synthetic,Risk Factor SC synthetic row 1867,La Union,7526,242,162,131,554,84,94,56,0,61,711,0,0
2nd Quarter 2025,Synthetic,Risk Factor SC synthetic row 1868,City of Mandaue,3051,0,0,15,21,15,206,158,9,0,0,0,0
1st Quarter 2025,Synthetic,Risk Factor SC synthetic row 1869,Misamis Oriental,10202,0,722,1754,54,100,3,84,150,0,240,296,136
3rd Quarter 2025,Synthetic,Risk Factor SC synthetic row 1870,Ifugao,5274,167,160,187,271,0,30,0,0,679,747,469,0
3rd Quarter 2025,Synthetic,Risk Factor SC synthetic row 1871,Biliran,1750,0,0,11,129,4,80,191,41,127,31,0,1
1st Quarter 2025,Synthetic,Risk Factor SC synthetic row 1872,Region 8,63052,413,1754,2352,2950,60,0,0,1052,185,741,180,0
2nd Quarter 2025,Synthetic,Risk Factor SC synthetic row 1873,Kalinga,11430,62,16,125,222,96,0,0,8,442,1089,1020,1176
2nd Quarter 2025,Synthetic,Risk Factor SC synthetic row 1874,Eastern Samar,22413,139,912,187,1324,0,106,320,0,866,270,129,0
2nd Quarter 2025,Synthetic,Risk Factor SC synthetic row 1875,Dinagat Islands,1785,0,51,34,105,20,0,93,0,280,100,54,0
3rd Quarter 2025,Synthetic,Risk Factor SC synthetic row 1876,Surigao del Sur,20566,97,1472,1843,34,1760,852,1054,2117,0,1273,1084,23
2nd Quarter 2025,Synthetic,Risk Factor SC synthetic row 1877,Ifugao,8610,172,109,196,555,0,23,88,0,333,0,1019,54
1st Quarter 2025,Synthetic,Risk Factor SC synthetic row 1878,Misamis Oriental,6686,0,753,30,401,429,0,91,0,325,0,55,0
2nd Quarter 2025,Synthetic,Risk Factor SC synthetic row 1879,City of General Santos,3112,0,0,3,0,165,100,25,7,25,22,0,707
3rd Quarter 2025,Synthetic,Risk Factor SC synthetic row 1880,Bohol,10225,1595,520,361,0,604,467,756,837,705,3103,285,1552
3rd Quarter 2025,Synthetic,Risk Factor SC synthetic row 1881,Davao Occidental,9693,424,0,411,594,0,1829,1521,2012,558,428,91,0
1st Quarter 2025,Synthetic,Risk Factor SC synthetic row 1882,Region 3,606838,3084,10027,13271,0,25910,12270,0,7934,0,20961,1699,2693
1st Quarter 2025,Synthetic,Risk Factor SC synthetic row 1883,Siquijor,9562,110,832,494,517,0,0,0,0,1151,108,0,0
1st Quarter 2025,Synthetic,Risk Factor SC synthetic row 1884,City of Davao,36808,1620,2794,2389,3926,10996,8138,0,2322,2709,2111,46,0
3rd Quarter 2025,Synthetic,Risk Factor SC synthetic row 1885,Agusan del Norte,11908,103,0,428,705,707,522,1778,807,637,580,943,0
2nd Quarter 2025,Synthetic,Risk Factor SC synthetic row 1886,Cotabato,14353,390,303,90,646,0,133,0,0,365,254,439,158
1st Quarter 2025,Synthetic,Risk Factor SC synthetic row 1887,La Union,22308,705,0,379,1530,245,449,185,0,340,1526,0,112
3rd Quarter 2025,Synthetic,Risk Factor SC synthetic row 1888,La Union,40108,993,1447,0,2326,803,0,0,695,4254,3806,0,264
1st Quarter 2025,Synthetic,Risk Factor SC synthetic row 1889,Guimaras,8058,0,26,148,0,0,0,503,63,31,196,0,18
1st Quarter 2025,Synthetic,Risk Factor SC synthetic row 1890,Cebu,34873,0,1703,1403,3295,0,2865,5924,1816,2250,1935,1311,404
3rd Quarter 2025,Synthetic,Risk Factor SC synthetic row 1891,Albay,10867,0,153,61,85,139,0,169,31,0,0,0,161
1st Quarter 2025,Synthetic,Risk Factor SC synthetic row 1892,Region 4B,33672,997,5956,1452,0,0,122,651,1412,4408,311,706,1170
3rd Quarter 2025,Synthetic,Risk Factor SC synthetic row 1893,City of Santiago,4714,140,211,94,154,301,399,362,260,260,68,68,88
1st Quarter 2025,Synthetic,Risk Factor SC synthetic row 1894,Marinduque,1523,12,16,0,31,2,0,0,12,11,11,28,0
3rd Quarter 2025,Synthetic,Risk Factor SC synthetic row 1895,Nueva Vizcaya,7028,63,0,108,0,160,365,254,132,0,173,140,38
3rd Quarter 2025,Synthetic,Risk Factor SC synthetic row 1896,Masbate,4414,57,56,383,960,0,0,2,438,941,538,120,0
3rd Quarter 2025,Synthetic,Risk Factor SC synthetic row 1897,Bulacan,78871,1896,4643,0,5551,54,1715,2040,2862,1091,3066,2097,1004
1st Quarter 2025,Synthetic,Risk Factor SC synthetic row 1898,City of Cotabato,10456,31,10456,0,10456,875,0,59,511,86,34,60,699
1st Quarter 2025,Synthetic,Risk Factor SC synthetic row 1899,City of Butuan,4100,127,210,0,290,0,176,18,7,676,24,0,0
1st Quarter 2025,Synthetic,Risk Factor SC synthetic row 1900,Albay,28719,463,391,0,789,1711,0,15,760,652,0,0,0
2nd Quarter 2025,Synthetic,Risk Factor SC synthetic row 1901,Davao del Sur,11310,818,587,424,594,1877,2811,0,206,2241,33,0,0
2nd Quarter 2025,Synthetic,Risk Factor SC synthetic row 1902,City of Manila,19481,54,11,0,25,0,392,0,470,167,0,417,32
1st Quarter 2025,Synthetic,Risk Factor SC synthetic row 1903,Negros Occidental,60729,2248,866,0,6935,1187,438,99,506,3414,0,261,515
1st Quarter 2025,Synthetic,Risk Factor SC synthetic row 1904,South Cotabato,6982,247,265,0,459,0,0,0,0,519,0,23,36
2nd Quarter 2025,Synthetic,Risk Factor SC synthetic row 1905,Surigao del Norte,16803,477,543,395,900,814,1504,0,0,1400,440,20,21
1st Quarter 2025,Synthetic,Risk Factor SC synthetic row 1906,City of Cebu,10655,69,397,2999,1092,43,4273,6076,0,48,0,2845,86
3rd Quarter 2025,Synthetic,Risk Factor SC synthetic row 1907,Marinduque,9040,133,515,0,277,0,59,0,0,0,187,193,0
3rd Quarter 2025,Synthetic,Risk Factor SC synthetic row 1908,Southern Leyte,27719,47,862,0,0,231,0,0,346,266,810,0,0
1st Quarter 2025,Synthetic,Risk Factor SC synthetic row 1909,City of Santiago,3948,0,329,107,434,280,0,254,260,0,52,0,0
1st Quarter 2025,Synthetic,Risk Factor SC synthetic row 1910,Ilocos Norte,18481,28,438,323,302,0,40,0,226,814,0,0,71
1st Quarter 2025,Synthetic,Risk Factor SC synthetic row 1911,City of Mandaluyong,7879,31,179,174,71,767,226,197,37,116,1222,48,253
2nd Quarter 2025,Synthetic,Risk Factor SC synthetic row 1912,NIR,56010,1827,2173,631,0,0,165,254,923,1993,2050,1529,357
2nd Quarter 2025,Synthetic,Risk Factor SC synthetic row 1913,Palawan,6422,391,347,45,521,222,110,431,0,82,32,0,52
2nd Quarter 2025,Synthetic,Risk Factor SC synthetic row 1914,Ormoc City,5198,149,0,41,12,67,0,0,0,163,316,38,84
3rd Quarter 2025,Synthetic,Risk Factor SC synthetic row 1915,Davao del Sur,17236,0,1755,0,993,64,61,2066,4715,2947,1092,435,0
3rd Quarter 2025,Synthetic,Risk Factor SC synthetic row 1916,City of Iloilo,12915,264,348,240,205,0,0,377,171,279,60,401,0
2nd Quarter 2025,Synthetic,Risk Factor SC synthetic row 1917,City of Lucena,1893,0,95,0,33,12,69,204,0,75,25,124,191
2nd Quarter 2025,Synthetic,Risk Factor SC synthetic row 1918,Guimaras,43329,0,2093,173,4178,23,0,1490,693,1044,955,586,0
2nd Quarter 2025,Synthetic,Risk Factor SC synthetic row 1919,Cavite,19289,861,687,96,0,0,40,0,256,2021,2377,392,52
3rd Quarter 2025,Synthetic,Risk Factor SC synthetic row 1920,Region 7,1,0,0,0,0,0,0,0,0,0,0,0,0
2nd Quarter 2025,Synthetic,Risk Factor SC synthetic row 1921,Region 11,87012,1870,9153,0,1067,25854,284,25145,16131,18102,951,1820,0
2nd Quarter 2025,Synthetic,Risk Factor SC synthetic row 1922,Aklan,6305,32,138,0,0,0,0,73,76,195,181,0,0
1st Quarter 2025,Synthetic,Risk Factor SC synthetic row 1923,Lanao del Norte,3747,0,83,77,0,7,0,55,14,0,0,67,16
3rd Quarter 2025,Synthetic,Risk Factor SC synthetic row 1924,Special Geographic Area (SGA),3563,202,3563,0,0,15,0,64,0,38,101,0,70
1st Quarter 2025,Synthetic,Risk Factor SC synthetic row 1925,Region 9,39743,1615,2502,73,0,318,112,0,0,0,1166,284,710
3rd Quarter 2025,Synthetic,Risk Factor SC synthetic row 1926,Surigao del Norte,9968,221,0,0,814,427,152,1324,833,1054,236,362,88
1st Quarter 2025,Synthetic,Risk Factor SC synthetic row 1927,City of San Juan,3378,31,21,0,30,28,0,21,0,0,312,153,23
3rd Quarter 2025,Synthetic,Risk Factor SC synthetic row 1928,Benguet,9745,0,325,246,40,0,0,174,0,1556,931,279,0
2nd Quarter 2025,Synthetic,Risk Factor SC synthetic row 1929,Caraga,1,0,0,0,0,0,0,0,0,0,0,0,0
3rd Quarter 2025,Synthetic,Risk Factor SC synthetic row 1930,Cotabato,12135,131,398,38,1141,29,151,23,157,531,524,255,61
3rd Quarter 2025,Synthetic,Risk Factor SC synthetic row 1931,City of Bacolod,9660,234,153,271,0,59,10,70,0,0,1155,16,0
1st Quarter 2025,Synthetic,Risk Factor SC synthetic row 1932,Zambales,8776,56,80,39,362,15,73,0,0,207,84,74,131
2nd Quarter 2025,Synthetic,Risk Factor SC synthetic row 1933,City of San Juan,4011,0,0,0,64,32,39,0,0,0,0,5,43
2nd Quarter 2025,Synthetic,Risk Factor SC synthetic row 1934,Bohol,28802,339,12272,1628,2755,13018,1215,3364,1901,43,31,0,3273
3rd Quarter 2025,Synthetic,Risk Factor SC synthetic row 1935,Davao del Sur,9912,110,0,972,233,3451,1899,3986,1962,535,998,0,180
2nd Quarter 2025,Synthetic,Risk Factor SC synthetic row 1936,Agusan del Norte,6130,0,341,28,0,925,0,568,433,650,302,410,330
2nd Quarter 2025,Synthetic,Risk Factor SC synthetic row 1937,Nueva Vizcaya,13440,439,378,260,0,544,317,634,0,249,182,146,70
1st Quarter 2025,Synthetic,Risk Factor SC synthetic row 1938,Basilan,3155,0,0,0,13,28,0,76,21,0,49,100,14
1st Quarter 2025,Synthetic,Risk Factor SC synthetic row 1939,Iloilo,85912,1014,975,763,8916,0,41,327,0,4467,456,1176,0
3rd Quarter 2025,Synthetic,Risk Factor SC synthetic row 1940,Region 7,1,0,0,0,0,0,0,0,0,0,0,0,0
3rd Quarter 2025,Synthetic,Risk Factor SC synthetic row 1941,Tarlac,79123,0,156,0,2899,634,529,0,637,2086,1167,255,584
3rd Quarter 2025,Synthetic,Risk Factor SC synthetic row 1942,Davao de Oro,13171,195,1706,884,1232,697,150,665,2705,492,266,0,132
3rd Quarter 2025,Synthetic,Risk Factor SC synthetic row 1943,Isabela,104145,607,5478,2212,6833,11523,9493,9698,11157,5342,0,1127,1547
1st Quarter 2025,Synthetic,Risk Factor SC synthetic row 1944,Davao Oriental,11518,476,1425,451,1690,3092,2849,2971,2746,186,87,139,0
1st Quarter 2025,Synthetic,Risk Factor SC synthetic row 1945,Batangas,35849,0,2894,22,0,696,1928,17,0,0,3097,3693,51
1st Quarter 2025,Synthetic,Risk Factor SC synthetic row 1946,Masbate,11320,1236,1441,0,2054,288,0,1749,0,1951,2282,88,0
1st Quarter 2025,Synthetic,Risk Factor SC synthetic row 1947,Ormoc City,9736,49,83,22,318,0,13,5,177,0,873,54,77
2nd Quarter 2025,Synthetic,Risk Factor SC synthetic row 1948,Maguindanao del Norte,6437,227,6380,0,170,141,61,0,0,209,123,0,3
3rd Quarter 2025,Synthetic,Risk Factor SC synthetic row 1949,Dinagat Islands,1610,4,20,36,14,0,1,11,44,252,129,46,1
1st Quarter 2025,Synthetic,Risk Factor SC synthetic row 1950,Pangasinan,16155,0,16155,614,0,0,0,0,0,15745,1196,0,0
3rd Quarter 2025,Synthetic,Risk Factor SC synthetic row 1951,La Union,8963,336,576,179,721,0,120,198,113,0,935,0,0
2nd Quarter 2025,Synthetic,Risk Factor SC synthetic row 1952,Marinduque,3248,21,63,35,142,44,31,0,16,94,81,98,0
3rd Quarter 2025,Synthetic,Risk Factor SC synthetic row 1953,Region 6,1,0,0,0,0,0,0,0,0,0,0,0,0
2nd Quarter 2025,Synthetic,Risk Factor SC synthetic row 1954,City of Mandaluyong,4619,49,139,118,197,100,56,86,63,411,284,52,59
2nd Quarter 2025,Synthetic,Risk Factor SC synthetic row 1955,NIR,45550,0,1381,2099,648,645,171,27,161,285,1463,0,0
1st Quarter 2025,Synthetic,Risk Factor SC synthetic row 1956,City of Navotas,2927,31,49,134,105,949,50,250,0,839,474,275,0
3rd Quarter 2025,Synthetic,Risk Factor SC synthetic row 1957,Davao del Sur,16081,42,1920,0,0,5481,5599,5783,4562,3267,1899,0,0
2nd Quarter 2025,Synthetic,Risk Factor SC synthetic row 1958,Zambales,11015,111,0,22,60,0,59,0,0,217,18,126,0
2nd Quarter 2025,Synthetic,Risk Factor SC synthetic row 1959,City of Mandaluyong,4597,70,241,0,133,135,113,26,79,868,714,276,115
3rd Quarter 2025,Synthetic,Risk Factor SC synthetic row 1960,Region 4A,83967,2118,7730,4264,792,5236,5248,21,0,0,8550,3263,7903
1st Quarter 2025,Synthetic,Risk Factor SC synthetic row 1961,Davao Occidental,5329,29,312,319,0,745,291,1012,141,673,518,0,0
2nd Quarter 2025,Synthetic,Risk Factor SC synthetic row 1962,City of Baguio,5399,24,0,12,201,18,0,18,0,1535,43,0,1325
2nd Quarter 2025,Synthetic,Risk Factor SC synthetic row 1963,City of Tacloban,10171,0,490,0,167,9,0,3,51,25,109,0,0
2nd Quarter 2025,Synthetic,Risk Factor SC synthetic row 1964,City of Puerto Princesa,8661,230,187,547,12,41,0,119,191,4441,870,527,946
2nd Quarter 2025,Synthetic,Risk Factor SC synthetic row 1965,Sarangani,14748,42,1063,0,659,70,281,296,138,30,0,414,152
2nd Quarter 2025,Synthetic,Risk Factor SC synthetic row 1966,City of Manila,18572,121,0,92,273,0,782,173,0,72,0,109,0
2nd Quarter 2025,Synthetic,Risk Factor SC synthetic row 1967,Region 5,1,0,0,0,0,0,0,0,0,0,0,0,0
2nd Quarter 2025,Synthetic,Risk Factor SC synthetic row 1968,Samar,16504,0,756,835,1263,47,108,0,0,77,422,0,268
1st Quarter 2025,Synthetic,Risk Factor SC synthetic row 1969,Albay,10272,227,0,209,356,328,0,522,0,229,266,100,0
1st Quarter 2025,Synthetic,Risk Factor SC synthetic row 1970,Basilan,1,0,0,0,0,0,0,0,0,1,0,0,0
2nd Quarter 2025,Synthetic,Risk Factor SC synthetic row 1971,Laguna,9259,57,938,241,387,1168,0,0,0,1683,140,1257,0
3rd Quarter 2025,Synthetic,Risk Factor SC synthetic row 1972,Region 3,301862,7404,11016,5974,11421,9303,8615,14222,1128,8013,798,765,0
3rd Quarter 2025,Synthetic,Risk Factor SC synthetic row 1973,City of Zamboanga,5479,0,0,9,369,0,0,185,115,162,131,0,0
3rd Quarter 2025,Synthetic,Risk Factor SC synthetic row 1974,Aurora,5932,0,21,0,630,790,122,576,586,315,94,216,142
3rd Quarter 2025,Synthetic,Risk Factor SC synthetic row 1975,Mountain Province,10488,0,459,58,31,0,0,0,0,1429,804,1653,752
3rd Quarter 2025,Synthetic,Risk Factor SC synthetic row 1976,Abra,9919,20,395,155,787,0,185,73,0,0,239,0,0
2nd Quarter 2025,Synthetic,Risk Factor SC synthetic row 1977,Leyte,11740,0,168,34,0,61,0,659,395,258,0,0,0
1st Quarter 2025,Synthetic,Risk Factor SC synthetic row 1978,Bukidnon,10745,287,354,433,1167,801,34,0,122,86,247,27,115
2nd Quarter 2025,Synthetic,Risk Factor SC synthetic row 1979,City of Parañaque,9393,0,8,0,0,49,237,15,63,137,100,44,137
1st Quarter 2025,Synthetic,Risk Factor SC synthetic row 1980,City of Davao,24915,997,304,1968,2955,2550,2595,6225,4023,2640,3218,0,0
3rd Quarter 2025,Synthetic,Risk Factor SC synthetic row 1981,Oriental Mindoro,12402,0,2081,128,1848,31,113,349,195,806,1385,539,0
1st Quarter 2025,Synthetic,Risk Factor SC synthetic row 1982,City of Manila,15970,0,0,180,15,52,0,537,0,25,0,0,0
2nd Quarter 2025,Synthetic,Risk Factor SC synthetic row 1983,Cebu,57640,1067,2188,1786,2607,4460,4832,0,6515,5439,1067,0,593
1st Quarter 2025,Synthetic,Risk Factor SC synthetic row 1984,City of Navotas,3439,56,187,31,193,4,57,287,40,243,180,377,142
2nd Quarter 2025,Synthetic,Risk Factor SC synthetic row 1985,Negros Occidental,31406,1578,0,604,1746,0,143,234,396,311,559,899,366
2nd Quarter 2025,Synthetic,Risk Factor SC synthetic row 1986,Benguet,12757,204,0,0,70,212,53,92,0,2205,0,0,0
1st Quarter 2025,Synthetic,Risk Factor SC synthetic row 1987,NIR,1,0,0,0,0,0,0,0,0,0,0,0,1
1st Quarter 2025,Synthetic,Risk Factor SC synthetic row 1988,Guimaras,7686,0,0,0,632,106,54,222,157,45,196,275,0
2nd Quarter 2025,Synthetic,Risk Factor SC synthetic row 1989,Zamboanga Sibugay,9212,222,0,242,467,0,0,92,0,146,255,122,0
1st Quarter 2025,Synthetic,Risk Factor SC synthetic row 1990,Zambales,9805,129,143,0,254,43,77,0,161,346,14,37,140
1st Quarter 2025,Synthetic,Risk Factor SC synthetic row 1991,Bataan,9817,245,0,121,254,63,0,44,0,44,171,159,0
1st Quarter 2025,Synthetic,Risk Factor SC synthetic row 1992,City of San Juan,3737,0,0,0,64,0,196,43,24,619,362,0,0
2nd Quarter 2025,Synthetic,Risk Factor SC synthetic row 1993,City of Muntinlupa,2256,53,0,26,0,0,0,0,1,7,440,0,0
2nd Quarter 2025,Synthetic,Risk Factor SC synthetic row 1994,Samar,15105,187,848,0,89,0,0,0,0,238,467,29,0
1st Quarter 2025,Synthetic,Risk Factor SC synthetic row 1995,Pateros,1668,0,0,0,13,0,16,0,0,12,0,0,0
3rd Quarter 2025,Synthetic,Risk Factor SC synthetic row 1996,BARMM,50551,0,2834,0,1165,1608,756,1489,396,3407,2254,0,0
1st Quarter 2025,Synthetic,Risk Factor SC synthetic row 1997,Region 11,194707,5456,5008,12178,9514,584,33367,18469,31359,29561,0,0,987
2nd Quarter 2025,Synthetic,Risk Factor SC synthetic row 1998,Nueva Ecija,50877,920,3250,1071,2085,0,125,416,0,0,725,0,685
2nd Quarter 2025,Synthetic,Risk Factor SC synthetic row 1999,Tarlac,9456,324,70,109,325,0,0,0,0,182,102,52,52
2nd Quarter 2025,Synthetic,Risk Factor SC synthetic row 2000,Tarlac,44389,2130,1908,1723,595,0,472,158,501,1120,620,0,0
